date,slug,ticker,open,close,adj_close,volume
2026-07-13,2020-bulkers-2020-xosl,2020.OL,3.0199999809265137,3.0,3.0,200568
2026-07-14,2020-bulkers-2020-xosl,2020.OL,3.0,3.0999999046325684,3.0999999046325684,193279
2026-07-15,2020-bulkers-2020-xosl,2020.OL,3.049999952316284,3.0179998874664307,3.0179998874664307,88249
2026-07-16,2020-bulkers-2020-xosl,2020.OL,3.0179998874664307,2.9739999771118164,2.9739999771118164,129844
2026-07-17,2020-bulkers-2020-xosl,2020.OL,2.931999921798706,2.9679999351501465,2.9679999351501465,92715
2026-07-20,2020-bulkers-2020-xosl,2020.OL,2.799999952316284,2.8559999465942383,2.8559999465942383,168765
2026-07-21,2020-bulkers-2020-xosl,2020.OL,2.8499999046325684,2.828000068664551,2.828000068664551,148652
2026-07-22,2020-bulkers-2020-xosl,2020.OL,2.75,2.828000068664551,2.828000068664551,197679
2026-07-23,2020-bulkers-2020-xosl,2020.OL,2.809999942779541,2.799999952316284,2.799999952316284,65541
2026-07-24,2020-bulkers-2020-xosl,2020.OL,2.8399999141693115,3.2839999198913574,3.2839999198913574,461149
2026-07-27,2020-bulkers-2020-xosl,2020.OL,3.4000000953674316,3.380000114440918,3.380000114440918,305190
2026-07-28,2020-bulkers-2020-xosl,2020.OL,3.2839999198913574,3.130000114440918,3.130000114440918,211687
2026-07-29,2020-bulkers-2020-xosl,2020.OL,3.119999885559082,3.305999994277954,3.305999994277954,250163
2026-07-30,2020-bulkers-2020-xosl,2020.OL,3.368000030517578,3.375999927520752,3.375999927520752,734173
2026-07-31,2020-bulkers-2020-xosl,2020.OL,3.640000104904175,3.299999952316284,3.299999952316284,434567
2026-08-03,2020-bulkers-2020-xosl,2020.OL,3.5999999046325684,3.3399999141693115,3.3399999141693115,270573
2026-08-04,2020-bulkers-2020-xosl,2020.OL,3.299999952316284,3.4100000858306885,3.4100000858306885,157083
2026-08-05,2020-bulkers-2020-xosl,2020.OL,3.440000057220459,3.319999933242798,3.319999933242798,268218
2026-08-06,2020-bulkers-2020-xosl,2020.OL,3.5199999809265137,3.380000114440918,3.380000114440918,39089
2026-08-07,2020-bulkers-2020-xosl,2020.OL,3.5199999809265137,3.7360000610351562,3.7360000610351562,516603
2026-08-10,2020-bulkers-2020-xosl,2020.OL,3.8940000534057617,3.9000000953674316,3.9000000953674316,193225
2026-08-11,2020-bulkers-2020-xosl,2020.OL,3.950000047683716,3.8380000591278076,3.8380000591278076,131425
2026-08-12,2020-bulkers-2020-xosl,2020.OL,3.700000047683716,3.559999942779541,3.559999942779541,256983
2026-08-13,2020-bulkers-2020-xosl,2020.OL,3.6600000858306885,4.0,4.0,240370
2026-08-14,2020-bulkers-2020-xosl,2020.OL,3.813999891281128,4.188000202178955,4.188000202178955,273681
2026-08-17,2020-bulkers-2020-xosl,2020.OL,4.099999904632568,4.136000156402588,4.136000156402588,203840
2026-08-18,2020-bulkers-2020-xosl,2020.OL,4.230000019073486,4.329999923706055,4.329999923706055,401260
2026-08-19,2020-bulkers-2020-xosl,2020.OL,4.688000202178955,4.429999828338623,4.429999828338623,111849
2026-08-20,2020-bulkers-2020-xosl,2020.OL,4.429999828338623,4.702000141143799,4.702000141143799,327264
2026-08-21,2020-bulkers-2020-xosl,2020.OL,4.78000020980835,4.460000038146973,4.460000038146973,312109
2026-08-24,2020-bulkers-2020-xosl,2020.OL,4.460000038146973,5.085000038146973,5.085000038146973,591210
2026-08-25,2020-bulkers-2020-xosl,2020.OL,5.210000038146973,5.050000190734863,5.050000190734863,425728
2026-08-26,2020-bulkers-2020-xosl,2020.OL,5.400000095367432,4.349999904632568,4.349999904632568,658878
2026-08-27,2020-bulkers-2020-xosl,2020.OL,4.320000171661377,4.050000190734863,4.050000190734863,357526
2026-08-28,2020-bulkers-2020-xosl,2020.OL,4.300000190734863,3.9579999446868896,3.9579999446868896,153655
2026-08-31,2020-bulkers-2020-xosl,2020.OL,3.9000000953674316,4.139999866485596,4.139999866485596,361117
2026-09-01,2020-bulkers-2020-xosl,2020.OL,4.199999809265137,4.576000213623047,4.576000213623047,268513
2026-09-02,2020-bulkers-2020-xosl,2020.OL,4.684000015258789,4.320000171661377,4.320000171661377,107602
2026-09-03,2020-bulkers-2020-xosl,2020.OL,4.360000133514404,4.110000133514404,4.110000133514404,112451
2026-09-04,2020-bulkers-2020-xosl,2020.OL,4.119999885559082,4.110000133514404,4.110000133514404,42342
2026-09-07,2020-bulkers-2020-xosl,2020.OL,4.119999885559082,4.059999942779541,4.059999942779541,118341
2026-09-08,2020-bulkers-2020-xosl,2020.OL,4.380000114440918,3.950000047683716,3.950000047683716,233796
2026-09-09,2020-bulkers-2020-xosl,2020.OL,4.0,3.9100000858306885,3.9100000858306885,101196
2026-09-10,2020-bulkers-2020-xosl,2020.OL,3.880000114440918,3.880000114440918,3.880000114440918,100591
2026-09-11,2020-bulkers-2020-xosl,2020.OL,3.9000000953674316,4.059999942779541,4.059999942779541,41727
2026-09-14,2020-bulkers-2020-xosl,2020.OL,4.199999809265137,4.320000171661377,4.320000171661377,235266
2026-09-15,2020-bulkers-2020-xosl,2020.OL,4.320000171661377,4.25600004196167,4.25600004196167,66633
2026-09-16,2020-bulkers-2020-xosl,2020.OL,4.25600004196167,8.100000381469727,8.100000381469727,1962502
2026-09-17,2020-bulkers-2020-xosl,2020.OL,8.005000114440918,11.6899995803833,11.6899995803833,5963216
2026-09-18,2020-bulkers-2020-xosl,2020.OL,12.199999809265137,7.420000076293945,7.420000076293945,4294526
2026-09-21,2020-bulkers-2020-xosl,2020.OL,6.21999979019165,5.5,5.5,3003624
2026-09-22,2020-bulkers-2020-xosl,2020.OL,5.5,6.885000228881836,6.885000228881836,3018266
2026-09-23,2020-bulkers-2020-xosl,2020.OL,5.610000133514404,6.179999828338623,6.179999828338623,1782236
2026-09-24,2020-bulkers-2020-xosl,2020.OL,6.204999923706055,6.550000190734863,6.550000190734863,1215998
2026-09-25,2020-bulkers-2020-xosl,2020.OL,6.550000190734863,6.25,6.25,1201281
2026-09-28,2020-bulkers-2020-xosl,2020.OL,6.199999809265137,6.070000171661377,6.070000171661377,661351
2026-09-29,2020-bulkers-2020-xosl,2020.OL,6.199999809265137,6.0,6.0,327865
2026-09-30,2020-bulkers-2020-xosl,2020.OL,6.114999771118164,5.909999847412109,5.909999847412109,467146
2026-10-01,2020-bulkers-2020-xosl,2020.OL,5.824999809265137,5.809999942779541,5.809999942779541,490294
2026-10-02,2020-bulkers-2020-xosl,2020.OL,5.949999809265137,6.300000190734863,6.300000190734863,826515
2026-10-05,2020-bulkers-2020-xosl,2020.OL,6.755000114440918,6.710000038146973,6.710000038146973,1582580
2026-10-06,2020-bulkers-2020-xosl,2020.OL,6.730000019073486,6.25,6.25,638219
2026-10-07,2020-bulkers-2020-xosl,2020.OL,6.539999961853027,6.195000171661377,6.195000171661377,309683
2026-10-08,2020-bulkers-2020-xosl,2020.OL,6.199999809265137,6.309999942779541,6.309999942779541,330115
2026-07-13,_benchmark,OSEBX.OL,1932.4000244140625,1950.5899658203125,1950.5899658203125,52419600
2026-07-14,_benchmark,OSEBX.OL,1950.719970703125,1964.1300048828125,1964.1300048828125,59042800
2026-07-15,_benchmark,OSEBX.OL,1964.06005859375,1962.5899658203125,1962.5899658203125,51648600
2026-07-16,_benchmark,OSEBX.OL,1962.31005859375,1941.31005859375,1941.31005859375,59893300
2026-07-17,_benchmark,OSEBX.OL,1941.31005859375,1957.31005859375,1957.31005859375,61474000
2026-07-20,_benchmark,OSEBX.OL,1959.3299560546875,1953.489990234375,1953.489990234375,46580100
2026-07-21,_benchmark,OSEBX.OL,1953.27001953125,1971.02001953125,1971.02001953125,49712700
2026-07-22,_benchmark,OSEBX.OL,1973.6700439453125,2002.0999755859375,2002.0999755859375,52385000
2026-07-23,_benchmark,OSEBX.OL,2002.0799560546875,2018.18994140625,2018.18994140625,54895400
2026-07-24,_benchmark,OSEBX.OL,2018.0999755859375,2007.530029296875,2007.530029296875,47348200
2026-07-27,_benchmark,OSEBX.OL,2007.530029296875,1991.1199951171875,1991.1199951171875,47749100
2026-07-28,_benchmark,OSEBX.OL,1991.530029296875,1996.719970703125,1996.719970703125,44051400
2026-07-29,_benchmark,OSEBX.OL,1997.81005859375,2006.56005859375,2006.56005859375,44153800
2026-07-30,_benchmark,OSEBX.OL,2006.9200439453125,2014.3599853515625,2014.3599853515625,44691800
2026-07-31,_benchmark,OSEBX.OL,2015.3699951171875,2018.0799560546875,2018.0799560546875,69350700
2026-08-03,_benchmark,OSEBX.OL,2018.3599853515625,2023.1300048828125,2023.1300048828125,53278600
2026-08-04,_benchmark,OSEBX.OL,2023.0999755859375,2019.010009765625,2019.010009765625,64651100
2026-08-05,_benchmark,OSEBX.OL,2019.27001953125,2013.3599853515625,2013.3599853515625,60256800
2026-08-06,_benchmark,OSEBX.OL,2013.3399658203125,2020.0,2020.0,50809400
2026-08-07,_benchmark,OSEBX.OL,2020.02001953125,2025.989990234375,2025.989990234375,46779000
2026-08-10,_benchmark,OSEBX.OL,2026.0400390625,2040.52001953125,2040.52001953125,51062500
2026-08-11,_benchmark,OSEBX.OL,2040.510009765625,2053.31005859375,2053.31005859375,58063900
2026-08-12,_benchmark,OSEBX.OL,2053.27001953125,2061.989990234375,2061.989990234375,58418900
2026-08-13,_benchmark,OSEBX.OL,2064.97998046875,2066.320068359375,2066.320068359375,93015400
2026-08-14,_benchmark,OSEBX.OL,2066.25,2085.840087890625,2085.840087890625,66044900
2026-08-17,_benchmark,OSEBX.OL,2086.02001953125,2090.1201171875,2090.1201171875,52805100
2026-08-18,_benchmark,OSEBX.OL,2089.840087890625,2081.550048828125,2081.550048828125,52700200
2026-08-19,_benchmark,OSEBX.OL,2081.260009765625,2080.669921875,2080.669921875,70720300
2026-08-20,_benchmark,OSEBX.OL,2080.659912109375,2075.919921875,2075.919921875,87489500
2026-08-21,_benchmark,OSEBX.OL,2077.39990234375,2093.580078125,2093.580078125,79330600
2026-08-24,_benchmark,OSEBX.OL,2093.739990234375,2088.840087890625,2088.840087890625,54085800
2026-08-25,_benchmark,OSEBX.OL,2088.909912109375,2097.989990234375,2097.989990234375,59712700
2026-08-26,_benchmark,OSEBX.OL,2097.8701171875,2094.39990234375,2094.39990234375,79144600
2026-08-27,_benchmark,OSEBX.OL,2094.919921875,2089.760009765625,2089.760009765625,51481100
2026-08-28,_benchmark,OSEBX.OL,2090.64990234375,2099.85009765625,2099.85009765625,69598100
2026-08-31,_benchmark,OSEBX.OL,2100.47998046875,2118.110107421875,2118.110107421875,81264800
2026-09-01,_benchmark,OSEBX.OL,2117.97998046875,2112.280029296875,2112.280029296875,71830300
2026-09-02,_benchmark,OSEBX.OL,2112.18994140625,2105.739990234375,2105.739990234375,62317000
2026-09-03,_benchmark,OSEBX.OL,2105.739990234375,2105.679931640625,2105.679931640625,51330700
2026-09-04,_benchmark,OSEBX.OL,2105.8701171875,2103.6298828125,2103.6298828125,134403100
2026-09-07,_benchmark,OSEBX.OL,2105.570068359375,2098.070068359375,2098.070068359375,48681600
2026-09-08,_benchmark,OSEBX.OL,2098.030029296875,2106.239990234375,2106.239990234375,59391800
2026-09-09,_benchmark,OSEBX.OL,2106.080078125,2121.110107421875,2121.110107421875,181776900
2026-09-10,_benchmark,OSEBX.OL,2121.1298828125,2107.5400390625,2107.5400390625,65362900
2026-09-11,_benchmark,OSEBX.OL,2107.669921875,2110.5400390625,2110.5400390625,54332500
2026-09-14,_benchmark,OSEBX.OL,2110.52001953125,2109.9599609375,2109.9599609375,55131500
2026-09-15,_benchmark,OSEBX.OL,2109.97998046875,2113.06005859375,2113.06005859375,55230600
2026-09-16,_benchmark,OSEBX.OL,2112.830078125,2123.429931640625,2123.429931640625,89005700
2026-09-17,_benchmark,OSEBX.OL,2125.9599609375,2136.550048828125,2136.550048828125,62913700
2026-09-18,_benchmark,OSEBX.OL,2136.60009765625,2117.330078125,2117.330078125,161342100
2026-09-21,_benchmark,OSEBX.OL,2117.679931640625,2107.4599609375,2107.4599609375,53580500
2026-09-22,_benchmark,OSEBX.OL,2107.39990234375,2098.889892578125,2098.889892578125,74197600
2026-09-23,_benchmark,OSEBX.OL,2099.159912109375,2096.590087890625,2096.590087890625,58506400
2026-09-24,_benchmark,OSEBX.OL,2096.659912109375,2096.659912109375,2096.659912109375,93629300
2026-09-25,_benchmark,OSEBX.OL,2096.659912109375,2082.800048828125,2082.800048828125,55811000
2026-09-28,_benchmark,OSEBX.OL,2082.800048828125,2094.489990234375,2094.489990234375,51956700
2026-09-29,_benchmark,OSEBX.OL,2094.43994140625,2075.530029296875,2075.530029296875,51557200
2026-09-30,_benchmark,OSEBX.OL,2075.39990234375,2075.179931640625,2075.179931640625,57134500
2026-10-01,_benchmark,OSEBX.OL,2075.6298828125,2057.179931640625,2057.179931640625,63221500
2026-10-02,_benchmark,OSEBX.OL,2057.239990234375,2062.77001953125,2062.77001953125,50891000
2026-10-05,_benchmark,OSEBX.OL,2062.93994140625,2067.06005859375,2067.06005859375,53342400
2026-10-06,_benchmark,OSEBX.OL,2067.1201171875,2059.27001953125,2059.27001953125,52214500
2026-10-07,_benchmark,OSEBX.OL,2059.449951171875,2043.6800537109375,2043.6800537109375,68586000
2026-10-08,_benchmark,OSEBX.OL,2043.6800537109375,2045.4100341796875,2045.4100341796875,59953100
2026-07-13,abg-sundal-collier-holding-abg-xosl,ABG.OL,7.25,7.159999847412109,7.159999847412109,185511
2026-07-14,abg-sundal-collier-holding-abg-xosl,ABG.OL,7.110000133514404,7.130000114440918,7.130000114440918,307879
2026-07-15,abg-sundal-collier-holding-abg-xosl,ABG.OL,7.079999923706055,7.079999923706055,7.079999923706055,463028
2026-07-16,abg-sundal-collier-holding-abg-xosl,ABG.OL,7.099999904632568,7.070000171661377,7.070000171661377,343858
2026-07-17,abg-sundal-collier-holding-abg-xosl,ABG.OL,7.039999961853027,7.050000190734863,7.050000190734863,350902
2026-07-20,abg-sundal-collier-holding-abg-xosl,ABG.OL,7.03000020980835,7.110000133514404,7.110000133514404,251793
2026-07-21,abg-sundal-collier-holding-abg-xosl,ABG.OL,7.230000019073486,7.119999885559082,7.119999885559082,115151
2026-07-22,abg-sundal-collier-holding-abg-xosl,ABG.OL,7.050000190734863,7.059999942779541,7.059999942779541,151504
2026-07-23,abg-sundal-collier-holding-abg-xosl,ABG.OL,7.099999904632568,7.099999904632568,7.099999904632568,170859
2026-07-24,abg-sundal-collier-holding-abg-xosl,ABG.OL,7.099999904632568,7.050000190734863,7.050000190734863,150678
2026-07-27,abg-sundal-collier-holding-abg-xosl,ABG.OL,7.050000190734863,7.070000171661377,7.070000171661377,258473
2026-07-28,abg-sundal-collier-holding-abg-xosl,ABG.OL,7.099999904632568,7.150000095367432,7.150000095367432,219106
2026-07-29,abg-sundal-collier-holding-abg-xosl,ABG.OL,7.150000095367432,7.190000057220459,7.190000057220459,283760
2026-07-30,abg-sundal-collier-holding-abg-xosl,ABG.OL,7.190000057220459,7.199999809265137,7.199999809265137,115756
2026-07-31,abg-sundal-collier-holding-abg-xosl,ABG.OL,7.230000019073486,7.190000057220459,7.190000057220459,204621
2026-08-03,abg-sundal-collier-holding-abg-xosl,ABG.OL,7.5,7.360000133514404,7.360000133514404,1329553
2026-08-04,abg-sundal-collier-holding-abg-xosl,ABG.OL,7.349999904632568,7.349999904632568,7.349999904632568,271786
2026-08-05,abg-sundal-collier-holding-abg-xosl,ABG.OL,7.340000152587891,7.349999904632568,7.349999904632568,236921
2026-08-06,abg-sundal-collier-holding-abg-xosl,ABG.OL,7.349999904632568,7.349999904632568,7.349999904632568,393911
2026-08-07,abg-sundal-collier-holding-abg-xosl,ABG.OL,7.369999885559082,7.349999904632568,7.349999904632568,61422
2026-08-10,abg-sundal-collier-holding-abg-xosl,ABG.OL,7.360000133514404,7.320000171661377,7.320000171661377,217410
2026-08-11,abg-sundal-collier-holding-abg-xosl,ABG.OL,7.119999885559082,7.349999904632568,7.349999904632568,178377
2026-08-12,abg-sundal-collier-holding-abg-xosl,ABG.OL,7.400000095367432,7.400000095367432,7.400000095367432,391945
2026-08-13,abg-sundal-collier-holding-abg-xosl,ABG.OL,7.400000095367432,7.400000095367432,7.400000095367432,216912
2026-08-14,abg-sundal-collier-holding-abg-xosl,ABG.OL,7.400000095367432,7.429999828338623,7.429999828338623,124273
2026-08-17,abg-sundal-collier-holding-abg-xosl,ABG.OL,7.489999771118164,7.400000095367432,7.400000095367432,126300
2026-08-18,abg-sundal-collier-holding-abg-xosl,ABG.OL,7.400000095367432,7.400000095367432,7.400000095367432,251804
2026-08-19,abg-sundal-collier-holding-abg-xosl,ABG.OL,7.449999809265137,7.400000095367432,7.400000095367432,340473
2026-08-20,abg-sundal-collier-holding-abg-xosl,ABG.OL,7.349999904632568,7.360000133514404,7.360000133514404,215800
2026-08-21,abg-sundal-collier-holding-abg-xosl,ABG.OL,7.400000095367432,7.340000152587891,7.340000152587891,245483
2026-08-24,abg-sundal-collier-holding-abg-xosl,ABG.OL,7.349999904632568,7.420000076293945,7.420000076293945,403861
2026-08-25,abg-sundal-collier-holding-abg-xosl,ABG.OL,7.300000190734863,7.440000057220459,7.440000057220459,349287
2026-08-26,abg-sundal-collier-holding-abg-xosl,ABG.OL,7.449999809265137,7.460000038146973,7.460000038146973,166777
2026-08-27,abg-sundal-collier-holding-abg-xosl,ABG.OL,7.460000038146973,7.46999979019165,7.46999979019165,27624
2026-08-28,abg-sundal-collier-holding-abg-xosl,ABG.OL,7.46999979019165,7.480000019073486,7.480000019073486,283546
2026-08-31,abg-sundal-collier-holding-abg-xosl,ABG.OL,7.449999809265137,7.369999885559082,7.369999885559082,166958
2026-09-01,abg-sundal-collier-holding-abg-xosl,ABG.OL,7.5,7.360000133514404,7.360000133514404,230405
2026-09-02,abg-sundal-collier-holding-abg-xosl,ABG.OL,7.369999885559082,7.340000152587891,7.340000152587891,284509
2026-09-03,abg-sundal-collier-holding-abg-xosl,ABG.OL,7.389999866485596,7.400000095367432,7.400000095367432,82471
2026-09-04,abg-sundal-collier-holding-abg-xosl,ABG.OL,7.400000095367432,7.46999979019165,7.46999979019165,123049
2026-09-07,abg-sundal-collier-holding-abg-xosl,ABG.OL,7.489999771118164,7.28000020980835,7.28000020980835,190423
2026-09-08,abg-sundal-collier-holding-abg-xosl,ABG.OL,7.400000095367432,7.239999771118164,7.239999771118164,546971
2026-09-09,abg-sundal-collier-holding-abg-xosl,ABG.OL,7.400000095367432,7.170000076293945,7.170000076293945,1516913
2026-09-10,abg-sundal-collier-holding-abg-xosl,ABG.OL,7.170000076293945,7.25,7.25,238193
2026-09-11,abg-sundal-collier-holding-abg-xosl,ABG.OL,7.239999771118164,7.199999809265137,7.199999809265137,570062
2026-09-14,abg-sundal-collier-holding-abg-xosl,ABG.OL,7.199999809265137,7.210000038146973,7.210000038146973,132383
2026-09-15,abg-sundal-collier-holding-abg-xosl,ABG.OL,7.260000228881836,7.300000190734863,7.300000190734863,365363
2026-09-16,abg-sundal-collier-holding-abg-xosl,ABG.OL,7.309999942779541,7.340000152587891,7.340000152587891,491658
2026-09-17,abg-sundal-collier-holding-abg-xosl,ABG.OL,7.320000171661377,7.329999923706055,7.329999923706055,202640
2026-09-18,abg-sundal-collier-holding-abg-xosl,ABG.OL,7.199999809265137,7.300000190734863,7.300000190734863,570829
2026-09-21,abg-sundal-collier-holding-abg-xosl,ABG.OL,7.28000020980835,7.300000190734863,7.300000190734863,121861
2026-09-22,abg-sundal-collier-holding-abg-xosl,ABG.OL,7.28000020980835,7.300000190734863,7.300000190734863,270663
2026-09-23,abg-sundal-collier-holding-abg-xosl,ABG.OL,7.329999923706055,7.300000190734863,7.300000190734863,417762
2026-09-24,abg-sundal-collier-holding-abg-xosl,ABG.OL,7.300000190734863,7.300000190734863,7.300000190734863,320793
2026-09-25,abg-sundal-collier-holding-abg-xosl,ABG.OL,7.329999923706055,7.300000190734863,7.300000190734863,72636
2026-09-28,abg-sundal-collier-holding-abg-xosl,ABG.OL,7.329999923706055,7.449999809265137,7.449999809265137,1205130
2026-09-29,abg-sundal-collier-holding-abg-xosl,ABG.OL,7.440000057220459,7.349999904632568,7.349999904632568,149478
2026-09-30,abg-sundal-collier-holding-abg-xosl,ABG.OL,7.309999942779541,7.300000190734863,7.300000190734863,78223
2026-10-01,abg-sundal-collier-holding-abg-xosl,ABG.OL,7.389999866485596,7.300000190734863,7.300000190734863,435928
2026-10-02,abg-sundal-collier-holding-abg-xosl,ABG.OL,7.349999904632568,7.309999942779541,7.309999942779541,471951
2026-10-05,abg-sundal-collier-holding-abg-xosl,ABG.OL,7.349999904632568,7.349999904632568,7.349999904632568,207748
2026-10-06,abg-sundal-collier-holding-abg-xosl,ABG.OL,7.400000095367432,7.360000133514404,7.360000133514404,163170
2026-10-07,abg-sundal-collier-holding-abg-xosl,ABG.OL,7.400000095367432,7.349999904632568,7.349999904632568,233653
2026-10-08,abg-sundal-collier-holding-abg-xosl,ABG.OL,7.349999904632568,7.21999979019165,7.21999979019165,413360
2026-07-13,ads-maritime-holding-ads-merk,ADS.OL,2.3399999141693115,2.3399999141693115,2.3399999141693115,0
2026-07-14,ads-maritime-holding-ads-merk,ADS.OL,2.4600000381469727,2.4600000381469727,2.4600000381469727,1400
2026-07-15,ads-maritime-holding-ads-merk,ADS.OL,2.4800000190734863,2.559999942779541,2.559999942779541,43268
2026-07-16,ads-maritime-holding-ads-merk,ADS.OL,2.5999999046325684,2.5999999046325684,2.5999999046325684,40
2026-07-17,ads-maritime-holding-ads-merk,ADS.OL,2.5999999046325684,2.5,2.5,2537
2026-07-20,ads-maritime-holding-ads-merk,ADS.OL,2.5,2.5,2.5,9870
2026-07-21,ads-maritime-holding-ads-merk,ADS.OL,2.680000066757202,2.4000000953674316,2.4000000953674316,3543
2026-07-22,ads-maritime-holding-ads-merk,ADS.OL,2.5999999046325684,2.5999999046325684,2.5999999046325684,7
2026-07-23,ads-maritime-holding-ads-merk,ADS.OL,2.5999999046325684,2.5999999046325684,2.5999999046325684,0
2026-07-24,ads-maritime-holding-ads-merk,ADS.OL,2.5999999046325684,2.5999999046325684,2.5999999046325684,1
2026-07-27,ads-maritime-holding-ads-merk,ADS.OL,2.5999999046325684,2.5999999046325684,2.5999999046325684,229
2026-07-28,ads-maritime-holding-ads-merk,ADS.OL,2.5999999046325684,2.5999999046325684,2.5999999046325684,190
2026-07-29,ads-maritime-holding-ads-merk,ADS.OL,2.5999999046325684,2.5999999046325684,2.5999999046325684,0
2026-07-30,ads-maritime-holding-ads-merk,ADS.OL,2.4200000762939453,2.5999999046325684,2.5999999046325684,317
2026-07-31,ads-maritime-holding-ads-merk,ADS.OL,2.440000057220459,2.5999999046325684,2.5999999046325684,1070
2026-08-03,ads-maritime-holding-ads-merk,ADS.OL,2.640000104904175,2.640000104904175,2.640000104904175,1633
2026-08-04,ads-maritime-holding-ads-merk,ADS.OL,2.5999999046325684,2.5999999046325684,2.5999999046325684,57423
2026-08-05,ads-maritime-holding-ads-merk,ADS.OL,2.640000104904175,2.680000066757202,2.680000066757202,8274
2026-08-06,ads-maritime-holding-ads-merk,ADS.OL,2.680000066757202,2.680000066757202,2.680000066757202,0
2026-08-07,ads-maritime-holding-ads-merk,ADS.OL,2.680000066757202,2.680000066757202,2.680000066757202,0
2026-08-10,ads-maritime-holding-ads-merk,ADS.OL,2.4200000762939453,2.559999942779541,2.559999942779541,13659
2026-08-11,ads-maritime-holding-ads-merk,ADS.OL,2.5,2.5399999618530273,2.5399999618530273,5550
2026-08-12,ads-maritime-holding-ads-merk,ADS.OL,2.4200000762939453,2.4200000762939453,2.4200000762939453,2000
2026-08-13,ads-maritime-holding-ads-merk,ADS.OL,2.6600000858306885,2.640000104904175,2.640000104904175,162
2026-08-14,ads-maritime-holding-ads-merk,ADS.OL,2.380000114440918,2.4200000762939453,2.4200000762939453,1550
2026-08-17,ads-maritime-holding-ads-merk,ADS.OL,2.5399999618530273,2.5399999618530273,2.5399999618530273,3000
2026-08-18,ads-maritime-holding-ads-merk,ADS.OL,2.640000104904175,2.5399999618530273,2.5399999618530273,2610
2026-08-19,ads-maritime-holding-ads-merk,ADS.OL,2.640000104904175,2.640000104904175,2.640000104904175,189
2026-08-20,ads-maritime-holding-ads-merk,ADS.OL,2.6600000858306885,2.5,2.5,3195
2026-08-21,ads-maritime-holding-ads-merk,ADS.OL,2.5,2.5,2.5,25
2026-08-24,ads-maritime-holding-ads-merk,ADS.OL,2.5,2.6600000858306885,2.6600000858306885,1489
2026-08-25,ads-maritime-holding-ads-merk,ADS.OL,2.6600000858306885,2.6600000858306885,2.6600000858306885,0
2026-08-26,ads-maritime-holding-ads-merk,ADS.OL,2.5999999046325684,2.5999999046325684,2.5999999046325684,26878
2026-08-27,ads-maritime-holding-ads-merk,ADS.OL,2.6600000858306885,2.5999999046325684,2.5999999046325684,6025
2026-08-28,ads-maritime-holding-ads-merk,ADS.OL,2.619999885559082,2.619999885559082,2.619999885559082,21
2026-08-31,ads-maritime-holding-ads-merk,ADS.OL,2.640000104904175,2.640000104904175,2.640000104904175,147
2026-09-01,ads-maritime-holding-ads-merk,ADS.OL,2.640000104904175,2.640000104904175,2.640000104904175,0
2026-09-02,ads-maritime-holding-ads-merk,ADS.OL,2.5799999237060547,2.4200000762939453,2.4200000762939453,115644
2026-09-03,ads-maritime-holding-ads-merk,ADS.OL,2.4200000762939453,2.4200000762939453,2.4200000762939453,0
2026-09-04,ads-maritime-holding-ads-merk,ADS.OL,2.4200000762939453,2.4200000762939453,2.4200000762939453,0
2026-09-07,ads-maritime-holding-ads-merk,ADS.OL,2.440000057220459,2.5,2.5,5658
2026-09-08,ads-maritime-holding-ads-merk,ADS.OL,2.5,2.5799999237060547,2.5799999237060547,1590
2026-09-09,ads-maritime-holding-ads-merk,ADS.OL,2.5799999237060547,2.5799999237060547,2.5799999237060547,25000
2026-09-10,ads-maritime-holding-ads-merk,ADS.OL,2.5999999046325684,2.5999999046325684,2.5999999046325684,1756
2026-09-11,ads-maritime-holding-ads-merk,ADS.OL,2.5999999046325684,2.5999999046325684,2.5999999046325684,0
2026-09-14,ads-maritime-holding-ads-merk,ADS.OL,2.619999885559082,2.6600000858306885,2.6600000858306885,10225
2026-09-15,ads-maritime-holding-ads-merk,ADS.OL,2.4200000762939453,2.440000057220459,2.440000057220459,530
2026-09-16,ads-maritime-holding-ads-merk,ADS.OL,2.4600000381469727,2.4600000381469727,2.4600000381469727,1170
2026-09-17,ads-maritime-holding-ads-merk,ADS.OL,2.4600000381469727,2.4600000381469727,2.4600000381469727,0
2026-09-18,ads-maritime-holding-ads-merk,ADS.OL,2.4600000381469727,2.4600000381469727,2.4600000381469727,0
2026-09-21,ads-maritime-holding-ads-merk,ADS.OL,2.4800000190734863,2.4600000381469727,2.4600000381469727,30500
2026-09-22,ads-maritime-holding-ads-merk,ADS.OL,2.4600000381469727,2.4600000381469727,2.4600000381469727,2101
2026-09-23,ads-maritime-holding-ads-merk,ADS.OL,2.4600000381469727,2.4600000381469727,2.4600000381469727,0
2026-09-24,ads-maritime-holding-ads-merk,ADS.OL,2.440000057220459,2.440000057220459,2.440000057220459,18000
2026-09-25,ads-maritime-holding-ads-merk,ADS.OL,2.4600000381469727,2.4600000381469727,2.4600000381469727,5
2026-09-28,ads-maritime-holding-ads-merk,ADS.OL,2.4600000381469727,2.4600000381469727,2.4600000381469727,0
2026-09-29,ads-maritime-holding-ads-merk,ADS.OL,2.4600000381469727,2.4600000381469727,2.4600000381469727,0
2026-09-30,ads-maritime-holding-ads-merk,ADS.OL,2.4600000381469727,2.4600000381469727,2.4600000381469727,0
2026-10-01,ads-maritime-holding-ads-merk,ADS.OL,2.4600000381469727,2.4600000381469727,2.4600000381469727,0
2026-10-02,ads-maritime-holding-ads-merk,ADS.OL,2.4600000381469727,2.4600000381469727,2.4600000381469727,0
2026-10-05,ads-maritime-holding-ads-merk,ADS.OL,2.4200000762939453,2.4200000762939453,2.4200000762939453,1586
2026-10-06,ads-maritime-holding-ads-merk,ADS.OL,2.4200000762939453,2.4200000762939453,2.4200000762939453,25000
2026-10-07,ads-maritime-holding-ads-merk,ADS.OL,2.4200000762939453,2.4200000762939453,2.4200000762939453,2761
2026-10-08,ads-maritime-holding-ads-merk,ADS.OL,2.5799999237060547,2.4200000762939453,2.4200000762939453,134
2026-07-13,af-gruppen-afg-xosl,AFG.OL,198.0,196.39999389648438,196.39999389648438,19741
2026-07-14,af-gruppen-afg-xosl,AFG.OL,197.0,194.8000030517578,194.8000030517578,16808
2026-07-15,af-gruppen-afg-xosl,AFG.OL,194.39999389648438,195.0,195.0,14818
2026-07-16,af-gruppen-afg-xosl,AFG.OL,195.0,195.0,195.0,12578
2026-07-17,af-gruppen-afg-xosl,AFG.OL,195.0,192.60000610351562,192.60000610351562,22104
2026-07-20,af-gruppen-afg-xosl,AFG.OL,194.0,191.8000030517578,191.8000030517578,18881
2026-07-21,af-gruppen-afg-xosl,AFG.OL,191.0,192.60000610351562,192.60000610351562,15835
2026-07-22,af-gruppen-afg-xosl,AFG.OL,193.39999389648438,193.60000610351562,193.60000610351562,12180
2026-07-23,af-gruppen-afg-xosl,AFG.OL,195.0,191.0,191.0,13384
2026-07-24,af-gruppen-afg-xosl,AFG.OL,195.0,190.8000030517578,190.8000030517578,9976
2026-07-27,af-gruppen-afg-xosl,AFG.OL,193.0,190.1999969482422,190.1999969482422,5252
2026-07-28,af-gruppen-afg-xosl,AFG.OL,189.0,190.0,190.0,20071
2026-07-29,af-gruppen-afg-xosl,AFG.OL,190.0,187.1999969482422,187.1999969482422,25172
2026-07-30,af-gruppen-afg-xosl,AFG.OL,187.0,189.39999389648438,189.39999389648438,20298
2026-07-31,af-gruppen-afg-xosl,AFG.OL,190.39999389648438,189.39999389648438,189.39999389648438,13566
2026-08-03,af-gruppen-afg-xosl,AFG.OL,191.1999969482422,187.1999969482422,187.1999969482422,16986
2026-08-04,af-gruppen-afg-xosl,AFG.OL,186.8000030517578,187.1999969482422,187.1999969482422,12250
2026-08-05,af-gruppen-afg-xosl,AFG.OL,187.60000610351562,183.60000610351562,183.60000610351562,16831
2026-08-06,af-gruppen-afg-xosl,AFG.OL,184.1999969482422,185.8000030517578,185.8000030517578,17216
2026-08-07,af-gruppen-afg-xosl,AFG.OL,185.8000030517578,186.8000030517578,186.8000030517578,29311
2026-08-10,af-gruppen-afg-xosl,AFG.OL,187.0,184.8000030517578,184.8000030517578,7924
2026-08-11,af-gruppen-afg-xosl,AFG.OL,185.1999969482422,187.8000030517578,187.8000030517578,24425
2026-08-12,af-gruppen-afg-xosl,AFG.OL,187.8000030517578,186.60000610351562,186.60000610351562,29401
2026-08-13,af-gruppen-afg-xosl,AFG.OL,186.60000610351562,189.0,189.0,8057
2026-08-14,af-gruppen-afg-xosl,AFG.OL,187.39999389648438,193.39999389648438,193.39999389648438,42512
2026-08-17,af-gruppen-afg-xosl,AFG.OL,193.0,194.8000030517578,194.8000030517578,33766
2026-08-18,af-gruppen-afg-xosl,AFG.OL,194.39999389648438,191.60000610351562,191.60000610351562,28123
2026-08-19,af-gruppen-afg-xosl,AFG.OL,191.60000610351562,189.8000030517578,189.8000030517578,19513
2026-08-20,af-gruppen-afg-xosl,AFG.OL,190.1999969482422,188.39999389648438,188.39999389648438,13811
2026-08-21,af-gruppen-afg-xosl,AFG.OL,188.0,190.8000030517578,190.8000030517578,74213
2026-08-24,af-gruppen-afg-xosl,AFG.OL,196.0,191.60000610351562,191.60000610351562,9554
2026-08-25,af-gruppen-afg-xosl,AFG.OL,191.39999389648438,193.60000610351562,193.60000610351562,30989
2026-08-26,af-gruppen-afg-xosl,AFG.OL,191.39999389648438,194.8000030517578,194.8000030517578,20354
2026-08-27,af-gruppen-afg-xosl,AFG.OL,195.0,195.39999389648438,195.39999389648438,18830
2026-08-28,af-gruppen-afg-xosl,AFG.OL,189.39999389648438,200.0,200.0,151343
2026-08-31,af-gruppen-afg-xosl,AFG.OL,200.5,196.39999389648438,196.39999389648438,44245
2026-09-01,af-gruppen-afg-xosl,AFG.OL,196.39999389648438,193.1999969482422,193.1999969482422,42761
2026-09-02,af-gruppen-afg-xosl,AFG.OL,195.0,192.1999969482422,192.1999969482422,27716
2026-09-03,af-gruppen-afg-xosl,AFG.OL,192.1999969482422,190.39999389648438,190.39999389648438,12166
2026-09-04,af-gruppen-afg-xosl,AFG.OL,190.39999389648438,190.60000610351562,190.60000610351562,17815
2026-09-07,af-gruppen-afg-xosl,AFG.OL,190.0,188.1999969482422,188.1999969482422,22449
2026-09-08,af-gruppen-afg-xosl,AFG.OL,188.1999969482422,189.60000610351562,189.60000610351562,16120
2026-09-09,af-gruppen-afg-xosl,AFG.OL,189.8000030517578,187.60000610351562,187.60000610351562,16377
2026-09-10,af-gruppen-afg-xosl,AFG.OL,187.60000610351562,185.8000030517578,185.8000030517578,22893
2026-09-11,af-gruppen-afg-xosl,AFG.OL,188.60000610351562,186.0,186.0,15953
2026-09-14,af-gruppen-afg-xosl,AFG.OL,185.60000610351562,186.39999389648438,186.39999389648438,41577
2026-09-15,af-gruppen-afg-xosl,AFG.OL,187.0,187.0,187.0,22733
2026-09-16,af-gruppen-afg-xosl,AFG.OL,187.0,188.8000030517578,188.8000030517578,37480
2026-09-17,af-gruppen-afg-xosl,AFG.OL,188.8000030517578,193.1999969482422,193.1999969482422,148168
2026-09-18,af-gruppen-afg-xosl,AFG.OL,192.0,192.60000610351562,192.60000610351562,88881
2026-09-21,af-gruppen-afg-xosl,AFG.OL,192.39999389648438,194.60000610351562,194.60000610351562,62129
2026-09-22,af-gruppen-afg-xosl,AFG.OL,194.0,198.0,198.0,98347
2026-09-23,af-gruppen-afg-xosl,AFG.OL,197.39999389648438,198.8000030517578,198.8000030517578,99114
2026-09-24,af-gruppen-afg-xosl,AFG.OL,194.0,198.8000030517578,198.8000030517578,60444
2026-09-25,af-gruppen-afg-xosl,AFG.OL,199.0,197.1999969482422,197.1999969482422,137941
2026-09-28,af-gruppen-afg-xosl,AFG.OL,198.0,199.1999969482422,199.1999969482422,22632
2026-09-29,af-gruppen-afg-xosl,AFG.OL,199.0,198.0,198.0,42999
2026-09-30,af-gruppen-afg-xosl,AFG.OL,198.0,196.39999389648438,196.39999389648438,26250
2026-10-01,af-gruppen-afg-xosl,AFG.OL,197.0,195.0,195.0,22071
2026-10-02,af-gruppen-afg-xosl,AFG.OL,195.0,196.0,196.0,28141
2026-10-05,af-gruppen-afg-xosl,AFG.OL,195.0,192.39999389648438,192.39999389648438,21039
2026-10-06,af-gruppen-afg-xosl,AFG.OL,192.0,192.1999969482422,192.1999969482422,17855
2026-10-07,af-gruppen-afg-xosl,AFG.OL,192.1999969482422,190.39999389648438,190.39999389648438,12673
2026-10-08,af-gruppen-afg-xosl,AFG.OL,190.0,185.39999389648438,185.39999389648438,71688
2026-07-13,agilyx-aglx-xosl,AGLX.OL,18.649999618530273,18.0,18.0,39044
2026-07-14,agilyx-aglx-xosl,AGLX.OL,17.799999237060547,17.25,17.25,49535
2026-07-15,agilyx-aglx-xosl,AGLX.OL,17.0,16.350000381469727,16.350000381469727,72855
2026-07-16,agilyx-aglx-xosl,AGLX.OL,16.5,16.5,16.5,68771
2026-07-17,agilyx-aglx-xosl,AGLX.OL,16.399999618530273,16.899999618530273,16.899999618530273,40519
2026-07-20,agilyx-aglx-xosl,AGLX.OL,17.0,18.200000762939453,18.200000762939453,35955
2026-07-21,agilyx-aglx-xosl,AGLX.OL,18.200000762939453,18.5,18.5,13838
2026-07-22,agilyx-aglx-xosl,AGLX.OL,18.299999237060547,18.049999237060547,18.049999237060547,3808
2026-07-23,agilyx-aglx-xosl,AGLX.OL,18.0,18.399999618530273,18.399999618530273,10760
2026-07-24,agilyx-aglx-xosl,AGLX.OL,18.5,18.600000381469727,18.600000381469727,5007
2026-07-27,agilyx-aglx-xosl,AGLX.OL,18.600000381469727,18.700000762939453,18.700000762939453,3001
2026-07-28,agilyx-aglx-xosl,AGLX.OL,18.700000762939453,18.850000381469727,18.850000381469727,14771
2026-07-29,agilyx-aglx-xosl,AGLX.OL,18.899999618530273,19.200000762939453,19.200000762939453,12153
2026-07-30,agilyx-aglx-xosl,AGLX.OL,19.299999237060547,19.100000381469727,19.100000381469727,13186
2026-07-31,agilyx-aglx-xosl,AGLX.OL,18.899999618530273,19.100000381469727,19.100000381469727,23588
2026-08-03,agilyx-aglx-xosl,AGLX.OL,19.200000762939453,19.0,19.0,15159
2026-08-04,agilyx-aglx-xosl,AGLX.OL,19.049999237060547,19.0,19.0,6124
2026-08-05,agilyx-aglx-xosl,AGLX.OL,19.049999237060547,19.149999618530273,19.149999618530273,1900
2026-08-06,agilyx-aglx-xosl,AGLX.OL,19.299999237060547,18.600000381469727,18.600000381469727,35550
2026-08-07,agilyx-aglx-xosl,AGLX.OL,18.5,18.5,18.5,7458
2026-08-10,agilyx-aglx-xosl,AGLX.OL,18.549999237060547,18.549999237060547,18.549999237060547,2040
2026-08-11,agilyx-aglx-xosl,AGLX.OL,18.5,18.399999618530273,18.399999618530273,9595
2026-08-12,agilyx-aglx-xosl,AGLX.OL,18.100000381469727,17.899999618530273,17.899999618530273,10020
2026-08-13,agilyx-aglx-xosl,AGLX.OL,17.899999618530273,17.899999618530273,17.899999618530273,5985
2026-08-14,agilyx-aglx-xosl,AGLX.OL,18.0,17.75,17.75,32551
2026-08-17,agilyx-aglx-xosl,AGLX.OL,17.899999618530273,17.899999618530273,17.899999618530273,16589
2026-08-18,agilyx-aglx-xosl,AGLX.OL,17.75,17.549999237060547,17.549999237060547,7435
2026-08-19,agilyx-aglx-xosl,AGLX.OL,17.549999237060547,17.299999237060547,17.299999237060547,4435
2026-08-20,agilyx-aglx-xosl,AGLX.OL,17.299999237060547,17.100000381469727,17.100000381469727,5094
2026-08-21,agilyx-aglx-xosl,AGLX.OL,17.299999237060547,17.649999618530273,17.649999618530273,10420
2026-08-24,agilyx-aglx-xosl,AGLX.OL,17.649999618530273,17.5,17.5,5691
2026-08-25,agilyx-aglx-xosl,AGLX.OL,17.5,17.299999237060547,17.299999237060547,11106
2026-08-26,agilyx-aglx-xosl,AGLX.OL,17.200000762939453,17.75,17.75,12379
2026-08-27,agilyx-aglx-xosl,AGLX.OL,17.75,18.25,18.25,40949
2026-08-28,agilyx-aglx-xosl,AGLX.OL,18.049999237060547,18.25,18.25,24615
2026-08-31,agilyx-aglx-xosl,AGLX.OL,18.299999237060547,18.399999618530273,18.399999618530273,26280
2026-09-01,agilyx-aglx-xosl,AGLX.OL,18.200000762939453,17.899999618530273,17.899999618530273,6464
2026-09-02,agilyx-aglx-xosl,AGLX.OL,17.549999237060547,17.549999237060547,17.549999237060547,6373
2026-09-03,agilyx-aglx-xosl,AGLX.OL,17.299999237060547,16.950000762939453,16.950000762939453,15713
2026-09-04,agilyx-aglx-xosl,AGLX.OL,16.850000381469727,17.149999618530273,17.149999618530273,20608
2026-09-07,agilyx-aglx-xosl,AGLX.OL,16.950000762939453,16.75,16.75,18610
2026-09-08,agilyx-aglx-xosl,AGLX.OL,16.600000381469727,16.649999618530273,16.649999618530273,17619
2026-09-09,agilyx-aglx-xosl,AGLX.OL,16.5,16.850000381469727,16.850000381469727,7057
2026-09-10,agilyx-aglx-xosl,AGLX.OL,16.649999618530273,16.5,16.5,15493
2026-09-11,agilyx-aglx-xosl,AGLX.OL,16.5,17.0,17.0,22828
2026-09-14,agilyx-aglx-xosl,AGLX.OL,17.0,16.549999237060547,16.549999237060547,15986
2026-09-15,agilyx-aglx-xosl,AGLX.OL,16.549999237060547,16.200000762939453,16.200000762939453,111599
2026-09-16,agilyx-aglx-xosl,AGLX.OL,16.200000762939453,16.0,16.0,10568
2026-09-17,agilyx-aglx-xosl,AGLX.OL,16.0,16.049999237060547,16.049999237060547,12246
2026-09-18,agilyx-aglx-xosl,AGLX.OL,16.0,16.100000381469727,16.100000381469727,15700
2026-09-21,agilyx-aglx-xosl,AGLX.OL,16.100000381469727,16.450000762939453,16.450000762939453,115079
2026-09-22,agilyx-aglx-xosl,AGLX.OL,16.200000762939453,17.0,17.0,32501
2026-09-23,agilyx-aglx-xosl,AGLX.OL,17.25,16.649999618530273,16.649999618530273,19403
2026-09-24,agilyx-aglx-xosl,AGLX.OL,16.450000762939453,16.450000762939453,16.450000762939453,20197
2026-09-25,agilyx-aglx-xosl,AGLX.OL,16.5,16.5,16.5,19793
2026-09-28,agilyx-aglx-xosl,AGLX.OL,16.450000762939453,16.700000762939453,16.700000762939453,25700
2026-09-29,agilyx-aglx-xosl,AGLX.OL,16.5,16.450000762939453,16.450000762939453,26045
2026-09-30,agilyx-aglx-xosl,AGLX.OL,16.450000762939453,16.200000762939453,16.200000762939453,48438
2026-10-01,agilyx-aglx-xosl,AGLX.OL,16.149999618530273,15.600000381469727,15.600000381469727,39699
2026-10-02,agilyx-aglx-xosl,AGLX.OL,15.649999618530273,15.0,15.0,66632
2026-10-05,agilyx-aglx-xosl,AGLX.OL,15.600000381469727,15.350000381469727,15.350000381469727,19687
2026-10-06,agilyx-aglx-xosl,AGLX.OL,15.100000381469727,15.0,15.0,108354
2026-10-07,agilyx-aglx-xosl,AGLX.OL,15.0,15.199999809265137,15.199999809265137,30222
2026-10-08,agilyx-aglx-xosl,AGLX.OL,14.5,14.949999809265137,14.949999809265137,1781957
2026-07-13,akastor-akast-xosl,AKAST.OL,12.800000190734863,12.880000114440918,12.42965030670166,248363
2026-07-14,akastor-akast-xosl,AKAST.OL,13.0,12.899999618530273,12.44895076751709,366318
2026-07-15,akastor-akast-xosl,AKAST.OL,13.0,12.960000038146973,12.506853103637695,141444
2026-07-16,akastor-akast-xosl,AKAST.OL,12.819999694824219,12.640000343322754,12.198041915893555,234532
2026-07-17,akastor-akast-xosl,AKAST.OL,12.619999885559082,12.600000381469727,12.159440994262695,280699
2026-07-20,akastor-akast-xosl,AKAST.OL,13.100000381469727,12.640000343322754,12.198041915893555,90439
2026-07-21,akastor-akast-xosl,AKAST.OL,12.579999923706055,12.800000190734863,12.352447509765625,104541
2026-07-22,akastor-akast-xosl,AKAST.OL,12.84000015258789,12.9399995803833,12.48755168914795,202178
2026-07-23,akastor-akast-xosl,AKAST.OL,13.020000457763672,13.119999885559082,12.661258697509766,273567
2026-07-24,akastor-akast-xosl,AKAST.OL,13.119999885559082,13.739999771118164,13.259580612182617,553639
2026-07-27,akastor-akast-xosl,AKAST.OL,13.5,13.0600004196167,12.603357315063477,386673
2026-07-28,akastor-akast-xosl,AKAST.OL,12.819999694824219,12.9399995803833,12.48755168914795,414735
2026-07-29,akastor-akast-xosl,AKAST.OL,12.920000076293945,12.920000076293945,12.468252182006836,257368
2026-07-30,akastor-akast-xosl,AKAST.OL,13.079999923706055,12.779999732971191,12.333146095275879,225362
2026-07-31,akastor-akast-xosl,AKAST.OL,13.079999923706055,12.979999542236328,12.526153564453125,375757
2026-08-03,akastor-akast-xosl,AKAST.OL,13.0,12.979999542236328,12.526153564453125,251579
2026-08-04,akastor-akast-xosl,AKAST.OL,12.979999542236328,13.0,12.545454025268555,525065
2026-08-05,akastor-akast-xosl,AKAST.OL,13.0,13.0,12.545454025268555,256104
2026-08-06,akastor-akast-xosl,AKAST.OL,13.100000381469727,12.960000038146973,12.506853103637695,185243
2026-08-07,akastor-akast-xosl,AKAST.OL,12.960000038146973,12.899999618530273,12.44895076751709,140125
2026-08-10,akastor-akast-xosl,AKAST.OL,12.9399995803833,12.9399995803833,12.48755168914795,274520
2026-08-11,akastor-akast-xosl,AKAST.OL,12.9399995803833,13.15999984741211,12.699859619140625,476446
2026-08-12,akastor-akast-xosl,AKAST.OL,13.020000457763672,13.300000190734863,12.834964752197266,194384
2026-08-13,akastor-akast-xosl,AKAST.OL,13.5,13.819999694824219,13.336782455444336,768846
2026-08-14,akastor-akast-xosl,AKAST.OL,13.979999542236328,14.300000190734863,13.800000190734863,719180
2026-08-17,akastor-akast-xosl,AKAST.OL,14.579999923706055,14.34000015258789,13.838601112365723,389773
2026-08-18,akastor-akast-xosl,AKAST.OL,14.359999656677246,14.020000457763672,13.529790878295898,390080
2026-08-19,akastor-akast-xosl,AKAST.OL,14.100000381469727,13.899999618530273,13.413985252380371,292233
2026-08-20,akastor-akast-xosl,AKAST.OL,14.0600004196167,13.920000076293945,13.433286666870117,455850
2026-08-21,akastor-akast-xosl,AKAST.OL,14.100000381469727,13.739999771118164,13.259580612182617,1161945
2026-08-24,akastor-akast-xosl,AKAST.OL,14.319999694824219,14.300000190734863,13.800000190734863,1027366
2026-08-25,akastor-akast-xosl,AKAST.OL,13.760000228881836,13.300000190734863,13.300000190734863,1389114
2026-08-26,akastor-akast-xosl,AKAST.OL,13.300000190734863,13.15999984741211,13.15999984741211,702271
2026-08-27,akastor-akast-xosl,AKAST.OL,14.079999923706055,13.279999732971191,13.279999732971191,529104
2026-08-28,akastor-akast-xosl,AKAST.OL,13.5,13.5,13.5,251839
2026-08-31,akastor-akast-xosl,AKAST.OL,13.680000305175781,13.65999984741211,13.65999984741211,274260
2026-09-01,akastor-akast-xosl,AKAST.OL,13.619999885559082,13.4399995803833,13.4399995803833,485145
2026-09-02,akastor-akast-xosl,AKAST.OL,13.4399995803833,13.140000343322754,13.140000343322754,546464
2026-09-03,akastor-akast-xosl,AKAST.OL,13.140000343322754,13.0600004196167,13.0600004196167,340281
2026-09-04,akastor-akast-xosl,AKAST.OL,13.079999923706055,13.279999732971191,13.279999732971191,495790
2026-09-07,akastor-akast-xosl,AKAST.OL,13.34000015258789,13.359999656677246,13.359999656677246,500606
2026-09-08,akastor-akast-xosl,AKAST.OL,13.399999618530273,13.699999809265137,13.699999809265137,429251
2026-09-09,akastor-akast-xosl,AKAST.OL,13.640000343322754,13.479999542236328,13.479999542236328,311047
2026-09-10,akastor-akast-xosl,AKAST.OL,13.699999809265137,13.399999618530273,13.399999618530273,269069
2026-09-11,akastor-akast-xosl,AKAST.OL,13.399999618530273,13.34000015258789,13.34000015258789,385927
2026-09-14,akastor-akast-xosl,AKAST.OL,13.420000076293945,13.140000343322754,13.140000343322754,230669
2026-09-15,akastor-akast-xosl,AKAST.OL,13.260000228881836,12.979999542236328,12.979999542236328,317558
2026-09-16,akastor-akast-xosl,AKAST.OL,13.15999984741211,13.380000114440918,13.380000114440918,320973
2026-09-17,akastor-akast-xosl,AKAST.OL,13.4399995803833,13.479999542236328,13.479999542236328,370626
2026-09-18,akastor-akast-xosl,AKAST.OL,13.4399995803833,13.420000076293945,13.420000076293945,268534
2026-09-21,akastor-akast-xosl,AKAST.OL,13.420000076293945,13.100000381469727,13.100000381469727,427236
2026-09-22,akastor-akast-xosl,AKAST.OL,13.199999809265137,12.9399995803833,12.9399995803833,369392
2026-09-23,akastor-akast-xosl,AKAST.OL,13.100000381469727,12.979999542236328,12.979999542236328,264694
2026-09-24,akastor-akast-xosl,AKAST.OL,12.979999542236328,13.039999961853027,13.039999961853027,274842
2026-09-25,akastor-akast-xosl,AKAST.OL,13.119999885559082,12.920000076293945,12.920000076293945,259643
2026-09-28,akastor-akast-xosl,AKAST.OL,12.920000076293945,13.039999961853027,13.039999961853027,143533
2026-09-29,akastor-akast-xosl,AKAST.OL,13.0,12.899999618530273,12.899999618530273,194695
2026-09-30,akastor-akast-xosl,AKAST.OL,12.899999618530273,12.880000114440918,12.880000114440918,345956
2026-10-01,akastor-akast-xosl,AKAST.OL,12.819999694824219,12.579999923706055,12.579999923706055,501192
2026-10-02,akastor-akast-xosl,AKAST.OL,12.779999732971191,12.979999542236328,12.979999542236328,434331
2026-10-05,akastor-akast-xosl,AKAST.OL,13.0600004196167,12.859999656677246,12.859999656677246,485753
2026-10-06,akastor-akast-xosl,AKAST.OL,12.859999656677246,12.880000114440918,12.880000114440918,186956
2026-10-07,akastor-akast-xosl,AKAST.OL,12.800000190734863,12.9399995803833,12.9399995803833,217036
2026-10-08,akastor-akast-xosl,AKAST.OL,13.020000457763672,13.279999732971191,13.279999732971191,496102
2026-07-13,aker-bp-akrbp-xosl,AKRBP.OL,315.0,318.79998779296875,312.550537109375,1121886
2026-07-14,aker-bp-akrbp-xosl,AKRBP.OL,324.8999938964844,324.3999938964844,318.040771484375,1222609
2026-07-15,aker-bp-akrbp-xosl,AKRBP.OL,326.5,322.29998779296875,315.9819030761719,1177171
2026-07-16,aker-bp-akrbp-xosl,AKRBP.OL,320.79998779296875,322.1000061035156,315.7858581542969,1272329
2026-07-17,aker-bp-akrbp-xosl,AKRBP.OL,321.70001220703125,327.79998779296875,321.3741149902344,1143238
2026-07-20,aker-bp-akrbp-xosl,AKRBP.OL,326.70001220703125,324.20001220703125,324.20001220703125,1245763
2026-07-21,aker-bp-akrbp-xosl,AKRBP.OL,325.1000061035156,331.1000061035156,331.1000061035156,1015472
2026-07-22,aker-bp-akrbp-xosl,AKRBP.OL,333.0,337.0,337.0,1105882
2026-07-23,aker-bp-akrbp-xosl,AKRBP.OL,342.8999938964844,347.5,347.5,999710
2026-07-24,aker-bp-akrbp-xosl,AKRBP.OL,344.0,340.5,340.5,683944
2026-07-27,aker-bp-akrbp-xosl,AKRBP.OL,326.0,332.29998779296875,332.29998779296875,1218213
2026-07-28,aker-bp-akrbp-xosl,AKRBP.OL,328.0,328.8999938964844,328.8999938964844,959464
2026-07-29,aker-bp-akrbp-xosl,AKRBP.OL,329.70001220703125,336.29998779296875,336.29998779296875,964037
2026-07-30,aker-bp-akrbp-xosl,AKRBP.OL,339.0,334.6000061035156,334.6000061035156,701658
2026-07-31,aker-bp-akrbp-xosl,AKRBP.OL,332.3999938964844,334.5,334.5,932924
2026-08-03,aker-bp-akrbp-xosl,AKRBP.OL,326.6000061035156,333.70001220703125,333.70001220703125,685284
2026-08-04,aker-bp-akrbp-xosl,AKRBP.OL,334.5,330.3999938964844,330.3999938964844,1059451
2026-08-05,aker-bp-akrbp-xosl,AKRBP.OL,329.5,329.6000061035156,329.6000061035156,947004
2026-08-06,aker-bp-akrbp-xosl,AKRBP.OL,330.0,331.29998779296875,331.29998779296875,505484
2026-08-07,aker-bp-akrbp-xosl,AKRBP.OL,334.0,330.1000061035156,330.1000061035156,764589
2026-08-10,aker-bp-akrbp-xosl,AKRBP.OL,332.3999938964844,337.5,337.5,745359
2026-08-11,aker-bp-akrbp-xosl,AKRBP.OL,342.5,343.79998779296875,343.79998779296875,823526
2026-08-12,aker-bp-akrbp-xosl,AKRBP.OL,343.3999938964844,343.8999938964844,343.8999938964844,580935
2026-08-13,aker-bp-akrbp-xosl,AKRBP.OL,343.8999938964844,337.6000061035156,337.6000061035156,944060
2026-08-14,aker-bp-akrbp-xosl,AKRBP.OL,338.6000061035156,345.6000061035156,345.6000061035156,630915
2026-08-17,aker-bp-akrbp-xosl,AKRBP.OL,345.79998779296875,345.8999938964844,345.8999938964844,539385
2026-08-18,aker-bp-akrbp-xosl,AKRBP.OL,350.0,347.20001220703125,347.20001220703125,631341
2026-08-19,aker-bp-akrbp-xosl,AKRBP.OL,348.1000061035156,351.8999938964844,351.8999938964844,932801
2026-08-20,aker-bp-akrbp-xosl,AKRBP.OL,351.70001220703125,357.6000061035156,357.6000061035156,774950
2026-08-21,aker-bp-akrbp-xosl,AKRBP.OL,357.3999938964844,354.79998779296875,354.79998779296875,554481
2026-08-24,aker-bp-akrbp-xosl,AKRBP.OL,353.0,351.0,351.0,595363
2026-08-25,aker-bp-akrbp-xosl,AKRBP.OL,349.8999938964844,348.3999938964844,348.3999938964844,882537
2026-08-26,aker-bp-akrbp-xosl,AKRBP.OL,343.0,347.8999938964844,347.8999938964844,1038390
2026-08-27,aker-bp-akrbp-xosl,AKRBP.OL,346.8999938964844,347.3999938964844,347.3999938964844,571502
2026-08-28,aker-bp-akrbp-xosl,AKRBP.OL,348.8999938964844,349.8999938964844,349.8999938964844,500173
2026-08-31,aker-bp-akrbp-xosl,AKRBP.OL,355.0,357.5,357.5,1336013
2026-09-01,aker-bp-akrbp-xosl,AKRBP.OL,358.0,360.70001220703125,360.70001220703125,976417
2026-09-02,aker-bp-akrbp-xosl,AKRBP.OL,365.20001220703125,360.29998779296875,360.29998779296875,804814
2026-09-03,aker-bp-akrbp-xosl,AKRBP.OL,353.70001220703125,356.0,356.0,741468
2026-09-04,aker-bp-akrbp-xosl,AKRBP.OL,354.6000061035156,352.20001220703125,352.20001220703125,539486
2026-09-07,aker-bp-akrbp-xosl,AKRBP.OL,355.0,354.5,354.5,565936
2026-09-08,aker-bp-akrbp-xosl,AKRBP.OL,357.1000061035156,360.5,360.5,791778
2026-09-09,aker-bp-akrbp-xosl,AKRBP.OL,361.0,364.20001220703125,364.20001220703125,886576
2026-09-10,aker-bp-akrbp-xosl,AKRBP.OL,364.0,362.3999938964844,362.3999938964844,979995
2026-09-11,aker-bp-akrbp-xosl,AKRBP.OL,361.5,360.3999938964844,360.3999938964844,765205
2026-09-14,aker-bp-akrbp-xosl,AKRBP.OL,365.0,368.5,368.5,801114
2026-09-15,aker-bp-akrbp-xosl,AKRBP.OL,364.29998779296875,370.1000061035156,370.1000061035156,843656
2026-09-16,aker-bp-akrbp-xosl,AKRBP.OL,371.0,374.1000061035156,374.1000061035156,920342
2026-09-17,aker-bp-akrbp-xosl,AKRBP.OL,370.0,367.70001220703125,367.70001220703125,890216
2026-09-18,aker-bp-akrbp-xosl,AKRBP.OL,353.0,355.0,355.0,3925318
2026-09-21,aker-bp-akrbp-xosl,AKRBP.OL,350.8999938964844,351.70001220703125,351.70001220703125,838276
2026-09-22,aker-bp-akrbp-xosl,AKRBP.OL,349.79998779296875,347.70001220703125,347.70001220703125,1011790
2026-09-23,aker-bp-akrbp-xosl,AKRBP.OL,345.6000061035156,351.6000061035156,351.6000061035156,1077990
2026-09-24,aker-bp-akrbp-xosl,AKRBP.OL,353.5,360.3999938964844,360.3999938964844,993613
2026-09-25,aker-bp-akrbp-xosl,AKRBP.OL,352.8999938964844,348.6000061035156,348.6000061035156,654976
2026-09-28,aker-bp-akrbp-xosl,AKRBP.OL,349.1000061035156,350.0,350.0,576298
2026-09-29,aker-bp-akrbp-xosl,AKRBP.OL,348.3999938964844,345.1000061035156,345.1000061035156,593843
2026-09-30,aker-bp-akrbp-xosl,AKRBP.OL,342.5,340.29998779296875,340.29998779296875,1231854
2026-10-01,aker-bp-akrbp-xosl,AKRBP.OL,337.79998779296875,341.20001220703125,341.20001220703125,989342
2026-10-02,aker-bp-akrbp-xosl,AKRBP.OL,342.3999938964844,338.3999938964844,338.3999938964844,1080278
2026-10-05,aker-bp-akrbp-xosl,AKRBP.OL,340.1000061035156,342.0,342.0,759907
2026-10-06,aker-bp-akrbp-xosl,AKRBP.OL,339.70001220703125,339.20001220703125,339.20001220703125,934548
2026-10-07,aker-bp-akrbp-xosl,AKRBP.OL,341.0,339.3999938964844,339.3999938964844,1221566
2026-10-08,aker-bp-akrbp-xosl,AKRBP.OL,344.79998779296875,346.1000061035156,346.1000061035156,1006637
2026-07-13,aker-solutions-akso-xosl,AKSO.OL,45.97999954223633,45.79999923706055,45.79999923706055,678578
2026-07-14,aker-solutions-akso-xosl,AKSO.OL,46.20000076293945,45.15999984741211,45.15999984741211,758941
2026-07-15,aker-solutions-akso-xosl,AKSO.OL,44.0,42.02000045776367,42.02000045776367,956451
2026-07-16,aker-solutions-akso-xosl,AKSO.OL,42.040000915527344,40.619998931884766,40.619998931884766,815846
2026-07-17,aker-solutions-akso-xosl,AKSO.OL,40.619998931884766,41.0,41.0,503883
2026-07-20,aker-solutions-akso-xosl,AKSO.OL,41.52000045776367,41.779998779296875,41.779998779296875,369566
2026-07-21,aker-solutions-akso-xosl,AKSO.OL,42.08000183105469,42.7400016784668,42.7400016784668,242730
2026-07-22,aker-solutions-akso-xosl,AKSO.OL,43.0,42.880001068115234,42.880001068115234,291351
2026-07-23,aker-solutions-akso-xosl,AKSO.OL,42.7400016784668,42.79999923706055,42.79999923706055,274327
2026-07-24,aker-solutions-akso-xosl,AKSO.OL,42.380001068115234,42.619998931884766,42.619998931884766,221574
2026-07-27,aker-solutions-akso-xosl,AKSO.OL,41.63999938964844,42.31999969482422,42.31999969482422,220886
2026-07-28,aker-solutions-akso-xosl,AKSO.OL,41.959999084472656,41.459999084472656,41.459999084472656,303446
2026-07-29,aker-solutions-akso-xosl,AKSO.OL,41.20000076293945,40.779998779296875,40.779998779296875,633117
2026-07-30,aker-solutions-akso-xosl,AKSO.OL,40.720001220703125,41.65999984741211,41.65999984741211,436308
2026-07-31,aker-solutions-akso-xosl,AKSO.OL,41.70000076293945,42.040000915527344,42.040000915527344,327707
2026-08-03,aker-solutions-akso-xosl,AKSO.OL,41.70000076293945,41.36000061035156,41.36000061035156,564468
2026-08-04,aker-solutions-akso-xosl,AKSO.OL,41.79999923706055,41.63999938964844,41.63999938964844,280030
2026-08-05,aker-solutions-akso-xosl,AKSO.OL,42.08000183105469,42.18000030517578,42.18000030517578,350897
2026-08-06,aker-solutions-akso-xosl,AKSO.OL,42.0,42.34000015258789,42.34000015258789,226656
2026-08-07,aker-solutions-akso-xosl,AKSO.OL,42.41999816894531,41.70000076293945,41.70000076293945,257352
2026-08-10,aker-solutions-akso-xosl,AKSO.OL,41.79999923706055,42.380001068115234,42.380001068115234,293615
2026-08-11,aker-solutions-akso-xosl,AKSO.OL,42.5,42.31999969482422,42.31999969482422,1030479
2026-08-12,aker-solutions-akso-xosl,AKSO.OL,42.459999084472656,42.13999938964844,42.13999938964844,297462
2026-08-13,aker-solutions-akso-xosl,AKSO.OL,43.13999938964844,42.36000061035156,42.36000061035156,362368
2026-08-14,aker-solutions-akso-xosl,AKSO.OL,42.5,43.220001220703125,43.220001220703125,298947
2026-08-17,aker-solutions-akso-xosl,AKSO.OL,42.5,43.279998779296875,43.279998779296875,297777
2026-08-18,aker-solutions-akso-xosl,AKSO.OL,43.52000045776367,42.81999969482422,42.81999969482422,495064
2026-08-19,aker-solutions-akso-xosl,AKSO.OL,42.86000061035156,43.540000915527344,43.540000915527344,586582
2026-08-20,aker-solutions-akso-xosl,AKSO.OL,43.68000030517578,44.220001220703125,44.220001220703125,467228
2026-08-21,aker-solutions-akso-xosl,AKSO.OL,44.119998931884766,43.52000045776367,43.52000045776367,329083
2026-08-24,aker-solutions-akso-xosl,AKSO.OL,43.119998931884766,42.68000030517578,42.68000030517578,233761
2026-08-25,aker-solutions-akso-xosl,AKSO.OL,42.68000030517578,43.040000915527344,43.040000915527344,249594
2026-08-26,aker-solutions-akso-xosl,AKSO.OL,42.880001068115234,43.279998779296875,43.279998779296875,236831
2026-08-27,aker-solutions-akso-xosl,AKSO.OL,43.619998931884766,42.84000015258789,42.84000015258789,270094
2026-08-28,aker-solutions-akso-xosl,AKSO.OL,43.18000030517578,42.84000015258789,42.84000015258789,250981
2026-08-31,aker-solutions-akso-xosl,AKSO.OL,43.400001525878906,43.31999969482422,43.31999969482422,759855
2026-09-01,aker-solutions-akso-xosl,AKSO.OL,43.91999816894531,42.779998779296875,42.779998779296875,529558
2026-09-02,aker-solutions-akso-xosl,AKSO.OL,42.79999923706055,42.060001373291016,42.060001373291016,641944
2026-09-03,aker-solutions-akso-xosl,AKSO.OL,42.0,42.400001525878906,42.400001525878906,402502
2026-09-04,aker-solutions-akso-xosl,AKSO.OL,42.5,42.400001525878906,42.400001525878906,480072
2026-09-07,aker-solutions-akso-xosl,AKSO.OL,42.5,42.15999984741211,42.15999984741211,165542
2026-09-08,aker-solutions-akso-xosl,AKSO.OL,42.20000076293945,41.84000015258789,41.84000015258789,311422
2026-09-09,aker-solutions-akso-xosl,AKSO.OL,41.84000015258789,42.0,42.0,489403
2026-09-10,aker-solutions-akso-xosl,AKSO.OL,42.0,41.29999923706055,41.29999923706055,473517
2026-09-11,aker-solutions-akso-xosl,AKSO.OL,41.560001373291016,41.099998474121094,41.099998474121094,253787
2026-09-14,aker-solutions-akso-xosl,AKSO.OL,41.5,40.81999969482422,40.81999969482422,231063
2026-09-15,aker-solutions-akso-xosl,AKSO.OL,40.79999923706055,40.84000015258789,40.84000015258789,293115
2026-09-16,aker-solutions-akso-xosl,AKSO.OL,41.099998474121094,42.36000061035156,42.36000061035156,691507
2026-09-17,aker-solutions-akso-xosl,AKSO.OL,42.34000015258789,42.5,42.5,436446
2026-09-18,aker-solutions-akso-xosl,AKSO.OL,42.65999984741211,41.81999969482422,41.81999969482422,1844294
2026-09-21,aker-solutions-akso-xosl,AKSO.OL,41.939998626708984,42.20000076293945,42.20000076293945,311516
2026-09-22,aker-solutions-akso-xosl,AKSO.OL,41.81999969482422,41.91999816894531,41.91999816894531,577312
2026-09-23,aker-solutions-akso-xosl,AKSO.OL,41.63999938964844,42.099998474121094,42.099998474121094,431138
2026-09-24,aker-solutions-akso-xosl,AKSO.OL,42.220001220703125,42.20000076293945,42.20000076293945,241811
2026-09-25,aker-solutions-akso-xosl,AKSO.OL,41.97999954223633,41.900001525878906,41.900001525878906,353535
2026-09-28,aker-solutions-akso-xosl,AKSO.OL,41.7400016784668,42.400001525878906,42.400001525878906,554354
2026-09-29,aker-solutions-akso-xosl,AKSO.OL,42.08000183105469,41.29999923706055,41.29999923706055,470736
2026-09-30,aker-solutions-akso-xosl,AKSO.OL,41.119998931884766,40.91999816894531,40.91999816894531,424985
2026-10-01,aker-solutions-akso-xosl,AKSO.OL,40.560001373291016,40.439998626708984,40.439998626708984,278273
2026-10-02,aker-solutions-akso-xosl,AKSO.OL,40.52000045776367,40.2599983215332,40.2599983215332,294061
2026-10-05,aker-solutions-akso-xosl,AKSO.OL,40.15999984741211,40.70000076293945,40.70000076293945,453715
2026-10-06,aker-solutions-akso-xosl,AKSO.OL,40.599998474121094,40.0,40.0,404168
2026-10-07,aker-solutions-akso-xosl,AKSO.OL,40.36000061035156,40.63999938964844,40.63999938964844,368371
2026-10-08,aker-solutions-akso-xosl,AKSO.OL,39.7599983215332,40.400001525878906,40.400001525878906,522739
2026-07-13,akva-group-akva-xosl,AKVA.OL,126.5,127.0,126.13311004638672,198
2026-07-14,akva-group-akva-xosl,AKVA.OL,128.0,126.5,125.63652038574219,1245
2026-07-15,akva-group-akva-xosl,AKVA.OL,128.0,127.0,126.13311004638672,659
2026-07-16,akva-group-akva-xosl,AKVA.OL,127.0,127.5,126.62969207763672,208
2026-07-17,akva-group-akva-xosl,AKVA.OL,127.0,126.0,125.13993072509766,6564
2026-07-20,akva-group-akva-xosl,AKVA.OL,127.5,126.5,125.63652038574219,7382
2026-07-21,akva-group-akva-xosl,AKVA.OL,126.5,126.5,125.63652038574219,1144
2026-07-22,akva-group-akva-xosl,AKVA.OL,127.0,128.0,127.12628173828125,4601
2026-07-23,akva-group-akva-xosl,AKVA.OL,127.5,129.0,128.1194610595703,1572
2026-07-24,akva-group-akva-xosl,AKVA.OL,129.5,128.0,127.12628173828125,4473
2026-07-27,akva-group-akva-xosl,AKVA.OL,127.5,128.5,127.62287139892578,199
2026-07-28,akva-group-akva-xosl,AKVA.OL,127.0,130.0,129.1126251220703,13632
2026-07-29,akva-group-akva-xosl,AKVA.OL,129.0,127.5,126.62969207763672,1474
2026-07-30,akva-group-akva-xosl,AKVA.OL,127.5,130.5,129.60922241210938,8345
2026-07-31,akva-group-akva-xosl,AKVA.OL,130.5,129.0,128.1194610595703,2670
2026-08-03,akva-group-akva-xosl,AKVA.OL,129.0,138.0,137.0580291748047,7733
2026-08-04,akva-group-akva-xosl,AKVA.OL,136.5,133.5,132.5887451171875,1543
2026-08-05,akva-group-akva-xosl,AKVA.OL,134.0,133.5,132.5887451171875,4125
2026-08-06,akva-group-akva-xosl,AKVA.OL,134.0,133.0,132.09214782714844,329
2026-08-07,akva-group-akva-xosl,AKVA.OL,133.0,132.0,131.09898376464844,5089
2026-08-10,akva-group-akva-xosl,AKVA.OL,136.5,132.5,131.59556579589844,3759
2026-08-11,akva-group-akva-xosl,AKVA.OL,132.5,135.0,134.07850646972656,6158
2026-08-12,akva-group-akva-xosl,AKVA.OL,135.0,138.0,137.0580291748047,13536
2026-08-13,akva-group-akva-xosl,AKVA.OL,138.0,138.0,137.0580291748047,5522
2026-08-14,akva-group-akva-xosl,AKVA.OL,137.0,139.5,138.54779052734375,3273
2026-08-17,akva-group-akva-xosl,AKVA.OL,139.5,138.5,137.5546112060547,1614
2026-08-18,akva-group-akva-xosl,AKVA.OL,138.5,139.5,138.54779052734375,6193
2026-08-19,akva-group-akva-xosl,AKVA.OL,139.0,136.5,135.56826782226562,447
2026-08-20,akva-group-akva-xosl,AKVA.OL,139.0,136.0,135.07167053222656,513
2026-08-21,akva-group-akva-xosl,AKVA.OL,138.5,138.0,137.0580291748047,7169
2026-08-24,akva-group-akva-xosl,AKVA.OL,138.5,136.5,135.56826782226562,4484
2026-08-25,akva-group-akva-xosl,AKVA.OL,136.5,137.0,136.06484985351562,1037
2026-08-26,akva-group-akva-xosl,AKVA.OL,134.5,136.5,135.56826782226562,687
2026-08-27,akva-group-akva-xosl,AKVA.OL,135.5,136.5,135.56826782226562,1911
2026-08-28,akva-group-akva-xosl,AKVA.OL,137.0,134.5,133.5819091796875,4096
2026-08-31,akva-group-akva-xosl,AKVA.OL,135.0,138.5,137.5546112060547,1540
2026-09-01,akva-group-akva-xosl,AKVA.OL,138.0,137.0,136.06484985351562,4861
2026-09-02,akva-group-akva-xosl,AKVA.OL,138.0,140.0,139.04437255859375,7406
2026-09-03,akva-group-akva-xosl,AKVA.OL,140.0,144.0,143.01705932617188,41983
2026-09-04,akva-group-akva-xosl,AKVA.OL,145.0,143.0,142.02389526367188,4890
2026-09-07,akva-group-akva-xosl,AKVA.OL,144.5,143.5,142.52047729492188,1201
2026-09-08,akva-group-akva-xosl,AKVA.OL,143.0,143.5,142.52047729492188,3385
2026-09-09,akva-group-akva-xosl,AKVA.OL,143.5,141.5,140.5341339111328,1492
2026-09-10,akva-group-akva-xosl,AKVA.OL,141.5,142.0,141.0307159423828,3687
2026-09-11,akva-group-akva-xosl,AKVA.OL,148.0,143.5,142.52047729492188,21084
2026-09-14,akva-group-akva-xosl,AKVA.OL,147.5,146.5,145.5,7124
2026-09-15,akva-group-akva-xosl,AKVA.OL,146.5,145.0,145.0,523
2026-09-16,akva-group-akva-xosl,AKVA.OL,145.0,143.5,143.5,1405
2026-09-17,akva-group-akva-xosl,AKVA.OL,144.5,143.5,143.5,796
2026-09-18,akva-group-akva-xosl,AKVA.OL,143.0,143.5,143.5,1386
2026-09-21,akva-group-akva-xosl,AKVA.OL,144.0,143.0,143.0,6863
2026-09-22,akva-group-akva-xosl,AKVA.OL,143.0,142.0,142.0,1256
2026-09-23,akva-group-akva-xosl,AKVA.OL,142.5,142.5,142.5,152
2026-09-24,akva-group-akva-xosl,AKVA.OL,142.5,138.0,138.0,4190
2026-09-25,akva-group-akva-xosl,AKVA.OL,137.0,141.5,141.5,1438
2026-09-28,akva-group-akva-xosl,AKVA.OL,142.5,141.5,141.5,2342
2026-09-29,akva-group-akva-xosl,AKVA.OL,141.0,140.0,140.0,2312
2026-09-30,akva-group-akva-xosl,AKVA.OL,140.5,140.0,140.0,1735
2026-10-01,akva-group-akva-xosl,AKVA.OL,140.0,143.5,143.5,2186
2026-10-02,akva-group-akva-xosl,AKVA.OL,146.0,157.0,157.0,38825
2026-10-05,akva-group-akva-xosl,AKVA.OL,157.0,157.0,157.0,13504
2026-10-06,akva-group-akva-xosl,AKVA.OL,157.0,157.0,157.0,8289
2026-10-07,akva-group-akva-xosl,AKVA.OL,157.0,157.5,157.5,8641
2026-10-08,akva-group-akva-xosl,AKVA.OL,157.5,157.5,157.5,7329
2026-07-13,alng-xoas,ALNG.OL,3.4100000858306885,3.740000009536743,3.740000009536743,143668
2026-07-14,alng-xoas,ALNG.OL,3.75,3.740000009536743,3.740000009536743,78971
2026-07-15,alng-xoas,ALNG.OL,3.740000009536743,3.7699999809265137,3.7699999809265137,100013
2026-07-16,alng-xoas,ALNG.OL,3.549999952316284,3.6600000858306885,3.6600000858306885,28207
2026-07-17,alng-xoas,ALNG.OL,3.509999990463257,3.559999942779541,3.559999942779541,115614
2026-07-20,alng-xoas,ALNG.OL,3.5199999809265137,3.559999942779541,3.559999942779541,84687
2026-07-21,alng-xoas,ALNG.OL,3.509999990463257,3.6700000762939453,3.6700000762939453,78422
2026-07-22,alng-xoas,ALNG.OL,3.5999999046325684,3.640000104904175,3.640000104904175,41858
2026-07-23,alng-xoas,ALNG.OL,3.640000104904175,3.690000057220459,3.690000057220459,289133
2026-07-24,alng-xoas,ALNG.OL,3.5399999618530273,3.6700000762939453,3.6700000762939453,17324
2026-07-27,alng-xoas,ALNG.OL,3.509999990463257,3.700000047683716,3.700000047683716,67992
2026-07-28,alng-xoas,ALNG.OL,3.700000047683716,3.7300000190734863,3.7300000190734863,143645
2026-07-29,alng-xoas,ALNG.OL,3.7200000286102295,3.799999952316284,3.799999952316284,95701
2026-07-30,alng-xoas,ALNG.OL,3.5999999046325684,3.880000114440918,3.880000114440918,275844
2026-07-31,alng-xoas,ALNG.OL,3.8399999141693115,3.890000104904175,3.890000104904175,800828
2026-08-03,alng-xoas,ALNG.OL,3.700000047683716,3.8499999046325684,3.8499999046325684,155814
2026-08-04,alng-xoas,ALNG.OL,3.9000000953674316,3.700000047683716,3.700000047683716,53779
2026-08-05,alng-xoas,ALNG.OL,3.6500000953674316,3.619999885559082,3.619999885559082,123125
2026-08-06,alng-xoas,ALNG.OL,3.690000057220459,3.6700000762939453,3.6700000762939453,148823
2026-08-07,alng-xoas,ALNG.OL,3.5999999046325684,3.640000104904175,3.640000104904175,64944
2026-08-10,alng-xoas,ALNG.OL,3.75,3.5999999046325684,3.5999999046325684,62609
2026-08-11,alng-xoas,ALNG.OL,3.5999999046325684,3.5799999237060547,3.5799999237060547,127801
2026-08-12,alng-xoas,ALNG.OL,3.6700000762939453,3.640000104904175,3.640000104904175,43120
2026-08-13,alng-xoas,ALNG.OL,3.4600000381469727,3.5399999618530273,3.5399999618530273,85097
2026-08-14,alng-xoas,ALNG.OL,3.700000047683716,3.549999952316284,3.549999952316284,51339
2026-08-17,alng-xoas,ALNG.OL,3.5,3.5999999046325684,3.5999999046325684,107308
2026-08-18,alng-xoas,ALNG.OL,3.299999952316284,3.299999952316284,3.299999952316284,394565
2026-08-19,alng-xoas,ALNG.OL,3.5,3.25,3.25,177351
2026-08-20,alng-xoas,ALNG.OL,3.259999990463257,3.2699999809265137,3.2699999809265137,33323
2026-08-21,alng-xoas,ALNG.OL,3.309999942779541,3.359999895095825,3.359999895095825,72999
2026-08-24,alng-xoas,ALNG.OL,3.319999933242798,3.390000104904175,3.390000104904175,58333
2026-08-25,alng-xoas,ALNG.OL,3.4000000953674316,3.4000000953674316,3.4000000953674316,40615
2026-08-26,alng-xoas,ALNG.OL,3.3399999141693115,3.380000114440918,3.380000114440918,131676
2026-08-27,alng-xoas,ALNG.OL,3.4000000953674316,3.4000000953674316,3.4000000953674316,123949
2026-08-28,alng-xoas,ALNG.OL,3.3499999046325684,3.3399999141693115,3.3399999141693115,122014
2026-08-31,alng-xoas,ALNG.OL,3.3399999141693115,3.4700000286102295,3.4700000286102295,110302
2026-09-01,alng-xoas,ALNG.OL,3.450000047683716,3.440000057220459,3.440000057220459,194674
2026-09-02,alng-xoas,ALNG.OL,3.380000114440918,3.4000000953674316,3.4000000953674316,108473
2026-09-03,alng-xoas,ALNG.OL,3.390000104904175,3.369999885559082,3.369999885559082,118954
2026-09-04,alng-xoas,ALNG.OL,3.3399999141693115,3.3499999046325684,3.3499999046325684,49080
2026-09-07,alng-xoas,ALNG.OL,3.359999895095825,3.4000000953674316,3.4000000953674316,59214
2026-09-08,alng-xoas,ALNG.OL,3.25,3.319999933242798,3.319999933242798,244142
2026-09-09,alng-xoas,ALNG.OL,3.430000066757202,3.3499999046325684,3.3499999046325684,39334
2026-09-10,alng-xoas,ALNG.OL,3.4000000953674316,3.3499999046325684,3.3499999046325684,30907
2026-09-11,alng-xoas,ALNG.OL,3.2899999618530273,3.380000114440918,3.380000114440918,39718
2026-09-14,alng-xoas,ALNG.OL,3.3399999141693115,3.2200000286102295,3.2200000286102295,222313
2026-09-15,alng-xoas,ALNG.OL,3.240000009536743,3.240000009536743,3.240000009536743,136526
2026-09-16,alng-xoas,ALNG.OL,3.2100000381469727,3.25,3.25,258473
2026-09-17,alng-xoas,ALNG.OL,3.25,3.25,3.25,41238
2026-09-18,alng-xoas,ALNG.OL,3.25,3.240000009536743,3.240000009536743,26240
2026-09-21,alng-xoas,ALNG.OL,3.190000057220459,3.240000009536743,3.240000009536743,60836
2026-09-22,alng-xoas,ALNG.OL,3.200000047683716,3.359999895095825,3.359999895095825,207748
2026-09-23,alng-xoas,ALNG.OL,3.200000047683716,3.319999933242798,3.319999933242798,49068
2026-09-24,alng-xoas,ALNG.OL,3.2100000381469727,3.369999885559082,3.369999885559082,94728
2026-09-25,alng-xoas,ALNG.OL,3.2100000381469727,3.3299999237060547,3.3299999237060547,140018
2026-09-28,alng-xoas,ALNG.OL,3.3299999237060547,3.369999885559082,3.369999885559082,37265
2026-09-29,alng-xoas,ALNG.OL,3.4700000286102295,3.3499999046325684,3.3499999046325684,64949
2026-09-30,alng-xoas,ALNG.OL,3.3499999046325684,3.450000047683716,3.450000047683716,274392
2026-10-01,alng-xoas,ALNG.OL,3.309999942779541,3.4200000762939453,3.4200000762939453,80802
2026-10-02,alng-xoas,ALNG.OL,3.3499999046325684,3.299999952316284,3.299999952316284,298454
2026-10-05,alng-xoas,ALNG.OL,3.309999942779541,3.359999895095825,3.359999895095825,206975
2026-10-06,alng-xoas,ALNG.OL,3.4000000953674316,3.299999952316284,3.299999952316284,32915
2026-10-07,alng-xoas,ALNG.OL,3.25,3.2899999618530273,3.2899999618530273,102015
2026-10-08,alng-xoas,ALNG.OL,3.2300000190734863,3.2899999618530273,3.2899999618530273,60014
2026-07-13,arendals-fossekompani-afk-xosl,AFK.OL,173.5,177.0,177.0,71393
2026-07-14,arendals-fossekompani-afk-xosl,AFK.OL,176.0,177.0,177.0,3862
2026-07-15,arendals-fossekompani-afk-xosl,AFK.OL,177.0,176.5,176.5,4011
2026-07-16,arendals-fossekompani-afk-xosl,AFK.OL,175.0,175.0,175.0,3453
2026-07-17,arendals-fossekompani-afk-xosl,AFK.OL,176.0,176.0,176.0,1582
2026-07-20,arendals-fossekompani-afk-xosl,AFK.OL,181.0,175.0,175.0,3941
2026-07-21,arendals-fossekompani-afk-xosl,AFK.OL,173.5,180.5,180.5,10041
2026-07-22,arendals-fossekompani-afk-xosl,AFK.OL,180.0,178.0,178.0,1565
2026-07-23,arendals-fossekompani-afk-xosl,AFK.OL,178.0,181.5,181.5,5051
2026-07-24,arendals-fossekompani-afk-xosl,AFK.OL,183.5,184.0,184.0,2638
2026-07-27,arendals-fossekompani-afk-xosl,AFK.OL,183.0,178.5,178.5,2143
2026-07-28,arendals-fossekompani-afk-xosl,AFK.OL,183.0,183.5,183.5,2780
2026-07-29,arendals-fossekompani-afk-xosl,AFK.OL,184.0,182.0,182.0,2695
2026-07-30,arendals-fossekompani-afk-xosl,AFK.OL,184.0,182.0,182.0,883
2026-07-31,arendals-fossekompani-afk-xosl,AFK.OL,181.5,184.0,184.0,2928
2026-08-03,arendals-fossekompani-afk-xosl,AFK.OL,181.5,182.5,182.5,1082
2026-08-04,arendals-fossekompani-afk-xosl,AFK.OL,182.5,183.5,183.5,1158
2026-08-05,arendals-fossekompani-afk-xosl,AFK.OL,181.0,182.5,182.5,1606
2026-08-06,arendals-fossekompani-afk-xosl,AFK.OL,182.0,180.0,180.0,1828
2026-08-07,arendals-fossekompani-afk-xosl,AFK.OL,180.0,185.0,185.0,2318
2026-08-10,arendals-fossekompani-afk-xosl,AFK.OL,185.0,182.0,182.0,2916
2026-08-11,arendals-fossekompani-afk-xosl,AFK.OL,182.0,184.0,184.0,2781
2026-08-12,arendals-fossekompani-afk-xosl,AFK.OL,184.0,184.0,184.0,1502
2026-08-13,arendals-fossekompani-afk-xosl,AFK.OL,185.0,186.5,186.5,3147
2026-08-14,arendals-fossekompani-afk-xosl,AFK.OL,186.0,192.0,192.0,5183
2026-08-17,arendals-fossekompani-afk-xosl,AFK.OL,192.0,194.0,194.0,5923
2026-08-18,arendals-fossekompani-afk-xosl,AFK.OL,192.0,191.0,191.0,5164
2026-08-19,arendals-fossekompani-afk-xosl,AFK.OL,191.0,193.5,193.5,2398
2026-08-20,arendals-fossekompani-afk-xosl,AFK.OL,194.0,195.0,195.0,5204
2026-08-21,arendals-fossekompani-afk-xosl,AFK.OL,195.5,189.0,189.0,7187
2026-08-24,arendals-fossekompani-afk-xosl,AFK.OL,195.0,188.0,188.0,2303
2026-08-25,arendals-fossekompani-afk-xosl,AFK.OL,185.0,181.5,181.5,11803
2026-08-26,arendals-fossekompani-afk-xosl,AFK.OL,181.5,186.0,186.0,2371
2026-08-27,arendals-fossekompani-afk-xosl,AFK.OL,187.0,186.5,186.5,35722
2026-08-28,arendals-fossekompani-afk-xosl,AFK.OL,187.5,182.0,182.0,3430
2026-08-31,arendals-fossekompani-afk-xosl,AFK.OL,181.0,177.5,177.5,8685
2026-09-01,arendals-fossekompani-afk-xosl,AFK.OL,178.5,175.0,175.0,10255
2026-09-02,arendals-fossekompani-afk-xosl,AFK.OL,175.5,172.0,172.0,7718
2026-09-03,arendals-fossekompani-afk-xosl,AFK.OL,171.0,177.0,177.0,4788
2026-09-04,arendals-fossekompani-afk-xosl,AFK.OL,177.0,184.0,184.0,17264
2026-09-07,arendals-fossekompani-afk-xosl,AFK.OL,184.0,189.0,189.0,14394
2026-09-08,arendals-fossekompani-afk-xosl,AFK.OL,192.0,184.0,184.0,6317
2026-09-09,arendals-fossekompani-afk-xosl,AFK.OL,184.0,184.0,184.0,2893
2026-09-10,arendals-fossekompani-afk-xosl,AFK.OL,188.5,187.5,187.5,2930
2026-09-11,arendals-fossekompani-afk-xosl,AFK.OL,188.0,185.0,185.0,4559
2026-09-14,arendals-fossekompani-afk-xosl,AFK.OL,180.0,185.0,185.0,60487
2026-09-15,arendals-fossekompani-afk-xosl,AFK.OL,185.0,187.0,187.0,4770
2026-09-16,arendals-fossekompani-afk-xosl,AFK.OL,188.0,182.5,182.5,4068
2026-09-17,arendals-fossekompani-afk-xosl,AFK.OL,182.5,185.5,185.5,2662
2026-09-18,arendals-fossekompani-afk-xosl,AFK.OL,185.5,188.5,188.5,123767
2026-09-21,arendals-fossekompani-afk-xosl,AFK.OL,188.0,189.0,189.0,5863
2026-09-22,arendals-fossekompani-afk-xosl,AFK.OL,189.0,186.5,186.5,2072
2026-09-23,arendals-fossekompani-afk-xosl,AFK.OL,186.0,185.0,185.0,1215
2026-09-24,arendals-fossekompani-afk-xosl,AFK.OL,187.5,185.0,185.0,440
2026-09-25,arendals-fossekompani-afk-xosl,AFK.OL,185.0,186.5,186.5,284
2026-09-28,arendals-fossekompani-afk-xosl,AFK.OL,189.5,191.5,191.5,10628
2026-09-29,arendals-fossekompani-afk-xosl,AFK.OL,194.5,190.5,190.5,10091
2026-09-30,arendals-fossekompani-afk-xosl,AFK.OL,191.5,191.0,191.0,6768
2026-10-01,arendals-fossekompani-afk-xosl,AFK.OL,192.0,185.5,185.5,6020
2026-10-02,arendals-fossekompani-afk-xosl,AFK.OL,194.0,187.5,187.5,3526
2026-10-05,arendals-fossekompani-afk-xosl,AFK.OL,188.0,185.5,185.5,3647
2026-10-06,arendals-fossekompani-afk-xosl,AFK.OL,186.0,181.5,181.5,7128
2026-10-07,arendals-fossekompani-afk-xosl,AFK.OL,181.5,179.0,179.0,5241
2026-10-08,arendals-fossekompani-afk-xosl,AFK.OL,177.0,177.0,177.0,5036
2026-07-13,atea-xosl,ATEA.OL,159.8000030517578,162.0,162.0,77401
2026-07-14,atea-xosl,ATEA.OL,161.8000030517578,164.0,164.0,89809
2026-07-15,atea-xosl,ATEA.OL,164.0,165.0,165.0,59301
2026-07-16,atea-xosl,ATEA.OL,157.60000610351562,157.0,157.0,302269
2026-07-17,atea-xosl,ATEA.OL,155.39999389648438,159.8000030517578,159.8000030517578,132042
2026-07-20,atea-xosl,ATEA.OL,158.0,161.1999969482422,161.1999969482422,64822
2026-07-21,atea-xosl,ATEA.OL,162.0,164.0,164.0,49427
2026-07-22,atea-xosl,ATEA.OL,163.60000610351562,164.8000030517578,164.8000030517578,46315
2026-07-23,atea-xosl,ATEA.OL,163.60000610351562,163.60000610351562,163.60000610351562,56589
2026-07-24,atea-xosl,ATEA.OL,163.60000610351562,164.1999969482422,164.1999969482422,33335
2026-07-27,atea-xosl,ATEA.OL,164.1999969482422,168.0,168.0,43833
2026-07-28,atea-xosl,ATEA.OL,168.0,169.60000610351562,169.60000610351562,55411
2026-07-29,atea-xosl,ATEA.OL,169.1999969482422,173.60000610351562,173.60000610351562,72672
2026-07-30,atea-xosl,ATEA.OL,173.60000610351562,172.1999969482422,172.1999969482422,41726
2026-07-31,atea-xosl,ATEA.OL,172.1999969482422,171.1999969482422,171.1999969482422,61608
2026-08-03,atea-xosl,ATEA.OL,171.0,171.39999389648438,171.39999389648438,30861
2026-08-04,atea-xosl,ATEA.OL,172.60000610351562,171.0,171.0,44859
2026-08-05,atea-xosl,ATEA.OL,172.0,171.0,171.0,50192
2026-08-06,atea-xosl,ATEA.OL,171.0,172.0,172.0,49337
2026-08-07,atea-xosl,ATEA.OL,171.0,174.39999389648438,174.39999389648438,39414
2026-08-10,atea-xosl,ATEA.OL,174.60000610351562,173.39999389648438,173.39999389648438,47344
2026-08-11,atea-xosl,ATEA.OL,174.0,173.60000610351562,173.60000610351562,58296
2026-08-12,atea-xosl,ATEA.OL,173.1999969482422,172.1999969482422,172.1999969482422,44689
2026-08-13,atea-xosl,ATEA.OL,173.8000030517578,176.1999969482422,176.1999969482422,50772
2026-08-14,atea-xosl,ATEA.OL,176.0,178.60000610351562,178.60000610351562,98915
2026-08-17,atea-xosl,ATEA.OL,177.1999969482422,174.60000610351562,174.60000610351562,68821
2026-08-18,atea-xosl,ATEA.OL,174.60000610351562,175.60000610351562,175.60000610351562,62864
2026-08-19,atea-xosl,ATEA.OL,175.60000610351562,173.1999969482422,173.1999969482422,45562
2026-08-20,atea-xosl,ATEA.OL,174.0,174.1999969482422,174.1999969482422,45165
2026-08-21,atea-xosl,ATEA.OL,174.0,175.60000610351562,175.60000610351562,55059
2026-08-24,atea-xosl,ATEA.OL,175.39999389648438,175.0,175.0,38611
2026-08-25,atea-xosl,ATEA.OL,175.0,176.8000030517578,176.8000030517578,29887
2026-08-26,atea-xosl,ATEA.OL,176.0,174.60000610351562,174.60000610351562,32216
2026-08-27,atea-xosl,ATEA.OL,174.60000610351562,176.8000030517578,176.8000030517578,32044
2026-08-28,atea-xosl,ATEA.OL,176.8000030517578,177.60000610351562,177.60000610351562,46721
2026-08-31,atea-xosl,ATEA.OL,177.60000610351562,178.60000610351562,178.60000610351562,86880
2026-09-01,atea-xosl,ATEA.OL,175.0,173.39999389648438,173.39999389648438,73950
2026-09-02,atea-xosl,ATEA.OL,172.1999969482422,169.1999969482422,169.1999969482422,71177
2026-09-03,atea-xosl,ATEA.OL,169.39999389648438,170.60000610351562,170.60000610351562,48563
2026-09-04,atea-xosl,ATEA.OL,170.0,171.0,171.0,58888
2026-09-07,atea-xosl,ATEA.OL,170.39999389648438,168.0,168.0,82611
2026-09-08,atea-xosl,ATEA.OL,168.8000030517578,164.60000610351562,164.60000610351562,62238
2026-09-09,atea-xosl,ATEA.OL,166.39999389648438,164.1999969482422,164.1999969482422,73923
2026-09-10,atea-xosl,ATEA.OL,166.0,164.1999969482422,164.1999969482422,123316
2026-09-11,atea-xosl,ATEA.OL,164.1999969482422,166.0,166.0,56519
2026-09-14,atea-xosl,ATEA.OL,166.0,169.0,169.0,71724
2026-09-15,atea-xosl,ATEA.OL,169.1999969482422,170.0,170.0,76740
2026-09-16,atea-xosl,ATEA.OL,170.0,169.39999389648438,169.39999389648438,46147
2026-09-17,atea-xosl,ATEA.OL,170.0,171.60000610351562,171.60000610351562,40267
2026-09-18,atea-xosl,ATEA.OL,171.60000610351562,169.0,169.0,133474
2026-09-21,atea-xosl,ATEA.OL,169.1999969482422,172.39999389648438,172.39999389648438,27452
2026-09-22,atea-xosl,ATEA.OL,172.39999389648438,171.39999389648438,171.39999389648438,26460
2026-09-23,atea-xosl,ATEA.OL,172.1999969482422,170.0,170.0,29817
2026-09-24,atea-xosl,ATEA.OL,170.39999389648438,169.39999389648438,169.39999389648438,21802
2026-09-25,atea-xosl,ATEA.OL,170.0,167.1999969482422,167.1999969482422,42086
2026-09-28,atea-xosl,ATEA.OL,169.0,164.1999969482422,164.1999969482422,97202
2026-09-29,atea-xosl,ATEA.OL,164.60000610351562,165.0,165.0,84213
2026-09-30,atea-xosl,ATEA.OL,165.1999969482422,165.0,165.0,102679
2026-10-01,atea-xosl,ATEA.OL,163.8000030517578,165.8000030517578,165.8000030517578,72093
2026-10-02,atea-xosl,ATEA.OL,165.39999389648438,166.0,166.0,40823
2026-10-05,atea-xosl,ATEA.OL,165.0,165.39999389648438,165.39999389648438,30739
2026-10-06,atea-xosl,ATEA.OL,165.39999389648438,164.0,164.0,44925
2026-10-07,atea-xosl,ATEA.OL,163.8000030517578,163.39999389648438,163.39999389648438,38358
2026-10-08,atea-xosl,ATEA.OL,163.1999969482422,166.1999969482422,166.1999969482422,63230
2026-07-13,austevoll-seafood-auss-xosl,AUSS.OL,80.5,81.4000015258789,81.4000015258789,110189
2026-07-14,austevoll-seafood-auss-xosl,AUSS.OL,81.19999694824219,82.19999694824219,82.19999694824219,91570
2026-07-15,austevoll-seafood-auss-xosl,AUSS.OL,82.0999984741211,83.4000015258789,83.4000015258789,120332
2026-07-16,austevoll-seafood-auss-xosl,AUSS.OL,83.5,83.9000015258789,83.9000015258789,111676
2026-07-17,austevoll-seafood-auss-xosl,AUSS.OL,84.19999694824219,83.69999694824219,83.69999694824219,64322
2026-07-20,austevoll-seafood-auss-xosl,AUSS.OL,83.9000015258789,83.19999694824219,83.19999694824219,102000
2026-07-21,austevoll-seafood-auss-xosl,AUSS.OL,83.19999694824219,83.0,83.0,82216
2026-07-22,austevoll-seafood-auss-xosl,AUSS.OL,82.5999984741211,84.19999694824219,84.19999694824219,78478
2026-07-23,austevoll-seafood-auss-xosl,AUSS.OL,84.0,83.4000015258789,83.4000015258789,75267
2026-07-24,austevoll-seafood-auss-xosl,AUSS.OL,83.5999984741211,83.9000015258789,83.9000015258789,105932
2026-07-27,austevoll-seafood-auss-xosl,AUSS.OL,83.5999984741211,85.19999694824219,85.19999694824219,85509
2026-07-28,austevoll-seafood-auss-xosl,AUSS.OL,85.19999694824219,85.69999694824219,85.69999694824219,98317
2026-07-29,austevoll-seafood-auss-xosl,AUSS.OL,86.0,85.5,85.5,64673
2026-07-30,austevoll-seafood-auss-xosl,AUSS.OL,85.5,85.30000305175781,85.30000305175781,84017
2026-07-31,austevoll-seafood-auss-xosl,AUSS.OL,85.0999984741211,85.0,85.0,117942
2026-08-03,austevoll-seafood-auss-xosl,AUSS.OL,85.0999984741211,85.80000305175781,85.80000305175781,81628
2026-08-04,austevoll-seafood-auss-xosl,AUSS.OL,85.69999694824219,84.69999694824219,84.69999694824219,119529
2026-08-05,austevoll-seafood-auss-xosl,AUSS.OL,84.69999694824219,83.30000305175781,83.30000305175781,106702
2026-08-06,austevoll-seafood-auss-xosl,AUSS.OL,84.5999984741211,85.30000305175781,85.30000305175781,133082
2026-08-07,austevoll-seafood-auss-xosl,AUSS.OL,86.5,86.4000015258789,86.4000015258789,93010
2026-08-10,austevoll-seafood-auss-xosl,AUSS.OL,86.69999694824219,85.5999984741211,85.5999984741211,74583
2026-08-11,austevoll-seafood-auss-xosl,AUSS.OL,85.30000305175781,87.19999694824219,87.19999694824219,103586
2026-08-12,austevoll-seafood-auss-xosl,AUSS.OL,88.69999694824219,87.69999694824219,87.69999694824219,138161
2026-08-13,austevoll-seafood-auss-xosl,AUSS.OL,86.5,87.5999984741211,87.5999984741211,277228
2026-08-14,austevoll-seafood-auss-xosl,AUSS.OL,87.69999694824219,87.0,87.0,75030
2026-08-17,austevoll-seafood-auss-xosl,AUSS.OL,87.0,86.5,86.5,131547
2026-08-18,austevoll-seafood-auss-xosl,AUSS.OL,85.5,85.19999694824219,85.19999694824219,127581
2026-08-19,austevoll-seafood-auss-xosl,AUSS.OL,83.0,83.30000305175781,83.30000305175781,327957
2026-08-20,austevoll-seafood-auss-xosl,AUSS.OL,83.0999984741211,83.9000015258789,83.9000015258789,129406
2026-08-21,austevoll-seafood-auss-xosl,AUSS.OL,84.9000015258789,86.30000305175781,86.30000305175781,190544
2026-08-24,austevoll-seafood-auss-xosl,AUSS.OL,86.5,87.0999984741211,87.0999984741211,109743
2026-08-25,austevoll-seafood-auss-xosl,AUSS.OL,87.4000015258789,88.5999984741211,88.5999984741211,157954
2026-08-26,austevoll-seafood-auss-xosl,AUSS.OL,87.69999694824219,90.4000015258789,90.4000015258789,185798
2026-08-27,austevoll-seafood-auss-xosl,AUSS.OL,90.0,89.80000305175781,89.80000305175781,125032
2026-08-28,austevoll-seafood-auss-xosl,AUSS.OL,90.0,90.5999984741211,90.5999984741211,76973
2026-08-31,austevoll-seafood-auss-xosl,AUSS.OL,90.19999694824219,88.69999694824219,88.69999694824219,138607
2026-09-01,austevoll-seafood-auss-xosl,AUSS.OL,89.0,87.69999694824219,87.69999694824219,111276
2026-09-02,austevoll-seafood-auss-xosl,AUSS.OL,87.30000305175781,87.19999694824219,87.19999694824219,111370
2026-09-03,austevoll-seafood-auss-xosl,AUSS.OL,87.4000015258789,84.5,84.5,179365
2026-09-04,austevoll-seafood-auss-xosl,AUSS.OL,84.30000305175781,84.30000305175781,84.30000305175781,139099
2026-09-07,austevoll-seafood-auss-xosl,AUSS.OL,83.5,84.30000305175781,84.30000305175781,104320
2026-09-08,austevoll-seafood-auss-xosl,AUSS.OL,83.69999694824219,85.0,85.0,124154
2026-09-09,austevoll-seafood-auss-xosl,AUSS.OL,85.0,86.0,86.0,121201
2026-09-10,austevoll-seafood-auss-xosl,AUSS.OL,84.19999694824219,85.4000015258789,85.4000015258789,283928
2026-09-11,austevoll-seafood-auss-xosl,AUSS.OL,85.5,85.5,85.5,86071
2026-09-14,austevoll-seafood-auss-xosl,AUSS.OL,85.0,84.80000305175781,84.80000305175781,85819
2026-09-15,austevoll-seafood-auss-xosl,AUSS.OL,85.0,83.30000305175781,83.30000305175781,72096
2026-09-16,austevoll-seafood-auss-xosl,AUSS.OL,83.4000015258789,83.30000305175781,83.30000305175781,79165
2026-09-17,austevoll-seafood-auss-xosl,AUSS.OL,84.0,84.30000305175781,84.30000305175781,421745
2026-09-18,austevoll-seafood-auss-xosl,AUSS.OL,83.69999694824219,82.5,82.5,521206
2026-09-21,austevoll-seafood-auss-xosl,AUSS.OL,83.0999984741211,81.19999694824219,81.19999694824219,200675
2026-09-22,austevoll-seafood-auss-xosl,AUSS.OL,81.5,82.0999984741211,82.0999984741211,315377
2026-09-23,austevoll-seafood-auss-xosl,AUSS.OL,82.5,83.30000305175781,83.30000305175781,105472
2026-09-24,austevoll-seafood-auss-xosl,AUSS.OL,84.0,82.5999984741211,82.5999984741211,80329
2026-09-25,austevoll-seafood-auss-xosl,AUSS.OL,83.0,84.0,84.0,144647
2026-09-28,austevoll-seafood-auss-xosl,AUSS.OL,85.0,84.80000305175781,84.80000305175781,84607
2026-09-29,austevoll-seafood-auss-xosl,AUSS.OL,84.30000305175781,83.19999694824219,83.19999694824219,160031
2026-09-30,austevoll-seafood-auss-xosl,AUSS.OL,83.0999984741211,83.5999984741211,83.5999984741211,118863
2026-10-01,austevoll-seafood-auss-xosl,AUSS.OL,83.5,82.0999984741211,82.0999984741211,77153
2026-10-02,austevoll-seafood-auss-xosl,AUSS.OL,82.5,82.5,82.5,236295
2026-10-05,austevoll-seafood-auss-xosl,AUSS.OL,82.5999984741211,82.30000305175781,82.30000305175781,106806
2026-10-06,austevoll-seafood-auss-xosl,AUSS.OL,83.9000015258789,82.4000015258789,82.4000015258789,81657
2026-10-07,austevoll-seafood-auss-xosl,AUSS.OL,82.0999984741211,81.19999694824219,81.19999694824219,164324
2026-10-08,austevoll-seafood-auss-xosl,AUSS.OL,81.19999694824219,81.0999984741211,81.0999984741211,112969
2026-07-13,autostore-auto-xosl,AUTO.OL,11.25,11.180000305175781,11.180000305175781,2539452
2026-07-14,autostore-auto-xosl,AUTO.OL,11.050000190734863,11.130000114440918,11.130000114440918,2177610
2026-07-15,autostore-auto-xosl,AUTO.OL,11.130000114440918,11.40999984741211,11.40999984741211,1721433
2026-07-16,autostore-auto-xosl,AUTO.OL,11.40999984741211,11.34000015258789,11.34000015258789,2087681
2026-07-17,autostore-auto-xosl,AUTO.OL,11.329999923706055,11.15999984741211,11.15999984741211,4156403
2026-07-20,autostore-auto-xosl,AUTO.OL,11.079999923706055,11.239999771118164,11.239999771118164,2161346
2026-07-21,autostore-auto-xosl,AUTO.OL,11.34000015258789,11.350000381469727,11.350000381469727,1640184
2026-07-22,autostore-auto-xosl,AUTO.OL,11.329999923706055,11.760000228881836,11.760000228881836,3215416
2026-07-23,autostore-auto-xosl,AUTO.OL,11.819999694824219,11.34000015258789,11.34000015258789,3054967
2026-07-24,autostore-auto-xosl,AUTO.OL,11.229999542236328,11.100000381469727,11.100000381469727,3240356
2026-07-27,autostore-auto-xosl,AUTO.OL,11.199999809265137,11.1899995803833,11.1899995803833,1746984
2026-07-28,autostore-auto-xosl,AUTO.OL,11.140000343322754,11.399999618530273,11.399999618530273,2467298
2026-07-29,autostore-auto-xosl,AUTO.OL,11.520000457763672,11.1899995803833,11.1899995803833,3338248
2026-07-30,autostore-auto-xosl,AUTO.OL,11.399999618530273,11.5600004196167,11.5600004196167,4263497
2026-07-31,autostore-auto-xosl,AUTO.OL,11.800000190734863,11.989999771118164,11.989999771118164,7524900
2026-08-03,autostore-auto-xosl,AUTO.OL,12.0,11.899999618530273,11.899999618530273,3248866
2026-08-04,autostore-auto-xosl,AUTO.OL,12.010000228881836,12.359999656677246,12.359999656677246,2498953
2026-08-05,autostore-auto-xosl,AUTO.OL,12.479999542236328,12.65999984741211,12.65999984741211,3046158
2026-08-06,autostore-auto-xosl,AUTO.OL,12.550000190734863,12.399999618530273,12.399999618530273,3201891
2026-08-07,autostore-auto-xosl,AUTO.OL,12.369999885559082,12.5600004196167,12.5600004196167,3185990
2026-08-10,autostore-auto-xosl,AUTO.OL,12.869999885559082,13.109999656677246,13.109999656677246,6407893
2026-08-11,autostore-auto-xosl,AUTO.OL,13.010000228881836,13.460000038146973,13.460000038146973,5302991
2026-08-12,autostore-auto-xosl,AUTO.OL,13.420000076293945,13.890000343322754,13.890000343322754,12435229
2026-08-13,autostore-auto-xosl,AUTO.OL,17.0,16.540000915527344,16.540000915527344,42675603
2026-08-14,autostore-auto-xosl,AUTO.OL,16.68000030517578,17.0,17.0,19498601
2026-08-17,autostore-auto-xosl,AUTO.OL,17.100000381469727,17.059999465942383,17.059999465942383,10636667
2026-08-18,autostore-auto-xosl,AUTO.OL,16.920000076293945,15.899999618530273,15.899999618530273,8709348
2026-08-19,autostore-auto-xosl,AUTO.OL,15.829999923706055,15.8100004196167,15.8100004196167,5148223
2026-08-20,autostore-auto-xosl,AUTO.OL,15.789999961853027,15.520000457763672,15.520000457763672,4533582
2026-08-21,autostore-auto-xosl,AUTO.OL,15.470000267028809,15.739999771118164,15.739999771118164,2807246
2026-08-24,autostore-auto-xosl,AUTO.OL,15.609999656677246,15.5,15.5,3313948
2026-08-25,autostore-auto-xosl,AUTO.OL,16.09000015258789,16.020000457763672,16.020000457763672,5299322
2026-08-26,autostore-auto-xosl,AUTO.OL,15.899999618530273,16.06999969482422,16.06999969482422,2725816
2026-08-27,autostore-auto-xosl,AUTO.OL,16.049999237060547,16.329999923706055,16.329999923706055,3189161
2026-08-28,autostore-auto-xosl,AUTO.OL,16.510000228881836,16.40999984741211,16.40999984741211,3258905
2026-08-31,autostore-auto-xosl,AUTO.OL,16.459999084472656,16.309999465942383,16.309999465942383,2654936
2026-09-01,autostore-auto-xosl,AUTO.OL,16.18000030517578,16.1200008392334,16.1200008392334,3396561
2026-09-02,autostore-auto-xosl,AUTO.OL,15.949999809265137,16.06999969482422,16.06999969482422,2748770
2026-09-03,autostore-auto-xosl,AUTO.OL,16.079999923706055,15.920000076293945,15.920000076293945,2245777
2026-09-04,autostore-auto-xosl,AUTO.OL,16.0,16.110000610351562,16.110000610351562,3139350
2026-09-07,autostore-auto-xosl,AUTO.OL,16.520000457763672,16.299999237060547,16.299999237060547,4488323
2026-09-08,autostore-auto-xosl,AUTO.OL,16.329999923706055,16.709999084472656,16.709999084472656,5995021
2026-09-09,autostore-auto-xosl,AUTO.OL,16.299999237060547,15.520000457763672,15.520000457763672,119903674
2026-09-10,autostore-auto-xosl,AUTO.OL,15.5,15.380000114440918,15.380000114440918,5963120
2026-09-11,autostore-auto-xosl,AUTO.OL,15.40999984741211,15.5,15.5,7649711
2026-09-14,autostore-auto-xosl,AUTO.OL,15.34000015258789,14.880000114440918,14.880000114440918,5132570
2026-09-15,autostore-auto-xosl,AUTO.OL,14.800000190734863,15.029999732971191,15.029999732971191,4620912
2026-09-16,autostore-auto-xosl,AUTO.OL,15.0,15.390000343322754,15.390000343322754,3652801
2026-09-17,autostore-auto-xosl,AUTO.OL,15.369999885559082,15.430000305175781,15.430000305175781,5327062
2026-09-18,autostore-auto-xosl,AUTO.OL,15.479999542236328,15.220000267028809,15.220000267028809,19753003
2026-09-21,autostore-auto-xosl,AUTO.OL,15.430000305175781,15.699999809265137,15.699999809265137,4264014
2026-09-22,autostore-auto-xosl,AUTO.OL,15.739999771118164,16.040000915527344,16.040000915527344,7421710
2026-09-23,autostore-auto-xosl,AUTO.OL,16.149999618530273,15.920000076293945,15.920000076293945,3371649
2026-09-24,autostore-auto-xosl,AUTO.OL,15.75,15.720000267028809,15.720000267028809,4934698
2026-09-25,autostore-auto-xosl,AUTO.OL,15.84000015258789,15.729999542236328,15.729999542236328,5935827
2026-09-28,autostore-auto-xosl,AUTO.OL,15.600000381469727,15.680000305175781,15.680000305175781,1862812
2026-09-29,autostore-auto-xosl,AUTO.OL,15.630000114440918,15.609999656677246,15.609999656677246,3898547
2026-09-30,autostore-auto-xosl,AUTO.OL,15.760000228881836,15.510000228881836,15.510000228881836,4943081
2026-10-01,autostore-auto-xosl,AUTO.OL,15.470000267028809,15.880000114440918,15.880000114440918,6059545
2026-10-02,autostore-auto-xosl,AUTO.OL,15.829999923706055,16.309999465942383,16.309999465942383,4941142
2026-10-05,autostore-auto-xosl,AUTO.OL,16.270000457763672,15.960000038146973,15.960000038146973,2661647
2026-10-06,autostore-auto-xosl,AUTO.OL,16.079999923706055,15.9399995803833,15.9399995803833,2538989
2026-10-07,autostore-auto-xosl,AUTO.OL,15.899999618530273,15.949999809265137,15.949999809265137,3642046
2026-10-08,autostore-auto-xosl,AUTO.OL,15.699999809265137,15.949999809265137,15.949999809265137,5462245
2026-07-13,axactor-acr-xosl,ACR.OL,4.909999847412109,4.849999904632568,4.849999904632568,544324
2026-07-14,axactor-acr-xosl,ACR.OL,4.849999904632568,4.820000171661377,4.820000171661377,263918
2026-07-15,axactor-acr-xosl,ACR.OL,4.78000020980835,4.840000152587891,4.840000152587891,74053
2026-07-16,axactor-acr-xosl,ACR.OL,4.840000152587891,4.800000190734863,4.800000190734863,185314
2026-07-17,axactor-acr-xosl,ACR.OL,4.800000190734863,4.885000228881836,4.885000228881836,598931
2026-07-20,axactor-acr-xosl,ACR.OL,4.949999809265137,4.820000171661377,4.820000171661377,510995
2026-07-21,axactor-acr-xosl,ACR.OL,4.960000038146973,4.860000133514404,4.860000133514404,154712
2026-07-22,axactor-acr-xosl,ACR.OL,4.920000076293945,4.900000095367432,4.900000095367432,831934
2026-07-23,axactor-acr-xosl,ACR.OL,4.934999942779541,4.849999904632568,4.849999904632568,808879
2026-07-24,axactor-acr-xosl,ACR.OL,4.849999904632568,4.900000095367432,4.900000095367432,812650
2026-07-27,axactor-acr-xosl,ACR.OL,4.909999847412109,4.965000152587891,4.965000152587891,1066017
2026-07-28,axactor-acr-xosl,ACR.OL,4.965000152587891,4.940000057220459,4.940000057220459,583825
2026-07-29,axactor-acr-xosl,ACR.OL,4.920000076293945,4.96999979019165,4.96999979019165,475357
2026-07-30,axactor-acr-xosl,ACR.OL,4.96999979019165,4.900000095367432,4.900000095367432,858881
2026-07-31,axactor-acr-xosl,ACR.OL,4.920000076293945,4.860000133514404,4.860000133514404,785351
2026-08-03,axactor-acr-xosl,ACR.OL,4.84499979019165,4.875,4.875,546073
2026-08-04,axactor-acr-xosl,ACR.OL,4.900000095367432,4.925000190734863,4.925000190734863,3232146
2026-08-05,axactor-acr-xosl,ACR.OL,4.909999847412109,4.90500020980835,4.90500020980835,570111
2026-08-06,axactor-acr-xosl,ACR.OL,4.885000228881836,4.954999923706055,4.954999923706055,379303
2026-08-07,axactor-acr-xosl,ACR.OL,4.90500020980835,4.96999979019165,4.96999979019165,712381
2026-08-10,axactor-acr-xosl,ACR.OL,4.960000038146973,5.150000095367432,5.150000095367432,4747768
2026-08-11,axactor-acr-xosl,ACR.OL,5.150000095367432,5.199999809265137,5.199999809265137,3437205
2026-08-12,axactor-acr-xosl,ACR.OL,5.210000038146973,5.300000190734863,5.300000190734863,3694278
2026-08-13,axactor-acr-xosl,ACR.OL,5.0,5.269999980926514,5.269999980926514,5812223
2026-08-14,axactor-acr-xosl,ACR.OL,5.03000020980835,5.380000114440918,5.380000114440918,7723379
2026-08-17,axactor-acr-xosl,ACR.OL,5.440000057220459,5.550000190734863,5.550000190734863,1631072
2026-08-18,axactor-acr-xosl,ACR.OL,5.579999923706055,5.289999961853027,5.289999961853027,1108351
2026-08-19,axactor-acr-xosl,ACR.OL,5.289999961853027,5.150000095367432,5.150000095367432,452624
2026-08-20,axactor-acr-xosl,ACR.OL,5.300000190734863,5.230000019073486,5.230000019073486,978821
2026-08-21,axactor-acr-xosl,ACR.OL,5.300000190734863,5.260000228881836,5.260000228881836,487749
2026-08-24,axactor-acr-xosl,ACR.OL,5.289999961853027,5.03000020980835,5.03000020980835,1059933
2026-08-25,axactor-acr-xosl,ACR.OL,4.960000038146973,4.945000171661377,4.945000171661377,445249
2026-08-26,axactor-acr-xosl,ACR.OL,4.945000171661377,4.989999771118164,4.989999771118164,416602
2026-08-27,axactor-acr-xosl,ACR.OL,5.059999942779541,5.010000228881836,5.010000228881836,346509
2026-08-28,axactor-acr-xosl,ACR.OL,5.0,5.139999866485596,5.139999866485596,441160
2026-08-31,axactor-acr-xosl,ACR.OL,5.130000114440918,5.199999809265137,5.199999809265137,230627
2026-09-01,axactor-acr-xosl,ACR.OL,5.199999809265137,5.369999885559082,5.369999885559082,2005824
2026-09-02,axactor-acr-xosl,ACR.OL,5.369999885559082,5.190000057220459,5.190000057220459,583016
2026-09-03,axactor-acr-xosl,ACR.OL,5.380000114440918,5.199999809265137,5.199999809265137,354608
2026-09-04,axactor-acr-xosl,ACR.OL,5.400000095367432,5.21999979019165,5.21999979019165,503440
2026-09-07,axactor-acr-xosl,ACR.OL,5.25,5.230000019073486,5.230000019073486,146208
2026-09-08,axactor-acr-xosl,ACR.OL,5.179999828338623,5.210000038146973,5.210000038146973,179893
2026-09-09,axactor-acr-xosl,ACR.OL,5.179999828338623,5.110000133514404,5.110000133514404,211088
2026-09-10,axactor-acr-xosl,ACR.OL,5.070000171661377,5.090000152587891,5.090000152587891,264807
2026-09-11,axactor-acr-xosl,ACR.OL,5.079999923706055,4.980000019073486,4.980000019073486,1789083
2026-09-14,axactor-acr-xosl,ACR.OL,5.070000171661377,4.775000095367432,4.775000095367432,1314160
2026-09-15,axactor-acr-xosl,ACR.OL,4.760000228881836,4.864999771118164,4.864999771118164,1404366
2026-09-16,axactor-acr-xosl,ACR.OL,4.835000038146973,4.835000038146973,4.835000038146973,708475
2026-09-17,axactor-acr-xosl,ACR.OL,4.849999904632568,4.840000152587891,4.840000152587891,157777
2026-09-18,axactor-acr-xosl,ACR.OL,4.855000019073486,4.875,4.875,436943
2026-09-21,axactor-acr-xosl,ACR.OL,4.800000190734863,4.824999809265137,4.824999809265137,174444
2026-09-22,axactor-acr-xosl,ACR.OL,4.809999942779541,4.934999942779541,4.934999942779541,547654
2026-09-23,axactor-acr-xosl,ACR.OL,4.909999847412109,4.985000133514404,4.985000133514404,638176
2026-09-24,axactor-acr-xosl,ACR.OL,5.0,4.75,4.75,336322
2026-09-25,axactor-acr-xosl,ACR.OL,4.760000228881836,4.755000114440918,4.755000114440918,298701
2026-09-28,axactor-acr-xosl,ACR.OL,4.755000114440918,4.769999980926514,4.769999980926514,230555
2026-09-29,axactor-acr-xosl,ACR.OL,4.75,4.809999942779541,4.809999942779541,489801
2026-09-30,axactor-acr-xosl,ACR.OL,4.75,4.71999979019165,4.71999979019165,309952
2026-10-01,axactor-acr-xosl,ACR.OL,4.724999904632568,4.389999866485596,4.389999866485596,2067086
2026-10-02,axactor-acr-xosl,ACR.OL,4.400000095367432,4.0,4.0,7467783
2026-10-05,axactor-acr-xosl,ACR.OL,4.0,4.054999828338623,4.054999828338623,2626252
2026-10-06,axactor-acr-xosl,ACR.OL,4.099999904632568,4.039999961853027,4.039999961853027,756758
2026-10-07,axactor-acr-xosl,ACR.OL,4.050000190734863,3.9600000381469727,3.9600000381469727,912314
2026-10-08,axactor-acr-xosl,ACR.OL,3.9600000381469727,3.984999895095825,3.984999895095825,315488
2026-07-13,b2-impact-b2i-xosl,B2I.OL,24.25,24.549999237060547,24.549999237060547,679477
2026-07-14,b2-impact-b2i-xosl,B2I.OL,24.399999618530273,24.450000762939453,24.450000762939453,242955
2026-07-15,b2-impact-b2i-xosl,B2I.OL,24.799999237060547,24.700000762939453,24.700000762939453,566259
2026-07-16,b2-impact-b2i-xosl,B2I.OL,24.899999618530273,24.700000762939453,24.700000762939453,361621
2026-07-17,b2-impact-b2i-xosl,B2I.OL,24.549999237060547,24.049999237060547,24.049999237060547,243621
2026-07-20,b2-impact-b2i-xosl,B2I.OL,24.299999237060547,23.950000762939453,23.950000762939453,283759
2026-07-21,b2-impact-b2i-xosl,B2I.OL,23.950000762939453,23.950000762939453,23.950000762939453,219790
2026-07-22,b2-impact-b2i-xosl,B2I.OL,23.950000762939453,23.950000762939453,23.950000762939453,158761
2026-07-23,b2-impact-b2i-xosl,B2I.OL,23.950000762939453,23.700000762939453,23.700000762939453,200753
2026-07-24,b2-impact-b2i-xosl,B2I.OL,23.700000762939453,23.549999237060547,23.549999237060547,268706
2026-07-27,b2-impact-b2i-xosl,B2I.OL,23.649999618530273,23.799999237060547,23.799999237060547,152927
2026-07-28,b2-impact-b2i-xosl,B2I.OL,23.75,24.149999618530273,24.149999618530273,400180
2026-07-29,b2-impact-b2i-xosl,B2I.OL,24.299999237060547,23.799999237060547,23.799999237060547,449144
2026-07-30,b2-impact-b2i-xosl,B2I.OL,23.899999618530273,24.399999618530273,24.399999618530273,256065
2026-07-31,b2-impact-b2i-xosl,B2I.OL,24.299999237060547,24.25,24.25,305020
2026-08-03,b2-impact-b2i-xosl,B2I.OL,24.399999618530273,24.899999618530273,24.899999618530273,912000
2026-08-04,b2-impact-b2i-xosl,B2I.OL,25.149999618530273,25.649999618530273,25.649999618530273,690070
2026-08-05,b2-impact-b2i-xosl,B2I.OL,25.799999237060547,25.649999618530273,25.649999618530273,440540
2026-08-06,b2-impact-b2i-xosl,B2I.OL,25.850000381469727,25.600000381469727,25.600000381469727,329064
2026-08-07,b2-impact-b2i-xosl,B2I.OL,25.649999618530273,26.200000762939453,26.200000762939453,287913
2026-08-10,b2-impact-b2i-xosl,B2I.OL,26.25,26.0,26.0,392887
2026-08-11,b2-impact-b2i-xosl,B2I.OL,25.950000762939453,25.700000762939453,25.700000762939453,327093
2026-08-12,b2-impact-b2i-xosl,B2I.OL,25.899999618530273,25.950000762939453,25.950000762939453,206521
2026-08-13,b2-impact-b2i-xosl,B2I.OL,25.899999618530273,26.399999618530273,26.399999618530273,336069
2026-08-14,b2-impact-b2i-xosl,B2I.OL,26.299999237060547,26.399999618530273,26.399999618530273,172933
2026-08-17,b2-impact-b2i-xosl,B2I.OL,26.5,26.299999237060547,26.299999237060547,425939
2026-08-18,b2-impact-b2i-xosl,B2I.OL,26.5,25.75,25.75,329483
2026-08-19,b2-impact-b2i-xosl,B2I.OL,25.600000381469727,25.0,25.0,585621
2026-08-20,b2-impact-b2i-xosl,B2I.OL,26.0,25.799999237060547,25.799999237060547,731371
2026-08-21,b2-impact-b2i-xosl,B2I.OL,26.5,26.799999237060547,26.799999237060547,903224
2026-08-24,b2-impact-b2i-xosl,B2I.OL,26.600000381469727,26.950000762939453,26.950000762939453,354976
2026-08-25,b2-impact-b2i-xosl,B2I.OL,27.0,27.350000381469727,27.350000381469727,378572
2026-08-26,b2-impact-b2i-xosl,B2I.OL,27.399999618530273,26.700000762939453,26.700000762939453,914381
2026-08-27,b2-impact-b2i-xosl,B2I.OL,26.649999618530273,26.149999618530273,26.149999618530273,289928
2026-08-28,b2-impact-b2i-xosl,B2I.OL,26.0,26.149999618530273,26.149999618530273,387059
2026-08-31,b2-impact-b2i-xosl,B2I.OL,26.25,26.399999618530273,26.399999618530273,806516
2026-09-01,b2-impact-b2i-xosl,B2I.OL,26.700000762939453,26.25,26.25,485613
2026-09-02,b2-impact-b2i-xosl,B2I.OL,26.200000762939453,26.850000381469727,26.850000381469727,459830
2026-09-03,b2-impact-b2i-xosl,B2I.OL,26.75,27.0,27.0,299021
2026-09-04,b2-impact-b2i-xosl,B2I.OL,27.100000381469727,27.049999237060547,27.049999237060547,342757
2026-09-07,b2-impact-b2i-xosl,B2I.OL,27.149999618530273,26.450000762939453,26.450000762939453,281004
2026-09-08,b2-impact-b2i-xosl,B2I.OL,26.299999237060547,25.75,25.75,439438
2026-09-09,b2-impact-b2i-xosl,B2I.OL,25.799999237060547,25.700000762939453,25.700000762939453,324799
2026-09-10,b2-impact-b2i-xosl,B2I.OL,25.899999618530273,26.200000762939453,26.200000762939453,329698
2026-09-11,b2-impact-b2i-xosl,B2I.OL,26.200000762939453,25.850000381469727,25.850000381469727,281162
2026-09-14,b2-impact-b2i-xosl,B2I.OL,26.200000762939453,25.25,25.25,393941
2026-09-15,b2-impact-b2i-xosl,B2I.OL,25.200000762939453,25.950000762939453,25.950000762939453,338302
2026-09-16,b2-impact-b2i-xosl,B2I.OL,23.350000381469727,23.149999618530273,23.149999618530273,34198132
2026-09-17,b2-impact-b2i-xosl,B2I.OL,23.350000381469727,23.899999618530273,23.899999618530273,3017071
2026-09-18,b2-impact-b2i-xosl,B2I.OL,23.700000762939453,24.5,24.5,3630976
2026-09-21,b2-impact-b2i-xosl,B2I.OL,24.600000381469727,24.399999618530273,24.399999618530273,1052638
2026-09-22,b2-impact-b2i-xosl,B2I.OL,24.399999618530273,24.649999618530273,24.649999618530273,1411836
2026-09-23,b2-impact-b2i-xosl,B2I.OL,24.600000381469727,24.899999618530273,24.899999618530273,1502254
2026-09-24,b2-impact-b2i-xosl,B2I.OL,24.850000381469727,24.549999237060547,24.549999237060547,568386
2026-09-25,b2-impact-b2i-xosl,B2I.OL,24.700000762939453,24.25,24.25,629541
2026-09-28,b2-impact-b2i-xosl,B2I.OL,24.5,24.649999618530273,24.649999618530273,579095
2026-09-29,b2-impact-b2i-xosl,B2I.OL,24.549999237060547,24.100000381469727,24.100000381469727,611299
2026-09-30,b2-impact-b2i-xosl,B2I.OL,24.200000762939453,24.149999618530273,24.149999618530273,780559
2026-10-01,b2-impact-b2i-xosl,B2I.OL,24.100000381469727,23.75,23.75,712850
2026-10-02,b2-impact-b2i-xosl,B2I.OL,23.799999237060547,23.649999618530273,23.649999618530273,852430
2026-10-05,b2-impact-b2i-xosl,B2I.OL,23.600000381469727,23.649999618530273,23.649999618530273,462081
2026-10-06,b2-impact-b2i-xosl,B2I.OL,23.649999618530273,23.350000381469727,23.350000381469727,503779
2026-10-07,b2-impact-b2i-xosl,B2I.OL,23.25,23.100000381469727,23.100000381469727,950120
2026-10-08,b2-impact-b2i-xosl,B2I.OL,23.049999237060547,23.100000381469727,23.100000381469727,522588
2026-07-13,bakkafrost-bakka-xosl,BAKKA.OL,414.0,420.3999938964844,420.3999938964844,53786
2026-07-14,bakkafrost-bakka-xosl,BAKKA.OL,417.79998779296875,425.6000061035156,425.6000061035156,39838
2026-07-15,bakkafrost-bakka-xosl,BAKKA.OL,429.0,437.20001220703125,437.20001220703125,75864
2026-07-16,bakkafrost-bakka-xosl,BAKKA.OL,436.0,444.20001220703125,444.20001220703125,55333
2026-07-17,bakkafrost-bakka-xosl,BAKKA.OL,442.20001220703125,448.79998779296875,448.79998779296875,72078
2026-07-20,bakkafrost-bakka-xosl,BAKKA.OL,445.20001220703125,447.79998779296875,447.79998779296875,60876
2026-07-21,bakkafrost-bakka-xosl,BAKKA.OL,446.0,439.0,439.0,59643
2026-07-22,bakkafrost-bakka-xosl,BAKKA.OL,441.79998779296875,444.3999938964844,444.3999938964844,45188
2026-07-23,bakkafrost-bakka-xosl,BAKKA.OL,442.79998779296875,441.6000061035156,441.6000061035156,46140
2026-07-24,bakkafrost-bakka-xosl,BAKKA.OL,439.0,440.6000061035156,440.6000061035156,47251
2026-07-27,bakkafrost-bakka-xosl,BAKKA.OL,440.20001220703125,446.3999938964844,446.3999938964844,57456
2026-07-28,bakkafrost-bakka-xosl,BAKKA.OL,448.6000061035156,465.20001220703125,465.20001220703125,149238
2026-07-29,bakkafrost-bakka-xosl,BAKKA.OL,464.3999938964844,455.3999938964844,455.3999938964844,76104
2026-07-30,bakkafrost-bakka-xosl,BAKKA.OL,456.0,457.0,457.0,39927
2026-07-31,bakkafrost-bakka-xosl,BAKKA.OL,457.0,452.6000061035156,452.6000061035156,46545
2026-08-03,bakkafrost-bakka-xosl,BAKKA.OL,449.79998779296875,464.0,464.0,83261
2026-08-04,bakkafrost-bakka-xosl,BAKKA.OL,462.79998779296875,453.0,453.0,54155
2026-08-05,bakkafrost-bakka-xosl,BAKKA.OL,458.3999938964844,450.6000061035156,450.6000061035156,55569
2026-08-06,bakkafrost-bakka-xosl,BAKKA.OL,452.0,455.79998779296875,455.79998779296875,53512
2026-08-07,bakkafrost-bakka-xosl,BAKKA.OL,452.0,463.3999938964844,463.3999938964844,99185
2026-08-10,bakkafrost-bakka-xosl,BAKKA.OL,460.3999938964844,463.0,463.0,94662
2026-08-11,bakkafrost-bakka-xosl,BAKKA.OL,460.3999938964844,467.79998779296875,467.79998779296875,57209
2026-08-12,bakkafrost-bakka-xosl,BAKKA.OL,475.0,478.79998779296875,478.79998779296875,97206
2026-08-13,bakkafrost-bakka-xosl,BAKKA.OL,477.79998779296875,484.0,484.0,68558
2026-08-14,bakkafrost-bakka-xosl,BAKKA.OL,480.6000061035156,470.0,470.0,50901
2026-08-17,bakkafrost-bakka-xosl,BAKKA.OL,472.3999938964844,467.79998779296875,467.79998779296875,33860
2026-08-18,bakkafrost-bakka-xosl,BAKKA.OL,464.3999938964844,468.0,468.0,38175
2026-08-19,bakkafrost-bakka-xosl,BAKKA.OL,465.20001220703125,472.0,472.0,54642
2026-08-20,bakkafrost-bakka-xosl,BAKKA.OL,472.0,470.6000061035156,470.6000061035156,39757
2026-08-21,bakkafrost-bakka-xosl,BAKKA.OL,470.6000061035156,484.3999938964844,484.3999938964844,103722
2026-08-24,bakkafrost-bakka-xosl,BAKKA.OL,484.3999938964844,483.3999938964844,483.3999938964844,96962
2026-08-25,bakkafrost-bakka-xosl,BAKKA.OL,483.3999938964844,493.20001220703125,493.20001220703125,62146
2026-08-26,bakkafrost-bakka-xosl,BAKKA.OL,493.0,503.0,503.0,101240
2026-08-27,bakkafrost-bakka-xosl,BAKKA.OL,499.0,490.0,490.0,85146
2026-08-28,bakkafrost-bakka-xosl,BAKKA.OL,493.6000061035156,498.0,498.0,88618
2026-08-31,bakkafrost-bakka-xosl,BAKKA.OL,464.6000061035156,456.0,456.0,397361
2026-09-01,bakkafrost-bakka-xosl,BAKKA.OL,456.6000061035156,463.6000061035156,463.6000061035156,132280
2026-09-02,bakkafrost-bakka-xosl,BAKKA.OL,461.79998779296875,445.0,445.0,121108
2026-09-03,bakkafrost-bakka-xosl,BAKKA.OL,445.20001220703125,440.0,440.0,123191
2026-09-04,bakkafrost-bakka-xosl,BAKKA.OL,437.0,440.0,440.0,120382
2026-09-07,bakkafrost-bakka-xosl,BAKKA.OL,435.3999938964844,439.6000061035156,439.6000061035156,83468
2026-09-08,bakkafrost-bakka-xosl,BAKKA.OL,440.0,450.0,450.0,134035
2026-09-09,bakkafrost-bakka-xosl,BAKKA.OL,444.20001220703125,455.0,455.0,116934
2026-09-10,bakkafrost-bakka-xosl,BAKKA.OL,450.0,439.0,439.0,154847
2026-09-11,bakkafrost-bakka-xosl,BAKKA.OL,440.3999938964844,448.20001220703125,448.20001220703125,96732
2026-09-14,bakkafrost-bakka-xosl,BAKKA.OL,444.79998779296875,442.79998779296875,442.79998779296875,63541
2026-09-15,bakkafrost-bakka-xosl,BAKKA.OL,438.3999938964844,431.20001220703125,431.20001220703125,143702
2026-09-16,bakkafrost-bakka-xosl,BAKKA.OL,432.20001220703125,434.79998779296875,434.79998779296875,109999
2026-09-17,bakkafrost-bakka-xosl,BAKKA.OL,436.0,432.79998779296875,432.79998779296875,114096
2026-09-18,bakkafrost-bakka-xosl,BAKKA.OL,429.0,426.20001220703125,426.20001220703125,678269
2026-09-21,bakkafrost-bakka-xosl,BAKKA.OL,427.3999938964844,421.6000061035156,421.6000061035156,76368
2026-09-22,bakkafrost-bakka-xosl,BAKKA.OL,421.0,434.3999938964844,434.3999938964844,99670
2026-09-23,bakkafrost-bakka-xosl,BAKKA.OL,436.6000061035156,449.20001220703125,449.20001220703125,119533
2026-09-24,bakkafrost-bakka-xosl,BAKKA.OL,450.0,441.20001220703125,441.20001220703125,52594
2026-09-25,bakkafrost-bakka-xosl,BAKKA.OL,441.0,450.0,450.0,58168
2026-09-28,bakkafrost-bakka-xosl,BAKKA.OL,451.6000061035156,451.3999938964844,451.3999938964844,100313
2026-09-29,bakkafrost-bakka-xosl,BAKKA.OL,449.6000061035156,448.3999938964844,448.3999938964844,80664
2026-09-30,bakkafrost-bakka-xosl,BAKKA.OL,451.0,438.0,438.0,163683
2026-10-01,bakkafrost-bakka-xosl,BAKKA.OL,438.3999938964844,431.20001220703125,431.20001220703125,90028
2026-10-02,bakkafrost-bakka-xosl,BAKKA.OL,431.6000061035156,434.79998779296875,434.79998779296875,68807
2026-10-05,bakkafrost-bakka-xosl,BAKKA.OL,433.79998779296875,431.6000061035156,431.6000061035156,56269
2026-10-06,bakkafrost-bakka-xosl,BAKKA.OL,425.3999938964844,436.79998779296875,436.79998779296875,114378
2026-10-07,bakkafrost-bakka-xosl,BAKKA.OL,434.79998779296875,432.3999938964844,432.3999938964844,80778
2026-10-08,bakkafrost-bakka-xosl,BAKKA.OL,432.79998779296875,433.79998779296875,433.79998779296875,126934
2026-07-13,bevest-bint-xosl,BINT.OL,22.299999237060547,22.299999237060547,22.299999237060547,424
2026-07-14,bevest-bint-xosl,BINT.OL,22.200000762939453,21.399999618530273,21.399999618530273,6703
2026-07-15,bevest-bint-xosl,BINT.OL,20.700000762939453,22.899999618530273,22.899999618530273,705
2026-07-16,bevest-bint-xosl,BINT.OL,22.899999618530273,22.899999618530273,22.899999618530273,0
2026-07-17,bevest-bint-xosl,BINT.OL,22.799999237060547,23.399999618530273,23.399999618530273,6965
2026-07-20,bevest-bint-xosl,BINT.OL,23.399999618530273,23.399999618530273,23.399999618530273,0
2026-07-21,bevest-bint-xosl,BINT.OL,21.899999618530273,22.200000762939453,22.200000762939453,399
2026-07-22,bevest-bint-xosl,BINT.OL,21.700000762939453,23.299999237060547,23.299999237060547,5894
2026-07-23,bevest-bint-xosl,BINT.OL,23.5,22.0,22.0,2260
2026-07-24,bevest-bint-xosl,BINT.OL,23.299999237060547,21.799999237060547,21.799999237060547,1992
2026-07-27,bevest-bint-xosl,BINT.OL,22.200000762939453,23.5,23.5,8784
2026-07-28,bevest-bint-xosl,BINT.OL,23.5,23.200000762939453,23.200000762939453,4273
2026-07-29,bevest-bint-xosl,BINT.OL,23.700000762939453,22.200000762939453,22.200000762939453,313
2026-07-30,bevest-bint-xosl,BINT.OL,22.100000381469727,23.600000381469727,23.600000381469727,509
2026-07-31,bevest-bint-xosl,BINT.OL,23.299999237060547,23.299999237060547,23.299999237060547,80
2026-08-03,bevest-bint-xosl,BINT.OL,23.399999618530273,21.799999237060547,21.799999237060547,683
2026-08-04,bevest-bint-xosl,BINT.OL,23.0,23.5,23.5,1814
2026-08-05,bevest-bint-xosl,BINT.OL,24.0,24.0,24.0,7443
2026-08-06,bevest-bint-xosl,BINT.OL,24.100000381469727,23.899999618530273,23.899999618530273,184
2026-08-07,bevest-bint-xosl,BINT.OL,22.5,23.600000381469727,23.600000381469727,3125
2026-08-10,bevest-bint-xosl,BINT.OL,22.5,23.799999237060547,23.799999237060547,606
2026-08-11,bevest-bint-xosl,BINT.OL,23.0,23.700000762939453,23.700000762939453,505
2026-08-12,bevest-bint-xosl,BINT.OL,22.700000762939453,23.299999237060547,23.299999237060547,508
2026-08-13,bevest-bint-xosl,BINT.OL,22.700000762939453,23.299999237060547,23.299999237060547,1233
2026-08-14,bevest-bint-xosl,BINT.OL,22.700000762939453,23.399999618530273,23.399999618530273,4130
2026-08-17,bevest-bint-xosl,BINT.OL,23.299999237060547,23.299999237060547,23.299999237060547,1431
2026-08-18,bevest-bint-xosl,BINT.OL,22.5,23.0,23.0,2701
2026-08-19,bevest-bint-xosl,BINT.OL,23.799999237060547,24.0,24.0,39762
2026-08-20,bevest-bint-xosl,BINT.OL,24.0,23.0,23.0,7429
2026-08-21,bevest-bint-xosl,BINT.OL,22.399999618530273,23.5,23.5,684
2026-08-24,bevest-bint-xosl,BINT.OL,23.5,23.5,23.5,3612
2026-08-25,bevest-bint-xosl,BINT.OL,22.600000381469727,23.399999618530273,23.399999618530273,240
2026-08-26,bevest-bint-xosl,BINT.OL,22.600000381469727,22.600000381469727,22.600000381469727,2767
2026-08-27,bevest-bint-xosl,BINT.OL,22.600000381469727,23.0,23.0,6807
2026-08-28,bevest-bint-xosl,BINT.OL,22.100000381469727,23.399999618530273,23.399999618530273,11330
2026-08-31,bevest-bint-xosl,BINT.OL,23.700000762939453,22.799999237060547,22.799999237060547,21958
2026-09-01,bevest-bint-xosl,BINT.OL,22.5,22.899999618530273,22.899999618530273,3113
2026-09-02,bevest-bint-xosl,BINT.OL,23.0,22.299999237060547,22.299999237060547,2796
2026-09-03,bevest-bint-xosl,BINT.OL,23.0,22.600000381469727,22.600000381469727,2695
2026-09-04,bevest-bint-xosl,BINT.OL,22.799999237060547,21.700000762939453,21.700000762939453,24480
2026-09-07,bevest-bint-xosl,BINT.OL,21.299999237060547,22.0,22.0,4026
2026-09-08,bevest-bint-xosl,BINT.OL,21.200000762939453,21.899999618530273,21.899999618530273,3298
2026-09-09,bevest-bint-xosl,BINT.OL,24.100000381469727,22.100000381469727,22.100000381469727,1324
2026-09-10,bevest-bint-xosl,BINT.OL,21.5,22.0,22.0,5636
2026-09-11,bevest-bint-xosl,BINT.OL,22.399999618530273,21.899999618530273,21.899999618530273,1935
2026-09-14,bevest-bint-xosl,BINT.OL,21.700000762939453,21.700000762939453,21.700000762939453,2382
2026-09-15,bevest-bint-xosl,BINT.OL,20.600000381469727,21.399999618530273,21.399999618530273,2781
2026-09-16,bevest-bint-xosl,BINT.OL,21.0,22.200000762939453,22.200000762939453,1253
2026-09-17,bevest-bint-xosl,BINT.OL,22.0,21.299999237060547,21.299999237060547,1933
2026-09-18,bevest-bint-xosl,BINT.OL,22.0,21.700000762939453,21.700000762939453,4404
2026-09-21,bevest-bint-xosl,BINT.OL,22.200000762939453,21.200000762939453,21.200000762939453,8905
2026-09-22,bevest-bint-xosl,BINT.OL,21.5,22.200000762939453,22.200000762939453,3580
2026-09-23,bevest-bint-xosl,BINT.OL,21.799999237060547,21.899999618530273,21.899999618530273,3529
2026-09-24,bevest-bint-xosl,BINT.OL,21.5,21.5,21.5,77
2026-09-25,bevest-bint-xosl,BINT.OL,21.5,22.399999618530273,22.399999618530273,979
2026-09-28,bevest-bint-xosl,BINT.OL,21.5,22.299999237060547,22.299999237060547,15
2026-09-29,bevest-bint-xosl,BINT.OL,21.5,21.200000762939453,21.200000762939453,906
2026-09-30,bevest-bint-xosl,BINT.OL,22.100000381469727,22.0,22.0,685
2026-10-01,bevest-bint-xosl,BINT.OL,20.299999237060547,22.100000381469727,22.100000381469727,2334
2026-10-02,bevest-bint-xosl,BINT.OL,22.100000381469727,22.100000381469727,22.100000381469727,0
2026-10-05,bevest-bint-xosl,BINT.OL,20.399999618530273,21.0,21.0,3665
2026-10-06,bevest-bint-xosl,BINT.OL,22.0,22.399999618530273,22.399999618530273,1064
2026-10-07,bevest-bint-xosl,BINT.OL,20.5,20.200000762939453,20.200000762939453,37032
2026-10-08,bevest-bint-xosl,BINT.OL,20.200000762939453,21.0,21.0,2247
2026-07-13,blue-nord-bnor-xosl,BNOR.OL,522.0,531.0,464.43072509765625,296168
2026-07-14,blue-nord-bnor-xosl,BNOR.OL,542.0,543.0,474.92633056640625,292665
2026-07-15,blue-nord-bnor-xosl,BNOR.OL,545.0,543.0,474.92633056640625,233024
2026-07-16,blue-nord-bnor-xosl,BNOR.OL,540.0,533.0,466.17999267578125,311805
2026-07-17,blue-nord-bnor-xosl,BNOR.OL,469.5,480.5,480.5,323512
2026-07-20,blue-nord-bnor-xosl,BNOR.OL,491.0,477.0,477.0,190191
2026-07-21,blue-nord-bnor-xosl,BNOR.OL,496.5,510.0,510.0,912909
2026-07-22,blue-nord-bnor-xosl,BNOR.OL,515.0,525.0,525.0,329369
2026-07-23,blue-nord-bnor-xosl,BNOR.OL,528.0,529.0,529.0,359042
2026-07-24,blue-nord-bnor-xosl,BNOR.OL,528.0,523.0,523.0,270919
2026-07-27,blue-nord-bnor-xosl,BNOR.OL,506.0,509.0,509.0,308872
2026-07-28,blue-nord-bnor-xosl,BNOR.OL,505.0,509.0,509.0,208054
2026-07-29,blue-nord-bnor-xosl,BNOR.OL,514.0,517.0,517.0,206783
2026-07-30,blue-nord-bnor-xosl,BNOR.OL,520.0,511.0,511.0,123300
2026-07-31,blue-nord-bnor-xosl,BNOR.OL,510.0,512.0,512.0,175689
2026-08-03,blue-nord-bnor-xosl,BNOR.OL,499.5,512.0,512.0,159854
2026-08-04,blue-nord-bnor-xosl,BNOR.OL,514.0,512.0,512.0,275466
2026-08-05,blue-nord-bnor-xosl,BNOR.OL,510.0,507.0,507.0,154672
2026-08-06,blue-nord-bnor-xosl,BNOR.OL,510.0,506.0,506.0,101267
2026-08-07,blue-nord-bnor-xosl,BNOR.OL,511.0,505.0,505.0,164148
2026-08-10,blue-nord-bnor-xosl,BNOR.OL,508.0,518.0,518.0,190811
2026-08-11,blue-nord-bnor-xosl,BNOR.OL,526.0,528.0,528.0,207562
2026-08-12,blue-nord-bnor-xosl,BNOR.OL,528.0,531.0,531.0,176679
2026-08-13,blue-nord-bnor-xosl,BNOR.OL,530.0,519.0,519.0,99363
2026-08-14,blue-nord-bnor-xosl,BNOR.OL,525.0,528.0,528.0,77323
2026-08-17,blue-nord-bnor-xosl,BNOR.OL,530.0,528.0,528.0,102754
2026-08-18,blue-nord-bnor-xosl,BNOR.OL,533.0,532.0,532.0,145266
2026-08-19,blue-nord-bnor-xosl,BNOR.OL,537.0,543.0,543.0,174163
2026-08-20,blue-nord-bnor-xosl,BNOR.OL,545.0,562.0,562.0,238482
2026-08-21,blue-nord-bnor-xosl,BNOR.OL,563.0,555.0,555.0,173443
2026-08-24,blue-nord-bnor-xosl,BNOR.OL,554.0,547.0,547.0,162403
2026-08-25,blue-nord-bnor-xosl,BNOR.OL,546.0,540.0,540.0,129910
2026-08-26,blue-nord-bnor-xosl,BNOR.OL,536.0,540.0,540.0,137342
2026-08-27,blue-nord-bnor-xosl,BNOR.OL,540.0,542.0,542.0,126531
2026-08-28,blue-nord-bnor-xosl,BNOR.OL,541.0,540.0,540.0,98027
2026-08-31,blue-nord-bnor-xosl,BNOR.OL,544.0,551.0,551.0,284700
2026-09-01,blue-nord-bnor-xosl,BNOR.OL,555.0,554.0,554.0,121165
2026-09-02,blue-nord-bnor-xosl,BNOR.OL,557.0,558.0,558.0,91562
2026-09-03,blue-nord-bnor-xosl,BNOR.OL,557.0,557.0,557.0,110789
2026-09-04,blue-nord-bnor-xosl,BNOR.OL,559.0,556.0,556.0,110933
2026-09-07,blue-nord-bnor-xosl,BNOR.OL,564.0,563.0,563.0,60143
2026-09-08,blue-nord-bnor-xosl,BNOR.OL,565.0,574.0,574.0,162796
2026-09-09,blue-nord-bnor-xosl,BNOR.OL,576.0,588.0,588.0,130066
2026-09-10,blue-nord-bnor-xosl,BNOR.OL,588.0,588.0,588.0,208296
2026-09-11,blue-nord-bnor-xosl,BNOR.OL,592.0,586.0,586.0,73813
2026-09-14,blue-nord-bnor-xosl,BNOR.OL,598.0,602.0,602.0,138005
2026-09-15,blue-nord-bnor-xosl,BNOR.OL,601.0,602.0,602.0,68821
2026-09-16,blue-nord-bnor-xosl,BNOR.OL,605.0,599.0,599.0,97649
2026-09-17,blue-nord-bnor-xosl,BNOR.OL,596.0,592.0,592.0,133221
2026-09-18,blue-nord-bnor-xosl,BNOR.OL,589.0,597.0,597.0,1061165
2026-09-21,blue-nord-bnor-xosl,BNOR.OL,591.0,580.0,580.0,69394
2026-09-22,blue-nord-bnor-xosl,BNOR.OL,580.0,573.0,573.0,129946
2026-09-23,blue-nord-bnor-xosl,BNOR.OL,566.0,581.0,581.0,91545
2026-09-24,blue-nord-bnor-xosl,BNOR.OL,588.0,591.0,591.0,83820
2026-09-25,blue-nord-bnor-xosl,BNOR.OL,581.0,570.0,570.0,90403
2026-09-28,blue-nord-bnor-xosl,BNOR.OL,574.0,577.0,577.0,75338
2026-09-29,blue-nord-bnor-xosl,BNOR.OL,579.0,574.0,574.0,80135
2026-09-30,blue-nord-bnor-xosl,BNOR.OL,578.0,568.0,568.0,83850
2026-10-01,blue-nord-bnor-xosl,BNOR.OL,562.0,571.0,571.0,77858
2026-10-02,blue-nord-bnor-xosl,BNOR.OL,572.0,563.0,563.0,99496
2026-10-05,blue-nord-bnor-xosl,BNOR.OL,567.0,572.0,572.0,75731
2026-10-06,blue-nord-bnor-xosl,BNOR.OL,569.0,568.0,568.0,61571
2026-10-07,blue-nord-bnor-xosl,BNOR.OL,568.0,568.0,568.0,53541
2026-10-08,blue-nord-bnor-xosl,BNOR.OL,577.0,582.0,582.0,70906
2026-07-13,bonheur-bonhr-xosl,BONHR.OL,222.0,229.5,229.5,26668
2026-07-14,bonheur-bonhr-xosl,BONHR.OL,230.0,231.0,231.0,12387
2026-07-15,bonheur-bonhr-xosl,BONHR.OL,230.0,231.0,231.0,19792
2026-07-16,bonheur-bonhr-xosl,BONHR.OL,231.0,228.0,228.0,5227
2026-07-17,bonheur-bonhr-xosl,BONHR.OL,228.0,228.5,228.5,3741
2026-07-20,bonheur-bonhr-xosl,BONHR.OL,230.0,228.5,228.5,11910
2026-07-21,bonheur-bonhr-xosl,BONHR.OL,228.5,229.5,229.5,7347
2026-07-22,bonheur-bonhr-xosl,BONHR.OL,235.0,229.5,229.5,7296
2026-07-23,bonheur-bonhr-xosl,BONHR.OL,228.0,226.5,226.5,7889
2026-07-24,bonheur-bonhr-xosl,BONHR.OL,226.5,226.5,226.5,7215
2026-07-27,bonheur-bonhr-xosl,BONHR.OL,228.0,223.5,223.5,12307
2026-07-28,bonheur-bonhr-xosl,BONHR.OL,223.5,222.5,222.5,16173
2026-07-29,bonheur-bonhr-xosl,BONHR.OL,223.0,223.0,223.0,8379
2026-07-30,bonheur-bonhr-xosl,BONHR.OL,222.5,226.5,226.5,10216
2026-07-31,bonheur-bonhr-xosl,BONHR.OL,228.0,224.5,224.5,18223
2026-08-03,bonheur-bonhr-xosl,BONHR.OL,225.0,228.0,228.0,11014
2026-08-04,bonheur-bonhr-xosl,BONHR.OL,225.0,230.5,230.5,23398
2026-08-05,bonheur-bonhr-xosl,BONHR.OL,231.0,229.5,229.5,8257
2026-08-06,bonheur-bonhr-xosl,BONHR.OL,229.5,233.5,233.5,74261
2026-08-07,bonheur-bonhr-xosl,BONHR.OL,232.0,238.0,238.0,51397
2026-08-10,bonheur-bonhr-xosl,BONHR.OL,238.0,239.0,239.0,26317
2026-08-11,bonheur-bonhr-xosl,BONHR.OL,240.0,239.0,239.0,19040
2026-08-12,bonheur-bonhr-xosl,BONHR.OL,240.0,236.0,236.0,9395
2026-08-13,bonheur-bonhr-xosl,BONHR.OL,237.0,238.0,238.0,11749
2026-08-14,bonheur-bonhr-xosl,BONHR.OL,239.0,238.5,238.5,20981
2026-08-17,bonheur-bonhr-xosl,BONHR.OL,239.5,240.5,240.5,15076
2026-08-18,bonheur-bonhr-xosl,BONHR.OL,241.0,236.5,236.5,15826
2026-08-19,bonheur-bonhr-xosl,BONHR.OL,237.0,238.5,238.5,14152
2026-08-20,bonheur-bonhr-xosl,BONHR.OL,239.0,237.5,237.5,13964
2026-08-21,bonheur-bonhr-xosl,BONHR.OL,242.0,244.0,244.0,29170
2026-08-24,bonheur-bonhr-xosl,BONHR.OL,244.0,243.5,243.5,14100
2026-08-25,bonheur-bonhr-xosl,BONHR.OL,243.5,247.5,247.5,9448
2026-08-26,bonheur-bonhr-xosl,BONHR.OL,248.0,250.5,250.5,20477
2026-08-27,bonheur-bonhr-xosl,BONHR.OL,252.0,253.0,253.0,11644
2026-08-28,bonheur-bonhr-xosl,BONHR.OL,253.5,255.0,255.0,16339
2026-08-31,bonheur-bonhr-xosl,BONHR.OL,255.0,255.5,255.5,13801
2026-09-01,bonheur-bonhr-xosl,BONHR.OL,255.0,252.0,252.0,10918
2026-09-02,bonheur-bonhr-xosl,BONHR.OL,250.5,251.5,251.5,8456
2026-09-03,bonheur-bonhr-xosl,BONHR.OL,249.5,251.0,251.0,7755
2026-09-04,bonheur-bonhr-xosl,BONHR.OL,250.5,256.0,256.0,11952
2026-09-07,bonheur-bonhr-xosl,BONHR.OL,257.5,259.0,259.0,14959
2026-09-08,bonheur-bonhr-xosl,BONHR.OL,262.5,260.5,260.5,11666
2026-09-09,bonheur-bonhr-xosl,BONHR.OL,260.0,260.5,260.5,12176
2026-09-10,bonheur-bonhr-xosl,BONHR.OL,260.5,260.0,260.0,7066
2026-09-11,bonheur-bonhr-xosl,BONHR.OL,260.5,260.0,260.0,17799
2026-09-14,bonheur-bonhr-xosl,BONHR.OL,260.0,256.5,256.5,17149
2026-09-15,bonheur-bonhr-xosl,BONHR.OL,252.0,259.5,259.5,15270
2026-09-16,bonheur-bonhr-xosl,BONHR.OL,262.0,259.5,259.5,8376
2026-09-17,bonheur-bonhr-xosl,BONHR.OL,259.0,264.0,264.0,83329
2026-09-18,bonheur-bonhr-xosl,BONHR.OL,264.5,260.0,260.0,96872
2026-09-21,bonheur-bonhr-xosl,BONHR.OL,261.0,259.5,259.5,15195
2026-09-22,bonheur-bonhr-xosl,BONHR.OL,259.0,260.5,260.5,7605
2026-09-23,bonheur-bonhr-xosl,BONHR.OL,260.5,254.0,254.0,20896
2026-09-24,bonheur-bonhr-xosl,BONHR.OL,254.0,255.0,255.0,29100
2026-09-25,bonheur-bonhr-xosl,BONHR.OL,255.0,259.5,259.5,36126
2026-09-28,bonheur-bonhr-xosl,BONHR.OL,259.5,264.5,264.5,33704
2026-09-29,bonheur-bonhr-xosl,BONHR.OL,264.0,261.5,261.5,8001
2026-09-30,bonheur-bonhr-xosl,BONHR.OL,264.0,263.0,263.0,54828
2026-10-01,bonheur-bonhr-xosl,BONHR.OL,262.0,257.5,257.5,11968
2026-10-02,bonheur-bonhr-xosl,BONHR.OL,258.0,262.0,262.0,30211
2026-10-05,bonheur-bonhr-xosl,BONHR.OL,260.5,260.5,260.5,23728
2026-10-06,bonheur-bonhr-xosl,BONHR.OL,263.0,262.5,262.5,18903
2026-10-07,bonheur-bonhr-xosl,BONHR.OL,261.5,263.5,263.5,12088
2026-10-08,bonheur-bonhr-xosl,BONHR.OL,263.5,264.0,264.0,36871
2026-07-13,borregaard-brg-xosl,BRG.OL,151.60000610351562,150.1999969482422,150.1999969482422,73373
2026-07-14,borregaard-brg-xosl,BRG.OL,150.0,149.39999389648438,149.39999389648438,51375
2026-07-15,borregaard-brg-xosl,BRG.OL,150.60000610351562,151.39999389648438,151.39999389648438,89211
2026-07-16,borregaard-brg-xosl,BRG.OL,154.8000030517578,160.8000030517578,160.8000030517578,206273
2026-07-17,borregaard-brg-xosl,BRG.OL,160.0,160.1999969482422,160.1999969482422,115442
2026-07-20,borregaard-brg-xosl,BRG.OL,159.39999389648438,161.60000610351562,161.60000610351562,59945
2026-07-21,borregaard-brg-xosl,BRG.OL,162.0,162.39999389648438,162.39999389648438,84672
2026-07-22,borregaard-brg-xosl,BRG.OL,162.60000610351562,162.60000610351562,162.60000610351562,49892
2026-07-23,borregaard-brg-xosl,BRG.OL,162.0,159.39999389648438,159.39999389648438,50578
2026-07-24,borregaard-brg-xosl,BRG.OL,159.39999389648438,158.8000030517578,158.8000030517578,33616
2026-07-27,borregaard-brg-xosl,BRG.OL,160.0,157.60000610351562,157.60000610351562,32890
2026-07-28,borregaard-brg-xosl,BRG.OL,158.0,156.8000030517578,156.8000030517578,57780
2026-07-29,borregaard-brg-xosl,BRG.OL,158.1999969482422,157.8000030517578,157.8000030517578,48506
2026-07-30,borregaard-brg-xosl,BRG.OL,160.0,159.1999969482422,159.1999969482422,39983
2026-07-31,borregaard-brg-xosl,BRG.OL,160.0,158.0,158.0,97701
2026-08-03,borregaard-brg-xosl,BRG.OL,158.1999969482422,159.39999389648438,159.39999389648438,47019
2026-08-04,borregaard-brg-xosl,BRG.OL,158.0,158.8000030517578,158.8000030517578,45308
2026-08-05,borregaard-brg-xosl,BRG.OL,159.39999389648438,159.39999389648438,159.39999389648438,49787
2026-08-06,borregaard-brg-xosl,BRG.OL,160.0,158.0,158.0,46689
2026-08-07,borregaard-brg-xosl,BRG.OL,159.8000030517578,159.0,159.0,28177
2026-08-10,borregaard-brg-xosl,BRG.OL,158.39999389648438,156.39999389648438,156.39999389648438,36942
2026-08-11,borregaard-brg-xosl,BRG.OL,158.0,157.8000030517578,157.8000030517578,42171
2026-08-12,borregaard-brg-xosl,BRG.OL,156.39999389648438,156.0,156.0,37579
2026-08-13,borregaard-brg-xosl,BRG.OL,156.60000610351562,156.60000610351562,156.60000610351562,52214
2026-08-14,borregaard-brg-xosl,BRG.OL,155.1999969482422,159.39999389648438,159.39999389648438,61133
2026-08-17,borregaard-brg-xosl,BRG.OL,159.1999969482422,156.8000030517578,156.8000030517578,46563
2026-08-18,borregaard-brg-xosl,BRG.OL,156.8000030517578,156.39999389648438,156.39999389648438,36481
2026-08-19,borregaard-brg-xosl,BRG.OL,157.0,156.8000030517578,156.8000030517578,47325
2026-08-20,borregaard-brg-xosl,BRG.OL,157.8000030517578,156.60000610351562,156.60000610351562,38670
2026-08-21,borregaard-brg-xosl,BRG.OL,157.0,159.60000610351562,159.60000610351562,72559
2026-08-24,borregaard-brg-xosl,BRG.OL,159.0,159.60000610351562,159.60000610351562,68685
2026-08-25,borregaard-brg-xosl,BRG.OL,159.39999389648438,156.60000610351562,156.60000610351562,74892
2026-08-26,borregaard-brg-xosl,BRG.OL,156.0,158.60000610351562,158.60000610351562,185050
2026-08-27,borregaard-brg-xosl,BRG.OL,158.60000610351562,156.39999389648438,156.39999389648438,38644
2026-08-28,borregaard-brg-xosl,BRG.OL,157.0,157.8000030517578,157.8000030517578,56386
2026-08-31,borregaard-brg-xosl,BRG.OL,158.0,158.8000030517578,158.8000030517578,46450
2026-09-01,borregaard-brg-xosl,BRG.OL,159.0,155.8000030517578,155.8000030517578,96113
2026-09-02,borregaard-brg-xosl,BRG.OL,155.39999389648438,156.39999389648438,156.39999389648438,76427
2026-09-03,borregaard-brg-xosl,BRG.OL,157.1999969482422,155.39999389648438,155.39999389648438,84238
2026-09-04,borregaard-brg-xosl,BRG.OL,154.60000610351562,156.0,156.0,45021
2026-09-07,borregaard-brg-xosl,BRG.OL,156.0,152.8000030517578,152.8000030517578,94486
2026-09-08,borregaard-brg-xosl,BRG.OL,152.0,153.0,153.0,123752
2026-09-09,borregaard-brg-xosl,BRG.OL,153.0,151.39999389648438,151.39999389648438,38059
2026-09-10,borregaard-brg-xosl,BRG.OL,151.1999969482422,149.39999389648438,149.39999389648438,146429
2026-09-11,borregaard-brg-xosl,BRG.OL,149.39999389648438,149.60000610351562,149.60000610351562,45034
2026-09-14,borregaard-brg-xosl,BRG.OL,150.0,146.0,146.0,79321
2026-09-15,borregaard-brg-xosl,BRG.OL,146.1999969482422,145.8000030517578,145.8000030517578,122867
2026-09-16,borregaard-brg-xosl,BRG.OL,145.1999969482422,147.0,147.0,71912
2026-09-17,borregaard-brg-xosl,BRG.OL,148.0,148.8000030517578,148.8000030517578,74385
2026-09-18,borregaard-brg-xosl,BRG.OL,148.60000610351562,147.60000610351562,147.60000610351562,200602
2026-09-21,borregaard-brg-xosl,BRG.OL,148.0,148.39999389648438,148.39999389648438,50595
2026-09-22,borregaard-brg-xosl,BRG.OL,148.39999389648438,150.0,150.0,58407
2026-09-23,borregaard-brg-xosl,BRG.OL,149.60000610351562,150.8000030517578,150.8000030517578,31586
2026-09-24,borregaard-brg-xosl,BRG.OL,150.39999389648438,149.8000030517578,149.8000030517578,76519
2026-09-25,borregaard-brg-xosl,BRG.OL,151.39999389648438,149.8000030517578,149.8000030517578,40434
2026-09-28,borregaard-brg-xosl,BRG.OL,148.60000610351562,151.39999389648438,151.39999389648438,45930
2026-09-29,borregaard-brg-xosl,BRG.OL,151.0,150.60000610351562,150.60000610351562,24065
2026-09-30,borregaard-brg-xosl,BRG.OL,151.1999969482422,154.1999969482422,154.1999969482422,87958
2026-10-01,borregaard-brg-xosl,BRG.OL,151.39999389648438,151.0,151.0,77325
2026-10-02,borregaard-brg-xosl,BRG.OL,152.60000610351562,153.1999969482422,153.1999969482422,51165
2026-10-05,borregaard-brg-xosl,BRG.OL,152.0,150.8000030517578,150.8000030517578,38360
2026-10-06,borregaard-brg-xosl,BRG.OL,151.0,149.0,149.0,62399
2026-10-07,borregaard-brg-xosl,BRG.OL,149.1999969482422,152.0,152.0,51927
2026-10-08,borregaard-brg-xosl,BRG.OL,151.1999969482422,150.60000610351562,150.60000610351562,47887
2026-07-13,bouvet-bouv-xosl,BOUV.OL,44.0,43.5,43.5,44707
2026-07-14,bouvet-bouv-xosl,BOUV.OL,43.45000076293945,44.0,44.0,63255
2026-07-15,bouvet-bouv-xosl,BOUV.OL,44.0,44.349998474121094,44.349998474121094,80652
2026-07-16,bouvet-bouv-xosl,BOUV.OL,44.150001525878906,44.04999923706055,44.04999923706055,58476
2026-07-17,bouvet-bouv-xosl,BOUV.OL,44.0,44.04999923706055,44.04999923706055,104956
2026-07-20,bouvet-bouv-xosl,BOUV.OL,44.150001525878906,44.5,44.5,62851
2026-07-21,bouvet-bouv-xosl,BOUV.OL,44.849998474121094,44.349998474121094,44.349998474121094,84405
2026-07-22,bouvet-bouv-xosl,BOUV.OL,44.20000076293945,43.70000076293945,43.70000076293945,68613
2026-07-23,bouvet-bouv-xosl,BOUV.OL,43.79999923706055,44.20000076293945,44.20000076293945,91892
2026-07-24,bouvet-bouv-xosl,BOUV.OL,44.150001525878906,44.29999923706055,44.29999923706055,71016
2026-07-27,bouvet-bouv-xosl,BOUV.OL,44.29999923706055,45.25,45.25,104794
2026-07-28,bouvet-bouv-xosl,BOUV.OL,45.29999923706055,45.849998474121094,45.849998474121094,137834
2026-07-29,bouvet-bouv-xosl,BOUV.OL,45.95000076293945,46.79999923706055,46.79999923706055,158674
2026-07-30,bouvet-bouv-xosl,BOUV.OL,46.70000076293945,45.75,45.75,94311
2026-07-31,bouvet-bouv-xosl,BOUV.OL,46.0,45.150001525878906,45.150001525878906,246318
2026-08-03,bouvet-bouv-xosl,BOUV.OL,45.400001525878906,45.20000076293945,45.20000076293945,65991
2026-08-04,bouvet-bouv-xosl,BOUV.OL,45.150001525878906,44.95000076293945,44.95000076293945,148581
2026-08-05,bouvet-bouv-xosl,BOUV.OL,45.20000076293945,45.25,45.25,252666
2026-08-06,bouvet-bouv-xosl,BOUV.OL,45.0,45.150001525878906,45.150001525878906,93943
2026-08-07,bouvet-bouv-xosl,BOUV.OL,45.150001525878906,45.70000076293945,45.70000076293945,99094
2026-08-10,bouvet-bouv-xosl,BOUV.OL,46.0,45.29999923706055,45.29999923706055,121667
2026-08-11,bouvet-bouv-xosl,BOUV.OL,45.0,43.900001525878906,43.900001525878906,273648
2026-08-12,bouvet-bouv-xosl,BOUV.OL,43.849998474121094,43.400001525878906,43.400001525878906,149977
2026-08-13,bouvet-bouv-xosl,BOUV.OL,43.54999923706055,43.0,43.0,166970
2026-08-14,bouvet-bouv-xosl,BOUV.OL,43.04999923706055,43.599998474121094,43.599998474121094,113034
2026-08-17,bouvet-bouv-xosl,BOUV.OL,43.75,43.20000076293945,43.20000076293945,133560
2026-08-18,bouvet-bouv-xosl,BOUV.OL,43.5,43.20000076293945,43.20000076293945,219409
2026-08-19,bouvet-bouv-xosl,BOUV.OL,45.79999923706055,50.29999923706055,50.29999923706055,870795
2026-08-20,bouvet-bouv-xosl,BOUV.OL,49.599998474121094,50.20000076293945,50.20000076293945,304970
2026-08-21,bouvet-bouv-xosl,BOUV.OL,50.29999923706055,49.150001525878906,49.150001525878906,141762
2026-08-24,bouvet-bouv-xosl,BOUV.OL,50.099998474121094,48.900001525878906,48.900001525878906,94565
2026-08-25,bouvet-bouv-xosl,BOUV.OL,49.20000076293945,49.20000076293945,49.20000076293945,73876
2026-08-26,bouvet-bouv-xosl,BOUV.OL,49.349998474121094,49.400001525878906,49.400001525878906,71914
2026-08-27,bouvet-bouv-xosl,BOUV.OL,49.54999923706055,49.0,49.0,96976
2026-08-28,bouvet-bouv-xosl,BOUV.OL,49.099998474121094,50.70000076293945,50.70000076293945,682430
2026-08-31,bouvet-bouv-xosl,BOUV.OL,50.599998474121094,51.20000076293945,51.20000076293945,252030
2026-09-01,bouvet-bouv-xosl,BOUV.OL,51.400001525878906,51.0,51.0,105834
2026-09-02,bouvet-bouv-xosl,BOUV.OL,50.400001525878906,49.79999923706055,49.79999923706055,65078
2026-09-03,bouvet-bouv-xosl,BOUV.OL,49.599998474121094,49.95000076293945,49.95000076293945,74028
2026-09-04,bouvet-bouv-xosl,BOUV.OL,49.95000076293945,48.849998474121094,48.849998474121094,61882
2026-09-07,bouvet-bouv-xosl,BOUV.OL,48.650001525878906,49.25,49.25,102042
2026-09-08,bouvet-bouv-xosl,BOUV.OL,49.0,48.599998474121094,48.599998474121094,132106
2026-09-09,bouvet-bouv-xosl,BOUV.OL,48.70000076293945,48.70000076293945,48.70000076293945,321865
2026-09-10,bouvet-bouv-xosl,BOUV.OL,49.349998474121094,48.45000076293945,48.45000076293945,62935
2026-09-11,bouvet-bouv-xosl,BOUV.OL,48.75,49.099998474121094,49.099998474121094,45557
2026-09-14,bouvet-bouv-xosl,BOUV.OL,48.70000076293945,48.900001525878906,48.900001525878906,74355
2026-09-15,bouvet-bouv-xosl,BOUV.OL,48.900001525878906,47.5,47.5,75717
2026-09-16,bouvet-bouv-xosl,BOUV.OL,47.5,47.349998474121094,47.349998474121094,94908
2026-09-17,bouvet-bouv-xosl,BOUV.OL,47.5,47.95000076293945,47.95000076293945,211530
2026-09-18,bouvet-bouv-xosl,BOUV.OL,48.0,46.599998474121094,46.599998474121094,178343
2026-09-21,bouvet-bouv-xosl,BOUV.OL,46.900001525878906,47.400001525878906,47.400001525878906,66562
2026-09-22,bouvet-bouv-xosl,BOUV.OL,48.0,46.900001525878906,46.900001525878906,53366
2026-09-23,bouvet-bouv-xosl,BOUV.OL,46.900001525878906,46.79999923706055,46.79999923706055,166051
2026-09-24,bouvet-bouv-xosl,BOUV.OL,47.099998474121094,46.5,46.5,49958
2026-09-25,bouvet-bouv-xosl,BOUV.OL,46.5,46.650001525878906,46.650001525878906,160506
2026-09-28,bouvet-bouv-xosl,BOUV.OL,46.650001525878906,46.95000076293945,46.95000076293945,68067
2026-09-29,bouvet-bouv-xosl,BOUV.OL,46.650001525878906,46.79999923706055,46.79999923706055,111955
2026-09-30,bouvet-bouv-xosl,BOUV.OL,46.79999923706055,47.5,47.5,90480
2026-10-01,bouvet-bouv-xosl,BOUV.OL,47.0,48.04999923706055,48.04999923706055,98409
2026-10-02,bouvet-bouv-xosl,BOUV.OL,48.0,47.25,47.25,80009
2026-10-05,bouvet-bouv-xosl,BOUV.OL,47.5,46.849998474121094,46.849998474121094,47650
2026-10-06,bouvet-bouv-xosl,BOUV.OL,47.45000076293945,46.79999923706055,46.79999923706055,138361
2026-10-07,bouvet-bouv-xosl,BOUV.OL,46.599998474121094,46.95000076293945,46.95000076293945,104210
2026-10-08,bouvet-bouv-xosl,BOUV.OL,48.0,47.150001525878906,47.150001525878906,66585
2026-07-13,bw-energy-limited-bwe-xosl,BWE.OL,48.79999923706055,50.400001525878906,50.400001525878906,42485
2026-07-14,bw-energy-limited-bwe-xosl,BWE.OL,51.5,51.099998474121094,51.099998474121094,33706
2026-07-15,bw-energy-limited-bwe-xosl,BWE.OL,51.5,50.599998474121094,50.599998474121094,21602
2026-07-16,bw-energy-limited-bwe-xosl,BWE.OL,51.0,50.20000076293945,50.20000076293945,43575
2026-07-17,bw-energy-limited-bwe-xosl,BWE.OL,50.70000076293945,50.900001525878906,50.900001525878906,53450
2026-07-20,bw-energy-limited-bwe-xosl,BWE.OL,51.5,50.400001525878906,50.400001525878906,49749
2026-07-21,bw-energy-limited-bwe-xosl,BWE.OL,51.20000076293945,52.79999923706055,52.79999923706055,65435
2026-07-22,bw-energy-limited-bwe-xosl,BWE.OL,53.0,53.79999923706055,53.79999923706055,54526
2026-07-23,bw-energy-limited-bwe-xosl,BWE.OL,54.0,54.70000076293945,54.70000076293945,57673
2026-07-24,bw-energy-limited-bwe-xosl,BWE.OL,55.5,52.900001525878906,52.900001525878906,50670
2026-07-27,bw-energy-limited-bwe-xosl,BWE.OL,51.79999923706055,51.29999923706055,51.29999923706055,51356
2026-07-28,bw-energy-limited-bwe-xosl,BWE.OL,55.70000076293945,52.70000076293945,52.70000076293945,87624
2026-07-29,bw-energy-limited-bwe-xosl,BWE.OL,53.0,52.79999923706055,52.79999923706055,92557
2026-07-30,bw-energy-limited-bwe-xosl,BWE.OL,53.0,51.400001525878906,51.400001525878906,270707
2026-07-31,bw-energy-limited-bwe-xosl,BWE.OL,54.20000076293945,51.900001525878906,51.900001525878906,70948
2026-08-03,bw-energy-limited-bwe-xosl,BWE.OL,52.20000076293945,52.099998474121094,52.099998474121094,55753
2026-08-04,bw-energy-limited-bwe-xosl,BWE.OL,53.5,53.20000076293945,53.20000076293945,64468
2026-08-05,bw-energy-limited-bwe-xosl,BWE.OL,53.099998474121094,53.20000076293945,53.20000076293945,91028
2026-08-06,bw-energy-limited-bwe-xosl,BWE.OL,52.0,53.400001525878906,53.400001525878906,33135
2026-08-07,bw-energy-limited-bwe-xosl,BWE.OL,53.400001525878906,53.900001525878906,53.900001525878906,38067
2026-08-10,bw-energy-limited-bwe-xosl,BWE.OL,53.900001525878906,55.599998474121094,55.599998474121094,67841
2026-08-11,bw-energy-limited-bwe-xosl,BWE.OL,54.5,55.70000076293945,55.70000076293945,67716
2026-08-12,bw-energy-limited-bwe-xosl,BWE.OL,56.599998474121094,55.0,55.0,26626
2026-08-13,bw-energy-limited-bwe-xosl,BWE.OL,56.20000076293945,55.29999923706055,55.29999923706055,84814
2026-08-14,bw-energy-limited-bwe-xosl,BWE.OL,57.5,56.0,56.0,106183
2026-08-17,bw-energy-limited-bwe-xosl,BWE.OL,55.79999923706055,56.29999923706055,56.29999923706055,67823
2026-08-18,bw-energy-limited-bwe-xosl,BWE.OL,56.79999923706055,56.70000076293945,56.70000076293945,70563
2026-08-19,bw-energy-limited-bwe-xosl,BWE.OL,57.0,56.70000076293945,56.70000076293945,78996
2026-08-20,bw-energy-limited-bwe-xosl,BWE.OL,56.79999923706055,58.0,58.0,175355
2026-08-21,bw-energy-limited-bwe-xosl,BWE.OL,56.79999923706055,56.5,56.5,42627
2026-08-24,bw-energy-limited-bwe-xosl,BWE.OL,56.5,55.0,55.0,54378
2026-08-25,bw-energy-limited-bwe-xosl,BWE.OL,55.400001525878906,54.79999923706055,54.79999923706055,47986
2026-08-26,bw-energy-limited-bwe-xosl,BWE.OL,54.400001525878906,54.599998474121094,54.599998474121094,36563
2026-08-27,bw-energy-limited-bwe-xosl,BWE.OL,54.5,54.400001525878906,54.400001525878906,39764
2026-08-28,bw-energy-limited-bwe-xosl,BWE.OL,54.0,54.5,54.5,64438
2026-08-31,bw-energy-limited-bwe-xosl,BWE.OL,55.0,56.0,56.0,444218
2026-09-01,bw-energy-limited-bwe-xosl,BWE.OL,56.29999923706055,55.400001525878906,55.400001525878906,39496
2026-09-02,bw-energy-limited-bwe-xosl,BWE.OL,55.79999923706055,55.099998474121094,55.099998474121094,69954
2026-09-03,bw-energy-limited-bwe-xosl,BWE.OL,55.099998474121094,55.400001525878906,55.400001525878906,40575
2026-09-04,bw-energy-limited-bwe-xosl,BWE.OL,56.5,54.900001525878906,54.900001525878906,37752
2026-09-07,bw-energy-limited-bwe-xosl,BWE.OL,54.5,55.5,55.5,41893
2026-09-08,bw-energy-limited-bwe-xosl,BWE.OL,55.0,55.900001525878906,55.900001525878906,129769
2026-09-09,bw-energy-limited-bwe-xosl,BWE.OL,56.0,57.099998474121094,57.099998474121094,148292
2026-09-10,bw-energy-limited-bwe-xosl,BWE.OL,57.0,57.5,57.5,114770
2026-09-11,bw-energy-limited-bwe-xosl,BWE.OL,57.0,57.29999923706055,57.29999923706055,40288
2026-09-14,bw-energy-limited-bwe-xosl,BWE.OL,58.0,57.5,57.5,137277
2026-09-15,bw-energy-limited-bwe-xosl,BWE.OL,58.20000076293945,58.29999923706055,58.29999923706055,117034
2026-09-16,bw-energy-limited-bwe-xosl,BWE.OL,58.599998474121094,58.599998474121094,58.599998474121094,111771
2026-09-17,bw-energy-limited-bwe-xosl,BWE.OL,58.0,57.70000076293945,57.70000076293945,77712
2026-09-18,bw-energy-limited-bwe-xosl,BWE.OL,58.599998474121094,57.900001525878906,57.900001525878906,93800
2026-09-21,bw-energy-limited-bwe-xosl,BWE.OL,58.70000076293945,56.20000076293945,56.20000076293945,97507
2026-09-22,bw-energy-limited-bwe-xosl,BWE.OL,56.20000076293945,56.599998474121094,56.599998474121094,184897
2026-09-23,bw-energy-limited-bwe-xosl,BWE.OL,56.20000076293945,56.400001525878906,56.400001525878906,57342
2026-09-24,bw-energy-limited-bwe-xosl,BWE.OL,55.599998474121094,57.400001525878906,57.400001525878906,82466
2026-09-25,bw-energy-limited-bwe-xosl,BWE.OL,58.0,58.0,58.0,59178
2026-09-28,bw-energy-limited-bwe-xosl,BWE.OL,57.099998474121094,58.79999923706055,58.79999923706055,63719
2026-09-29,bw-energy-limited-bwe-xosl,BWE.OL,58.0,58.0,58.0,54435
2026-09-30,bw-energy-limited-bwe-xosl,BWE.OL,56.400001525878906,57.29999923706055,57.29999923706055,83286
2026-10-01,bw-energy-limited-bwe-xosl,BWE.OL,57.29999923706055,57.29999923706055,57.29999923706055,33123
2026-10-02,bw-energy-limited-bwe-xosl,BWE.OL,58.0,57.29999923706055,57.29999923706055,68558
2026-10-05,bw-energy-limited-bwe-xosl,BWE.OL,57.29999923706055,58.900001525878906,58.900001525878906,67611
2026-10-06,bw-energy-limited-bwe-xosl,BWE.OL,59.20000076293945,59.20000076293945,59.20000076293945,84678
2026-10-07,bw-energy-limited-bwe-xosl,BWE.OL,59.900001525878906,60.099998474121094,60.099998474121094,122575
2026-10-08,bw-energy-limited-bwe-xosl,BWE.OL,59.099998474121094,61.400001525878906,61.400001525878906,203392
2026-07-13,bw-lpg-bwlpg-xosl,BWLPG.OL,190.8000030517578,196.6999969482422,189.20668029785156,391472
2026-07-14,bw-lpg-bwlpg-xosl,BWLPG.OL,201.0,205.0,197.1905059814453,552855
2026-07-15,bw-lpg-bwlpg-xosl,BWLPG.OL,205.0,200.1999969482422,192.57334899902344,292680
2026-07-16,bw-lpg-bwlpg-xosl,BWLPG.OL,200.0,200.39999389648438,192.76573181152344,204506
2026-07-17,bw-lpg-bwlpg-xosl,BWLPG.OL,198.3000030517578,196.0,188.53335571289062,341892
2026-07-20,bw-lpg-bwlpg-xosl,BWLPG.OL,198.0,204.1999969482422,196.4209747314453,398174
2026-07-21,bw-lpg-bwlpg-xosl,BWLPG.OL,205.0,210.0,202.00003051757812,406719
2026-07-22,bw-lpg-bwlpg-xosl,BWLPG.OL,209.39999389648438,205.0,197.1905059814453,349871
2026-07-23,bw-lpg-bwlpg-xosl,BWLPG.OL,207.1999969482422,210.8000030517578,202.76954650878906,291496
2026-07-24,bw-lpg-bwlpg-xosl,BWLPG.OL,210.60000610351562,210.60000610351562,202.57717895507812,318945
2026-07-27,bw-lpg-bwlpg-xosl,BWLPG.OL,206.1999969482422,203.39999389648438,195.6514434814453,304151
2026-07-28,bw-lpg-bwlpg-xosl,BWLPG.OL,201.60000610351562,208.39999389648438,200.46096801757812,232472
2026-07-29,bw-lpg-bwlpg-xosl,BWLPG.OL,206.0,208.0,200.0762176513672,211678
2026-07-30,bw-lpg-bwlpg-xosl,BWLPG.OL,211.0,210.8000030517578,202.76954650878906,347283
2026-07-31,bw-lpg-bwlpg-xosl,BWLPG.OL,211.39999389648438,215.1999969482422,207.00192260742188,391773
2026-08-03,bw-lpg-bwlpg-xosl,BWLPG.OL,211.60000610351562,211.39999389648438,203.3466796875,331570
2026-08-04,bw-lpg-bwlpg-xosl,BWLPG.OL,212.0,207.39999389648438,199.4990692138672,523751
2026-08-05,bw-lpg-bwlpg-xosl,BWLPG.OL,207.39999389648438,202.0,194.30477905273438,321646
2026-08-06,bw-lpg-bwlpg-xosl,BWLPG.OL,200.60000610351562,206.60000610351562,198.72955322265625,340997
2026-08-07,bw-lpg-bwlpg-xosl,BWLPG.OL,206.8000030517578,205.0,197.1905059814453,240859
2026-08-10,bw-lpg-bwlpg-xosl,BWLPG.OL,207.1999969482422,207.8000030517578,199.8838348388672,208860
2026-08-11,bw-lpg-bwlpg-xosl,BWLPG.OL,208.39999389648438,203.60000610351562,195.84384155273438,291448
2026-08-12,bw-lpg-bwlpg-xosl,BWLPG.OL,203.60000610351562,209.60000610351562,201.61526489257812,296596
2026-08-13,bw-lpg-bwlpg-xosl,BWLPG.OL,210.0,213.0,204.8857421875,210647
2026-08-14,bw-lpg-bwlpg-xosl,BWLPG.OL,211.60000610351562,214.60000610351562,206.42478942871094,151237
2026-08-17,bw-lpg-bwlpg-xosl,BWLPG.OL,215.0,218.8000030517578,210.4647979736328,198139
2026-08-18,bw-lpg-bwlpg-xosl,BWLPG.OL,220.0,215.60000610351562,207.38670349121094,251984
2026-08-19,bw-lpg-bwlpg-xosl,BWLPG.OL,218.0,219.8000030517578,211.42669677734375,314142
2026-08-20,bw-lpg-bwlpg-xosl,BWLPG.OL,221.1999969482422,219.1999969482422,210.84954833984375,369983
2026-08-21,bw-lpg-bwlpg-xosl,BWLPG.OL,222.1999969482422,229.8000030517578,221.04574584960938,350649
2026-08-24,bw-lpg-bwlpg-xosl,BWLPG.OL,228.39999389648438,230.1999969482422,221.4304962158203,186783
2026-08-25,bw-lpg-bwlpg-xosl,BWLPG.OL,228.60000610351562,233.39999389648438,224.5085906982422,385529
2026-08-26,bw-lpg-bwlpg-xosl,BWLPG.OL,226.1999969482422,221.8000030517578,213.3505096435547,392354
2026-08-27,bw-lpg-bwlpg-xosl,BWLPG.OL,221.8000030517578,226.39999389648438,217.77525329589844,310787
2026-08-28,bw-lpg-bwlpg-xosl,BWLPG.OL,214.0,225.1999969482422,216.6209716796875,661778
2026-08-31,bw-lpg-bwlpg-xosl,BWLPG.OL,219.0,225.8000030517578,217.1981201171875,565974
2026-09-01,bw-lpg-bwlpg-xosl,BWLPG.OL,227.0,229.60000610351562,220.85336303710938,398014
2026-09-02,bw-lpg-bwlpg-xosl,BWLPG.OL,216.0,220.39999389648438,212.0038299560547,4236442
2026-09-03,bw-lpg-bwlpg-xosl,BWLPG.OL,224.1999969482422,226.8000030517578,218.1600341796875,707659
2026-09-04,bw-lpg-bwlpg-xosl,BWLPG.OL,230.8000030517578,233.39999389648438,224.5085906982422,465968
2026-09-07,bw-lpg-bwlpg-xosl,BWLPG.OL,222.1999969482422,221.1999969482422,221.1999969482422,371597
2026-09-08,bw-lpg-bwlpg-xosl,BWLPG.OL,222.60000610351562,219.39999389648438,219.39999389648438,516451
2026-09-09,bw-lpg-bwlpg-xosl,BWLPG.OL,222.8000030517578,222.0,222.0,496310
2026-09-10,bw-lpg-bwlpg-xosl,BWLPG.OL,231.0,231.1999969482422,231.1999969482422,739274
2026-09-11,bw-lpg-bwlpg-xosl,BWLPG.OL,228.8000030517578,233.8000030517578,233.8000030517578,342769
2026-09-14,bw-lpg-bwlpg-xosl,BWLPG.OL,236.0,232.0,232.0,289036
2026-09-15,bw-lpg-bwlpg-xosl,BWLPG.OL,231.39999389648438,238.60000610351562,238.60000610351562,324774
2026-09-16,bw-lpg-bwlpg-xosl,BWLPG.OL,240.39999389648438,241.39999389648438,241.39999389648438,341686
2026-09-17,bw-lpg-bwlpg-xosl,BWLPG.OL,241.8000030517578,244.60000610351562,244.60000610351562,347916
2026-09-18,bw-lpg-bwlpg-xosl,BWLPG.OL,242.60000610351562,244.0,244.0,695905
2026-09-21,bw-lpg-bwlpg-xosl,BWLPG.OL,242.0,241.8000030517578,241.8000030517578,386957
2026-09-22,bw-lpg-bwlpg-xosl,BWLPG.OL,238.8000030517578,235.0,235.0,328989
2026-09-23,bw-lpg-bwlpg-xosl,BWLPG.OL,231.8000030517578,231.39999389648438,231.39999389648438,303243
2026-09-24,bw-lpg-bwlpg-xosl,BWLPG.OL,232.8000030517578,232.0,232.0,186944
2026-09-25,bw-lpg-bwlpg-xosl,BWLPG.OL,229.8000030517578,230.8000030517578,230.8000030517578,190554
2026-09-28,bw-lpg-bwlpg-xosl,BWLPG.OL,233.39999389648438,235.8000030517578,235.8000030517578,217379
2026-09-29,bw-lpg-bwlpg-xosl,BWLPG.OL,236.1999969482422,235.8000030517578,235.8000030517578,188505
2026-09-30,bw-lpg-bwlpg-xosl,BWLPG.OL,238.60000610351562,241.0,241.0,242464
2026-10-01,bw-lpg-bwlpg-xosl,BWLPG.OL,239.0,244.1999969482422,244.1999969482422,337058
2026-10-02,bw-lpg-bwlpg-xosl,BWLPG.OL,245.1999969482422,241.0,241.0,350507
2026-10-05,bw-lpg-bwlpg-xosl,BWLPG.OL,244.0,241.1999969482422,241.1999969482422,385732
2026-10-06,bw-lpg-bwlpg-xosl,BWLPG.OL,248.1999969482422,243.0,243.0,393266
2026-10-07,bw-lpg-bwlpg-xosl,BWLPG.OL,244.0,248.1999969482422,248.1999969482422,369233
2026-10-08,bw-lpg-bwlpg-xosl,BWLPG.OL,245.60000610351562,247.8000030517578,247.8000030517578,297340
2026-07-13,cadeler-cadlr-xosl,CADLR.OL,55.0,55.599998474121094,55.599998474121094,436700
2026-07-14,cadeler-cadlr-xosl,CADLR.OL,54.5,56.70000076293945,56.70000076293945,567332
2026-07-15,cadeler-cadlr-xosl,CADLR.OL,56.20000076293945,57.75,57.75,427905
2026-07-16,cadeler-cadlr-xosl,CADLR.OL,56.79999923706055,57.29999923706055,57.29999923706055,723816
2026-07-17,cadeler-cadlr-xosl,CADLR.OL,56.0,56.849998474121094,56.849998474121094,522518
2026-07-20,cadeler-cadlr-xosl,CADLR.OL,56.5,55.849998474121094,55.849998474121094,345693
2026-07-21,cadeler-cadlr-xosl,CADLR.OL,55.849998474121094,55.54999923706055,55.54999923706055,371493
2026-07-22,cadeler-cadlr-xosl,CADLR.OL,55.599998474121094,55.599998474121094,55.599998474121094,390782
2026-07-23,cadeler-cadlr-xosl,CADLR.OL,55.400001525878906,55.45000076293945,55.45000076293945,251038
2026-07-24,cadeler-cadlr-xosl,CADLR.OL,57.0,54.650001525878906,54.650001525878906,257113
2026-07-27,cadeler-cadlr-xosl,CADLR.OL,54.5,53.95000076293945,53.95000076293945,187173
2026-07-28,cadeler-cadlr-xosl,CADLR.OL,53.599998474121094,52.599998474121094,52.599998474121094,345853
2026-07-29,cadeler-cadlr-xosl,CADLR.OL,52.29999923706055,52.150001525878906,52.150001525878906,365460
2026-07-30,cadeler-cadlr-xosl,CADLR.OL,51.5,53.650001525878906,53.650001525878906,351729
2026-07-31,cadeler-cadlr-xosl,CADLR.OL,54.45000076293945,53.650001525878906,53.650001525878906,228719
2026-08-03,cadeler-cadlr-xosl,CADLR.OL,53.349998474121094,53.650001525878906,53.650001525878906,177956
2026-08-04,cadeler-cadlr-xosl,CADLR.OL,54.20000076293945,54.20000076293945,54.20000076293945,256328
2026-08-05,cadeler-cadlr-xosl,CADLR.OL,54.5,54.5,54.5,328173
2026-08-06,cadeler-cadlr-xosl,CADLR.OL,54.5,55.599998474121094,55.599998474121094,165042
2026-08-07,cadeler-cadlr-xosl,CADLR.OL,55.5,56.150001525878906,56.150001525878906,265856
2026-08-10,cadeler-cadlr-xosl,CADLR.OL,56.20000076293945,56.900001525878906,56.900001525878906,338724
2026-08-11,cadeler-cadlr-xosl,CADLR.OL,56.95000076293945,55.599998474121094,55.599998474121094,1184368
2026-08-12,cadeler-cadlr-xosl,CADLR.OL,55.45000076293945,53.5,53.5,955589
2026-08-13,cadeler-cadlr-xosl,CADLR.OL,53.5,54.5,54.5,266643
2026-08-14,cadeler-cadlr-xosl,CADLR.OL,54.599998474121094,54.29999923706055,54.29999923706055,322673
2026-08-17,cadeler-cadlr-xosl,CADLR.OL,54.75,55.04999923706055,55.04999923706055,199943
2026-08-18,cadeler-cadlr-xosl,CADLR.OL,55.29999923706055,55.150001525878906,55.150001525878906,223971
2026-08-19,cadeler-cadlr-xosl,CADLR.OL,55.150001525878906,55.04999923706055,55.04999923706055,131050
2026-08-20,cadeler-cadlr-xosl,CADLR.OL,55.04999923706055,56.29999923706055,56.29999923706055,256892
2026-08-21,cadeler-cadlr-xosl,CADLR.OL,56.25,56.29999923706055,56.29999923706055,163073
2026-08-24,cadeler-cadlr-xosl,CADLR.OL,56.45000076293945,56.70000076293945,56.70000076293945,655739
2026-08-25,cadeler-cadlr-xosl,CADLR.OL,58.400001525878906,60.400001525878906,60.400001525878906,944595
2026-08-26,cadeler-cadlr-xosl,CADLR.OL,59.400001525878906,59.650001525878906,59.650001525878906,1376260
2026-08-27,cadeler-cadlr-xosl,CADLR.OL,59.75,59.70000076293945,59.70000076293945,344184
2026-08-28,cadeler-cadlr-xosl,CADLR.OL,60.70000076293945,59.54999923706055,59.54999923706055,308340
2026-08-31,cadeler-cadlr-xosl,CADLR.OL,58.95000076293945,58.400001525878906,58.400001525878906,834365
2026-09-01,cadeler-cadlr-xosl,CADLR.OL,58.29999923706055,59.29999923706055,59.29999923706055,743913
2026-09-02,cadeler-cadlr-xosl,CADLR.OL,58.70000076293945,58.099998474121094,58.099998474121094,364250
2026-09-03,cadeler-cadlr-xosl,CADLR.OL,58.5,58.04999923706055,58.04999923706055,400475
2026-09-04,cadeler-cadlr-xosl,CADLR.OL,58.650001525878906,58.0,58.0,333536
2026-09-07,cadeler-cadlr-xosl,CADLR.OL,58.0,58.54999923706055,58.54999923706055,395131
2026-09-08,cadeler-cadlr-xosl,CADLR.OL,58.5,58.5,58.5,299754
2026-09-09,cadeler-cadlr-xosl,CADLR.OL,58.900001525878906,59.849998474121094,59.849998474121094,452078
2026-09-10,cadeler-cadlr-xosl,CADLR.OL,60.099998474121094,59.54999923706055,59.54999923706055,709487
2026-09-11,cadeler-cadlr-xosl,CADLR.OL,59.25,59.70000076293945,59.70000076293945,244005
2026-09-14,cadeler-cadlr-xosl,CADLR.OL,59.20000076293945,58.79999923706055,58.79999923706055,849455
2026-09-15,cadeler-cadlr-xosl,CADLR.OL,57.849998474121094,57.75,57.75,350213
2026-09-16,cadeler-cadlr-xosl,CADLR.OL,57.5,58.79999923706055,58.79999923706055,211536
2026-09-17,cadeler-cadlr-xosl,CADLR.OL,59.599998474121094,60.0,60.0,241604
2026-09-18,cadeler-cadlr-xosl,CADLR.OL,59.900001525878906,59.95000076293945,59.95000076293945,3428925
2026-09-21,cadeler-cadlr-xosl,CADLR.OL,60.849998474121094,61.0,61.0,365326
2026-09-22,cadeler-cadlr-xosl,CADLR.OL,61.0,60.400001525878906,60.400001525878906,318311
2026-09-23,cadeler-cadlr-xosl,CADLR.OL,60.400001525878906,58.79999923706055,58.79999923706055,373492
2026-09-24,cadeler-cadlr-xosl,CADLR.OL,58.04999923706055,55.599998474121094,55.599998474121094,525256
2026-09-25,cadeler-cadlr-xosl,CADLR.OL,55.849998474121094,55.349998474121094,55.349998474121094,205386
2026-09-28,cadeler-cadlr-xosl,CADLR.OL,55.29999923706055,55.0,55.0,498085
2026-09-29,cadeler-cadlr-xosl,CADLR.OL,54.900001525878906,53.849998474121094,53.849998474121094,404969
2026-09-30,cadeler-cadlr-xosl,CADLR.OL,54.0,52.099998474121094,52.099998474121094,690214
2026-10-01,cadeler-cadlr-xosl,CADLR.OL,52.25,51.650001525878906,51.650001525878906,506145
2026-10-02,cadeler-cadlr-xosl,CADLR.OL,51.5,53.20000076293945,53.20000076293945,694702
2026-10-05,cadeler-cadlr-xosl,CADLR.OL,52.79999923706055,52.5,52.5,343296
2026-10-06,cadeler-cadlr-xosl,CADLR.OL,52.5,52.599998474121094,52.599998474121094,344994
2026-10-07,cadeler-cadlr-xosl,CADLR.OL,52.29999923706055,52.099998474121094,52.099998474121094,391595
2026-10-08,cadeler-cadlr-xosl,CADLR.OL,51.900001525878906,51.25,51.25,461534
2026-07-13,capital-tankers-corp-capt-merk,CAPT.OL,127.5999984741211,130.0,127.77980041503906,67072
2026-07-14,capital-tankers-corp-capt-merk,CAPT.OL,129.47999572753906,129.82000732421875,127.6028823852539,66108
2026-07-15,capital-tankers-corp-capt-merk,CAPT.OL,129.82000732421875,129.0,126.796875,149776
2026-07-16,capital-tankers-corp-capt-merk,CAPT.OL,129.0,126.31999969482422,124.16265106201172,91650
2026-07-17,capital-tankers-corp-capt-merk,CAPT.OL,126.0,122.5,120.40789031982422,147367
2026-07-20,capital-tankers-corp-capt-merk,CAPT.OL,124.95999908447266,121.95999908447266,119.87711334228516,90181
2026-07-21,capital-tankers-corp-capt-merk,CAPT.OL,123.0,122.72000122070312,120.62413024902344,86565
2026-07-22,capital-tankers-corp-capt-merk,CAPT.OL,124.5,125.30000305175781,123.16007232666016,79019
2026-07-23,capital-tankers-corp-capt-merk,CAPT.OL,126.0,124.04000091552734,121.92158508300781,60234
2026-07-24,capital-tankers-corp-capt-merk,CAPT.OL,124.0999984741211,124.58000183105469,122.4523696899414,61397
2026-07-27,capital-tankers-corp-capt-merk,CAPT.OL,125.5,125.0,122.86519622802734,185956
2026-07-28,capital-tankers-corp-capt-merk,CAPT.OL,125.5,127.81999969482422,125.63703155517578,214260
2026-07-29,capital-tankers-corp-capt-merk,CAPT.OL,129.05999755859375,127.73999786376953,125.55839538574219,200595
2026-07-30,capital-tankers-corp-capt-merk,CAPT.OL,128.22000122070312,126.80000305175781,124.63445281982422,139063
2026-07-31,capital-tankers-corp-capt-merk,CAPT.OL,126.9800033569336,128.02000427246094,125.8336181640625,77780
2026-08-03,capital-tankers-corp-capt-merk,CAPT.OL,128.27999877929688,130.0399932861328,127.81910705566406,100236
2026-08-04,capital-tankers-corp-capt-merk,CAPT.OL,131.8000030517578,132.13999938964844,129.8832550048828,177796
2026-08-05,capital-tankers-corp-capt-merk,CAPT.OL,134.0,129.5399932861328,127.32765197753906,188115
2026-08-06,capital-tankers-corp-capt-merk,CAPT.OL,129.17999267578125,134.22000122070312,131.927734375,156317
2026-08-07,capital-tankers-corp-capt-merk,CAPT.OL,133.39999389648438,132.27999877929688,130.02085876464844,126479
2026-08-10,capital-tankers-corp-capt-merk,CAPT.OL,133.10000610351562,133.86000061035156,131.57388305664062,82058
2026-08-11,capital-tankers-corp-capt-merk,CAPT.OL,133.16000366210938,133.9600067138672,131.67218017578125,117017
2026-08-12,capital-tankers-corp-capt-merk,CAPT.OL,133.5,135.8000030517578,133.48074340820312,116245
2026-08-13,capital-tankers-corp-capt-merk,CAPT.OL,136.0,138.02000427246094,135.662841796875,265142
2026-08-14,capital-tankers-corp-capt-merk,CAPT.OL,138.0,138.5,136.13462829589844,197293
2026-08-17,capital-tankers-corp-capt-merk,CAPT.OL,138.5,141.9600067138672,139.53555297851562,202156
2026-08-18,capital-tankers-corp-capt-merk,CAPT.OL,142.0,147.1999969482422,144.68605041503906,362208
2026-08-19,capital-tankers-corp-capt-merk,CAPT.OL,148.5,154.25999450683594,151.62547302246094,336106
2026-08-20,capital-tankers-corp-capt-merk,CAPT.OL,151.82000732421875,154.17999267578125,151.5468292236328,375534
2026-08-21,capital-tankers-corp-capt-merk,CAPT.OL,152.8800048828125,157.0,154.3186798095703,463890
2026-08-24,capital-tankers-corp-capt-merk,CAPT.OL,157.0,154.77999877929688,152.1365966796875,155480
2026-08-25,capital-tankers-corp-capt-merk,CAPT.OL,155.5800018310547,153.83999633789062,151.212646484375,192219
2026-08-26,capital-tankers-corp-capt-merk,CAPT.OL,153.74000549316406,147.94000244140625,145.41342163085938,192218
2026-08-27,capital-tankers-corp-capt-merk,CAPT.OL,150.0,150.3800048828125,147.81175231933594,219366
2026-08-28,capital-tankers-corp-capt-merk,CAPT.OL,152.0,154.16000366210938,151.52719116210938,388528
2026-08-31,capital-tankers-corp-capt-merk,CAPT.OL,155.9600067138672,159.22000122070312,156.50076293945312,460053
2026-09-01,capital-tankers-corp-capt-merk,CAPT.OL,159.9199981689453,157.0,154.3186798095703,558331
2026-09-02,capital-tankers-corp-capt-merk,CAPT.OL,160.3800048828125,160.0,157.26744079589844,481782
2026-09-03,capital-tankers-corp-capt-merk,CAPT.OL,160.6199951171875,164.5,161.6905975341797,335633
2026-09-04,capital-tankers-corp-capt-merk,CAPT.OL,165.89999389648438,172.94000244140625,169.9864501953125,581026
2026-09-07,capital-tankers-corp-capt-merk,CAPT.OL,174.1999969482422,172.52000427246094,169.57362365722656,310037
2026-09-08,capital-tankers-corp-capt-merk,CAPT.OL,173.0,172.1999969482422,169.2590789794922,260762
2026-09-09,capital-tankers-corp-capt-merk,CAPT.OL,173.47999572753906,175.66000366210938,172.66000366210938,266835
2026-09-10,capital-tankers-corp-capt-merk,CAPT.OL,173.4600067138672,171.0,171.0,237992
2026-09-11,capital-tankers-corp-capt-merk,CAPT.OL,172.1199951171875,175.5399932861328,175.5399932861328,329814
2026-09-14,capital-tankers-corp-capt-merk,CAPT.OL,177.25999450683594,175.1999969482422,175.1999969482422,342999
2026-09-15,capital-tankers-corp-capt-merk,CAPT.OL,176.0,182.44000244140625,182.44000244140625,953092
2026-09-16,capital-tankers-corp-capt-merk,CAPT.OL,184.0,187.39999389648438,187.39999389648438,470546
2026-09-17,capital-tankers-corp-capt-merk,CAPT.OL,188.24000549316406,187.52000427246094,187.52000427246094,425942
2026-09-18,capital-tankers-corp-capt-merk,CAPT.OL,187.6999969482422,185.52000427246094,185.52000427246094,420211
2026-09-21,capital-tankers-corp-capt-merk,CAPT.OL,188.3800048828125,181.0800018310547,181.0800018310547,230467
2026-09-22,capital-tankers-corp-capt-merk,CAPT.OL,178.3800048828125,174.44000244140625,174.44000244140625,523122
2026-09-23,capital-tankers-corp-capt-merk,CAPT.OL,173.0,175.0,175.0,301674
2026-09-24,capital-tankers-corp-capt-merk,CAPT.OL,176.8800048828125,172.5,172.5,257078
2026-09-25,capital-tankers-corp-capt-merk,CAPT.OL,172.5,168.5,168.5,571879
2026-09-28,capital-tankers-corp-capt-merk,CAPT.OL,169.60000610351562,173.0,173.0,137621
2026-09-29,capital-tankers-corp-capt-merk,CAPT.OL,172.13999938964844,171.5399932861328,171.5399932861328,84386
2026-09-30,capital-tankers-corp-capt-merk,CAPT.OL,172.5,173.72000122070312,173.72000122070312,259540
2026-10-01,capital-tankers-corp-capt-merk,CAPT.OL,175.0,178.36000061035156,178.36000061035156,248577
2026-10-02,capital-tankers-corp-capt-merk,CAPT.OL,179.4600067138672,184.5,184.5,514291
2026-10-05,capital-tankers-corp-capt-merk,CAPT.OL,191.0,193.0,193.0,668828
2026-10-06,capital-tankers-corp-capt-merk,CAPT.OL,195.0,188.0,188.0,641338
2026-10-07,capital-tankers-corp-capt-merk,CAPT.OL,191.0,191.3000030517578,191.3000030517578,630875
2026-10-08,capital-tankers-corp-capt-merk,CAPT.OL,192.0,194.97999572753906,194.97999572753906,616231
2026-07-13,circio-holding-crna-xosl,CRNA.OL,7.349999904632568,7.349999904632568,7.349999904632568,3432684
2026-07-14,circio-holding-crna-xosl,CRNA.OL,7.449999809265137,7.5,7.5,2016753
2026-07-15,circio-holding-crna-xosl,CRNA.OL,7.550000190734863,7.539999961853027,7.539999961853027,1557727
2026-07-16,circio-holding-crna-xosl,CRNA.OL,7.650000095367432,7.489999771118164,7.489999771118164,3554783
2026-07-17,circio-holding-crna-xosl,CRNA.OL,7.5,7.71999979019165,7.71999979019165,2311704
2026-07-20,circio-holding-crna-xosl,CRNA.OL,7.800000190734863,8.210000038146973,8.210000038146973,3220159
2026-07-21,circio-holding-crna-xosl,CRNA.OL,8.399999618530273,8.630000114440918,8.630000114440918,7172312
2026-07-22,circio-holding-crna-xosl,CRNA.OL,8.699999809265137,8.75,8.75,5491235
2026-07-23,circio-holding-crna-xosl,CRNA.OL,8.75,8.899999618530273,8.899999618530273,2277238
2026-07-24,circio-holding-crna-xosl,CRNA.OL,8.800000190734863,9.25,9.25,6181045
2026-07-27,circio-holding-crna-xosl,CRNA.OL,9.300000190734863,9.359999656677246,9.359999656677246,5941579
2026-07-28,circio-holding-crna-xosl,CRNA.OL,9.359999656677246,8.970000267028809,8.970000267028809,5079477
2026-07-29,circio-holding-crna-xosl,CRNA.OL,9.0,8.649999618530273,8.649999618530273,3294210
2026-07-30,circio-holding-crna-xosl,CRNA.OL,8.510000228881836,8.460000038146973,8.460000038146973,2942912
2026-07-31,circio-holding-crna-xosl,CRNA.OL,8.5,8.199999809265137,8.199999809265137,6310777
2026-08-03,circio-holding-crna-xosl,CRNA.OL,8.300000190734863,8.239999771118164,8.239999771118164,3435860
2026-08-04,circio-holding-crna-xosl,CRNA.OL,8.239999771118164,8.880000114440918,8.880000114440918,6217676
2026-08-05,circio-holding-crna-xosl,CRNA.OL,8.869999885559082,8.229999542236328,8.229999542236328,5774974
2026-08-06,circio-holding-crna-xosl,CRNA.OL,8.3100004196167,8.699999809265137,8.699999809265137,7888305
2026-08-07,circio-holding-crna-xosl,CRNA.OL,8.720000267028809,8.770000457763672,8.770000457763672,2209103
2026-08-10,circio-holding-crna-xosl,CRNA.OL,8.579999923706055,8.800000190734863,8.800000190734863,3435895
2026-08-11,circio-holding-crna-xosl,CRNA.OL,8.84000015258789,9.180000305175781,9.180000305175781,4913207
2026-08-12,circio-holding-crna-xosl,CRNA.OL,9.220000267028809,9.4399995803833,9.4399995803833,4753930
2026-08-13,circio-holding-crna-xosl,CRNA.OL,9.460000038146973,9.130000114440918,9.130000114440918,4917446
2026-08-14,circio-holding-crna-xosl,CRNA.OL,9.130000114440918,8.899999618530273,8.899999618530273,2435422
2026-08-17,circio-holding-crna-xosl,CRNA.OL,8.880000114440918,8.699999809265137,8.699999809265137,2398991
2026-08-18,circio-holding-crna-xosl,CRNA.OL,8.710000038146973,8.510000228881836,8.510000228881836,2227546
2026-08-19,circio-holding-crna-xosl,CRNA.OL,8.550000190734863,8.649999618530273,8.649999618530273,11663619
2026-08-20,circio-holding-crna-xosl,CRNA.OL,8.760000228881836,8.529999732971191,8.529999732971191,4446034
2026-08-21,circio-holding-crna-xosl,CRNA.OL,8.600000381469727,9.180000305175781,9.180000305175781,7500470
2026-08-24,circio-holding-crna-xosl,CRNA.OL,9.34000015258789,10.920000076293945,10.920000076293945,16574054
2026-08-25,circio-holding-crna-xosl,CRNA.OL,11.319999694824219,11.920000076293945,11.920000076293945,15866112
2026-08-26,circio-holding-crna-xosl,CRNA.OL,12.260000228881836,13.079999923706055,13.079999923706055,18443468
2026-08-27,circio-holding-crna-xosl,CRNA.OL,13.140000343322754,14.15999984741211,14.15999984741211,17739340
2026-08-28,circio-holding-crna-xosl,CRNA.OL,14.100000381469727,13.199999809265137,13.199999809265137,21745963
2026-08-31,circio-holding-crna-xosl,CRNA.OL,13.600000381469727,12.920000076293945,12.920000076293945,8967198
2026-09-01,circio-holding-crna-xosl,CRNA.OL,13.760000228881836,12.140000343322754,12.140000343322754,41859776
2026-09-02,circio-holding-crna-xosl,CRNA.OL,12.15999984741211,12.140000343322754,12.140000343322754,21106493
2026-09-03,circio-holding-crna-xosl,CRNA.OL,11.960000038146973,12.199999809265137,12.199999809265137,13089208
2026-09-04,circio-holding-crna-xosl,CRNA.OL,12.319999694824219,12.9399995803833,12.9399995803833,14153698
2026-09-07,circio-holding-crna-xosl,CRNA.OL,13.079999923706055,13.239999771118164,13.239999771118164,8551271
2026-09-08,circio-holding-crna-xosl,CRNA.OL,13.420000076293945,13.319999694824219,13.319999694824219,10294871
2026-09-09,circio-holding-crna-xosl,CRNA.OL,13.380000114440918,12.979999542236328,12.979999542236328,2983578
2026-09-10,circio-holding-crna-xosl,CRNA.OL,13.260000228881836,12.9399995803833,12.9399995803833,6260067
2026-09-11,circio-holding-crna-xosl,CRNA.OL,12.819999694824219,12.760000228881836,12.760000228881836,3271926
2026-09-14,circio-holding-crna-xosl,CRNA.OL,12.619999885559082,13.399999618530273,13.399999618530273,7403101
2026-09-15,circio-holding-crna-xosl,CRNA.OL,12.0,11.699999809265137,11.699999809265137,32179316
2026-09-16,circio-holding-crna-xosl,CRNA.OL,11.699999809265137,11.4399995803833,11.4399995803833,9910646
2026-09-17,circio-holding-crna-xosl,CRNA.OL,11.420000076293945,11.880000114440918,11.880000114440918,6565188
2026-09-18,circio-holding-crna-xosl,CRNA.OL,11.9399995803833,11.819999694824219,11.819999694824219,16019310
2026-09-21,circio-holding-crna-xosl,CRNA.OL,11.65999984741211,10.9399995803833,10.9399995803833,4903388
2026-09-22,circio-holding-crna-xosl,CRNA.OL,10.880000114440918,10.479999542236328,10.479999542236328,10242365
2026-09-23,circio-holding-crna-xosl,CRNA.OL,10.380000114440918,10.5600004196167,10.5600004196167,5836833
2026-09-24,circio-holding-crna-xosl,CRNA.OL,10.65999984741211,10.34000015258789,10.34000015258789,4927209
2026-09-25,circio-holding-crna-xosl,CRNA.OL,10.319999694824219,10.15999984741211,10.15999984741211,3953975
2026-09-28,circio-holding-crna-xosl,CRNA.OL,10.199999809265137,10.760000228881836,10.760000228881836,5228967
2026-09-29,circio-holding-crna-xosl,CRNA.OL,10.84000015258789,11.100000381469727,11.100000381469727,4658904
2026-09-30,circio-holding-crna-xosl,CRNA.OL,11.0600004196167,11.079999923706055,11.079999923706055,3857501
2026-10-01,circio-holding-crna-xosl,CRNA.OL,11.140000343322754,10.420000076293945,10.420000076293945,3701045
2026-10-02,circio-holding-crna-xosl,CRNA.OL,10.380000114440918,10.699999809265137,10.699999809265137,3331000
2026-10-05,circio-holding-crna-xosl,CRNA.OL,10.920000076293945,11.239999771118164,11.239999771118164,3643493
2026-10-06,circio-holding-crna-xosl,CRNA.OL,11.359999656677246,11.760000228881836,11.760000228881836,4264778
2026-10-07,circio-holding-crna-xosl,CRNA.OL,11.739999771118164,11.279999732971191,11.279999732971191,3313396
2026-10-08,circio-holding-crna-xosl,CRNA.OL,11.140000343322754,10.880000114440918,10.880000114440918,1883837
2026-07-13,cloudberry-clean-energy-cloud-xosl,CLOUD.OL,12.779999732971191,13.0,13.0,36279
2026-07-14,cloudberry-clean-energy-cloud-xosl,CLOUD.OL,12.9399995803833,12.800000190734863,12.800000190734863,34212
2026-07-15,cloudberry-clean-energy-cloud-xosl,CLOUD.OL,12.5600004196167,13.079999923706055,13.079999923706055,66951
2026-07-16,cloudberry-clean-energy-cloud-xosl,CLOUD.OL,12.739999771118164,12.800000190734863,12.800000190734863,77758
2026-07-17,cloudberry-clean-energy-cloud-xosl,CLOUD.OL,12.119999885559082,13.0,13.0,119855
2026-07-20,cloudberry-clean-energy-cloud-xosl,CLOUD.OL,12.619999885559082,13.0,13.0,96166
2026-07-21,cloudberry-clean-energy-cloud-xosl,CLOUD.OL,12.859999656677246,12.9399995803833,12.9399995803833,144433
2026-07-22,cloudberry-clean-energy-cloud-xosl,CLOUD.OL,12.65999984741211,13.0,13.0,52997
2026-07-23,cloudberry-clean-energy-cloud-xosl,CLOUD.OL,13.039999961853027,12.960000038146973,12.960000038146973,85446
2026-07-24,cloudberry-clean-energy-cloud-xosl,CLOUD.OL,12.859999656677246,12.84000015258789,12.84000015258789,30539
2026-07-27,cloudberry-clean-energy-cloud-xosl,CLOUD.OL,12.800000190734863,12.899999618530273,12.899999618530273,39620
2026-07-28,cloudberry-clean-energy-cloud-xosl,CLOUD.OL,12.800000190734863,12.84000015258789,12.84000015258789,73547
2026-07-29,cloudberry-clean-energy-cloud-xosl,CLOUD.OL,12.84000015258789,13.0,13.0,58623
2026-07-30,cloudberry-clean-energy-cloud-xosl,CLOUD.OL,12.600000381469727,13.100000381469727,13.100000381469727,234972
2026-07-31,cloudberry-clean-energy-cloud-xosl,CLOUD.OL,12.600000381469727,13.0600004196167,13.0600004196167,192738
2026-08-03,cloudberry-clean-energy-cloud-xosl,CLOUD.OL,12.84000015258789,13.199999809265137,13.199999809265137,137617
2026-08-04,cloudberry-clean-energy-cloud-xosl,CLOUD.OL,13.239999771118164,13.260000228881836,13.260000228881836,116083
2026-08-05,cloudberry-clean-energy-cloud-xosl,CLOUD.OL,13.399999618530273,13.180000305175781,13.180000305175781,20028
2026-08-06,cloudberry-clean-energy-cloud-xosl,CLOUD.OL,13.199999809265137,13.180000305175781,13.180000305175781,32460
2026-08-07,cloudberry-clean-energy-cloud-xosl,CLOUD.OL,12.899999618530273,12.979999542236328,12.979999542236328,69657
2026-08-10,cloudberry-clean-energy-cloud-xosl,CLOUD.OL,13.100000381469727,13.100000381469727,13.100000381469727,75034
2026-08-11,cloudberry-clean-energy-cloud-xosl,CLOUD.OL,13.100000381469727,13.140000343322754,13.140000343322754,107856
2026-08-12,cloudberry-clean-energy-cloud-xosl,CLOUD.OL,13.260000228881836,13.079999923706055,13.079999923706055,134455
2026-08-13,cloudberry-clean-energy-cloud-xosl,CLOUD.OL,13.100000381469727,13.100000381469727,13.100000381469727,48841
2026-08-14,cloudberry-clean-energy-cloud-xosl,CLOUD.OL,13.0,13.279999732971191,13.279999732971191,683147
2026-08-17,cloudberry-clean-energy-cloud-xosl,CLOUD.OL,13.380000114440918,13.539999961853027,13.539999961853027,185820
2026-08-18,cloudberry-clean-energy-cloud-xosl,CLOUD.OL,13.520000457763672,13.680000305175781,13.680000305175781,87078
2026-08-19,cloudberry-clean-energy-cloud-xosl,CLOUD.OL,13.680000305175781,13.739999771118164,13.739999771118164,194951
2026-08-20,cloudberry-clean-energy-cloud-xosl,CLOUD.OL,13.600000381469727,13.260000228881836,13.260000228881836,133091
2026-08-21,cloudberry-clean-energy-cloud-xosl,CLOUD.OL,13.739999771118164,13.479999542236328,13.479999542236328,259411
2026-08-24,cloudberry-clean-energy-cloud-xosl,CLOUD.OL,13.739999771118164,13.479999542236328,13.479999542236328,82947
2026-08-25,cloudberry-clean-energy-cloud-xosl,CLOUD.OL,13.520000457763672,13.539999961853027,13.539999961853027,81737
2026-08-26,cloudberry-clean-energy-cloud-xosl,CLOUD.OL,13.739999771118164,13.539999961853027,13.539999961853027,68620
2026-08-27,cloudberry-clean-energy-cloud-xosl,CLOUD.OL,13.579999923706055,13.539999961853027,13.539999961853027,58583
2026-08-28,cloudberry-clean-energy-cloud-xosl,CLOUD.OL,13.5600004196167,13.539999961853027,13.539999961853027,544564
2026-08-31,cloudberry-clean-energy-cloud-xosl,CLOUD.OL,12.600000381469727,13.399999618530273,13.399999618530273,249053
2026-09-01,cloudberry-clean-energy-cloud-xosl,CLOUD.OL,13.399999618530273,13.380000114440918,13.380000114440918,140260
2026-09-02,cloudberry-clean-energy-cloud-xosl,CLOUD.OL,13.380000114440918,13.5,13.5,445453
2026-09-03,cloudberry-clean-energy-cloud-xosl,CLOUD.OL,13.479999542236328,13.4399995803833,13.4399995803833,257167
2026-09-04,cloudberry-clean-energy-cloud-xosl,CLOUD.OL,13.199999809265137,13.479999542236328,13.479999542236328,1152943
2026-09-07,cloudberry-clean-energy-cloud-xosl,CLOUD.OL,13.4399995803833,13.319999694824219,13.319999694824219,134536
2026-09-08,cloudberry-clean-energy-cloud-xosl,CLOUD.OL,13.300000190734863,13.300000190734863,13.300000190734863,138916
2026-09-09,cloudberry-clean-energy-cloud-xosl,CLOUD.OL,13.300000190734863,13.020000457763672,13.020000457763672,399600
2026-09-10,cloudberry-clean-energy-cloud-xosl,CLOUD.OL,12.920000076293945,13.0600004196167,13.0600004196167,281649
2026-09-11,cloudberry-clean-energy-cloud-xosl,CLOUD.OL,13.5,13.039999961853027,13.039999961853027,134045
2026-09-14,cloudberry-clean-energy-cloud-xosl,CLOUD.OL,12.920000076293945,12.760000228881836,12.760000228881836,118994
2026-09-15,cloudberry-clean-energy-cloud-xosl,CLOUD.OL,12.680000305175781,12.640000343322754,12.640000343322754,450268
2026-09-16,cloudberry-clean-energy-cloud-xosl,CLOUD.OL,12.699999809265137,12.84000015258789,12.84000015258789,2097094
2026-09-17,cloudberry-clean-energy-cloud-xosl,CLOUD.OL,12.859999656677246,12.479999542236328,12.479999542236328,1558330
2026-09-18,cloudberry-clean-energy-cloud-xosl,CLOUD.OL,12.5,11.800000190734863,11.800000190734863,3912621
2026-09-21,cloudberry-clean-energy-cloud-xosl,CLOUD.OL,11.979999542236328,11.760000228881836,11.760000228881836,547370
2026-09-22,cloudberry-clean-energy-cloud-xosl,CLOUD.OL,11.760000228881836,11.65999984741211,11.65999984741211,761128
2026-09-23,cloudberry-clean-energy-cloud-xosl,CLOUD.OL,11.699999809265137,11.699999809265137,11.699999809265137,219045
2026-09-24,cloudberry-clean-energy-cloud-xosl,CLOUD.OL,11.520000457763672,11.699999809265137,11.699999809265137,629987
2026-09-25,cloudberry-clean-energy-cloud-xosl,CLOUD.OL,12.300000190734863,11.520000457763672,11.520000457763672,137567
2026-09-28,cloudberry-clean-energy-cloud-xosl,CLOUD.OL,11.800000190734863,11.380000114440918,11.380000114440918,131852
2026-09-29,cloudberry-clean-energy-cloud-xosl,CLOUD.OL,11.380000114440918,11.760000228881836,11.760000228881836,356712
2026-09-30,cloudberry-clean-energy-cloud-xosl,CLOUD.OL,11.760000228881836,11.84000015258789,11.84000015258789,653513
2026-10-01,cloudberry-clean-energy-cloud-xosl,CLOUD.OL,11.779999732971191,11.84000015258789,11.84000015258789,685900
2026-10-02,cloudberry-clean-energy-cloud-xosl,CLOUD.OL,11.859999656677246,11.819999694824219,11.819999694824219,164064
2026-10-05,cloudberry-clean-energy-cloud-xosl,CLOUD.OL,11.84000015258789,11.720000267028809,11.720000267028809,170089
2026-10-06,cloudberry-clean-energy-cloud-xosl,CLOUD.OL,11.420000076293945,11.739999771118164,11.739999771118164,139539
2026-10-07,cloudberry-clean-energy-cloud-xosl,CLOUD.OL,11.720000267028809,11.5,11.5,157845
2026-10-08,cloudberry-clean-energy-cloud-xosl,CLOUD.OL,11.5,11.4399995803833,11.4399995803833,118807
2026-07-13,cmb0tech-nv-cmbto-xosl,CMBTO.OL,151.39999389648438,151.0,151.0,273241
2026-07-14,cmb0tech-nv-cmbto-xosl,CMBTO.OL,152.0,153.8000030517578,153.8000030517578,130673
2026-07-15,cmb0tech-nv-cmbto-xosl,CMBTO.OL,154.8000030517578,150.1999969482422,150.1999969482422,108724
2026-07-16,cmb0tech-nv-cmbto-xosl,CMBTO.OL,150.1999969482422,150.8000030517578,150.8000030517578,119228
2026-07-17,cmb0tech-nv-cmbto-xosl,CMBTO.OL,150.39999389648438,146.0,146.0,140912
2026-07-20,cmb0tech-nv-cmbto-xosl,CMBTO.OL,140.1999969482422,147.1999969482422,147.1999969482422,223027
2026-07-21,cmb0tech-nv-cmbto-xosl,CMBTO.OL,146.60000610351562,149.1999969482422,149.1999969482422,130962
2026-07-22,cmb0tech-nv-cmbto-xosl,CMBTO.OL,148.39999389648438,147.39999389648438,147.39999389648438,110091
2026-07-23,cmb0tech-nv-cmbto-xosl,CMBTO.OL,147.1999969482422,150.39999389648438,150.39999389648438,114705
2026-07-24,cmb0tech-nv-cmbto-xosl,CMBTO.OL,151.39999389648438,152.8000030517578,152.8000030517578,108167
2026-07-27,cmb0tech-nv-cmbto-xosl,CMBTO.OL,152.60000610351562,147.60000610351562,147.60000610351562,209424
2026-07-28,cmb0tech-nv-cmbto-xosl,CMBTO.OL,147.1999969482422,149.39999389648438,149.39999389648438,115642
2026-07-29,cmb0tech-nv-cmbto-xosl,CMBTO.OL,150.60000610351562,149.60000610351562,149.60000610351562,245042
2026-07-30,cmb0tech-nv-cmbto-xosl,CMBTO.OL,150.1999969482422,152.39999389648438,152.39999389648438,188980
2026-07-31,cmb0tech-nv-cmbto-xosl,CMBTO.OL,153.1999969482422,154.0,154.0,307738
2026-08-03,cmb0tech-nv-cmbto-xosl,CMBTO.OL,153.0,155.1999969482422,155.1999969482422,292630
2026-08-04,cmb0tech-nv-cmbto-xosl,CMBTO.OL,155.8000030517578,154.60000610351562,154.60000610351562,265879
2026-08-05,cmb0tech-nv-cmbto-xosl,CMBTO.OL,155.0,153.8000030517578,153.8000030517578,518195
2026-08-06,cmb0tech-nv-cmbto-xosl,CMBTO.OL,153.0,157.60000610351562,157.60000610351562,400953
2026-08-07,cmb0tech-nv-cmbto-xosl,CMBTO.OL,156.8000030517578,154.8000030517578,154.8000030517578,361300
2026-08-10,cmb0tech-nv-cmbto-xosl,CMBTO.OL,155.0,156.60000610351562,156.60000610351562,280118
2026-08-11,cmb0tech-nv-cmbto-xosl,CMBTO.OL,154.60000610351562,155.8000030517578,155.8000030517578,815176
2026-08-12,cmb0tech-nv-cmbto-xosl,CMBTO.OL,156.60000610351562,158.39999389648438,158.39999389648438,525348
2026-08-13,cmb0tech-nv-cmbto-xosl,CMBTO.OL,159.60000610351562,161.8000030517578,161.8000030517578,317942
2026-08-14,cmb0tech-nv-cmbto-xosl,CMBTO.OL,160.8000030517578,162.8000030517578,162.8000030517578,211206
2026-08-17,cmb0tech-nv-cmbto-xosl,CMBTO.OL,163.8000030517578,164.60000610351562,164.60000610351562,209437
2026-08-18,cmb0tech-nv-cmbto-xosl,CMBTO.OL,164.60000610351562,162.60000610351562,162.60000610351562,197266
2026-08-19,cmb0tech-nv-cmbto-xosl,CMBTO.OL,162.60000610351562,166.60000610351562,166.60000610351562,397897
2026-08-20,cmb0tech-nv-cmbto-xosl,CMBTO.OL,167.1999969482422,164.39999389648438,164.39999389648438,181974
2026-08-21,cmb0tech-nv-cmbto-xosl,CMBTO.OL,165.8000030517578,171.60000610351562,171.60000610351562,284463
2026-08-24,cmb0tech-nv-cmbto-xosl,CMBTO.OL,168.1999969482422,169.0,169.0,271787
2026-08-25,cmb0tech-nv-cmbto-xosl,CMBTO.OL,169.39999389648438,169.1999969482422,169.1999969482422,292108
2026-08-26,cmb0tech-nv-cmbto-xosl,CMBTO.OL,169.0,167.8000030517578,167.8000030517578,492821
2026-08-27,cmb0tech-nv-cmbto-xosl,CMBTO.OL,169.8000030517578,171.60000610351562,171.60000610351562,505895
2026-08-28,cmb0tech-nv-cmbto-xosl,CMBTO.OL,171.1999969482422,171.8000030517578,171.8000030517578,297706
2026-08-31,cmb0tech-nv-cmbto-xosl,CMBTO.OL,173.1999969482422,173.8000030517578,173.8000030517578,327311
2026-09-01,cmb0tech-nv-cmbto-xosl,CMBTO.OL,172.0,172.0,172.0,431892
2026-09-02,cmb0tech-nv-cmbto-xosl,CMBTO.OL,173.1999969482422,173.1999969482422,173.1999969482422,611795
2026-09-03,cmb0tech-nv-cmbto-xosl,CMBTO.OL,175.8000030517578,176.1999969482422,176.1999969482422,497906
2026-09-04,cmb0tech-nv-cmbto-xosl,CMBTO.OL,173.8000030517578,182.39999389648438,182.39999389648438,668615
2026-09-07,cmb0tech-nv-cmbto-xosl,CMBTO.OL,184.0,181.39999389648438,181.39999389648438,289837
2026-09-08,cmb0tech-nv-cmbto-xosl,CMBTO.OL,180.0,179.60000610351562,179.60000610351562,636070
2026-09-09,cmb0tech-nv-cmbto-xosl,CMBTO.OL,178.0,176.8000030517578,176.8000030517578,321277
2026-09-10,cmb0tech-nv-cmbto-xosl,CMBTO.OL,178.0,179.39999389648438,179.39999389648438,265058
2026-09-11,cmb0tech-nv-cmbto-xosl,CMBTO.OL,178.0,181.0,181.0,221256
2026-09-14,cmb0tech-nv-cmbto-xosl,CMBTO.OL,180.39999389648438,180.39999389648438,180.39999389648438,217314
2026-09-15,cmb0tech-nv-cmbto-xosl,CMBTO.OL,179.60000610351562,182.0,182.0,268985
2026-09-16,cmb0tech-nv-cmbto-xosl,CMBTO.OL,182.8000030517578,185.60000610351562,185.60000610351562,280710
2026-09-17,cmb0tech-nv-cmbto-xosl,CMBTO.OL,186.1999969482422,194.8000030517578,194.8000030517578,727494
2026-09-18,cmb0tech-nv-cmbto-xosl,CMBTO.OL,192.8000030517578,191.8000030517578,191.8000030517578,256556
2026-09-21,cmb0tech-nv-cmbto-xosl,CMBTO.OL,192.0,190.0,190.0,350466
2026-09-22,cmb0tech-nv-cmbto-xosl,CMBTO.OL,186.39999389648438,184.60000610351562,184.60000610351562,504617
2026-09-23,cmb0tech-nv-cmbto-xosl,CMBTO.OL,183.60000610351562,181.1999969482422,181.1999969482422,278542
2026-09-24,cmb0tech-nv-cmbto-xosl,CMBTO.OL,181.0,183.39999389648438,183.39999389648438,226585
2026-09-25,cmb0tech-nv-cmbto-xosl,CMBTO.OL,182.8000030517578,180.39999389648438,180.39999389648438,284425
2026-09-28,cmb0tech-nv-cmbto-xosl,CMBTO.OL,181.1999969482422,183.39999389648438,183.39999389648438,303928
2026-09-29,cmb0tech-nv-cmbto-xosl,CMBTO.OL,179.60000610351562,181.39999389648438,181.39999389648438,216264
2026-09-30,cmb0tech-nv-cmbto-xosl,CMBTO.OL,180.39999389648438,184.1999969482422,184.1999969482422,421562
2026-10-01,cmb0tech-nv-cmbto-xosl,CMBTO.OL,182.0,186.8000030517578,186.8000030517578,443839
2026-10-02,cmb0tech-nv-cmbto-xosl,CMBTO.OL,188.0,188.39999389648438,188.39999389648438,360370
2026-10-05,cmb0tech-nv-cmbto-xosl,CMBTO.OL,189.60000610351562,189.1999969482422,189.1999969482422,403463
2026-10-06,cmb0tech-nv-cmbto-xosl,CMBTO.OL,191.39999389648438,189.0,189.0,224848
2026-10-07,cmb0tech-nv-cmbto-xosl,CMBTO.OL,189.0,192.0,192.0,435841
2026-10-08,cmb0tech-nv-cmbto-xosl,CMBTO.OL,191.60000610351562,196.39999389648438,196.39999389648438,511558
2026-07-13,constellation-oil-services-holding-cosh-xosl,COSH.OL,134.0,134.0,131.33770751953125,30918
2026-07-14,constellation-oil-services-holding-cosh-xosl,COSH.OL,136.0,135.0,132.31784057617188,22946
2026-07-15,constellation-oil-services-holding-cosh-xosl,COSH.OL,136.0,134.0,131.33770751953125,45324
2026-07-16,constellation-oil-services-holding-cosh-xosl,COSH.OL,134.0,132.0,129.37744140625,42300
2026-07-17,constellation-oil-services-holding-cosh-xosl,COSH.OL,132.0,132.0,129.37744140625,54794
2026-07-20,constellation-oil-services-holding-cosh-xosl,COSH.OL,132.0,132.0,129.37744140625,84638
2026-07-21,constellation-oil-services-holding-cosh-xosl,COSH.OL,133.0,135.0,132.31784057617188,129279
2026-07-22,constellation-oil-services-holding-cosh-xosl,COSH.OL,136.0,138.0,135.2582244873047,86393
2026-07-23,constellation-oil-services-holding-cosh-xosl,COSH.OL,139.0,140.0,137.21849060058594,182802
2026-07-24,constellation-oil-services-holding-cosh-xosl,COSH.OL,141.0,142.0,139.1787567138672,148092
2026-07-27,constellation-oil-services-holding-cosh-xosl,COSH.OL,142.0,139.0,136.2383575439453,130787
2026-07-28,constellation-oil-services-holding-cosh-xosl,COSH.OL,141.0,140.0,137.21849060058594,149661
2026-07-29,constellation-oil-services-holding-cosh-xosl,COSH.OL,139.0,140.0,137.21849060058594,146275
2026-07-30,constellation-oil-services-holding-cosh-xosl,COSH.OL,140.0,139.0,136.2383575439453,309442
2026-07-31,constellation-oil-services-holding-cosh-xosl,COSH.OL,139.0,140.0,137.21849060058594,71628
2026-08-03,constellation-oil-services-holding-cosh-xosl,COSH.OL,138.0,138.0,135.2582244873047,70268
2026-08-04,constellation-oil-services-holding-cosh-xosl,COSH.OL,138.0,137.0,134.27809143066406,84715
2026-08-05,constellation-oil-services-holding-cosh-xosl,COSH.OL,137.0,137.0,134.27809143066406,69211
2026-08-06,constellation-oil-services-holding-cosh-xosl,COSH.OL,138.0,137.0,134.27809143066406,34635
2026-08-07,constellation-oil-services-holding-cosh-xosl,COSH.OL,137.0,136.0,133.2979736328125,86617
2026-08-10,constellation-oil-services-holding-cosh-xosl,COSH.OL,137.0,137.0,134.27809143066406,1636479
2026-08-11,constellation-oil-services-holding-cosh-xosl,COSH.OL,136.0,136.0,133.2979736328125,218034
2026-08-12,constellation-oil-services-holding-cosh-xosl,COSH.OL,137.0,137.0,134.27809143066406,96257
2026-08-13,constellation-oil-services-holding-cosh-xosl,COSH.OL,137.0,137.0,134.27809143066406,177168
2026-08-14,constellation-oil-services-holding-cosh-xosl,COSH.OL,137.0,138.0,135.2582244873047,99892
2026-08-17,constellation-oil-services-holding-cosh-xosl,COSH.OL,139.0,138.0,135.2582244873047,241311
2026-08-18,constellation-oil-services-holding-cosh-xosl,COSH.OL,138.0,138.0,135.2582244873047,102376
2026-08-19,constellation-oil-services-holding-cosh-xosl,COSH.OL,138.0,137.0,134.27809143066406,216436
2026-08-20,constellation-oil-services-holding-cosh-xosl,COSH.OL,138.0,137.0,134.27809143066406,343601
2026-08-21,constellation-oil-services-holding-cosh-xosl,COSH.OL,138.0,137.0,134.27809143066406,720319
2026-08-24,constellation-oil-services-holding-cosh-xosl,COSH.OL,137.0,139.0,136.2383575439453,131927
2026-08-25,constellation-oil-services-holding-cosh-xosl,COSH.OL,132.0,133.0,133.0,236601
2026-08-26,constellation-oil-services-holding-cosh-xosl,COSH.OL,134.0,139.0,139.0,797213
2026-08-27,constellation-oil-services-holding-cosh-xosl,COSH.OL,140.0,138.0,138.0,319885
2026-08-28,constellation-oil-services-holding-cosh-xosl,COSH.OL,138.0,140.0,140.0,153585
2026-08-31,constellation-oil-services-holding-cosh-xosl,COSH.OL,142.0,141.0,141.0,693353
2026-09-01,constellation-oil-services-holding-cosh-xosl,COSH.OL,140.0,138.0,138.0,228216
2026-09-02,constellation-oil-services-holding-cosh-xosl,COSH.OL,139.0,141.0,141.0,100650
2026-09-03,constellation-oil-services-holding-cosh-xosl,COSH.OL,141.0,138.0,138.0,160688
2026-09-04,constellation-oil-services-holding-cosh-xosl,COSH.OL,138.0,138.0,138.0,46112
2026-09-07,constellation-oil-services-holding-cosh-xosl,COSH.OL,138.0,137.0,137.0,93785
2026-09-08,constellation-oil-services-holding-cosh-xosl,COSH.OL,138.0,138.0,138.0,112995
2026-09-09,constellation-oil-services-holding-cosh-xosl,COSH.OL,139.0,138.0,138.0,59746
2026-09-10,constellation-oil-services-holding-cosh-xosl,COSH.OL,139.0,137.0,137.0,72167
2026-09-11,constellation-oil-services-holding-cosh-xosl,COSH.OL,137.0,137.0,137.0,53114
2026-09-14,constellation-oil-services-holding-cosh-xosl,COSH.OL,139.0,141.0,141.0,289171
2026-09-15,constellation-oil-services-holding-cosh-xosl,COSH.OL,141.0,140.0,140.0,378850
2026-09-16,constellation-oil-services-holding-cosh-xosl,COSH.OL,140.0,140.0,140.0,233647
2026-09-17,constellation-oil-services-holding-cosh-xosl,COSH.OL,141.0,140.0,140.0,230721
2026-09-18,constellation-oil-services-holding-cosh-xosl,COSH.OL,140.0,140.0,140.0,2090434
2026-09-21,constellation-oil-services-holding-cosh-xosl,COSH.OL,140.0,139.0,139.0,182659
2026-09-22,constellation-oil-services-holding-cosh-xosl,COSH.OL,140.0,139.0,139.0,119312
2026-09-23,constellation-oil-services-holding-cosh-xosl,COSH.OL,139.0,138.0,138.0,155499
2026-09-24,constellation-oil-services-holding-cosh-xosl,COSH.OL,139.0,137.0,137.0,264842
2026-09-25,constellation-oil-services-holding-cosh-xosl,COSH.OL,137.0,136.0,136.0,74082
2026-09-28,constellation-oil-services-holding-cosh-xosl,COSH.OL,137.0,135.0,135.0,66290
2026-09-29,constellation-oil-services-holding-cosh-xosl,COSH.OL,135.0,134.0,134.0,99036
2026-09-30,constellation-oil-services-holding-cosh-xosl,COSH.OL,135.0,133.0,133.0,107387
2026-10-01,constellation-oil-services-holding-cosh-xosl,COSH.OL,134.0,132.0,132.0,47676
2026-10-02,constellation-oil-services-holding-cosh-xosl,COSH.OL,132.0,132.0,132.0,136652
2026-10-05,constellation-oil-services-holding-cosh-xosl,COSH.OL,133.0,131.0,131.0,61553
2026-10-06,constellation-oil-services-holding-cosh-xosl,COSH.OL,132.0,131.0,131.0,89305
2026-10-07,constellation-oil-services-holding-cosh-xosl,COSH.OL,131.0,130.0,130.0,91642
2026-10-08,constellation-oil-services-holding-cosh-xosl,COSH.OL,131.0,130.0,130.0,35381
2026-07-13,dnb-bank-dnb-xosl,DNB.OL,297.5,298.5,298.5,1612325
2026-07-14,dnb-bank-dnb-xosl,DNB.OL,286.0,296.0,296.0,2620880
2026-07-15,dnb-bank-dnb-xosl,DNB.OL,294.70001220703125,296.0,296.0,1800392
2026-07-16,dnb-bank-dnb-xosl,DNB.OL,295.3999938964844,296.70001220703125,296.70001220703125,1318670
2026-07-17,dnb-bank-dnb-xosl,DNB.OL,296.70001220703125,296.3999938964844,296.3999938964844,1254448
2026-07-20,dnb-bank-dnb-xosl,DNB.OL,295.5,294.6000061035156,294.6000061035156,887438
2026-07-21,dnb-bank-dnb-xosl,DNB.OL,289.79998779296875,295.79998779296875,295.79998779296875,1780570
2026-07-22,dnb-bank-dnb-xosl,DNB.OL,296.6000061035156,297.20001220703125,297.20001220703125,1502104
2026-07-23,dnb-bank-dnb-xosl,DNB.OL,297.8999938964844,295.0,295.0,1357342
2026-07-24,dnb-bank-dnb-xosl,DNB.OL,294.6000061035156,298.70001220703125,298.70001220703125,1418714
2026-07-27,dnb-bank-dnb-xosl,DNB.OL,300.0,300.20001220703125,300.20001220703125,1097382
2026-07-28,dnb-bank-dnb-xosl,DNB.OL,300.0,300.1000061035156,300.1000061035156,1050883
2026-07-29,dnb-bank-dnb-xosl,DNB.OL,300.5,297.3999938964844,297.3999938964844,833688
2026-07-30,dnb-bank-dnb-xosl,DNB.OL,298.0,303.8999938964844,303.8999938964844,1241963
2026-07-31,dnb-bank-dnb-xosl,DNB.OL,303.5,305.0,305.0,1537076
2026-08-03,dnb-bank-dnb-xosl,DNB.OL,305.29998779296875,306.8999938964844,306.8999938964844,1400899
2026-08-04,dnb-bank-dnb-xosl,DNB.OL,306.8999938964844,307.70001220703125,307.70001220703125,1138662
2026-08-05,dnb-bank-dnb-xosl,DNB.OL,307.70001220703125,305.5,305.5,978307
2026-08-06,dnb-bank-dnb-xosl,DNB.OL,306.3999938964844,308.70001220703125,308.70001220703125,761306
2026-08-07,dnb-bank-dnb-xosl,DNB.OL,308.5,308.20001220703125,308.20001220703125,901316
2026-08-10,dnb-bank-dnb-xosl,DNB.OL,307.29998779296875,306.1000061035156,306.1000061035156,870335
2026-08-11,dnb-bank-dnb-xosl,DNB.OL,306.29998779296875,306.29998779296875,306.29998779296875,721295
2026-08-12,dnb-bank-dnb-xosl,DNB.OL,307.0,307.70001220703125,307.70001220703125,1237405
2026-08-13,dnb-bank-dnb-xosl,DNB.OL,309.5,312.29998779296875,312.29998779296875,1733075
2026-08-14,dnb-bank-dnb-xosl,DNB.OL,312.0,313.1000061035156,313.1000061035156,917764
2026-08-17,dnb-bank-dnb-xosl,DNB.OL,313.1000061035156,317.29998779296875,317.29998779296875,1836785
2026-08-18,dnb-bank-dnb-xosl,DNB.OL,316.1000061035156,313.3999938964844,313.3999938964844,1460606
2026-08-19,dnb-bank-dnb-xosl,DNB.OL,312.70001220703125,308.70001220703125,308.70001220703125,1106946
2026-08-20,dnb-bank-dnb-xosl,DNB.OL,308.5,309.20001220703125,309.20001220703125,1023512
2026-08-21,dnb-bank-dnb-xosl,DNB.OL,310.6000061035156,312.70001220703125,312.70001220703125,989880
2026-08-24,dnb-bank-dnb-xosl,DNB.OL,311.79998779296875,313.5,313.5,933473
2026-08-25,dnb-bank-dnb-xosl,DNB.OL,314.5,314.20001220703125,314.20001220703125,1146123
2026-08-26,dnb-bank-dnb-xosl,DNB.OL,314.1000061035156,313.79998779296875,313.79998779296875,1004365
2026-08-27,dnb-bank-dnb-xosl,DNB.OL,313.1000061035156,314.5,314.5,1291319
2026-08-28,dnb-bank-dnb-xosl,DNB.OL,314.70001220703125,315.8999938964844,315.8999938964844,922302
2026-08-31,dnb-bank-dnb-xosl,DNB.OL,315.8999938964844,319.0,319.0,2305962
2026-09-01,dnb-bank-dnb-xosl,DNB.OL,321.0,318.79998779296875,318.79998779296875,1469333
2026-09-02,dnb-bank-dnb-xosl,DNB.OL,319.0,319.79998779296875,319.79998779296875,1190173
2026-09-03,dnb-bank-dnb-xosl,DNB.OL,319.79998779296875,318.8999938964844,318.8999938964844,1402788
2026-09-04,dnb-bank-dnb-xosl,DNB.OL,318.6000061035156,320.20001220703125,320.20001220703125,723594
2026-09-07,dnb-bank-dnb-xosl,DNB.OL,319.0,320.70001220703125,320.70001220703125,856649
2026-09-08,dnb-bank-dnb-xosl,DNB.OL,320.0,320.6000061035156,320.6000061035156,896160
2026-09-09,dnb-bank-dnb-xosl,DNB.OL,318.0,318.8999938964844,318.8999938964844,1460461
2026-09-10,dnb-bank-dnb-xosl,DNB.OL,314.1000061035156,317.70001220703125,317.70001220703125,1319629
2026-09-11,dnb-bank-dnb-xosl,DNB.OL,318.8999938964844,316.5,316.5,1644521
2026-09-14,dnb-bank-dnb-xosl,DNB.OL,315.70001220703125,312.70001220703125,312.70001220703125,1347446
2026-09-15,dnb-bank-dnb-xosl,DNB.OL,311.29998779296875,315.0,315.0,1951856
2026-09-16,dnb-bank-dnb-xosl,DNB.OL,315.6000061035156,314.8999938964844,314.8999938964844,933103
2026-09-17,dnb-bank-dnb-xosl,DNB.OL,315.3999938964844,318.6000061035156,318.6000061035156,1378728
2026-09-18,dnb-bank-dnb-xosl,DNB.OL,317.70001220703125,315.0,315.0,4169372
2026-09-21,dnb-bank-dnb-xosl,DNB.OL,316.79998779296875,317.5,317.5,1206359
2026-09-22,dnb-bank-dnb-xosl,DNB.OL,318.3999938964844,318.0,318.0,1252760
2026-09-23,dnb-bank-dnb-xosl,DNB.OL,318.70001220703125,314.3999938964844,314.3999938964844,1222227
2026-09-24,dnb-bank-dnb-xosl,DNB.OL,314.0,315.1000061035156,315.1000061035156,1144773
2026-09-25,dnb-bank-dnb-xosl,DNB.OL,316.3999938964844,317.1000061035156,317.1000061035156,1094865
2026-09-28,dnb-bank-dnb-xosl,DNB.OL,321.0,323.20001220703125,323.20001220703125,1991822
2026-09-29,dnb-bank-dnb-xosl,DNB.OL,322.8999938964844,319.8999938964844,319.8999938964844,1286390
2026-09-30,dnb-bank-dnb-xosl,DNB.OL,320.0,315.79998779296875,315.79998779296875,1534593
2026-10-01,dnb-bank-dnb-xosl,DNB.OL,313.70001220703125,309.20001220703125,309.20001220703125,1651511
2026-10-02,dnb-bank-dnb-xosl,DNB.OL,310.5,309.0,309.0,910964
2026-10-05,dnb-bank-dnb-xosl,DNB.OL,308.3999938964844,308.70001220703125,308.70001220703125,1353502
2026-10-06,dnb-bank-dnb-xosl,DNB.OL,310.1000061035156,310.8999938964844,310.8999938964844,874142
2026-10-07,dnb-bank-dnb-xosl,DNB.OL,310.8999938964844,307.5,307.5,1054484
2026-10-08,dnb-bank-dnb-xosl,DNB.OL,305.6000061035156,304.29998779296875,304.29998779296875,1196661
2026-07-13,dno-xosl,DNO.OL,16.979999542236328,16.920000076293945,16.581600189208984,1515489
2026-07-14,dno-xosl,DNO.OL,17.25,17.049999237060547,16.708999633789062,1342236
2026-07-15,dno-xosl,DNO.OL,17.170000076293945,16.950000762939453,16.61100196838379,1297636
2026-07-16,dno-xosl,DNO.OL,16.899999618530273,16.6200008392334,16.287601470947266,1257352
2026-07-17,dno-xosl,DNO.OL,16.639999389648438,17.040000915527344,16.699201583862305,1184689
2026-07-20,dno-xosl,DNO.OL,17.299999237060547,16.709999084472656,16.37579917907715,1956182
2026-07-21,dno-xosl,DNO.OL,16.899999618530273,17.329999923706055,16.983400344848633,1686449
2026-07-22,dno-xosl,DNO.OL,17.40999984741211,17.530000686645508,17.179401397705078,2311710
2026-07-23,dno-xosl,DNO.OL,17.8799991607666,18.049999237060547,17.68899917602539,3202415
2026-07-24,dno-xosl,DNO.OL,17.979999542236328,17.969999313354492,17.610599517822266,1573585
2026-07-27,dno-xosl,DNO.OL,17.299999237060547,17.239999771118164,16.895200729370117,2952263
2026-07-28,dno-xosl,DNO.OL,17.139999389648438,17.059999465942383,16.718799591064453,1941832
2026-07-29,dno-xosl,DNO.OL,17.149999618530273,17.15999984741211,16.816801071166992,2625821
2026-07-30,dno-xosl,DNO.OL,17.200000762939453,16.84000015258789,16.50320053100586,2523673
2026-07-31,dno-xosl,DNO.OL,16.760000228881836,16.719999313354492,16.38559913635254,1883668
2026-08-03,dno-xosl,DNO.OL,16.329999923706055,16.700000762939453,16.36600112915039,1209920
2026-08-04,dno-xosl,DNO.OL,16.610000610351562,16.6299991607666,16.297399520874023,2190089
2026-08-05,dno-xosl,DNO.OL,16.530000686645508,16.6200008392334,16.287601470947266,1426681
2026-08-06,dno-xosl,DNO.OL,16.559999465942383,16.739999771118164,16.405200958251953,927398
2026-08-07,dno-xosl,DNO.OL,16.84000015258789,16.739999771118164,16.405200958251953,1623707
2026-08-10,dno-xosl,DNO.OL,16.81999969482422,17.100000381469727,16.75800132751465,1804429
2026-08-11,dno-xosl,DNO.OL,17.360000610351562,17.360000610351562,17.012800216674805,2388787
2026-08-12,dno-xosl,DNO.OL,17.40999984741211,17.610000610351562,17.257801055908203,1697080
2026-08-13,dno-xosl,DNO.OL,18.100000381469727,17.959999084472656,17.600799560546875,4443596
2026-08-14,dno-xosl,DNO.OL,18.09000015258789,18.219999313354492,17.855600357055664,4248244
2026-08-17,dno-xosl,DNO.OL,18.360000610351562,18.200000762939453,17.836000442504883,1907428
2026-08-18,dno-xosl,DNO.OL,18.420000076293945,18.139999389648438,17.77720069885254,2471371
2026-08-19,dno-xosl,DNO.OL,18.139999389648438,18.549999237060547,18.178998947143555,2874459
2026-08-20,dno-xosl,DNO.OL,18.670000076293945,18.75,18.375,3789188
2026-08-21,dno-xosl,DNO.OL,18.350000381469727,18.280000686645508,18.280000686645508,1976210
2026-08-24,dno-xosl,DNO.OL,18.229999542236328,17.8799991607666,17.8799991607666,1838562
2026-08-25,dno-xosl,DNO.OL,17.799999237060547,17.899999618530273,17.899999618530273,2606257
2026-08-26,dno-xosl,DNO.OL,17.559999465942383,17.760000228881836,17.760000228881836,2579152
2026-08-27,dno-xosl,DNO.OL,17.690000534057617,17.709999084472656,17.709999084472656,998990
2026-08-28,dno-xosl,DNO.OL,17.709999084472656,17.690000534057617,17.690000534057617,1479463
2026-08-31,dno-xosl,DNO.OL,17.93000030517578,17.979999542236328,17.979999542236328,2336051
2026-09-01,dno-xosl,DNO.OL,18.229999542236328,18.09000015258789,18.09000015258789,2617519
2026-09-02,dno-xosl,DNO.OL,18.420000076293945,18.469999313354492,18.469999313354492,4827660
2026-09-03,dno-xosl,DNO.OL,18.229999542236328,18.31999969482422,18.31999969482422,2318256
2026-09-04,dno-xosl,DNO.OL,18.31999969482422,18.329999923706055,18.329999923706055,3269939
2026-09-07,dno-xosl,DNO.OL,18.5,18.3700008392334,18.3700008392334,1421600
2026-09-08,dno-xosl,DNO.OL,18.469999313354492,18.5,18.5,4526006
2026-09-09,dno-xosl,DNO.OL,18.600000381469727,18.979999542236328,18.979999542236328,4067670
2026-09-10,dno-xosl,DNO.OL,18.8799991607666,19.059999465942383,19.059999465942383,2800352
2026-09-11,dno-xosl,DNO.OL,19.479999542236328,19.110000610351562,19.110000610351562,2601422
2026-09-14,dno-xosl,DNO.OL,19.389999389648438,19.649999618530273,19.649999618530273,3384042
2026-09-15,dno-xosl,DNO.OL,19.610000610351562,19.510000228881836,19.510000228881836,2670014
2026-09-16,dno-xosl,DNO.OL,19.700000762939453,19.75,19.75,3053007
2026-09-17,dno-xosl,DNO.OL,19.489999771118164,19.3799991607666,19.3799991607666,2605042
2026-09-18,dno-xosl,DNO.OL,19.290000915527344,19.6200008392334,19.6200008392334,4016957
2026-09-21,dno-xosl,DNO.OL,19.420000076293945,19.0,19.0,2540205
2026-09-22,dno-xosl,DNO.OL,19.149999618530273,18.899999618530273,18.899999618530273,2926446
2026-09-23,dno-xosl,DNO.OL,18.770000457763672,19.200000762939453,19.200000762939453,1952488
2026-09-24,dno-xosl,DNO.OL,19.329999923706055,19.700000762939453,19.700000762939453,2744361
2026-09-25,dno-xosl,DNO.OL,19.549999237060547,19.280000686645508,19.280000686645508,2671866
2026-09-28,dno-xosl,DNO.OL,19.3799991607666,19.520000457763672,19.520000457763672,2171360
2026-09-29,dno-xosl,DNO.OL,19.350000381469727,19.239999771118164,19.239999771118164,1522830
2026-09-30,dno-xosl,DNO.OL,19.299999237060547,19.040000915527344,19.040000915527344,2564481
2026-10-01,dno-xosl,DNO.OL,18.84000015258789,19.149999618530273,19.149999618530273,1974501
2026-10-02,dno-xosl,DNO.OL,19.170000076293945,19.0,19.0,1915682
2026-10-05,dno-xosl,DNO.OL,19.15999984741211,19.110000610351562,19.110000610351562,2231009
2026-10-06,dno-xosl,DNO.OL,19.0,18.75,18.75,2423072
2026-10-07,dno-xosl,DNO.OL,18.979999542236328,18.969999313354492,18.969999313354492,2327723
2026-10-08,dno-xosl,DNO.OL,19.219999313354492,19.420000076293945,19.420000076293945,2982751
2026-07-13,dof-group-dofg-xosl,DOFG.OL,123.9000015258789,122.69999694824219,119.43671417236328,184727
2026-07-14,dof-group-dofg-xosl,DOFG.OL,125.0,124.0,120.7021484375,394501
2026-07-15,dof-group-dofg-xosl,DOFG.OL,125.0,123.80000305175781,120.5074691772461,138655
2026-07-16,dof-group-dofg-xosl,DOFG.OL,123.9000015258789,122.19999694824219,118.95001220703125,185544
2026-07-17,dof-group-dofg-xosl,DOFG.OL,121.80000305175781,121.0999984741211,117.8792724609375,133418
2026-07-20,dof-group-dofg-xosl,DOFG.OL,122.0,122.4000015258789,119.14469909667969,122893
2026-07-21,dof-group-dofg-xosl,DOFG.OL,121.80000305175781,122.4000015258789,119.14469909667969,121443
2026-07-22,dof-group-dofg-xosl,DOFG.OL,123.4000015258789,124.5,121.18885040283203,245437
2026-07-23,dof-group-dofg-xosl,DOFG.OL,125.5,124.80000305175781,121.48087310791016,182819
2026-07-24,dof-group-dofg-xosl,DOFG.OL,124.5,125.80000305175781,122.45427703857422,193069
2026-07-27,dof-group-dofg-xosl,DOFG.OL,123.80000305175781,124.5,121.18885040283203,157975
2026-07-28,dof-group-dofg-xosl,DOFG.OL,124.19999694824219,123.9000015258789,120.60480499267578,202962
2026-07-29,dof-group-dofg-xosl,DOFG.OL,123.5999984741211,121.5999984741211,118.36597442626953,329819
2026-07-30,dof-group-dofg-xosl,DOFG.OL,122.69999694824219,123.5,120.21544647216797,123799
2026-07-31,dof-group-dofg-xosl,DOFG.OL,123.9000015258789,124.5,121.18885040283203,300524
2026-08-03,dof-group-dofg-xosl,DOFG.OL,124.0,123.4000015258789,120.11810302734375,173686
2026-08-04,dof-group-dofg-xosl,DOFG.OL,123.5999984741211,124.0,120.7021484375,308499
2026-08-05,dof-group-dofg-xosl,DOFG.OL,126.0,124.5999984741211,121.28618621826172,409224
2026-08-06,dof-group-dofg-xosl,DOFG.OL,124.5999984741211,125.0,121.67555236816406,347757
2026-08-07,dof-group-dofg-xosl,DOFG.OL,125.9000015258789,125.30000305175781,121.96757507324219,187119
2026-08-10,dof-group-dofg-xosl,DOFG.OL,125.30000305175781,126.30000305175781,122.94097900390625,233337
2026-08-11,dof-group-dofg-xosl,DOFG.OL,127.0,128.1999969482422,124.79044342041016,424245
2026-08-12,dof-group-dofg-xosl,DOFG.OL,129.0,128.6999969482422,125.27714538574219,220996
2026-08-13,dof-group-dofg-xosl,DOFG.OL,129.0,130.39999389648438,126.93193054199219,250470
2026-08-14,dof-group-dofg-xosl,DOFG.OL,130.6999969482422,134.39999389648438,130.82554626464844,323202
2026-08-17,dof-group-dofg-xosl,DOFG.OL,134.39999389648438,136.0,132.38299560546875,247901
2026-08-18,dof-group-dofg-xosl,DOFG.OL,140.0,138.89999389648438,135.20587158203125,368449
2026-08-19,dof-group-dofg-xosl,DOFG.OL,138.0,133.60000610351562,130.0468292236328,550030
2026-08-20,dof-group-dofg-xosl,DOFG.OL,133.60000610351562,132.8000030517578,129.2681121826172,313968
2026-08-21,dof-group-dofg-xosl,DOFG.OL,133.60000610351562,133.0,129.46278381347656,298719
2026-08-24,dof-group-dofg-xosl,DOFG.OL,133.0,131.5,128.002685546875,266274
2026-08-25,dof-group-dofg-xosl,DOFG.OL,131.5,134.10000610351562,130.53353881835938,304897
2026-08-26,dof-group-dofg-xosl,DOFG.OL,133.89999389648438,133.39999389648438,129.85214233398438,296714
2026-08-27,dof-group-dofg-xosl,DOFG.OL,129.0,128.6999969482422,128.6999969482422,280749
2026-08-28,dof-group-dofg-xosl,DOFG.OL,129.39999389648438,130.0,130.0,445326
2026-08-31,dof-group-dofg-xosl,DOFG.OL,131.0,133.0,133.0,251395
2026-09-01,dof-group-dofg-xosl,DOFG.OL,132.8000030517578,131.8000030517578,131.8000030517578,314865
2026-09-02,dof-group-dofg-xosl,DOFG.OL,132.10000610351562,129.5,129.5,274289
2026-09-03,dof-group-dofg-xosl,DOFG.OL,129.3000030517578,132.1999969482422,132.1999969482422,389455
2026-09-04,dof-group-dofg-xosl,DOFG.OL,132.0,132.8000030517578,132.8000030517578,189849
2026-09-07,dof-group-dofg-xosl,DOFG.OL,133.5,131.60000610351562,131.60000610351562,189849
2026-09-08,dof-group-dofg-xosl,DOFG.OL,132.0,132.8000030517578,132.8000030517578,165118
2026-09-09,dof-group-dofg-xosl,DOFG.OL,133.0,133.0,133.0,266018
2026-09-10,dof-group-dofg-xosl,DOFG.OL,132.5,130.3000030517578,130.3000030517578,342364
2026-09-11,dof-group-dofg-xosl,DOFG.OL,130.60000610351562,133.3000030517578,133.3000030517578,360817
2026-09-14,dof-group-dofg-xosl,DOFG.OL,134.3000030517578,130.6999969482422,130.6999969482422,330031
2026-09-15,dof-group-dofg-xosl,DOFG.OL,130.6999969482422,131.60000610351562,131.60000610351562,338589
2026-09-16,dof-group-dofg-xosl,DOFG.OL,132.0,135.10000610351562,135.10000610351562,418787
2026-09-17,dof-group-dofg-xosl,DOFG.OL,134.3000030517578,134.6999969482422,134.6999969482422,246186
2026-09-18,dof-group-dofg-xosl,DOFG.OL,135.1999969482422,135.8000030517578,135.8000030517578,1238813
2026-09-21,dof-group-dofg-xosl,DOFG.OL,133.5,134.39999389648438,134.39999389648438,238253
2026-09-22,dof-group-dofg-xosl,DOFG.OL,133.8000030517578,132.39999389648438,132.39999389648438,509522
2026-09-23,dof-group-dofg-xosl,DOFG.OL,132.0,131.5,131.5,293966
2026-09-24,dof-group-dofg-xosl,DOFG.OL,130.8000030517578,131.5,131.5,222518
2026-09-25,dof-group-dofg-xosl,DOFG.OL,130.60000610351562,131.0,131.0,115534
2026-09-28,dof-group-dofg-xosl,DOFG.OL,131.0,130.89999389648438,130.89999389648438,166052
2026-09-29,dof-group-dofg-xosl,DOFG.OL,131.1999969482422,130.0,130.0,171246
2026-09-30,dof-group-dofg-xosl,DOFG.OL,129.0,127.0999984741211,127.0999984741211,317789
2026-10-01,dof-group-dofg-xosl,DOFG.OL,126.4000015258789,126.19999694824219,126.19999694824219,207768
2026-10-02,dof-group-dofg-xosl,DOFG.OL,126.19999694824219,127.80000305175781,127.80000305175781,272562
2026-10-05,dof-group-dofg-xosl,DOFG.OL,128.0,129.60000610351562,129.60000610351562,235464
2026-10-06,dof-group-dofg-xosl,DOFG.OL,130.0,130.1999969482422,130.1999969482422,254632
2026-10-07,dof-group-dofg-xosl,DOFG.OL,130.0,127.19999694824219,127.19999694824219,228470
2026-10-08,dof-group-dofg-xosl,DOFG.OL,126.5,129.0,129.0,234805
2026-07-13,elkem-elk-xosl,ELK.OL,30.0,32.70000076293945,32.70000076293945,1523424
2026-07-14,elkem-elk-xosl,ELK.OL,32.68000030517578,33.0,33.0,546247
2026-07-15,elkem-elk-xosl,ELK.OL,33.119998931884766,32.68000030517578,32.68000030517578,296596
2026-07-16,elkem-elk-xosl,ELK.OL,32.900001525878906,32.060001373291016,32.060001373291016,425134
2026-07-17,elkem-elk-xosl,ELK.OL,32.099998474121094,31.739999771118164,31.739999771118164,398036
2026-07-20,elkem-elk-xosl,ELK.OL,31.5,32.18000030517578,32.18000030517578,506296
2026-07-21,elkem-elk-xosl,ELK.OL,32.18000030517578,32.08000183105469,32.08000183105469,425003
2026-07-22,elkem-elk-xosl,ELK.OL,32.5,32.279998779296875,32.279998779296875,231341
2026-07-23,elkem-elk-xosl,ELK.OL,32.34000015258789,32.31999969482422,32.31999969482422,310204
2026-07-24,elkem-elk-xosl,ELK.OL,32.099998474121094,31.540000915527344,31.540000915527344,442249
2026-07-27,elkem-elk-xosl,ELK.OL,32.0,31.719999313354492,31.719999313354492,790118
2026-07-28,elkem-elk-xosl,ELK.OL,31.5,31.299999237060547,31.299999237060547,337500
2026-07-29,elkem-elk-xosl,ELK.OL,31.3799991607666,31.280000686645508,31.280000686645508,408103
2026-07-30,elkem-elk-xosl,ELK.OL,31.299999237060547,31.219999313354492,31.219999313354492,419271
2026-07-31,elkem-elk-xosl,ELK.OL,31.5,31.0,31.0,387980
2026-08-03,elkem-elk-xosl,ELK.OL,31.200000762939453,31.84000015258789,31.84000015258789,520360
2026-08-04,elkem-elk-xosl,ELK.OL,31.920000076293945,32.439998626708984,32.439998626708984,459449
2026-08-05,elkem-elk-xosl,ELK.OL,32.5,32.65999984741211,32.65999984741211,471681
2026-08-06,elkem-elk-xosl,ELK.OL,32.599998474121094,32.81999969482422,32.81999969482422,694207
2026-08-07,elkem-elk-xosl,ELK.OL,32.81999969482422,32.099998474121094,32.099998474121094,348465
2026-08-10,elkem-elk-xosl,ELK.OL,32.220001220703125,32.31999969482422,32.31999969482422,458980
2026-08-11,elkem-elk-xosl,ELK.OL,32.380001068115234,33.31999969482422,33.31999969482422,835973
2026-08-12,elkem-elk-xosl,ELK.OL,33.380001068115234,33.560001373291016,33.560001373291016,1520110
2026-08-13,elkem-elk-xosl,ELK.OL,33.779998779296875,34.459999084472656,34.459999084472656,964691
2026-08-14,elkem-elk-xosl,ELK.OL,34.380001068115234,33.86000061035156,33.86000061035156,582589
2026-08-17,elkem-elk-xosl,ELK.OL,33.86000061035156,33.84000015258789,33.84000015258789,870220
2026-08-18,elkem-elk-xosl,ELK.OL,33.599998474121094,33.439998626708984,33.439998626708984,898076
2026-08-19,elkem-elk-xosl,ELK.OL,33.08000183105469,33.599998474121094,33.599998474121094,401078
2026-08-20,elkem-elk-xosl,ELK.OL,34.0,32.52000045776367,32.52000045776367,917541
2026-08-21,elkem-elk-xosl,ELK.OL,32.619998931884766,33.459999084472656,33.459999084472656,2687358
2026-08-24,elkem-elk-xosl,ELK.OL,33.439998626708984,33.58000183105469,33.58000183105469,730361
2026-08-25,elkem-elk-xosl,ELK.OL,33.959999084472656,33.29999923706055,33.29999923706055,994181
2026-08-26,elkem-elk-xosl,ELK.OL,33.0,32.560001373291016,32.560001373291016,330056
2026-08-27,elkem-elk-xosl,ELK.OL,32.79999923706055,32.70000076293945,32.70000076293945,338163
2026-08-28,elkem-elk-xosl,ELK.OL,33.099998474121094,33.34000015258789,33.34000015258789,701255
2026-08-31,elkem-elk-xosl,ELK.OL,33.439998626708984,32.86000061035156,32.86000061035156,1312581
2026-09-01,elkem-elk-xosl,ELK.OL,33.02000045776367,33.2400016784668,33.2400016784668,1080188
2026-09-02,elkem-elk-xosl,ELK.OL,33.08000183105469,34.099998474121094,34.099998474121094,1572806
2026-09-03,elkem-elk-xosl,ELK.OL,34.0,34.599998474121094,34.599998474121094,1525319
2026-09-04,elkem-elk-xosl,ELK.OL,35.08000183105469,35.86000061035156,35.86000061035156,1617137
2026-09-07,elkem-elk-xosl,ELK.OL,36.0,36.2400016784668,36.2400016784668,865285
2026-09-08,elkem-elk-xosl,ELK.OL,36.599998474121094,36.65999984741211,36.65999984741211,3232803
2026-09-09,elkem-elk-xosl,ELK.OL,36.939998626708984,36.84000015258789,36.84000015258789,1895929
2026-09-10,elkem-elk-xosl,ELK.OL,37.47999954223633,36.7400016784668,36.7400016784668,1655967
2026-09-11,elkem-elk-xosl,ELK.OL,37.099998474121094,36.52000045776367,36.52000045776367,858545
2026-09-14,elkem-elk-xosl,ELK.OL,36.31999969482422,35.060001373291016,35.060001373291016,1040154
2026-09-15,elkem-elk-xosl,ELK.OL,35.119998931884766,34.58000183105469,34.58000183105469,1347534
2026-09-16,elkem-elk-xosl,ELK.OL,34.86000061035156,34.79999923706055,34.79999923706055,888057
2026-09-17,elkem-elk-xosl,ELK.OL,35.0,35.31999969482422,35.31999969482422,645050
2026-09-18,elkem-elk-xosl,ELK.OL,35.220001220703125,34.900001525878906,34.900001525878906,2554166
2026-09-21,elkem-elk-xosl,ELK.OL,35.400001525878906,35.79999923706055,35.79999923706055,1624932
2026-09-22,elkem-elk-xosl,ELK.OL,35.79999923706055,35.599998474121094,35.599998474121094,865443
2026-09-23,elkem-elk-xosl,ELK.OL,35.599998474121094,35.400001525878906,35.400001525878906,721821
2026-09-24,elkem-elk-xosl,ELK.OL,35.599998474121094,34.58000183105469,34.58000183105469,1114071
2026-09-25,elkem-elk-xosl,ELK.OL,34.599998474121094,34.0,34.0,721064
2026-09-28,elkem-elk-xosl,ELK.OL,33.939998626708984,32.959999084472656,32.959999084472656,1277313
2026-09-29,elkem-elk-xosl,ELK.OL,33.0,33.2400016784668,33.2400016784668,1064318
2026-09-30,elkem-elk-xosl,ELK.OL,33.459999084472656,34.0,34.0,616947
2026-10-01,elkem-elk-xosl,ELK.OL,33.900001525878906,32.5,32.5,1093907
2026-10-02,elkem-elk-xosl,ELK.OL,33.18000030517578,33.959999084472656,33.959999084472656,1373197
2026-10-05,elkem-elk-xosl,ELK.OL,33.91999816894531,33.779998779296875,33.779998779296875,721206
2026-10-06,elkem-elk-xosl,ELK.OL,34.20000076293945,34.060001373291016,34.060001373291016,785362
2026-10-07,elkem-elk-xosl,ELK.OL,33.79999923706055,33.619998931884766,33.619998931884766,596258
2026-10-08,elkem-elk-xosl,ELK.OL,33.400001525878906,33.13999938964844,33.13999938964844,836997
2026-07-13,elmera-group-elmra-xosl,ELMRA.OL,45.650001525878906,45.900001525878906,45.900001525878906,212096
2026-07-14,elmera-group-elmra-xosl,ELMRA.OL,45.79999923706055,45.849998474121094,45.849998474121094,141194
2026-07-15,elmera-group-elmra-xosl,ELMRA.OL,45.900001525878906,45.79999923706055,45.79999923706055,194299
2026-07-16,elmera-group-elmra-xosl,ELMRA.OL,45.79999923706055,45.79999923706055,45.79999923706055,101029
2026-07-17,elmera-group-elmra-xosl,ELMRA.OL,45.75,45.900001525878906,45.900001525878906,312642
2026-07-20,elmera-group-elmra-xosl,ELMRA.OL,45.900001525878906,45.900001525878906,45.900001525878906,153644
2026-07-21,elmera-group-elmra-xosl,ELMRA.OL,45.849998474121094,46.25,46.25,243809
2026-07-22,elmera-group-elmra-xosl,ELMRA.OL,46.099998474121094,46.099998474121094,46.099998474121094,111854
2026-07-23,elmera-group-elmra-xosl,ELMRA.OL,46.20000076293945,46.20000076293945,46.20000076293945,129305
2026-07-24,elmera-group-elmra-xosl,ELMRA.OL,46.400001525878906,46.20000076293945,46.20000076293945,71094
2026-07-27,elmera-group-elmra-xosl,ELMRA.OL,46.349998474121094,46.099998474121094,46.099998474121094,72338
2026-07-28,elmera-group-elmra-xosl,ELMRA.OL,46.099998474121094,46.04999923706055,46.04999923706055,71147
2026-07-29,elmera-group-elmra-xosl,ELMRA.OL,46.04999923706055,45.900001525878906,45.900001525878906,100192
2026-07-30,elmera-group-elmra-xosl,ELMRA.OL,46.0,45.79999923706055,45.79999923706055,307368
2026-07-31,elmera-group-elmra-xosl,ELMRA.OL,45.849998474121094,45.70000076293945,45.70000076293945,175087
2026-08-03,elmera-group-elmra-xosl,ELMRA.OL,45.70000076293945,45.79999923706055,45.79999923706055,176888
2026-08-04,elmera-group-elmra-xosl,ELMRA.OL,45.75,45.75,45.75,194541
2026-08-05,elmera-group-elmra-xosl,ELMRA.OL,45.75,45.650001525878906,45.650001525878906,200694
2026-08-06,elmera-group-elmra-xosl,ELMRA.OL,45.900001525878906,45.599998474121094,45.599998474121094,107577
2026-08-07,elmera-group-elmra-xosl,ELMRA.OL,45.75,45.54999923706055,45.54999923706055,97336
2026-08-10,elmera-group-elmra-xosl,ELMRA.OL,45.599998474121094,45.70000076293945,45.70000076293945,45657
2026-08-11,elmera-group-elmra-xosl,ELMRA.OL,45.70000076293945,45.70000076293945,45.70000076293945,23865
2026-08-12,elmera-group-elmra-xosl,ELMRA.OL,45.70000076293945,45.599998474121094,45.599998474121094,1646709
2026-08-13,elmera-group-elmra-xosl,ELMRA.OL,45.900001525878906,45.54999923706055,45.54999923706055,255882
2026-08-14,elmera-group-elmra-xosl,ELMRA.OL,45.5,45.45000076293945,45.45000076293945,277269
2026-08-17,elmera-group-elmra-xosl,ELMRA.OL,45.45000076293945,45.650001525878906,45.650001525878906,149370
2026-08-18,elmera-group-elmra-xosl,ELMRA.OL,45.599998474121094,45.650001525878906,45.650001525878906,43923
2026-08-19,elmera-group-elmra-xosl,ELMRA.OL,45.70000076293945,45.650001525878906,45.650001525878906,541185
2026-08-20,elmera-group-elmra-xosl,ELMRA.OL,45.599998474121094,45.599998474121094,45.599998474121094,96998
2026-08-21,elmera-group-elmra-xosl,ELMRA.OL,46.04999923706055,45.349998474121094,45.349998474121094,488145
2026-08-24,elmera-group-elmra-xosl,ELMRA.OL,45.5,45.599998474121094,45.599998474121094,248898
2026-08-25,elmera-group-elmra-xosl,ELMRA.OL,45.599998474121094,45.650001525878906,45.650001525878906,152000
2026-08-26,elmera-group-elmra-xosl,ELMRA.OL,45.54999923706055,45.75,45.75,66796
2026-08-27,elmera-group-elmra-xosl,ELMRA.OL,45.79999923706055,45.75,45.75,104964
2026-08-28,elmera-group-elmra-xosl,ELMRA.OL,45.75,45.849998474121094,45.849998474121094,192178
2026-08-31,elmera-group-elmra-xosl,ELMRA.OL,45.900001525878906,45.650001525878906,45.650001525878906,724101
2026-09-01,elmera-group-elmra-xosl,ELMRA.OL,45.79999923706055,45.75,45.75,286192
2026-09-02,elmera-group-elmra-xosl,ELMRA.OL,46.0,45.650001525878906,45.650001525878906,244842
2026-09-03,elmera-group-elmra-xosl,ELMRA.OL,46.70000076293945,46.599998474121094,46.599998474121094,600823
2026-09-04,elmera-group-elmra-xosl,ELMRA.OL,46.650001525878906,46.599998474121094,46.599998474121094,327165
2026-09-07,elmera-group-elmra-xosl,ELMRA.OL,46.650001525878906,46.599998474121094,46.599998474121094,391803
2026-09-08,elmera-group-elmra-xosl,ELMRA.OL,46.599998474121094,46.650001525878906,46.650001525878906,184833
2026-09-09,elmera-group-elmra-xosl,ELMRA.OL,46.70000076293945,46.650001525878906,46.650001525878906,183042
2026-09-10,elmera-group-elmra-xosl,ELMRA.OL,46.599998474121094,46.599998474121094,46.599998474121094,46237
2026-09-11,elmera-group-elmra-xosl,ELMRA.OL,46.599998474121094,46.599998474121094,46.599998474121094,150419
2026-09-14,elmera-group-elmra-xosl,ELMRA.OL,46.599998474121094,46.54999923706055,46.54999923706055,300900
2026-09-15,elmera-group-elmra-xosl,ELMRA.OL,46.5,46.45000076293945,46.45000076293945,117789
2026-09-16,elmera-group-elmra-xosl,ELMRA.OL,46.5,46.45000076293945,46.45000076293945,36417
2026-09-17,elmera-group-elmra-xosl,ELMRA.OL,45.900001525878906,46.150001525878906,46.150001525878906,54139
2026-09-18,elmera-group-elmra-xosl,ELMRA.OL,46.04999923706055,46.70000076293945,46.70000076293945,302221
2026-09-21,elmera-group-elmra-xosl,ELMRA.OL,46.599998474121094,46.79999923706055,46.79999923706055,45371
2026-09-22,elmera-group-elmra-xosl,ELMRA.OL,46.75,46.79999923706055,46.79999923706055,18228
2026-09-23,elmera-group-elmra-xosl,ELMRA.OL,46.599998474121094,46.95000076293945,46.95000076293945,111986
2026-09-24,elmera-group-elmra-xosl,ELMRA.OL,46.900001525878906,46.79999923706055,46.79999923706055,111945
2026-09-25,elmera-group-elmra-xosl,ELMRA.OL,47.0,46.849998474121094,46.849998474121094,35937
2026-09-28,elmera-group-elmra-xosl,ELMRA.OL,46.75,46.79999923706055,46.79999923706055,22410
2026-09-29,elmera-group-elmra-xosl,ELMRA.OL,46.849998474121094,46.75,46.75,31636
2026-09-30,elmera-group-elmra-xosl,ELMRA.OL,46.900001525878906,45.29999923706055,45.29999923706055,553375
2026-10-01,elmera-group-elmra-xosl,ELMRA.OL,46.650001525878906,46.5,46.5,316427
2026-10-02,elmera-group-elmra-xosl,ELMRA.OL,46.5,46.70000076293945,46.70000076293945,20175
2026-10-05,elmera-group-elmra-xosl,ELMRA.OL,46.75,46.54999923706055,46.54999923706055,27829
2026-10-06,elmera-group-elmra-xosl,ELMRA.OL,46.599998474121094,46.650001525878906,46.650001525878906,30967
2026-10-07,elmera-group-elmra-xosl,ELMRA.OL,46.599998474121094,46.650001525878906,46.650001525878906,15739
2026-10-08,elmera-group-elmra-xosl,ELMRA.OL,46.650001525878906,46.79999923706055,46.79999923706055,16805
2026-07-13,elopak-elo-xosl,ELO.OL,35.0,34.54999923706055,34.54999923706055,82556
2026-07-14,elopak-elo-xosl,ELO.OL,34.849998474121094,34.349998474121094,34.349998474121094,94326
2026-07-15,elopak-elo-xosl,ELO.OL,34.349998474121094,35.20000076293945,35.20000076293945,110431
2026-07-16,elopak-elo-xosl,ELO.OL,35.04999923706055,35.75,35.75,210251
2026-07-17,elopak-elo-xosl,ELO.OL,35.599998474121094,36.150001525878906,36.150001525878906,3597036
2026-07-20,elopak-elo-xosl,ELO.OL,36.150001525878906,36.29999923706055,36.29999923706055,141835
2026-07-21,elopak-elo-xosl,ELO.OL,36.79999923706055,35.95000076293945,35.95000076293945,290039
2026-07-22,elopak-elo-xosl,ELO.OL,35.95000076293945,36.25,36.25,69489
2026-07-23,elopak-elo-xosl,ELO.OL,36.150001525878906,35.349998474121094,35.349998474121094,85950
2026-07-24,elopak-elo-xosl,ELO.OL,35.75,35.099998474121094,35.099998474121094,210625
2026-07-27,elopak-elo-xosl,ELO.OL,35.0,36.099998474121094,36.099998474121094,94023
2026-07-28,elopak-elo-xosl,ELO.OL,36.0,37.54999923706055,37.54999923706055,138207
2026-07-29,elopak-elo-xosl,ELO.OL,37.20000076293945,36.75,36.75,159834
2026-07-30,elopak-elo-xosl,ELO.OL,37.20000076293945,36.900001525878906,36.900001525878906,148707
2026-07-31,elopak-elo-xosl,ELO.OL,37.099998474121094,36.349998474121094,36.349998474121094,209844
2026-08-03,elopak-elo-xosl,ELO.OL,36.79999923706055,36.54999923706055,36.54999923706055,66320
2026-08-04,elopak-elo-xosl,ELO.OL,36.54999923706055,36.650001525878906,36.650001525878906,102817
2026-08-05,elopak-elo-xosl,ELO.OL,36.900001525878906,37.0,37.0,275463
2026-08-06,elopak-elo-xosl,ELO.OL,37.5,36.95000076293945,36.95000076293945,147364
2026-08-07,elopak-elo-xosl,ELO.OL,37.5,37.099998474121094,37.099998474121094,145233
2026-08-10,elopak-elo-xosl,ELO.OL,37.099998474121094,36.75,36.75,312856
2026-08-11,elopak-elo-xosl,ELO.OL,37.04999923706055,36.70000076293945,36.70000076293945,139058
2026-08-12,elopak-elo-xosl,ELO.OL,36.70000076293945,36.099998474121094,36.099998474121094,148556
2026-08-13,elopak-elo-xosl,ELO.OL,36.099998474121094,36.400001525878906,36.400001525878906,235527
2026-08-14,elopak-elo-xosl,ELO.OL,36.400001525878906,36.75,36.75,237073
2026-08-17,elopak-elo-xosl,ELO.OL,37.0,36.5,36.5,185836
2026-08-18,elopak-elo-xosl,ELO.OL,36.5,33.95000076293945,33.95000076293945,1689287
2026-08-19,elopak-elo-xosl,ELO.OL,34.099998474121094,35.0,35.0,1776204
2026-08-20,elopak-elo-xosl,ELO.OL,35.20000076293945,34.5,34.5,1087636
2026-08-21,elopak-elo-xosl,ELO.OL,35.0,34.54999923706055,34.54999923706055,375943
2026-08-24,elopak-elo-xosl,ELO.OL,34.45000076293945,34.70000076293945,34.70000076293945,868420
2026-08-25,elopak-elo-xosl,ELO.OL,34.95000076293945,34.849998474121094,34.849998474121094,602073
2026-08-26,elopak-elo-xosl,ELO.OL,34.849998474121094,35.29999923706055,35.29999923706055,582180
2026-08-27,elopak-elo-xosl,ELO.OL,35.349998474121094,35.150001525878906,35.150001525878906,623088
2026-08-28,elopak-elo-xosl,ELO.OL,35.29999923706055,35.75,35.75,517274
2026-08-31,elopak-elo-xosl,ELO.OL,35.900001525878906,37.20000076293945,37.20000076293945,1772935
2026-09-01,elopak-elo-xosl,ELO.OL,36.70000076293945,36.95000076293945,36.95000076293945,495012
2026-09-02,elopak-elo-xosl,ELO.OL,37.0,37.150001525878906,37.150001525878906,418504
2026-09-03,elopak-elo-xosl,ELO.OL,36.900001525878906,36.5,36.5,283393
2026-09-04,elopak-elo-xosl,ELO.OL,36.5,37.20000076293945,37.20000076293945,198453
2026-09-07,elopak-elo-xosl,ELO.OL,36.70000076293945,36.79999923706055,36.79999923706055,354414
2026-09-08,elopak-elo-xosl,ELO.OL,36.54999923706055,36.75,36.75,290174
2026-09-09,elopak-elo-xosl,ELO.OL,36.45000076293945,37.0,37.0,300111
2026-09-10,elopak-elo-xosl,ELO.OL,36.650001525878906,36.29999923706055,36.29999923706055,645483
2026-09-11,elopak-elo-xosl,ELO.OL,36.79999923706055,35.900001525878906,35.900001525878906,130414
2026-09-14,elopak-elo-xosl,ELO.OL,36.75,35.54999923706055,35.54999923706055,165821
2026-09-15,elopak-elo-xosl,ELO.OL,35.599998474121094,36.25,36.25,660854
2026-09-16,elopak-elo-xosl,ELO.OL,36.29999923706055,36.75,36.75,190043
2026-09-17,elopak-elo-xosl,ELO.OL,36.75,36.400001525878906,36.400001525878906,253243
2026-09-18,elopak-elo-xosl,ELO.OL,36.400001525878906,35.95000076293945,35.95000076293945,226808
2026-09-21,elopak-elo-xosl,ELO.OL,36.04999923706055,35.79999923706055,35.79999923706055,86410
2026-09-22,elopak-elo-xosl,ELO.OL,35.75,36.29999923706055,36.29999923706055,73696
2026-09-23,elopak-elo-xosl,ELO.OL,36.400001525878906,36.29999923706055,36.29999923706055,95134
2026-09-24,elopak-elo-xosl,ELO.OL,36.25,35.70000076293945,35.70000076293945,189895
2026-09-25,elopak-elo-xosl,ELO.OL,35.650001525878906,35.54999923706055,35.54999923706055,383241
2026-09-28,elopak-elo-xosl,ELO.OL,35.599998474121094,35.45000076293945,35.45000076293945,127112
2026-09-29,elopak-elo-xosl,ELO.OL,35.45000076293945,35.599998474121094,35.599998474121094,76157
2026-09-30,elopak-elo-xosl,ELO.OL,35.0,35.20000076293945,35.20000076293945,200687
2026-10-01,elopak-elo-xosl,ELO.OL,36.04999923706055,35.29999923706055,35.29999923706055,169433
2026-10-02,elopak-elo-xosl,ELO.OL,36.0,35.29999923706055,35.29999923706055,96116
2026-10-05,elopak-elo-xosl,ELO.OL,36.0,34.150001525878906,34.150001525878906,289159
2026-10-06,elopak-elo-xosl,ELO.OL,34.400001525878906,34.70000076293945,34.70000076293945,155134
2026-10-07,elopak-elo-xosl,ELO.OL,34.54999923706055,34.5,34.5,274592
2026-10-08,elopak-elo-xosl,ELO.OL,34.5,34.29999923706055,34.29999923706055,191820
2026-07-13,end-r-endur-xosl,ENDUR.OL,112.5999984741211,112.4000015258789,112.4000015258789,27142
2026-07-14,end-r-endur-xosl,ENDUR.OL,111.80000305175781,112.80000305175781,112.80000305175781,36220
2026-07-15,end-r-endur-xosl,ENDUR.OL,115.5999984741211,114.5999984741211,114.5999984741211,40465
2026-07-16,end-r-endur-xosl,ENDUR.OL,114.0,114.0,114.0,50040
2026-07-17,end-r-endur-xosl,ENDUR.OL,113.19999694824219,113.4000015258789,113.4000015258789,29401
2026-07-20,end-r-endur-xosl,ENDUR.OL,113.80000305175781,111.80000305175781,111.80000305175781,39886
2026-07-21,end-r-endur-xosl,ENDUR.OL,112.19999694824219,114.0,114.0,38336
2026-07-22,end-r-endur-xosl,ENDUR.OL,116.0,114.80000305175781,114.80000305175781,20687
2026-07-23,end-r-endur-xosl,ENDUR.OL,113.80000305175781,113.19999694824219,113.19999694824219,26184
2026-07-24,end-r-endur-xosl,ENDUR.OL,112.4000015258789,112.0,112.0,46069
2026-07-27,end-r-endur-xosl,ENDUR.OL,112.5999984741211,114.19999694824219,114.19999694824219,128716
2026-07-28,end-r-endur-xosl,ENDUR.OL,115.0,112.4000015258789,112.4000015258789,62945
2026-07-29,end-r-endur-xosl,ENDUR.OL,113.19999694824219,113.0,113.0,44894
2026-07-30,end-r-endur-xosl,ENDUR.OL,112.80000305175781,112.80000305175781,112.80000305175781,32550
2026-07-31,end-r-endur-xosl,ENDUR.OL,113.4000015258789,115.0,115.0,46753
2026-08-03,end-r-endur-xosl,ENDUR.OL,115.5999984741211,113.80000305175781,113.80000305175781,77093
2026-08-04,end-r-endur-xosl,ENDUR.OL,115.4000015258789,115.19999694824219,115.19999694824219,44628
2026-08-05,end-r-endur-xosl,ENDUR.OL,115.19999694824219,116.80000305175781,116.80000305175781,84779
2026-08-06,end-r-endur-xosl,ENDUR.OL,117.5999984741211,120.19999694824219,120.19999694824219,182780
2026-08-07,end-r-endur-xosl,ENDUR.OL,120.19999694824219,118.5999984741211,118.5999984741211,51810
2026-08-10,end-r-endur-xosl,ENDUR.OL,118.5999984741211,119.0,119.0,103868
2026-08-11,end-r-endur-xosl,ENDUR.OL,119.19999694824219,117.19999694824219,117.19999694824219,98266
2026-08-12,end-r-endur-xosl,ENDUR.OL,117.0,118.19999694824219,118.19999694824219,36628
2026-08-13,end-r-endur-xosl,ENDUR.OL,117.0,116.5999984741211,116.5999984741211,28276
2026-08-14,end-r-endur-xosl,ENDUR.OL,116.80000305175781,117.4000015258789,117.4000015258789,63214
2026-08-17,end-r-endur-xosl,ENDUR.OL,115.19999694824219,112.4000015258789,112.4000015258789,354148
2026-08-18,end-r-endur-xosl,ENDUR.OL,112.5999984741211,110.0,110.0,151790
2026-08-19,end-r-endur-xosl,ENDUR.OL,109.0,111.0,111.0,237879
2026-08-20,end-r-endur-xosl,ENDUR.OL,114.19999694824219,113.80000305175781,113.80000305175781,357161
2026-08-21,end-r-endur-xosl,ENDUR.OL,113.5999984741211,111.80000305175781,111.80000305175781,97659
2026-08-24,end-r-endur-xosl,ENDUR.OL,111.5999984741211,109.0,109.0,184681
2026-08-25,end-r-endur-xosl,ENDUR.OL,109.0,110.80000305175781,110.80000305175781,102668
2026-08-26,end-r-endur-xosl,ENDUR.OL,111.0,111.80000305175781,111.80000305175781,71944
2026-08-27,end-r-endur-xosl,ENDUR.OL,111.0,109.5999984741211,109.5999984741211,65568
2026-08-28,end-r-endur-xosl,ENDUR.OL,109.5999984741211,108.80000305175781,108.80000305175781,146681
2026-08-31,end-r-endur-xosl,ENDUR.OL,108.5999984741211,109.4000015258789,109.4000015258789,288651
2026-09-01,end-r-endur-xosl,ENDUR.OL,112.5999984741211,108.19999694824219,108.19999694824219,309742
2026-09-02,end-r-endur-xosl,ENDUR.OL,108.0,108.4000015258789,108.4000015258789,131191
2026-09-03,end-r-endur-xosl,ENDUR.OL,107.4000015258789,107.5999984741211,107.5999984741211,70680
2026-09-04,end-r-endur-xosl,ENDUR.OL,107.5999984741211,108.80000305175781,108.80000305175781,74489
2026-09-07,end-r-endur-xosl,ENDUR.OL,109.0,109.4000015258789,109.4000015258789,83205
2026-09-08,end-r-endur-xosl,ENDUR.OL,108.5999984741211,109.19999694824219,109.19999694824219,160100
2026-09-09,end-r-endur-xosl,ENDUR.OL,110.0,107.80000305175781,107.80000305175781,67694
2026-09-10,end-r-endur-xosl,ENDUR.OL,108.0,106.19999694824219,106.19999694824219,177149
2026-09-11,end-r-endur-xosl,ENDUR.OL,106.0,104.0,104.0,190093
2026-09-14,end-r-endur-xosl,ENDUR.OL,102.4000015258789,100.5999984741211,100.5999984741211,390313
2026-09-15,end-r-endur-xosl,ENDUR.OL,100.19999694824219,101.4000015258789,101.4000015258789,202300
2026-09-16,end-r-endur-xosl,ENDUR.OL,101.5999984741211,101.4000015258789,101.4000015258789,107539
2026-09-17,end-r-endur-xosl,ENDUR.OL,102.19999694824219,102.5999984741211,102.5999984741211,122886
2026-09-18,end-r-endur-xosl,ENDUR.OL,102.5999984741211,105.19999694824219,105.19999694824219,194385
2026-09-21,end-r-endur-xosl,ENDUR.OL,107.4000015258789,106.80000305175781,106.80000305175781,268472
2026-09-22,end-r-endur-xosl,ENDUR.OL,107.80000305175781,109.19999694824219,109.19999694824219,227640
2026-09-23,end-r-endur-xosl,ENDUR.OL,110.80000305175781,110.5999984741211,110.5999984741211,265260
2026-09-24,end-r-endur-xosl,ENDUR.OL,111.0,108.0,108.0,159214
2026-09-25,end-r-endur-xosl,ENDUR.OL,109.0,108.4000015258789,108.4000015258789,565837
2026-09-28,end-r-endur-xosl,ENDUR.OL,111.0,109.5999984741211,109.5999984741211,137380
2026-09-29,end-r-endur-xosl,ENDUR.OL,109.5999984741211,111.19999694824219,111.19999694824219,86231
2026-09-30,end-r-endur-xosl,ENDUR.OL,111.19999694824219,108.80000305175781,108.80000305175781,142705
2026-10-01,end-r-endur-xosl,ENDUR.OL,109.0,109.80000305175781,109.80000305175781,134374
2026-10-02,end-r-endur-xosl,ENDUR.OL,110.80000305175781,111.4000015258789,111.4000015258789,176094
2026-10-05,end-r-endur-xosl,ENDUR.OL,111.0,112.4000015258789,112.4000015258789,196380
2026-10-06,end-r-endur-xosl,ENDUR.OL,114.0,118.0,118.0,242933
2026-10-07,end-r-endur-xosl,ENDUR.OL,118.0,115.19999694824219,115.19999694824219,145114
2026-10-08,end-r-endur-xosl,ENDUR.OL,114.80000305175781,115.19999694824219,115.19999694824219,136350
2026-07-13,envipco-holding-envip-xosl,ENVIP.OL,39.599998474121094,37.95000076293945,37.95000076293945,54049
2026-07-14,envipco-holding-envip-xosl,ENVIP.OL,39.25,38.900001525878906,38.900001525878906,155860
2026-07-15,envipco-holding-envip-xosl,ENVIP.OL,40.04999923706055,41.45000076293945,41.45000076293945,533333
2026-07-16,envipco-holding-envip-xosl,ENVIP.OL,41.79999923706055,40.75,40.75,130390
2026-07-17,envipco-holding-envip-xosl,ENVIP.OL,42.0,41.29999923706055,41.29999923706055,141708
2026-07-20,envipco-holding-envip-xosl,ENVIP.OL,42.25,40.5,40.5,198474
2026-07-21,envipco-holding-envip-xosl,ENVIP.OL,41.79999923706055,40.349998474121094,40.349998474121094,40850
2026-07-22,envipco-holding-envip-xosl,ENVIP.OL,40.0,40.900001525878906,40.900001525878906,138562
2026-07-23,envipco-holding-envip-xosl,ENVIP.OL,41.5,41.0,41.0,62964
2026-07-24,envipco-holding-envip-xosl,ENVIP.OL,41.0,40.45000076293945,40.45000076293945,73715
2026-07-27,envipco-holding-envip-xosl,ENVIP.OL,41.04999923706055,40.70000076293945,40.70000076293945,114316
2026-07-28,envipco-holding-envip-xosl,ENVIP.OL,40.650001525878906,39.5,39.5,246828
2026-07-29,envipco-holding-envip-xosl,ENVIP.OL,39.5,39.45000076293945,39.45000076293945,226615
2026-07-30,envipco-holding-envip-xosl,ENVIP.OL,40.650001525878906,40.95000076293945,40.95000076293945,455119
2026-07-31,envipco-holding-envip-xosl,ENVIP.OL,41.599998474121094,40.650001525878906,40.650001525878906,166924
2026-08-03,envipco-holding-envip-xosl,ENVIP.OL,40.0,42.45000076293945,42.45000076293945,179178
2026-08-04,envipco-holding-envip-xosl,ENVIP.OL,42.25,42.5,42.5,180785
2026-08-05,envipco-holding-envip-xosl,ENVIP.OL,42.79999923706055,44.54999923706055,44.54999923706055,318539
2026-08-06,envipco-holding-envip-xosl,ENVIP.OL,44.900001525878906,45.150001525878906,45.150001525878906,113020
2026-08-07,envipco-holding-envip-xosl,ENVIP.OL,44.20000076293945,44.75,44.75,116475
2026-08-10,envipco-holding-envip-xosl,ENVIP.OL,44.75,44.54999923706055,44.54999923706055,135100
2026-08-11,envipco-holding-envip-xosl,ENVIP.OL,44.79999923706055,44.79999923706055,44.79999923706055,204820
2026-08-12,envipco-holding-envip-xosl,ENVIP.OL,41.0,38.5,38.5,1119976
2026-08-13,envipco-holding-envip-xosl,ENVIP.OL,39.29999923706055,42.75,42.75,1135242
2026-08-14,envipco-holding-envip-xosl,ENVIP.OL,42.70000076293945,43.099998474121094,43.099998474121094,274490
2026-08-17,envipco-holding-envip-xosl,ENVIP.OL,43.599998474121094,43.900001525878906,43.900001525878906,91934
2026-08-18,envipco-holding-envip-xosl,ENVIP.OL,43.04999923706055,41.70000076293945,41.70000076293945,153978
2026-08-19,envipco-holding-envip-xosl,ENVIP.OL,43.0,40.54999923706055,40.54999923706055,122133
2026-08-20,envipco-holding-envip-xosl,ENVIP.OL,41.099998474121094,40.150001525878906,40.150001525878906,117852
2026-08-21,envipco-holding-envip-xosl,ENVIP.OL,40.400001525878906,41.75,41.75,117757
2026-08-24,envipco-holding-envip-xosl,ENVIP.OL,42.900001525878906,44.45000076293945,44.45000076293945,321981
2026-08-25,envipco-holding-envip-xosl,ENVIP.OL,45.0,44.650001525878906,44.650001525878906,231429
2026-08-26,envipco-holding-envip-xosl,ENVIP.OL,44.79999923706055,44.54999923706055,44.54999923706055,56305
2026-08-27,envipco-holding-envip-xosl,ENVIP.OL,45.0,43.75,43.75,98343
2026-08-28,envipco-holding-envip-xosl,ENVIP.OL,43.900001525878906,42.599998474121094,42.599998474121094,87778
2026-08-31,envipco-holding-envip-xosl,ENVIP.OL,42.0,40.900001525878906,40.900001525878906,181810
2026-09-01,envipco-holding-envip-xosl,ENVIP.OL,40.70000076293945,40.849998474121094,40.849998474121094,395800
2026-09-02,envipco-holding-envip-xosl,ENVIP.OL,40.400001525878906,40.5,40.5,149710
2026-09-03,envipco-holding-envip-xosl,ENVIP.OL,40.70000076293945,40.29999923706055,40.29999923706055,173603
2026-09-04,envipco-holding-envip-xosl,ENVIP.OL,40.45000076293945,40.400001525878906,40.400001525878906,158308
2026-09-07,envipco-holding-envip-xosl,ENVIP.OL,39.150001525878906,35.75,35.75,1339690
2026-09-08,envipco-holding-envip-xosl,ENVIP.OL,36.0,35.20000076293945,35.20000076293945,530332
2026-09-09,envipco-holding-envip-xosl,ENVIP.OL,34.849998474121094,35.349998474121094,35.349998474121094,268416
2026-09-10,envipco-holding-envip-xosl,ENVIP.OL,35.54999923706055,34.25,34.25,292901
2026-09-11,envipco-holding-envip-xosl,ENVIP.OL,35.45000076293945,34.5,34.5,309397
2026-09-14,envipco-holding-envip-xosl,ENVIP.OL,34.349998474121094,33.599998474121094,33.599998474121094,210831
2026-09-15,envipco-holding-envip-xosl,ENVIP.OL,33.849998474121094,34.20000076293945,34.20000076293945,299102
2026-09-16,envipco-holding-envip-xosl,ENVIP.OL,34.099998474121094,32.849998474121094,32.849998474121094,203191
2026-09-17,envipco-holding-envip-xosl,ENVIP.OL,33.54999923706055,32.95000076293945,32.95000076293945,128748
2026-09-18,envipco-holding-envip-xosl,ENVIP.OL,33.0,32.650001525878906,32.650001525878906,124236
2026-09-21,envipco-holding-envip-xosl,ENVIP.OL,33.5,33.54999923706055,33.54999923706055,132827
2026-09-22,envipco-holding-envip-xosl,ENVIP.OL,33.75,33.0,33.0,126641
2026-09-23,envipco-holding-envip-xosl,ENVIP.OL,34.29999923706055,35.95000076293945,35.95000076293945,1031342
2026-09-24,envipco-holding-envip-xosl,ENVIP.OL,36.150001525878906,35.25,35.25,377539
2026-09-25,envipco-holding-envip-xosl,ENVIP.OL,35.29999923706055,36.599998474121094,36.599998474121094,498931
2026-09-28,envipco-holding-envip-xosl,ENVIP.OL,36.599998474121094,38.5,38.5,678681
2026-09-29,envipco-holding-envip-xosl,ENVIP.OL,38.400001525878906,39.20000076293945,39.20000076293945,415769
2026-09-30,envipco-holding-envip-xosl,ENVIP.OL,39.20000076293945,39.70000076293945,39.70000076293945,119688
2026-10-01,envipco-holding-envip-xosl,ENVIP.OL,40.099998474121094,38.650001525878906,38.650001525878906,178935
2026-10-02,envipco-holding-envip-xosl,ENVIP.OL,38.900001525878906,38.75,38.75,201784
2026-10-05,envipco-holding-envip-xosl,ENVIP.OL,40.0,39.400001525878906,39.400001525878906,57467
2026-10-06,envipco-holding-envip-xosl,ENVIP.OL,39.0,41.70000076293945,41.70000076293945,706599
2026-10-07,envipco-holding-envip-xosl,ENVIP.OL,41.0,40.29999923706055,40.29999923706055,190217
2026-10-08,envipco-holding-envip-xosl,ENVIP.OL,40.75,40.5,40.5,116642
2026-07-13,europris-epr-xosl,EPR.OL,80.80000305175781,80.80000305175781,80.80000305175781,303001
2026-07-14,europris-epr-xosl,EPR.OL,81.19999694824219,82.30000305175781,82.30000305175781,211727
2026-07-15,europris-epr-xosl,EPR.OL,82.4000015258789,83.0,83.0,157590
2026-07-16,europris-epr-xosl,EPR.OL,82.4000015258789,83.19999694824219,83.19999694824219,108359
2026-07-17,europris-epr-xosl,EPR.OL,83.0,83.19999694824219,83.19999694824219,192204
2026-07-20,europris-epr-xosl,EPR.OL,83.0999984741211,83.30000305175781,83.30000305175781,70040
2026-07-21,europris-epr-xosl,EPR.OL,83.0999984741211,82.9000015258789,82.9000015258789,112303
2026-07-22,europris-epr-xosl,EPR.OL,83.0999984741211,84.5,84.5,172831
2026-07-23,europris-epr-xosl,EPR.OL,84.0999984741211,84.0999984741211,84.0999984741211,199331
2026-07-24,europris-epr-xosl,EPR.OL,83.9000015258789,82.5999984741211,82.5999984741211,162242
2026-07-27,europris-epr-xosl,EPR.OL,83.5999984741211,84.30000305175781,84.30000305175781,164745
2026-07-28,europris-epr-xosl,EPR.OL,84.4000015258789,85.0,85.0,150021
2026-07-29,europris-epr-xosl,EPR.OL,85.30000305175781,84.4000015258789,84.4000015258789,200858
2026-07-30,europris-epr-xosl,EPR.OL,85.0,85.9000015258789,85.9000015258789,158788
2026-07-31,europris-epr-xosl,EPR.OL,85.9000015258789,85.30000305175781,85.30000305175781,100403
2026-08-03,europris-epr-xosl,EPR.OL,85.19999694824219,85.5999984741211,85.5999984741211,113827
2026-08-04,europris-epr-xosl,EPR.OL,85.5,85.30000305175781,85.30000305175781,108505
2026-08-05,europris-epr-xosl,EPR.OL,85.5999984741211,86.5999984741211,86.5999984741211,201533
2026-08-06,europris-epr-xosl,EPR.OL,86.69999694824219,85.5999984741211,85.5999984741211,82413
2026-08-07,europris-epr-xosl,EPR.OL,85.5999984741211,86.9000015258789,86.9000015258789,92739
2026-08-10,europris-epr-xosl,EPR.OL,87.0999984741211,86.30000305175781,86.30000305175781,120012
2026-08-11,europris-epr-xosl,EPR.OL,86.0,86.80000305175781,86.80000305175781,212681
2026-08-12,europris-epr-xosl,EPR.OL,86.5,86.4000015258789,86.4000015258789,46555
2026-08-13,europris-epr-xosl,EPR.OL,86.5,86.0999984741211,86.0999984741211,69283
2026-08-14,europris-epr-xosl,EPR.OL,86.5,86.19999694824219,86.19999694824219,86002
2026-08-17,europris-epr-xosl,EPR.OL,86.0999984741211,85.4000015258789,85.4000015258789,82962
2026-08-18,europris-epr-xosl,EPR.OL,85.4000015258789,86.19999694824219,86.19999694824219,126202
2026-08-19,europris-epr-xosl,EPR.OL,86.0999984741211,86.0,86.0,187012
2026-08-20,europris-epr-xosl,EPR.OL,86.80000305175781,86.30000305175781,86.30000305175781,137825
2026-08-21,europris-epr-xosl,EPR.OL,86.0999984741211,87.5,87.5,204930
2026-08-24,europris-epr-xosl,EPR.OL,87.5,88.0,88.0,164268
2026-08-25,europris-epr-xosl,EPR.OL,87.4000015258789,88.4000015258789,88.4000015258789,79759
2026-08-26,europris-epr-xosl,EPR.OL,88.4000015258789,89.0,89.0,80484
2026-08-27,europris-epr-xosl,EPR.OL,89.0,88.5999984741211,88.5999984741211,84257
2026-08-28,europris-epr-xosl,EPR.OL,88.9000015258789,89.0999984741211,89.0999984741211,104662
2026-08-31,europris-epr-xosl,EPR.OL,89.19999694824219,88.19999694824219,88.19999694824219,165202
2026-09-01,europris-epr-xosl,EPR.OL,88.0,89.0,89.0,187106
2026-09-02,europris-epr-xosl,EPR.OL,88.0,87.9000015258789,87.9000015258789,130719
2026-09-03,europris-epr-xosl,EPR.OL,88.0,87.5,87.5,76372
2026-09-04,europris-epr-xosl,EPR.OL,87.5,88.0999984741211,88.0999984741211,116389
2026-09-07,europris-epr-xosl,EPR.OL,87.9000015258789,88.0999984741211,88.0999984741211,151671
2026-09-08,europris-epr-xosl,EPR.OL,87.80000305175781,87.0999984741211,87.0999984741211,93235
2026-09-09,europris-epr-xosl,EPR.OL,87.0,86.4000015258789,86.4000015258789,165100
2026-09-10,europris-epr-xosl,EPR.OL,86.4000015258789,85.30000305175781,85.30000305175781,359423
2026-09-11,europris-epr-xosl,EPR.OL,85.0,85.0,85.0,154625
2026-09-14,europris-epr-xosl,EPR.OL,84.9000015258789,84.30000305175781,84.30000305175781,55066
2026-09-15,europris-epr-xosl,EPR.OL,84.0999984741211,82.9000015258789,82.9000015258789,278373
2026-09-16,europris-epr-xosl,EPR.OL,83.19999694824219,83.30000305175781,83.30000305175781,143630
2026-09-17,europris-epr-xosl,EPR.OL,83.0,83.0,83.0,350933
2026-09-18,europris-epr-xosl,EPR.OL,82.9000015258789,82.4000015258789,82.4000015258789,501128
2026-09-21,europris-epr-xosl,EPR.OL,82.80000305175781,83.9000015258789,83.9000015258789,278098
2026-09-22,europris-epr-xosl,EPR.OL,84.0,84.19999694824219,84.19999694824219,87916
2026-09-23,europris-epr-xosl,EPR.OL,83.9000015258789,82.19999694824219,82.19999694824219,184647
2026-09-24,europris-epr-xosl,EPR.OL,82.30000305175781,82.0999984741211,82.0999984741211,73291
2026-09-25,europris-epr-xosl,EPR.OL,82.19999694824219,81.30000305175781,81.30000305175781,378454
2026-09-28,europris-epr-xosl,EPR.OL,81.80000305175781,81.9000015258789,81.9000015258789,188151
2026-09-29,europris-epr-xosl,EPR.OL,82.5,81.80000305175781,81.80000305175781,361205
2026-09-30,europris-epr-xosl,EPR.OL,81.80000305175781,82.0,82.0,217223
2026-10-01,europris-epr-xosl,EPR.OL,81.5,81.0999984741211,81.0999984741211,192858
2026-10-02,europris-epr-xosl,EPR.OL,80.80000305175781,80.69999694824219,80.69999694824219,200135
2026-10-05,europris-epr-xosl,EPR.OL,80.69999694824219,80.4000015258789,80.4000015258789,169879
2026-10-06,europris-epr-xosl,EPR.OL,80.69999694824219,80.30000305175781,80.30000305175781,508612
2026-10-07,europris-epr-xosl,EPR.OL,80.30000305175781,81.80000305175781,81.80000305175781,139413
2026-10-08,europris-epr-xosl,EPR.OL,81.80000305175781,83.4000015258789,83.4000015258789,175985
2026-07-13,frontline-fro-xosl,FRO.OL,369.70001220703125,366.70001220703125,364.227783203125,466646
2026-07-14,frontline-fro-xosl,FRO.OL,367.0,376.20001220703125,373.6637268066406,526122
2026-07-15,frontline-fro-xosl,FRO.OL,372.8999938964844,362.79998779296875,360.35406494140625,436522
2026-07-16,frontline-fro-xosl,FRO.OL,365.8999938964844,366.29998779296875,363.8304443359375,324066
2026-07-17,frontline-fro-xosl,FRO.OL,358.6000061035156,352.6000061035156,350.22283935546875,859989
2026-07-20,frontline-fro-xosl,FRO.OL,353.8999938964844,362.79998779296875,360.35406494140625,406613
2026-07-21,frontline-fro-xosl,FRO.OL,360.0,369.70001220703125,367.2075500488281,450944
2026-07-22,frontline-fro-xosl,FRO.OL,370.0,368.1000061035156,365.61834716796875,414172
2026-07-23,frontline-fro-xosl,FRO.OL,369.0,373.70001220703125,371.18060302734375,629960
2026-07-24,frontline-fro-xosl,FRO.OL,375.0,377.70001220703125,375.15362548828125,411234
2026-07-27,frontline-fro-xosl,FRO.OL,376.1000061035156,370.3999938964844,367.90283203125,422273
2026-07-28,frontline-fro-xosl,FRO.OL,371.20001220703125,377.8999938964844,375.3522644042969,620438
2026-07-29,frontline-fro-xosl,FRO.OL,378.20001220703125,371.8999938964844,369.3927001953125,571521
2026-07-30,frontline-fro-xosl,FRO.OL,376.0,369.29998779296875,366.81024169921875,559596
2026-07-31,frontline-fro-xosl,FRO.OL,372.3999938964844,375.79998779296875,373.26641845703125,505729
2026-08-03,frontline-fro-xosl,FRO.OL,373.29998779296875,373.79998779296875,371.2799072265625,589918
2026-08-04,frontline-fro-xosl,FRO.OL,380.0,374.1000061035156,371.577880859375,1042438
2026-08-05,frontline-fro-xosl,FRO.OL,381.0,365.3999938964844,362.9365234375,941031
2026-08-06,frontline-fro-xosl,FRO.OL,363.5,376.5,373.9617004394531,728239
2026-08-07,frontline-fro-xosl,FRO.OL,377.0,368.8999938964844,366.4129333496094,675538
2026-08-10,frontline-fro-xosl,FRO.OL,376.20001220703125,374.1000061035156,371.577880859375,602731
2026-08-11,frontline-fro-xosl,FRO.OL,369.0,358.29998779296875,355.8843994140625,1326008
2026-08-12,frontline-fro-xosl,FRO.OL,363.1000061035156,371.20001220703125,368.69744873046875,819749
2026-08-13,frontline-fro-xosl,FRO.OL,373.6000061035156,389.6000061035156,386.973388671875,1282351
2026-08-14,frontline-fro-xosl,FRO.OL,384.70001220703125,386.5,383.894287109375,552827
2026-08-17,frontline-fro-xosl,FRO.OL,392.0,396.6000061035156,393.92620849609375,559619
2026-08-18,frontline-fro-xosl,FRO.OL,399.0,398.29998779296875,395.6147155761719,490148
2026-08-19,frontline-fro-xosl,FRO.OL,408.70001220703125,413.29998779296875,410.5135803222656,1107654
2026-08-20,frontline-fro-xosl,FRO.OL,414.29998779296875,406.79998779296875,404.0574035644531,719020
2026-08-21,frontline-fro-xosl,FRO.OL,405.0,413.8999938964844,411.10955810546875,874277
2026-08-24,frontline-fro-xosl,FRO.OL,406.20001220703125,410.6000061035156,407.8318176269531,623724
2026-08-25,frontline-fro-xosl,FRO.OL,410.0,400.5,397.7998962402344,675458
2026-08-26,frontline-fro-xosl,FRO.OL,404.0,391.20001220703125,388.5626220703125,1015593
2026-08-27,frontline-fro-xosl,FRO.OL,389.0,408.79998779296875,406.0439453125,696564
2026-08-28,frontline-fro-xosl,FRO.OL,405.0,418.20001220703125,415.3805847167969,1436098
2026-08-31,frontline-fro-xosl,FRO.OL,416.0,411.5,408.7257385253906,1156623
2026-09-01,frontline-fro-xosl,FRO.OL,410.70001220703125,418.8999938964844,416.0758361816406,1030216
2026-09-02,frontline-fro-xosl,FRO.OL,418.0,413.79998779296875,411.0102233886719,507220
2026-09-03,frontline-fro-xosl,FRO.OL,421.0,423.20001220703125,420.34686279296875,919457
2026-09-04,frontline-fro-xosl,FRO.OL,427.0,435.29998779296875,432.3652648925781,995765
2026-09-07,frontline-fro-xosl,FRO.OL,438.0,424.8999938964844,422.035400390625,715503
2026-09-08,frontline-fro-xosl,FRO.OL,428.29998779296875,427.0,424.1212463378906,985589
2026-09-09,frontline-fro-xosl,FRO.OL,432.5,430.5,427.59765625,556810
2026-09-10,frontline-fro-xosl,FRO.OL,435.0,440.6000061035156,437.6295471191406,929752
2026-09-11,frontline-fro-xosl,FRO.OL,446.0,458.3999938964844,455.3095397949219,1160379
2026-09-14,frontline-fro-xosl,FRO.OL,466.0,468.3999938964844,465.24212646484375,1045368
2026-09-15,frontline-fro-xosl,FRO.OL,469.79998779296875,492.0,488.6830139160156,1102498
2026-09-16,frontline-fro-xosl,FRO.OL,487.70001220703125,505.79998779296875,502.3899841308594,1275095
2026-09-17,frontline-fro-xosl,FRO.OL,475.5,475.0,475.0,1423980
2026-09-18,frontline-fro-xosl,FRO.OL,479.0,485.3999938964844,485.3999938964844,1375048
2026-09-21,frontline-fro-xosl,FRO.OL,487.20001220703125,491.6000061035156,491.6000061035156,1282158
2026-09-22,frontline-fro-xosl,FRO.OL,473.0,460.0,460.0,1805443
2026-09-23,frontline-fro-xosl,FRO.OL,454.70001220703125,449.29998779296875,449.29998779296875,998783
2026-09-24,frontline-fro-xosl,FRO.OL,452.79998779296875,461.29998779296875,461.29998779296875,849124
2026-09-25,frontline-fro-xosl,FRO.OL,453.3999938964844,456.20001220703125,456.20001220703125,861837
2026-09-28,frontline-fro-xosl,FRO.OL,457.3999938964844,462.79998779296875,462.79998779296875,674822
2026-09-29,frontline-fro-xosl,FRO.OL,458.0,468.0,468.0,758136
2026-09-30,frontline-fro-xosl,FRO.OL,472.0,476.20001220703125,476.20001220703125,777118
2026-10-01,frontline-fro-xosl,FRO.OL,476.20001220703125,486.6000061035156,486.6000061035156,1250469
2026-10-02,frontline-fro-xosl,FRO.OL,494.70001220703125,489.6000061035156,489.6000061035156,902249
2026-10-05,frontline-fro-xosl,FRO.OL,502.20001220703125,503.20001220703125,503.20001220703125,1293606
2026-10-06,frontline-fro-xosl,FRO.OL,514.0,501.0,501.0,716085
2026-10-07,frontline-fro-xosl,FRO.OL,505.0,512.0,512.0,795290
2026-10-08,frontline-fro-xosl,FRO.OL,512.5999755859375,529.4000244140625,529.4000244140625,916568
2026-07-13,general-oceans-geno-xosl,GENO.OL,19.18000030517578,19.360000610351562,19.360000610351562,203003
2026-07-14,general-oceans-geno-xosl,GENO.OL,19.399999618530273,18.860000610351562,18.860000610351562,128274
2026-07-15,general-oceans-geno-xosl,GENO.OL,19.0,20.649999618530273,20.649999618530273,136807
2026-07-16,general-oceans-geno-xosl,GENO.OL,20.649999618530273,20.149999618530273,20.149999618530273,64365
2026-07-17,general-oceans-geno-xosl,GENO.OL,20.049999237060547,20.200000762939453,20.200000762939453,59944
2026-07-20,general-oceans-geno-xosl,GENO.OL,20.200000762939453,19.719999313354492,19.719999313354492,48196
2026-07-21,general-oceans-geno-xosl,GENO.OL,19.700000762939453,19.899999618530273,19.899999618530273,29959
2026-07-22,general-oceans-geno-xosl,GENO.OL,19.700000762939453,20.549999237060547,20.549999237060547,50184
2026-07-23,general-oceans-geno-xosl,GENO.OL,20.549999237060547,21.149999618530273,21.149999618530273,45580
2026-07-24,general-oceans-geno-xosl,GENO.OL,20.899999618530273,20.850000381469727,20.850000381469727,59127
2026-07-27,general-oceans-geno-xosl,GENO.OL,20.600000381469727,20.549999237060547,20.549999237060547,55365
2026-07-28,general-oceans-geno-xosl,GENO.OL,20.450000762939453,21.25,21.25,81518
2026-07-29,general-oceans-geno-xosl,GENO.OL,21.299999237060547,21.600000381469727,21.600000381469727,60518
2026-07-30,general-oceans-geno-xosl,GENO.OL,21.600000381469727,21.450000762939453,21.450000762939453,42421
2026-07-31,general-oceans-geno-xosl,GENO.OL,21.0,21.799999237060547,21.799999237060547,58946
2026-08-03,general-oceans-geno-xosl,GENO.OL,21.799999237060547,21.5,21.5,552754
2026-08-04,general-oceans-geno-xosl,GENO.OL,21.200000762939453,22.25,22.25,81440
2026-08-05,general-oceans-geno-xosl,GENO.OL,22.299999237060547,22.5,22.5,81359
2026-08-06,general-oceans-geno-xosl,GENO.OL,22.149999618530273,20.899999618530273,20.899999618530273,420058
2026-08-07,general-oceans-geno-xosl,GENO.OL,20.950000762939453,21.5,21.5,123410
2026-08-10,general-oceans-geno-xosl,GENO.OL,21.950000762939453,21.5,21.5,53956
2026-08-11,general-oceans-geno-xosl,GENO.OL,21.299999237060547,20.850000381469727,20.850000381469727,79931
2026-08-12,general-oceans-geno-xosl,GENO.OL,20.700000762939453,20.0,20.0,117156
2026-08-13,general-oceans-geno-xosl,GENO.OL,22.0,22.200000762939453,22.200000762939453,232423
2026-08-14,general-oceans-geno-xosl,GENO.OL,22.100000381469727,22.100000381469727,22.100000381469727,112302
2026-08-17,general-oceans-geno-xosl,GENO.OL,22.700000762939453,21.450000762939453,21.450000762939453,92631
2026-08-18,general-oceans-geno-xosl,GENO.OL,21.450000762939453,20.600000381469727,20.600000381469727,55077
2026-08-19,general-oceans-geno-xosl,GENO.OL,20.600000381469727,20.299999237060547,20.299999237060547,165994
2026-08-20,general-oceans-geno-xosl,GENO.OL,20.5,20.100000381469727,20.100000381469727,135812
2026-08-21,general-oceans-geno-xosl,GENO.OL,20.0,20.549999237060547,20.549999237060547,253876
2026-08-24,general-oceans-geno-xosl,GENO.OL,20.649999618530273,22.0,22.0,432255
2026-08-25,general-oceans-geno-xosl,GENO.OL,22.0,21.299999237060547,21.299999237060547,182318
2026-08-26,general-oceans-geno-xosl,GENO.OL,21.200000762939453,20.600000381469727,20.600000381469727,87690
2026-08-27,general-oceans-geno-xosl,GENO.OL,20.350000381469727,20.799999237060547,20.799999237060547,197996
2026-08-28,general-oceans-geno-xosl,GENO.OL,21.600000381469727,20.25,20.25,110169
2026-08-31,general-oceans-geno-xosl,GENO.OL,20.350000381469727,19.84000015258789,19.84000015258789,68675
2026-09-01,general-oceans-geno-xosl,GENO.OL,20.0,19.299999237060547,19.299999237060547,604151
2026-09-02,general-oceans-geno-xosl,GENO.OL,19.5,19.0,19.0,164746
2026-09-03,general-oceans-geno-xosl,GENO.OL,19.200000762939453,18.940000534057617,18.940000534057617,116976
2026-09-04,general-oceans-geno-xosl,GENO.OL,19.020000457763672,19.18000030517578,19.18000030517578,101764
2026-09-07,general-oceans-geno-xosl,GENO.OL,18.899999618530273,18.5,18.5,385022
2026-09-08,general-oceans-geno-xosl,GENO.OL,18.5,18.0,18.0,193312
2026-09-09,general-oceans-geno-xosl,GENO.OL,18.040000915527344,18.18000030517578,18.18000030517578,217233
2026-09-10,general-oceans-geno-xosl,GENO.OL,18.200000762939453,18.040000915527344,18.040000915527344,633625
2026-09-11,general-oceans-geno-xosl,GENO.OL,18.020000457763672,18.079999923706055,18.079999923706055,883439
2026-09-14,general-oceans-geno-xosl,GENO.OL,18.600000381469727,17.440000534057617,17.440000534057617,898939
2026-09-15,general-oceans-geno-xosl,GENO.OL,17.360000610351562,17.100000381469727,17.100000381469727,488330
2026-09-16,general-oceans-geno-xosl,GENO.OL,17.1200008392334,18.059999465942383,18.059999465942383,315341
2026-09-17,general-oceans-geno-xosl,GENO.OL,18.479999542236328,19.079999923706055,19.079999923706055,205156
2026-09-18,general-oceans-geno-xosl,GENO.OL,19.280000686645508,19.31999969482422,19.31999969482422,228881
2026-09-21,general-oceans-geno-xosl,GENO.OL,19.360000610351562,20.25,20.25,362455
2026-09-22,general-oceans-geno-xosl,GENO.OL,20.25,20.149999618530273,20.149999618530273,381987
2026-09-23,general-oceans-geno-xosl,GENO.OL,20.25,20.450000762939453,20.450000762939453,154472
2026-09-24,general-oceans-geno-xosl,GENO.OL,20.950000762939453,20.600000381469727,20.600000381469727,50935
2026-09-25,general-oceans-geno-xosl,GENO.OL,20.649999618530273,19.860000610351562,19.860000610351562,81451
2026-09-28,general-oceans-geno-xosl,GENO.OL,19.780000686645508,19.459999084472656,19.459999084472656,79021
2026-09-29,general-oceans-geno-xosl,GENO.OL,19.200000762939453,19.579999923706055,19.579999923706055,51463
2026-09-30,general-oceans-geno-xosl,GENO.OL,19.600000381469727,20.299999237060547,20.299999237060547,161762
2026-10-01,general-oceans-geno-xosl,GENO.OL,20.850000381469727,20.149999618530273,20.149999618530273,200649
2026-10-02,general-oceans-geno-xosl,GENO.OL,21.0,21.0,21.0,297262
2026-10-05,general-oceans-geno-xosl,GENO.OL,21.149999618530273,20.450000762939453,20.450000762939453,246619
2026-10-06,general-oceans-geno-xosl,GENO.OL,20.450000762939453,20.600000381469727,20.600000381469727,118440
2026-10-07,general-oceans-geno-xosl,GENO.OL,20.799999237060547,19.1200008392334,19.1200008392334,170800
2026-10-08,general-oceans-geno-xosl,GENO.OL,19.200000762939453,19.979999542236328,19.979999542236328,301747
2026-07-13,gjensidige-forsikring-gjf-xosl,GJF.OL,280.79998779296875,277.6000061035156,277.6000061035156,514055
2026-07-14,gjensidige-forsikring-gjf-xosl,GJF.OL,276.0,282.3999938964844,282.3999938964844,270016
2026-07-15,gjensidige-forsikring-gjf-xosl,GJF.OL,282.3999938964844,275.0,275.0,320658
2026-07-16,gjensidige-forsikring-gjf-xosl,GJF.OL,274.6000061035156,277.20001220703125,277.20001220703125,340590
2026-07-17,gjensidige-forsikring-gjf-xosl,GJF.OL,276.20001220703125,277.0,277.0,224302
2026-07-20,gjensidige-forsikring-gjf-xosl,GJF.OL,274.0,273.79998779296875,273.79998779296875,282309
2026-07-21,gjensidige-forsikring-gjf-xosl,GJF.OL,274.3999938964844,277.20001220703125,277.20001220703125,286448
2026-07-22,gjensidige-forsikring-gjf-xosl,GJF.OL,277.0,281.79998779296875,281.79998779296875,374869
2026-07-23,gjensidige-forsikring-gjf-xosl,GJF.OL,281.6000061035156,277.20001220703125,277.20001220703125,208829
2026-07-24,gjensidige-forsikring-gjf-xosl,GJF.OL,278.0,279.0,279.0,166906
2026-07-27,gjensidige-forsikring-gjf-xosl,GJF.OL,280.0,278.3999938964844,278.3999938964844,200155
2026-07-28,gjensidige-forsikring-gjf-xosl,GJF.OL,277.6000061035156,281.3999938964844,281.3999938964844,221206
2026-07-29,gjensidige-forsikring-gjf-xosl,GJF.OL,281.6000061035156,280.3999938964844,280.3999938964844,109525
2026-07-30,gjensidige-forsikring-gjf-xosl,GJF.OL,281.0,283.3999938964844,283.3999938964844,167604
2026-07-31,gjensidige-forsikring-gjf-xosl,GJF.OL,282.0,282.20001220703125,282.20001220703125,179481
2026-08-03,gjensidige-forsikring-gjf-xosl,GJF.OL,282.0,282.79998779296875,282.79998779296875,227367
2026-08-04,gjensidige-forsikring-gjf-xosl,GJF.OL,281.6000061035156,283.0,283.0,324048
2026-08-05,gjensidige-forsikring-gjf-xosl,GJF.OL,283.0,281.20001220703125,281.20001220703125,161958
2026-08-06,gjensidige-forsikring-gjf-xosl,GJF.OL,281.20001220703125,282.20001220703125,282.20001220703125,145199
2026-08-07,gjensidige-forsikring-gjf-xosl,GJF.OL,282.20001220703125,284.20001220703125,284.20001220703125,212720
2026-08-10,gjensidige-forsikring-gjf-xosl,GJF.OL,283.0,279.3999938964844,279.3999938964844,186741
2026-08-11,gjensidige-forsikring-gjf-xosl,GJF.OL,279.3999938964844,278.20001220703125,278.20001220703125,166507
2026-08-12,gjensidige-forsikring-gjf-xosl,GJF.OL,278.6000061035156,281.0,281.0,214425
2026-08-13,gjensidige-forsikring-gjf-xosl,GJF.OL,281.20001220703125,282.20001220703125,282.20001220703125,129074
2026-08-14,gjensidige-forsikring-gjf-xosl,GJF.OL,282.6000061035156,283.79998779296875,283.79998779296875,167289
2026-08-17,gjensidige-forsikring-gjf-xosl,GJF.OL,283.3999938964844,282.0,282.0,180858
2026-08-18,gjensidige-forsikring-gjf-xosl,GJF.OL,282.3999938964844,281.6000061035156,281.6000061035156,201500
2026-08-19,gjensidige-forsikring-gjf-xosl,GJF.OL,280.0,278.79998779296875,278.79998779296875,178038
2026-08-20,gjensidige-forsikring-gjf-xosl,GJF.OL,281.20001220703125,278.0,278.0,169550
2026-08-21,gjensidige-forsikring-gjf-xosl,GJF.OL,279.0,281.6000061035156,281.6000061035156,180735
2026-08-24,gjensidige-forsikring-gjf-xosl,GJF.OL,282.0,280.0,280.0,204675
2026-08-25,gjensidige-forsikring-gjf-xosl,GJF.OL,281.0,282.3999938964844,282.3999938964844,179936
2026-08-26,gjensidige-forsikring-gjf-xosl,GJF.OL,282.0,284.79998779296875,284.79998779296875,273909
2026-08-27,gjensidige-forsikring-gjf-xosl,GJF.OL,285.0,283.3999938964844,283.3999938964844,131413
2026-08-28,gjensidige-forsikring-gjf-xosl,GJF.OL,285.0,286.3999938964844,286.3999938964844,196487
2026-08-31,gjensidige-forsikring-gjf-xosl,GJF.OL,286.0,283.3999938964844,283.3999938964844,1006192
2026-09-01,gjensidige-forsikring-gjf-xosl,GJF.OL,284.0,283.20001220703125,283.20001220703125,342961
2026-09-02,gjensidige-forsikring-gjf-xosl,GJF.OL,282.0,281.20001220703125,281.20001220703125,190864
2026-09-03,gjensidige-forsikring-gjf-xosl,GJF.OL,281.20001220703125,283.79998779296875,283.79998779296875,170225
2026-09-04,gjensidige-forsikring-gjf-xosl,GJF.OL,283.3999938964844,282.20001220703125,282.20001220703125,166044
2026-09-07,gjensidige-forsikring-gjf-xosl,GJF.OL,281.0,278.79998779296875,278.79998779296875,201273
2026-09-08,gjensidige-forsikring-gjf-xosl,GJF.OL,278.0,277.79998779296875,277.79998779296875,222316
2026-09-09,gjensidige-forsikring-gjf-xosl,GJF.OL,277.20001220703125,276.3999938964844,276.3999938964844,275969
2026-09-10,gjensidige-forsikring-gjf-xosl,GJF.OL,277.3999938964844,279.0,279.0,290701
2026-09-11,gjensidige-forsikring-gjf-xosl,GJF.OL,279.79998779296875,278.0,278.0,166347
2026-09-14,gjensidige-forsikring-gjf-xosl,GJF.OL,279.20001220703125,277.0,277.0,213036
2026-09-15,gjensidige-forsikring-gjf-xosl,GJF.OL,277.6000061035156,276.79998779296875,276.79998779296875,240027
2026-09-16,gjensidige-forsikring-gjf-xosl,GJF.OL,276.3999938964844,276.3999938964844,276.3999938964844,166559
2026-09-17,gjensidige-forsikring-gjf-xosl,GJF.OL,277.0,280.0,280.0,393934
2026-09-18,gjensidige-forsikring-gjf-xosl,GJF.OL,277.0,276.0,276.0,775496
2026-09-21,gjensidige-forsikring-gjf-xosl,GJF.OL,278.0,275.6000061035156,275.6000061035156,262922
2026-09-22,gjensidige-forsikring-gjf-xosl,GJF.OL,275.6000061035156,270.79998779296875,270.79998779296875,271076
2026-09-23,gjensidige-forsikring-gjf-xosl,GJF.OL,268.3999938964844,260.20001220703125,260.20001220703125,812411
2026-09-24,gjensidige-forsikring-gjf-xosl,GJF.OL,261.0,259.3999938964844,259.3999938964844,329187
2026-09-25,gjensidige-forsikring-gjf-xosl,GJF.OL,259.20001220703125,259.3999938964844,259.3999938964844,211152
2026-09-28,gjensidige-forsikring-gjf-xosl,GJF.OL,260.6000061035156,262.20001220703125,262.20001220703125,260772
2026-09-29,gjensidige-forsikring-gjf-xosl,GJF.OL,260.79998779296875,260.0,260.0,171874
2026-09-30,gjensidige-forsikring-gjf-xosl,GJF.OL,260.3999938964844,258.79998779296875,258.79998779296875,284653
2026-10-01,gjensidige-forsikring-gjf-xosl,GJF.OL,257.3999938964844,253.39999389648438,253.39999389648438,354059
2026-10-02,gjensidige-forsikring-gjf-xosl,GJF.OL,256.0,256.6000061035156,256.6000061035156,251329
2026-10-05,gjensidige-forsikring-gjf-xosl,GJF.OL,257.0,253.8000030517578,253.8000030517578,292019
2026-10-06,gjensidige-forsikring-gjf-xosl,GJF.OL,253.0,249.8000030517578,249.8000030517578,322375
2026-10-07,gjensidige-forsikring-gjf-xosl,GJF.OL,249.0,247.8000030517578,247.8000030517578,231113
2026-10-08,gjensidige-forsikring-gjf-xosl,GJF.OL,248.1999969482422,247.60000610351562,247.60000610351562,254186
2026-07-13,grieg-seafood-gsf-xosl,GSF.OL,29.15999984741211,29.239999771118164,29.239999771118164,84646
2026-07-14,grieg-seafood-gsf-xosl,GSF.OL,29.040000915527344,29.440000534057617,29.440000534057617,265117
2026-07-15,grieg-seafood-gsf-xosl,GSF.OL,29.299999237060547,29.420000076293945,29.420000076293945,185893
2026-07-16,grieg-seafood-gsf-xosl,GSF.OL,29.420000076293945,29.81999969482422,29.81999969482422,155241
2026-07-17,grieg-seafood-gsf-xosl,GSF.OL,29.920000076293945,29.8799991607666,29.8799991607666,98732
2026-07-20,grieg-seafood-gsf-xosl,GSF.OL,29.899999618530273,29.719999313354492,29.719999313354492,135057
2026-07-21,grieg-seafood-gsf-xosl,GSF.OL,29.799999237060547,29.899999618530273,29.899999618530273,145884
2026-07-22,grieg-seafood-gsf-xosl,GSF.OL,30.0,30.200000762939453,30.200000762939453,262268
2026-07-23,grieg-seafood-gsf-xosl,GSF.OL,30.299999237060547,30.1200008392334,30.1200008392334,135090
2026-07-24,grieg-seafood-gsf-xosl,GSF.OL,30.31999969482422,30.6200008392334,30.6200008392334,301094
2026-07-27,grieg-seafood-gsf-xosl,GSF.OL,30.899999618530273,30.920000076293945,30.920000076293945,231374
2026-07-28,grieg-seafood-gsf-xosl,GSF.OL,31.0,31.059999465942383,31.059999465942383,197674
2026-07-29,grieg-seafood-gsf-xosl,GSF.OL,31.139999389648438,30.639999389648438,30.639999389648438,152816
2026-07-30,grieg-seafood-gsf-xosl,GSF.OL,30.420000076293945,30.739999771118164,30.739999771118164,161342
2026-07-31,grieg-seafood-gsf-xosl,GSF.OL,30.84000015258789,30.18000030517578,30.18000030517578,102208
2026-08-03,grieg-seafood-gsf-xosl,GSF.OL,30.360000610351562,30.040000915527344,30.040000915527344,120118
2026-08-04,grieg-seafood-gsf-xosl,GSF.OL,30.100000381469727,29.860000610351562,29.860000610351562,197327
2026-08-05,grieg-seafood-gsf-xosl,GSF.OL,30.0,29.299999237060547,29.299999237060547,390801
2026-08-06,grieg-seafood-gsf-xosl,GSF.OL,29.299999237060547,29.5,29.5,198774
2026-08-07,grieg-seafood-gsf-xosl,GSF.OL,29.3799991607666,29.799999237060547,29.799999237060547,231006
2026-08-10,grieg-seafood-gsf-xosl,GSF.OL,30.0,29.479999542236328,29.479999542236328,129942
2026-08-11,grieg-seafood-gsf-xosl,GSF.OL,29.780000686645508,29.65999984741211,29.65999984741211,132757
2026-08-12,grieg-seafood-gsf-xosl,GSF.OL,29.979999542236328,30.100000381469727,30.100000381469727,284866
2026-08-13,grieg-seafood-gsf-xosl,GSF.OL,30.15999984741211,30.260000228881836,30.260000228881836,263592
2026-08-14,grieg-seafood-gsf-xosl,GSF.OL,30.399999618530273,29.860000610351562,29.860000610351562,182194
2026-08-17,grieg-seafood-gsf-xosl,GSF.OL,29.860000610351562,29.81999969482422,29.81999969482422,132472
2026-08-18,grieg-seafood-gsf-xosl,GSF.OL,29.5,29.239999771118164,29.239999771118164,212215
2026-08-19,grieg-seafood-gsf-xosl,GSF.OL,29.459999084472656,29.219999313354492,29.219999313354492,158363
2026-08-20,grieg-seafood-gsf-xosl,GSF.OL,29.219999313354492,29.0,29.0,233422
2026-08-21,grieg-seafood-gsf-xosl,GSF.OL,28.940000534057617,29.479999542236328,29.479999542236328,206607
2026-08-24,grieg-seafood-gsf-xosl,GSF.OL,29.399999618530273,29.739999771118164,29.739999771118164,127694
2026-08-25,grieg-seafood-gsf-xosl,GSF.OL,29.700000762939453,29.559999465942383,29.559999465942383,330875
2026-08-26,grieg-seafood-gsf-xosl,GSF.OL,29.559999465942383,30.559999465942383,30.559999465942383,708060
2026-08-27,grieg-seafood-gsf-xosl,GSF.OL,29.15999984741211,29.8799991607666,29.8799991607666,665121
2026-08-28,grieg-seafood-gsf-xosl,GSF.OL,30.600000381469727,30.639999389648438,30.639999389648438,2295384
2026-08-31,grieg-seafood-gsf-xosl,GSF.OL,30.18000030517578,29.0,29.0,862799
2026-09-01,grieg-seafood-gsf-xosl,GSF.OL,29.040000915527344,28.979999542236328,28.979999542236328,553707
2026-09-02,grieg-seafood-gsf-xosl,GSF.OL,29.020000457763672,28.739999771118164,28.739999771118164,234486
2026-09-03,grieg-seafood-gsf-xosl,GSF.OL,28.860000610351562,27.440000534057617,27.440000534057617,678873
2026-09-04,grieg-seafood-gsf-xosl,GSF.OL,27.520000457763672,26.920000076293945,26.920000076293945,549860
2026-09-07,grieg-seafood-gsf-xosl,GSF.OL,27.059999465942383,26.559999465942383,26.559999465942383,444295
2026-09-08,grieg-seafood-gsf-xosl,GSF.OL,26.700000762939453,27.0,27.0,342114
2026-09-09,grieg-seafood-gsf-xosl,GSF.OL,27.0,27.040000915527344,27.040000915527344,226406
2026-09-10,grieg-seafood-gsf-xosl,GSF.OL,27.139999389648438,26.979999542236328,26.979999542236328,268811
2026-09-11,grieg-seafood-gsf-xosl,GSF.OL,27.0,26.81999969482422,26.81999969482422,212575
2026-09-14,grieg-seafood-gsf-xosl,GSF.OL,27.0,26.5,26.5,256490
2026-09-15,grieg-seafood-gsf-xosl,GSF.OL,26.5,26.020000457763672,26.020000457763672,410157
2026-09-16,grieg-seafood-gsf-xosl,GSF.OL,26.100000381469727,25.65999984741211,25.65999984741211,328658
2026-09-17,grieg-seafood-gsf-xosl,GSF.OL,25.799999237060547,25.559999465942383,25.559999465942383,362519
2026-09-18,grieg-seafood-gsf-xosl,GSF.OL,25.600000381469727,24.979999542236328,24.979999542236328,1533436
2026-09-21,grieg-seafood-gsf-xosl,GSF.OL,25.18000030517578,24.639999389648438,24.639999389648438,415803
2026-09-22,grieg-seafood-gsf-xosl,GSF.OL,25.31999969482422,25.100000381469727,25.100000381469727,377894
2026-09-23,grieg-seafood-gsf-xosl,GSF.OL,25.6200008392334,25.639999389648438,25.639999389648438,424450
2026-09-24,grieg-seafood-gsf-xosl,GSF.OL,25.899999618530273,25.479999542236328,25.479999542236328,144725
2026-09-25,grieg-seafood-gsf-xosl,GSF.OL,25.579999923706055,25.739999771118164,25.739999771118164,396117
2026-09-28,grieg-seafood-gsf-xosl,GSF.OL,25.899999618530273,25.760000228881836,25.760000228881836,170262
2026-09-29,grieg-seafood-gsf-xosl,GSF.OL,25.899999618530273,25.459999084472656,25.459999084472656,135568
2026-09-30,grieg-seafood-gsf-xosl,GSF.OL,25.6200008392334,25.780000686645508,25.780000686645508,255221
2026-10-01,grieg-seafood-gsf-xosl,GSF.OL,25.700000762939453,25.200000762939453,25.200000762939453,221040
2026-10-02,grieg-seafood-gsf-xosl,GSF.OL,25.3799991607666,24.940000534057617,24.940000534057617,359511
2026-10-05,grieg-seafood-gsf-xosl,GSF.OL,23.479999542236328,23.020000457763672,23.020000457763672,1231351
2026-10-06,grieg-seafood-gsf-xosl,GSF.OL,23.100000381469727,23.540000915527344,23.540000915527344,432836
2026-10-07,grieg-seafood-gsf-xosl,GSF.OL,23.6200008392334,23.280000686645508,23.280000686645508,214406
2026-10-08,grieg-seafood-gsf-xosl,GSF.OL,23.200000762939453,23.200000762939453,23.200000762939453,269477
2026-07-13,hafnia-hafni-xosl,HAFNI.OL,71.5,71.80000305175781,71.37639617919922,504624
2026-07-14,hafnia-hafni-xosl,HAFNI.OL,72.75,72.55000305175781,72.1219711303711,565932
2026-07-15,hafnia-hafni-xosl,HAFNI.OL,72.0999984741211,72.6500015258789,72.22138214111328,254787
2026-07-16,hafnia-hafni-xosl,HAFNI.OL,72.5,72.30000305175781,71.87345123291016,281900
2026-07-17,hafnia-hafni-xosl,HAFNI.OL,71.05000305175781,70.6500015258789,70.23318481445312,281064
2026-07-20,hafnia-hafni-xosl,HAFNI.OL,71.3499984741211,71.75,71.32669067382812,187395
2026-07-21,hafnia-hafni-xosl,HAFNI.OL,71.5,73.0999984741211,72.6687240600586,309172
2026-07-22,hafnia-hafni-xosl,HAFNI.OL,73.0,72.3499984741211,71.92314910888672,233234
2026-07-23,hafnia-hafni-xosl,HAFNI.OL,73.0,73.3499984741211,72.91725158691406,308089
2026-07-24,hafnia-hafni-xosl,HAFNI.OL,73.94999694824219,74.1500015258789,73.71253204345703,239180
2026-07-27,hafnia-hafni-xosl,HAFNI.OL,73.80000305175781,71.8499984741211,71.42610168457031,333986
2026-07-28,hafnia-hafni-xosl,HAFNI.OL,73.0,72.8499984741211,72.42019653320312,260547
2026-07-29,hafnia-hafni-xosl,HAFNI.OL,72.94999694824219,72.19999694824219,71.77403259277344,232609
2026-07-30,hafnia-hafni-xosl,HAFNI.OL,72.8499984741211,72.8499984741211,72.42019653320312,300208
2026-07-31,hafnia-hafni-xosl,HAFNI.OL,73.5,72.75,72.32079315185547,329783
2026-08-03,hafnia-hafni-xosl,HAFNI.OL,72.30000305175781,72.6500015258789,72.22138214111328,356425
2026-08-04,hafnia-hafni-xosl,HAFNI.OL,72.8499984741211,72.0999984741211,71.67462158203125,420894
2026-08-05,hafnia-hafni-xosl,HAFNI.OL,73.0,70.30000305175781,69.88524627685547,599603
2026-08-06,hafnia-hafni-xosl,HAFNI.OL,70.1500015258789,72.30000305175781,71.87345123291016,262622
2026-08-07,hafnia-hafni-xosl,HAFNI.OL,72.19999694824219,71.05000305175781,70.63082122802734,306955
2026-08-10,hafnia-hafni-xosl,HAFNI.OL,71.5,72.1500015258789,71.72433471679688,218918
2026-08-11,hafnia-hafni-xosl,HAFNI.OL,71.5999984741211,70.25,69.83554077148438,542126
2026-08-12,hafnia-hafni-xosl,HAFNI.OL,71.0,70.8499984741211,70.43199920654297,333318
2026-08-13,hafnia-hafni-xosl,HAFNI.OL,71.1500015258789,72.5,72.072265625,377441
2026-08-14,hafnia-hafni-xosl,HAFNI.OL,72.94999694824219,72.8499984741211,72.42019653320312,362802
2026-08-17,hafnia-hafni-xosl,HAFNI.OL,73.69999694824219,73.94999694824219,73.51371002197266,435646
2026-08-18,hafnia-hafni-xosl,HAFNI.OL,74.5,73.05000305175781,72.61902618408203,307863
2026-08-19,hafnia-hafni-xosl,HAFNI.OL,73.6500015258789,74.1500015258789,73.71253204345703,671786
2026-08-20,hafnia-hafni-xosl,HAFNI.OL,74.94999694824219,73.69999694824219,73.26518249511719,525879
2026-08-21,hafnia-hafni-xosl,HAFNI.OL,74.0999984741211,76.5,76.04866790771484,457166
2026-08-24,hafnia-hafni-xosl,HAFNI.OL,75.55000305175781,75.5,75.0545654296875,412929
2026-08-25,hafnia-hafni-xosl,HAFNI.OL,76.05000305175781,76.0999984741211,75.6510238647461,456490
2026-08-26,hafnia-hafni-xosl,HAFNI.OL,76.0999984741211,73.44999694824219,73.01665496826172,712176
2026-08-27,hafnia-hafni-xosl,HAFNI.OL,73.19999694824219,76.6500015258789,76.19778442382812,663476
2026-08-28,hafnia-hafni-xosl,HAFNI.OL,76.9000015258789,77.6500015258789,77.19187927246094,1194574
2026-08-31,hafnia-hafni-xosl,HAFNI.OL,79.30000305175781,78.9000015258789,78.43450927734375,1025118
2026-09-01,hafnia-hafni-xosl,HAFNI.OL,79.80000305175781,80.8499984741211,80.37300109863281,1126048
2026-09-02,hafnia-hafni-xosl,HAFNI.OL,80.30000305175781,80.30000305175781,79.82624816894531,362959
2026-09-03,hafnia-hafni-xosl,HAFNI.OL,82.0,83.0,82.51031494140625,904713
2026-09-04,hafnia-hafni-xosl,HAFNI.OL,83.30000305175781,84.80000305175781,84.29969787597656,784510
2026-09-07,hafnia-hafni-xosl,HAFNI.OL,80.19999694824219,78.5999984741211,78.5999984741211,471092
2026-09-08,hafnia-hafni-xosl,HAFNI.OL,79.5999984741211,80.3499984741211,80.3499984741211,478921
2026-09-09,hafnia-hafni-xosl,HAFNI.OL,81.80000305175781,83.0,83.0,860706
2026-09-10,hafnia-hafni-xosl,HAFNI.OL,84.4000015258789,85.0,85.0,972996
2026-09-11,hafnia-hafni-xosl,HAFNI.OL,86.55000305175781,88.6500015258789,88.6500015258789,1414361
2026-09-14,hafnia-hafni-xosl,HAFNI.OL,88.5,86.9000015258789,86.9000015258789,1016312
2026-09-15,hafnia-hafni-xosl,HAFNI.OL,86.9000015258789,87.80000305175781,87.80000305175781,868316
2026-09-16,hafnia-hafni-xosl,HAFNI.OL,90.0,90.80000305175781,90.80000305175781,778459
2026-09-17,hafnia-hafni-xosl,HAFNI.OL,92.0,91.44999694824219,91.44999694824219,613986
2026-09-18,hafnia-hafni-xosl,HAFNI.OL,91.5,93.9000015258789,93.9000015258789,973043
2026-09-21,hafnia-hafni-xosl,HAFNI.OL,94.9000015258789,94.69999694824219,94.69999694824219,596606
2026-09-22,hafnia-hafni-xosl,HAFNI.OL,91.80000305175781,88.5999984741211,88.5999984741211,923724
2026-09-23,hafnia-hafni-xosl,HAFNI.OL,86.9000015258789,86.94999694824219,86.94999694824219,664769
2026-09-24,hafnia-hafni-xosl,HAFNI.OL,83.0999984741211,83.19999694824219,83.19999694824219,38893141
2026-09-25,hafnia-hafni-xosl,HAFNI.OL,84.1500015258789,84.0999984741211,84.0999984741211,2060760
2026-09-28,hafnia-hafni-xosl,HAFNI.OL,84.6500015258789,87.3499984741211,87.3499984741211,1460058
2026-09-29,hafnia-hafni-xosl,HAFNI.OL,89.0,91.1500015258789,91.1500015258789,1918870
2026-09-30,hafnia-hafni-xosl,HAFNI.OL,94.0,96.25,96.25,2248061
2026-10-01,hafnia-hafni-xosl,HAFNI.OL,94.30000305175781,94.6500015258789,94.6500015258789,1406248
2026-10-02,hafnia-hafni-xosl,HAFNI.OL,96.0999984741211,95.69999694824219,95.69999694824219,1290431
2026-10-05,hafnia-hafni-xosl,HAFNI.OL,97.25,96.69999694824219,96.69999694824219,1561366
2026-10-06,hafnia-hafni-xosl,HAFNI.OL,98.80000305175781,97.0,97.0,979421
2026-10-07,hafnia-hafni-xosl,HAFNI.OL,97.25,98.5,98.5,982329
2026-10-08,hafnia-hafni-xosl,HAFNI.OL,99.19999694824219,101.9000015258789,101.9000015258789,915082
2026-07-13,havila-shipping-havi-xosl,HAVI.OL,1.1799999475479126,1.1200000047683716,1.1200000047683716,11698
2026-07-14,havila-shipping-havi-xosl,HAVI.OL,1.1699999570846558,1.149999976158142,1.149999976158142,51709
2026-07-15,havila-shipping-havi-xosl,HAVI.OL,1.090000033378601,1.1399999856948853,1.1399999856948853,145255
2026-07-16,havila-shipping-havi-xosl,HAVI.OL,1.1100000143051147,1.125,1.125,60718
2026-07-17,havila-shipping-havi-xosl,HAVI.OL,1.1549999713897705,1.1200000047683716,1.1200000047683716,28698
2026-07-20,havila-shipping-havi-xosl,HAVI.OL,1.149999976158142,1.100000023841858,1.100000023841858,22870
2026-07-21,havila-shipping-havi-xosl,HAVI.OL,1.125,1.1100000143051147,1.1100000143051147,1076
2026-07-22,havila-shipping-havi-xosl,HAVI.OL,1.1399999856948853,1.1399999856948853,1.1399999856948853,37799
2026-07-23,havila-shipping-havi-xosl,HAVI.OL,1.1449999809265137,1.1349999904632568,1.1349999904632568,40850
2026-07-24,havila-shipping-havi-xosl,HAVI.OL,1.090000033378601,1.125,1.125,87681
2026-07-27,havila-shipping-havi-xosl,HAVI.OL,1.1150000095367432,1.1299999952316284,1.1299999952316284,18828
2026-07-28,havila-shipping-havi-xosl,HAVI.OL,1.0850000381469727,1.1100000143051147,1.1100000143051147,10975
2026-07-29,havila-shipping-havi-xosl,HAVI.OL,1.1349999904632568,1.190000057220459,1.190000057220459,267554
2026-07-30,havila-shipping-havi-xosl,HAVI.OL,1.190000057220459,1.125,1.125,92837
2026-07-31,havila-shipping-havi-xosl,HAVI.OL,1.090000033378601,1.1549999713897705,1.1549999713897705,51476
2026-08-03,havila-shipping-havi-xosl,HAVI.OL,1.1200000047683716,1.159999966621399,1.159999966621399,11826
2026-08-04,havila-shipping-havi-xosl,HAVI.OL,1.090000033378601,1.159999966621399,1.159999966621399,12980
2026-08-05,havila-shipping-havi-xosl,HAVI.OL,1.0950000286102295,1.1050000190734863,1.1050000190734863,75172
2026-08-06,havila-shipping-havi-xosl,HAVI.OL,1.1399999856948853,1.1950000524520874,1.1950000524520874,336506
2026-08-07,havila-shipping-havi-xosl,HAVI.OL,1.1699999570846558,1.1399999856948853,1.1399999856948853,172818
2026-08-10,havila-shipping-havi-xosl,HAVI.OL,1.1399999856948853,1.2000000476837158,1.2000000476837158,242148
2026-08-11,havila-shipping-havi-xosl,HAVI.OL,1.149999976158142,1.2200000286102295,1.2200000286102295,125035
2026-08-12,havila-shipping-havi-xosl,HAVI.OL,1.2200000286102295,1.2050000429153442,1.2050000429153442,144162
2026-08-13,havila-shipping-havi-xosl,HAVI.OL,1.1950000524520874,1.1100000143051147,1.1100000143051147,221515
2026-08-14,havila-shipping-havi-xosl,HAVI.OL,1.1950000524520874,1.159999966621399,1.159999966621399,105574
2026-08-17,havila-shipping-havi-xosl,HAVI.OL,1.2699999809265137,1.1799999475479126,1.1799999475479126,74016
2026-08-18,havila-shipping-havi-xosl,HAVI.OL,1.1050000190734863,1.2050000429153442,1.2050000429153442,167457
2026-08-19,havila-shipping-havi-xosl,HAVI.OL,1.215000033378601,1.125,1.125,518220
2026-08-20,havila-shipping-havi-xosl,HAVI.OL,1.215000033378601,1.090000033378601,1.090000033378601,170558
2026-08-21,havila-shipping-havi-xosl,HAVI.OL,1.0950000286102295,1.1349999904632568,1.1349999904632568,323334
2026-08-24,havila-shipping-havi-xosl,HAVI.OL,1.1749999523162842,1.1100000143051147,1.1100000143051147,154260
2026-08-25,havila-shipping-havi-xosl,HAVI.OL,1.1100000143051147,1.100000023841858,1.100000023841858,267710
2026-08-26,havila-shipping-havi-xosl,HAVI.OL,1.065000057220459,1.1100000143051147,1.1100000143051147,73956
2026-08-27,havila-shipping-havi-xosl,HAVI.OL,1.1050000190734863,1.0950000286102295,1.0950000286102295,54009
2026-08-28,havila-shipping-havi-xosl,HAVI.OL,1.0950000286102295,1.1050000190734863,1.1050000190734863,34676
2026-08-31,havila-shipping-havi-xosl,HAVI.OL,1.1050000190734863,1.0850000381469727,1.0850000381469727,157526
2026-09-01,havila-shipping-havi-xosl,HAVI.OL,1.0850000381469727,1.1050000190734863,1.1050000190734863,15242
2026-09-02,havila-shipping-havi-xosl,HAVI.OL,1.1200000047683716,1.090000033378601,1.090000033378601,107006
2026-09-03,havila-shipping-havi-xosl,HAVI.OL,1.090000033378601,1.0950000286102295,1.0950000286102295,121854
2026-09-04,havila-shipping-havi-xosl,HAVI.OL,1.1150000095367432,1.1150000095367432,1.1150000095367432,122649
2026-09-07,havila-shipping-havi-xosl,HAVI.OL,1.0850000381469727,1.1200000047683716,1.1200000047683716,8157
2026-09-08,havila-shipping-havi-xosl,HAVI.OL,1.100000023841858,1.1150000095367432,1.1150000095367432,114852
2026-09-09,havila-shipping-havi-xosl,HAVI.OL,1.090000033378601,1.1050000190734863,1.1050000190734863,69384
2026-09-10,havila-shipping-havi-xosl,HAVI.OL,1.090000033378601,1.0950000286102295,1.0950000286102295,378841
2026-09-11,havila-shipping-havi-xosl,HAVI.OL,1.0950000286102295,1.1349999904632568,1.1349999904632568,122450
2026-09-14,havila-shipping-havi-xosl,HAVI.OL,1.1349999904632568,1.1200000047683716,1.1200000047683716,41385
2026-09-15,havila-shipping-havi-xosl,HAVI.OL,1.1200000047683716,1.1050000190734863,1.1050000190734863,23590
2026-09-16,havila-shipping-havi-xosl,HAVI.OL,1.0700000524520874,1.090000033378601,1.090000033378601,37682
2026-09-17,havila-shipping-havi-xosl,HAVI.OL,1.100000023841858,1.0800000429153442,1.0800000429153442,28569
2026-09-18,havila-shipping-havi-xosl,HAVI.OL,1.0800000429153442,1.1299999952316284,1.1299999952316284,64588
2026-09-21,havila-shipping-havi-xosl,HAVI.OL,1.1200000047683716,1.125,1.125,226825
2026-09-22,havila-shipping-havi-xosl,HAVI.OL,1.149999976158142,1.1050000190734863,1.1050000190734863,42838
2026-09-23,havila-shipping-havi-xosl,HAVI.OL,1.100000023841858,1.090000033378601,1.090000033378601,46699
2026-09-24,havila-shipping-havi-xosl,HAVI.OL,1.125,1.090000033378601,1.090000033378601,180128
2026-09-25,havila-shipping-havi-xosl,HAVI.OL,1.0750000476837158,1.065000057220459,1.065000057220459,134639
2026-09-28,havila-shipping-havi-xosl,HAVI.OL,1.0499999523162842,1.034999966621399,1.034999966621399,78786
2026-09-29,havila-shipping-havi-xosl,HAVI.OL,1.0149999856948853,1.0750000476837158,1.0750000476837158,267464
2026-09-30,havila-shipping-havi-xosl,HAVI.OL,1.024999976158142,1.0499999523162842,1.0499999523162842,179881
2026-10-01,havila-shipping-havi-xosl,HAVI.OL,1.0800000429153442,1.1050000190734863,1.1050000190734863,152019
2026-10-02,havila-shipping-havi-xosl,HAVI.OL,1.1100000143051147,1.1050000190734863,1.1050000190734863,137624
2026-10-05,havila-shipping-havi-xosl,HAVI.OL,1.100000023841858,1.1399999856948853,1.1399999856948853,181563
2026-10-06,havila-shipping-havi-xosl,HAVI.OL,1.1100000143051147,1.100000023841858,1.100000023841858,75440
2026-10-07,havila-shipping-havi-xosl,HAVI.OL,1.0800000429153442,1.0750000476837158,1.0750000476837158,19975
2026-10-08,havila-shipping-havi-xosl,HAVI.OL,1.065000057220459,1.1349999904632568,1.1349999904632568,117298
2026-07-13,hexagon-composites-hex-xosl,HEX.OL,9.199999809265137,9.324999809265137,9.324999809265137,480066
2026-07-14,hexagon-composites-hex-xosl,HEX.OL,9.300000190734863,9.699999809265137,9.699999809265137,927842
2026-07-15,hexagon-composites-hex-xosl,HEX.OL,9.75,10.350000381469727,10.350000381469727,2564403
2026-07-16,hexagon-composites-hex-xosl,HEX.OL,10.279999732971191,9.899999618530273,9.899999618530273,812334
2026-07-17,hexagon-composites-hex-xosl,HEX.OL,9.899999618530273,9.850000381469727,9.850000381469727,1085161
2026-07-20,hexagon-composites-hex-xosl,HEX.OL,10.100000381469727,9.75,9.75,907807
2026-07-21,hexagon-composites-hex-xosl,HEX.OL,10.0,9.625,9.625,883138
2026-07-22,hexagon-composites-hex-xosl,HEX.OL,9.609999656677246,9.835000038146973,9.835000038146973,668278
2026-07-23,hexagon-composites-hex-xosl,HEX.OL,9.744999885559082,10.010000228881836,10.010000228881836,791577
2026-07-24,hexagon-composites-hex-xosl,HEX.OL,10.100000381469727,10.300000190734863,10.300000190734863,2494300
2026-07-27,hexagon-composites-hex-xosl,HEX.OL,10.460000038146973,10.550000190734863,10.550000190734863,2351944
2026-07-28,hexagon-composites-hex-xosl,HEX.OL,10.819999694824219,11.199999809265137,11.199999809265137,5843784
2026-07-29,hexagon-composites-hex-xosl,HEX.OL,11.0600004196167,11.279999732971191,11.279999732971191,2378061
2026-07-30,hexagon-composites-hex-xosl,HEX.OL,11.149999618530273,11.109999656677246,11.109999656677246,1739515
2026-07-31,hexagon-composites-hex-xosl,HEX.OL,11.239999771118164,10.920000076293945,10.920000076293945,1378437
2026-08-03,hexagon-composites-hex-xosl,HEX.OL,11.0,10.9399995803833,10.9399995803833,1172806
2026-08-04,hexagon-composites-hex-xosl,HEX.OL,11.859999656677246,12.399999618530273,12.399999618530273,8769394
2026-08-05,hexagon-composites-hex-xosl,HEX.OL,12.520000457763672,12.3100004196167,12.3100004196167,3830379
2026-08-06,hexagon-composites-hex-xosl,HEX.OL,13.609999656677246,13.989999771118164,13.989999771118164,13387614
2026-08-07,hexagon-composites-hex-xosl,HEX.OL,14.140000343322754,13.779999732971191,13.779999732971191,4706400
2026-08-10,hexagon-composites-hex-xosl,HEX.OL,13.899999618530273,14.050000190734863,14.050000190734863,2588467
2026-08-11,hexagon-composites-hex-xosl,HEX.OL,14.100000381469727,14.100000381469727,14.100000381469727,2824633
2026-08-12,hexagon-composites-hex-xosl,HEX.OL,14.039999961853027,13.899999618530273,13.899999618530273,2033902
2026-08-13,hexagon-composites-hex-xosl,HEX.OL,14.050000190734863,14.260000228881836,14.260000228881836,2117135
2026-08-14,hexagon-composites-hex-xosl,HEX.OL,14.3100004196167,14.5,14.5,3659940
2026-08-17,hexagon-composites-hex-xosl,HEX.OL,14.600000381469727,14.010000228881836,14.010000228881836,2806224
2026-08-18,hexagon-composites-hex-xosl,HEX.OL,13.970000267028809,13.630000114440918,13.630000114440918,3015288
2026-08-19,hexagon-composites-hex-xosl,HEX.OL,13.600000381469727,13.239999771118164,13.239999771118164,1965514
2026-08-20,hexagon-composites-hex-xosl,HEX.OL,13.239999771118164,13.079999923706055,13.079999923706055,1693705
2026-08-21,hexagon-composites-hex-xosl,HEX.OL,13.100000381469727,13.699999809265137,13.699999809265137,2041917
2026-08-24,hexagon-composites-hex-xosl,HEX.OL,13.760000228881836,13.630000114440918,13.630000114440918,1118516
2026-08-25,hexagon-composites-hex-xosl,HEX.OL,13.699999809265137,13.789999961853027,13.789999961853027,1432193
2026-08-26,hexagon-composites-hex-xosl,HEX.OL,13.789999961853027,13.850000381469727,13.850000381469727,1018705
2026-08-27,hexagon-composites-hex-xosl,HEX.OL,13.880000114440918,13.739999771118164,13.739999771118164,785955
2026-08-28,hexagon-composites-hex-xosl,HEX.OL,13.739999771118164,13.479999542236328,13.479999542236328,1105257
2026-08-31,hexagon-composites-hex-xosl,HEX.OL,13.5,13.420000076293945,13.420000076293945,881377
2026-09-01,hexagon-composites-hex-xosl,HEX.OL,13.319999694824219,13.4399995803833,13.4399995803833,2933616
2026-09-02,hexagon-composites-hex-xosl,HEX.OL,13.350000381469727,13.15999984741211,13.15999984741211,1617485
2026-09-03,hexagon-composites-hex-xosl,HEX.OL,13.119999885559082,13.180000305175781,13.180000305175781,1228854
2026-09-04,hexagon-composites-hex-xosl,HEX.OL,13.100000381469727,13.369999885559082,13.369999885559082,1010704
2026-09-07,hexagon-composites-hex-xosl,HEX.OL,13.489999771118164,13.449999809265137,13.449999809265137,1221234
2026-09-08,hexagon-composites-hex-xosl,HEX.OL,13.399999618530273,13.399999618530273,13.399999618530273,512244
2026-09-09,hexagon-composites-hex-xosl,HEX.OL,13.399999618530273,13.380000114440918,13.380000114440918,1270955
2026-09-10,hexagon-composites-hex-xosl,HEX.OL,13.40999984741211,13.3100004196167,13.3100004196167,993280
2026-09-11,hexagon-composites-hex-xosl,HEX.OL,13.289999961853027,12.720000267028809,12.720000267028809,1605669
2026-09-14,hexagon-composites-hex-xosl,HEX.OL,12.680000305175781,12.470000267028809,12.470000267028809,806066
2026-09-15,hexagon-composites-hex-xosl,HEX.OL,12.420000076293945,12.220000267028809,12.220000267028809,1536607
2026-09-16,hexagon-composites-hex-xosl,HEX.OL,12.270000457763672,12.350000381469727,12.350000381469727,911875
2026-09-17,hexagon-composites-hex-xosl,HEX.OL,12.270000457763672,12.510000228881836,12.510000228881836,890161
2026-09-18,hexagon-composites-hex-xosl,HEX.OL,12.550000190734863,12.600000381469727,12.600000381469727,1215412
2026-09-21,hexagon-composites-hex-xosl,HEX.OL,12.680000305175781,12.800000190734863,12.800000190734863,1020328
2026-09-22,hexagon-composites-hex-xosl,HEX.OL,12.789999961853027,13.319999694824219,13.319999694824219,1586696
2026-09-23,hexagon-composites-hex-xosl,HEX.OL,13.420000076293945,12.8100004196167,12.8100004196167,1281796
2026-09-24,hexagon-composites-hex-xosl,HEX.OL,12.899999618530273,12.59000015258789,12.59000015258789,1173670
2026-09-25,hexagon-composites-hex-xosl,HEX.OL,12.539999961853027,12.4399995803833,12.4399995803833,606802
2026-09-28,hexagon-composites-hex-xosl,HEX.OL,12.430000305175781,12.449999809265137,12.449999809265137,917229
2026-09-29,hexagon-composites-hex-xosl,HEX.OL,12.449999809265137,12.649999618530273,12.649999618530273,920270
2026-09-30,hexagon-composites-hex-xosl,HEX.OL,12.680000305175781,12.760000228881836,12.760000228881836,477239
2026-10-01,hexagon-composites-hex-xosl,HEX.OL,12.84000015258789,12.329999923706055,12.329999923706055,1083198
2026-10-02,hexagon-composites-hex-xosl,HEX.OL,12.399999618530273,12.369999885559082,12.369999885559082,849943
2026-10-05,hexagon-composites-hex-xosl,HEX.OL,12.729999542236328,12.819999694824219,12.819999694824219,1470754
2026-10-06,hexagon-composites-hex-xosl,HEX.OL,12.819999694824219,12.720000267028809,12.720000267028809,766966
2026-10-07,hexagon-composites-hex-xosl,HEX.OL,12.720000267028809,12.399999618530273,12.399999618530273,1063063
2026-10-08,hexagon-composites-hex-xosl,HEX.OL,12.34000015258789,12.140000343322754,12.140000343322754,2183662
2026-07-13,himalaya-shipping-hshp-xosl,HSHP.OL,147.39999389648438,148.8000030517578,148.1505889892578,290122
2026-07-14,himalaya-shipping-hshp-xosl,HSHP.OL,149.39999389648438,151.60000610351562,150.93836975097656,83346
2026-07-15,himalaya-shipping-hshp-xosl,HSHP.OL,153.1999969482422,149.39999389648438,148.74795532226562,132721
2026-07-16,himalaya-shipping-hshp-xosl,HSHP.OL,152.0,150.1999969482422,149.5444793701172,110392
2026-07-17,himalaya-shipping-hshp-xosl,HSHP.OL,148.0,142.0,141.587646484375,135926
2026-07-20,himalaya-shipping-hshp-xosl,HSHP.OL,140.0,143.1999969482422,142.78416442871094,163952
2026-07-21,himalaya-shipping-hshp-xosl,HSHP.OL,144.0,146.8000030517578,146.37371826171875,70830
2026-07-22,himalaya-shipping-hshp-xosl,HSHP.OL,148.0,148.60000610351562,148.16848754882812,114884
2026-07-23,himalaya-shipping-hshp-xosl,HSHP.OL,150.8000030517578,151.8000030517578,151.35919189453125,78538
2026-07-24,himalaya-shipping-hshp-xosl,HSHP.OL,153.1999969482422,154.60000610351562,154.1510772705078,177626
2026-07-27,himalaya-shipping-hshp-xosl,HSHP.OL,155.0,147.39999389648438,146.9719696044922,121850
2026-07-28,himalaya-shipping-hshp-xosl,HSHP.OL,147.60000610351562,147.60000610351562,147.17140197753906,123793
2026-07-29,himalaya-shipping-hshp-xosl,HSHP.OL,147.60000610351562,142.39999389648438,141.98648071289062,105907
2026-07-30,himalaya-shipping-hshp-xosl,HSHP.OL,141.8000030517578,144.1999969482422,143.78126525878906,91732
2026-07-31,himalaya-shipping-hshp-xosl,HSHP.OL,146.8000030517578,149.0,148.56732177734375,154025
2026-08-03,himalaya-shipping-hshp-xosl,HSHP.OL,149.39999389648438,150.8000030517578,150.3621063232422,198339
2026-08-04,himalaya-shipping-hshp-xosl,HSHP.OL,151.39999389648438,151.1999969482422,150.76092529296875,95286
2026-08-05,himalaya-shipping-hshp-xosl,HSHP.OL,151.8000030517578,149.1999969482422,148.76673889160156,117388
2026-08-06,himalaya-shipping-hshp-xosl,HSHP.OL,149.0,151.1999969482422,150.76092529296875,135807
2026-08-07,himalaya-shipping-hshp-xosl,HSHP.OL,149.39999389648438,149.60000610351562,149.1656036376953,147493
2026-08-10,himalaya-shipping-hshp-xosl,HSHP.OL,151.39999389648438,150.39999389648438,149.9632568359375,66669
2026-08-11,himalaya-shipping-hshp-xosl,HSHP.OL,149.0,145.8000030517578,145.37661743164062,321344
2026-08-12,himalaya-shipping-hshp-xosl,HSHP.OL,145.8000030517578,141.60000610351562,141.18881225585938,335947
2026-08-13,himalaya-shipping-hshp-xosl,HSHP.OL,140.39999389648438,148.1999969482422,147.7696533203125,244421
2026-08-14,himalaya-shipping-hshp-xosl,HSHP.OL,148.39999389648438,150.60000610351562,150.16268920898438,120889
2026-08-17,himalaya-shipping-hshp-xosl,HSHP.OL,151.60000610351562,153.39999389648438,152.9545440673828,207246
2026-08-18,himalaya-shipping-hshp-xosl,HSHP.OL,153.1999969482422,146.8000030517578,146.37371826171875,194678
2026-08-19,himalaya-shipping-hshp-xosl,HSHP.OL,149.0,150.60000610351562,150.16268920898438,160663
2026-08-20,himalaya-shipping-hshp-xosl,HSHP.OL,148.60000610351562,150.39999389648438,150.18264770507812,198129
2026-08-21,himalaya-shipping-hshp-xosl,HSHP.OL,148.8000030517578,157.0,156.7731170654297,280438
2026-08-24,himalaya-shipping-hshp-xosl,HSHP.OL,154.39999389648438,155.0,154.7760009765625,122765
2026-08-25,himalaya-shipping-hshp-xosl,HSHP.OL,157.0,153.0,152.77890014648438,153793
2026-08-26,himalaya-shipping-hshp-xosl,HSHP.OL,155.60000610351562,151.1999969482422,150.9814910888672,159457
2026-08-27,himalaya-shipping-hshp-xosl,HSHP.OL,151.60000610351562,151.60000610351562,151.38092041015625,173967
2026-08-28,himalaya-shipping-hshp-xosl,HSHP.OL,153.60000610351562,155.1999969482422,154.9757080078125,144072
2026-08-31,himalaya-shipping-hshp-xosl,HSHP.OL,156.8000030517578,157.0,156.7731170654297,102350
2026-09-01,himalaya-shipping-hshp-xosl,HSHP.OL,157.0,157.60000610351562,157.37225341796875,130714
2026-09-02,himalaya-shipping-hshp-xosl,HSHP.OL,158.8000030517578,161.8000030517578,161.56617736816406,255502
2026-09-03,himalaya-shipping-hshp-xosl,HSHP.OL,162.1999969482422,164.8000030517578,164.5618438720703,269812
2026-09-04,himalaya-shipping-hshp-xosl,HSHP.OL,166.60000610351562,172.8000030517578,172.55029296875,347330
2026-09-07,himalaya-shipping-hshp-xosl,HSHP.OL,171.60000610351562,168.0,167.75721740722656,146732
2026-09-08,himalaya-shipping-hshp-xosl,HSHP.OL,167.60000610351562,170.39999389648438,170.15374755859375,295472
2026-09-09,himalaya-shipping-hshp-xosl,HSHP.OL,168.0,166.0,165.76011657714844,180055
2026-09-10,himalaya-shipping-hshp-xosl,HSHP.OL,166.8000030517578,167.1999969482422,166.9583740234375,159023
2026-09-11,himalaya-shipping-hshp-xosl,HSHP.OL,168.0,168.39999389648438,168.15663146972656,123636
2026-09-14,himalaya-shipping-hshp-xosl,HSHP.OL,169.0,166.39999389648438,166.15953063964844,133733
2026-09-15,himalaya-shipping-hshp-xosl,HSHP.OL,168.0,169.0,168.7557830810547,137254
2026-09-16,himalaya-shipping-hshp-xosl,HSHP.OL,169.39999389648438,173.0,172.75,145097
2026-09-17,himalaya-shipping-hshp-xosl,HSHP.OL,170.60000610351562,177.8000030517578,177.8000030517578,124426
2026-09-18,himalaya-shipping-hshp-xosl,HSHP.OL,178.8000030517578,178.8000030517578,178.8000030517578,148192
2026-09-21,himalaya-shipping-hshp-xosl,HSHP.OL,180.0,182.1999969482422,182.1999969482422,145915
2026-09-22,himalaya-shipping-hshp-xosl,HSHP.OL,178.39999389648438,172.39999389648438,172.39999389648438,189410
2026-09-23,himalaya-shipping-hshp-xosl,HSHP.OL,171.0,170.39999389648438,170.39999389648438,87156
2026-09-24,himalaya-shipping-hshp-xosl,HSHP.OL,174.0,171.0,171.0,100401
2026-09-25,himalaya-shipping-hshp-xosl,HSHP.OL,171.8000030517578,167.1999969482422,167.1999969482422,144491
2026-09-28,himalaya-shipping-hshp-xosl,HSHP.OL,166.8000030517578,165.0,165.0,133342
2026-09-29,himalaya-shipping-hshp-xosl,HSHP.OL,164.0,166.1999969482422,166.1999969482422,193474
2026-09-30,himalaya-shipping-hshp-xosl,HSHP.OL,169.39999389648438,170.1999969482422,170.1999969482422,81377
2026-10-01,himalaya-shipping-hshp-xosl,HSHP.OL,168.1999969482422,169.8000030517578,169.8000030517578,203081
2026-10-02,himalaya-shipping-hshp-xosl,HSHP.OL,171.0,172.60000610351562,172.60000610351562,122692
2026-10-05,himalaya-shipping-hshp-xosl,HSHP.OL,170.39999389648438,168.39999389648438,168.39999389648438,247269
2026-10-06,himalaya-shipping-hshp-xosl,HSHP.OL,173.0,168.39999389648438,168.39999389648438,95442
2026-10-07,himalaya-shipping-hshp-xosl,HSHP.OL,170.39999389648438,170.60000610351562,170.60000610351562,133451
2026-10-08,himalaya-shipping-hshp-xosl,HSHP.OL,170.8000030517578,177.0,177.0,146629
2026-07-13,hoegh-autoliners-hauto-xosl,HAUTO.OL,153.89999389648438,155.0,154.2959747314453,246616
2026-07-14,hoegh-autoliners-hauto-xosl,HAUTO.OL,158.0,159.10000610351562,158.3773651123047,310434
2026-07-15,hoegh-autoliners-hauto-xosl,HAUTO.OL,159.8000030517578,159.60000610351562,158.87509155273438,177599
2026-07-16,hoegh-autoliners-hauto-xosl,HAUTO.OL,157.5,159.0,158.27781677246094,266806
2026-07-17,hoegh-autoliners-hauto-xosl,HAUTO.OL,158.10000610351562,154.8000030517578,154.09689331054688,284864
2026-07-20,hoegh-autoliners-hauto-xosl,HAUTO.OL,155.5,156.1999969482422,155.4905242919922,287555
2026-07-21,hoegh-autoliners-hauto-xosl,HAUTO.OL,155.5,159.39999389648438,158.67599487304688,188104
2026-07-22,hoegh-autoliners-hauto-xosl,HAUTO.OL,159.8000030517578,159.60000610351562,158.87509155273438,210142
2026-07-23,hoegh-autoliners-hauto-xosl,HAUTO.OL,160.1999969482422,163.0,162.2596435546875,418465
2026-07-24,hoegh-autoliners-hauto-xosl,HAUTO.OL,163.0,163.5,162.7573699951172,266388
2026-07-27,hoegh-autoliners-hauto-xosl,HAUTO.OL,160.1999969482422,161.89999389648438,161.16464233398438,272059
2026-07-28,hoegh-autoliners-hauto-xosl,HAUTO.OL,163.6999969482422,165.89999389648438,165.14646911621094,277286
2026-07-29,hoegh-autoliners-hauto-xosl,HAUTO.OL,165.5,166.60000610351562,165.8433074951172,194039
2026-07-30,hoegh-autoliners-hauto-xosl,HAUTO.OL,167.39999389648438,168.0,167.2369384765625,241521
2026-07-31,hoegh-autoliners-hauto-xosl,HAUTO.OL,168.8000030517578,168.5,167.7346649169922,270543
2026-08-03,hoegh-autoliners-hauto-xosl,HAUTO.OL,167.0,170.60000610351562,169.82513427734375,315640
2026-08-04,hoegh-autoliners-hauto-xosl,HAUTO.OL,168.8000030517578,167.60000610351562,166.83876037597656,282769
2026-08-05,hoegh-autoliners-hauto-xosl,HAUTO.OL,168.60000610351562,166.3000030517578,165.54466247558594,534819
2026-08-06,hoegh-autoliners-hauto-xosl,HAUTO.OL,165.89999389648438,165.89999389648438,165.14646911621094,245513
2026-08-07,hoegh-autoliners-hauto-xosl,HAUTO.OL,172.1999969482422,176.0,175.20059204101562,1010854
2026-08-10,hoegh-autoliners-hauto-xosl,HAUTO.OL,176.0,173.3000030517578,172.5128631591797,463602
2026-08-11,hoegh-autoliners-hauto-xosl,HAUTO.OL,175.10000610351562,178.5,177.68923950195312,331398
2026-08-12,hoegh-autoliners-hauto-xosl,HAUTO.OL,174.5,180.0,179.18243408203125,427120
2026-08-13,hoegh-autoliners-hauto-xosl,HAUTO.OL,181.60000610351562,186.3000030517578,185.4538116455078,414376
2026-08-14,hoegh-autoliners-hauto-xosl,HAUTO.OL,185.6999969482422,189.1999969482422,188.34063720703125,273304
2026-08-17,hoegh-autoliners-hauto-xosl,HAUTO.OL,190.1999969482422,193.6999969482422,192.82020568847656,453977
2026-08-18,hoegh-autoliners-hauto-xosl,HAUTO.OL,193.0,190.1999969482422,189.3361053466797,387233
2026-08-19,hoegh-autoliners-hauto-xosl,HAUTO.OL,190.60000610351562,192.3000030517578,191.4265594482422,378119
2026-08-20,hoegh-autoliners-hauto-xosl,HAUTO.OL,180.0,169.5,168.73011779785156,2559851
2026-08-21,hoegh-autoliners-hauto-xosl,HAUTO.OL,164.5,173.60000610351562,172.81150817871094,748125
2026-08-24,hoegh-autoliners-hauto-xosl,HAUTO.OL,172.0,175.1999969482422,175.1999969482422,396893
2026-08-25,hoegh-autoliners-hauto-xosl,HAUTO.OL,173.0,174.0,174.0,535719
2026-08-26,hoegh-autoliners-hauto-xosl,HAUTO.OL,168.60000610351562,169.5,169.5,9408813
2026-08-27,hoegh-autoliners-hauto-xosl,HAUTO.OL,170.0,170.89999389648438,170.89999389648438,478014
2026-08-28,hoegh-autoliners-hauto-xosl,HAUTO.OL,171.0,170.39999389648438,170.39999389648438,458049
2026-08-31,hoegh-autoliners-hauto-xosl,HAUTO.OL,169.5,171.89999389648438,171.89999389648438,514681
2026-09-01,hoegh-autoliners-hauto-xosl,HAUTO.OL,171.6999969482422,170.6999969482422,170.6999969482422,543178
2026-09-02,hoegh-autoliners-hauto-xosl,HAUTO.OL,167.89999389648438,168.5,168.5,432029
2026-09-03,hoegh-autoliners-hauto-xosl,HAUTO.OL,167.3000030517578,170.0,170.0,373230
2026-09-04,hoegh-autoliners-hauto-xosl,HAUTO.OL,172.39999389648438,174.39999389648438,174.39999389648438,295419
2026-09-07,hoegh-autoliners-hauto-xosl,HAUTO.OL,173.6999969482422,170.3000030517578,170.3000030517578,249973
2026-09-08,hoegh-autoliners-hauto-xosl,HAUTO.OL,169.89999389648438,170.6999969482422,170.6999969482422,534514
2026-09-09,hoegh-autoliners-hauto-xosl,HAUTO.OL,169.0,173.8000030517578,173.8000030517578,616575
2026-09-10,hoegh-autoliners-hauto-xosl,HAUTO.OL,173.39999389648438,175.3000030517578,175.3000030517578,325301
2026-09-11,hoegh-autoliners-hauto-xosl,HAUTO.OL,173.1999969482422,179.39999389648438,179.39999389648438,246571
2026-09-14,hoegh-autoliners-hauto-xosl,HAUTO.OL,182.8000030517578,183.8000030517578,183.8000030517578,495911
2026-09-15,hoegh-autoliners-hauto-xosl,HAUTO.OL,183.8000030517578,183.0,183.0,519299
2026-09-16,hoegh-autoliners-hauto-xosl,HAUTO.OL,184.5,184.0,184.0,257856
2026-09-17,hoegh-autoliners-hauto-xosl,HAUTO.OL,184.0,183.89999389648438,183.89999389648438,277704
2026-09-18,hoegh-autoliners-hauto-xosl,HAUTO.OL,182.6999969482422,182.60000610351562,182.60000610351562,1687356
2026-09-21,hoegh-autoliners-hauto-xosl,HAUTO.OL,181.60000610351562,183.5,183.5,379926
2026-09-22,hoegh-autoliners-hauto-xosl,HAUTO.OL,181.0,186.1999969482422,186.1999969482422,423147
2026-09-23,hoegh-autoliners-hauto-xosl,HAUTO.OL,183.3000030517578,183.10000610351562,183.10000610351562,402166
2026-09-24,hoegh-autoliners-hauto-xosl,HAUTO.OL,185.0,185.1999969482422,185.1999969482422,225652
2026-09-25,hoegh-autoliners-hauto-xosl,HAUTO.OL,184.0,184.0,184.0,229908
2026-09-28,hoegh-autoliners-hauto-xosl,HAUTO.OL,184.1999969482422,185.6999969482422,185.6999969482422,309688
2026-09-29,hoegh-autoliners-hauto-xosl,HAUTO.OL,188.8000030517578,186.6999969482422,186.6999969482422,341663
2026-09-30,hoegh-autoliners-hauto-xosl,HAUTO.OL,187.0,189.8000030517578,189.8000030517578,329979
2026-10-01,hoegh-autoliners-hauto-xosl,HAUTO.OL,188.60000610351562,189.60000610351562,189.60000610351562,195680
2026-10-02,hoegh-autoliners-hauto-xosl,HAUTO.OL,190.60000610351562,191.5,191.5,193999
2026-10-05,hoegh-autoliners-hauto-xosl,HAUTO.OL,191.0,190.39999389648438,190.39999389648438,313287
2026-10-06,hoegh-autoliners-hauto-xosl,HAUTO.OL,190.5,182.3000030517578,182.3000030517578,297357
2026-10-07,hoegh-autoliners-hauto-xosl,HAUTO.OL,183.39999389648438,177.1999969482422,177.1999969482422,1177742
2026-10-08,hoegh-autoliners-hauto-xosl,HAUTO.OL,177.5,183.10000610351562,183.10000610351562,499329
2026-07-13,hunter-group-hunt-xoas,HUNT.OL,8.1899995803833,8.170000076293945,7.506850719451904,1173846
2026-07-14,hunter-group-hunt-xoas,HUNT.OL,8.289999961853027,8.75,8.039772987365723,3483528
2026-07-15,hunter-group-hunt-xoas,HUNT.OL,8.800000190734863,8.399999618530273,7.718181610107422,2792468
2026-07-16,hunter-group-hunt-xoas,HUNT.OL,8.430000305175781,8.270000457763672,7.598734378814697,1744099
2026-07-17,hunter-group-hunt-xoas,HUNT.OL,8.180000305175781,8.039999961853027,7.387402534484863,1541493
2026-07-20,hunter-group-hunt-xoas,HUNT.OL,8.149999618530273,8.180000305175781,7.5160393714904785,1333875
2026-07-21,hunter-group-hunt-xoas,HUNT.OL,8.180000305175781,8.739999771118164,8.030584335327148,2086048
2026-07-22,hunter-group-hunt-xoas,HUNT.OL,8.800000190734863,8.75,8.039772987365723,1688919
2026-07-23,hunter-group-hunt-xoas,HUNT.OL,8.890000343322754,8.600000381469727,7.90194845199585,1055879
2026-07-24,hunter-group-hunt-xoas,HUNT.OL,8.649999618530273,8.569999694824219,7.874382972717285,969361
2026-07-27,hunter-group-hunt-xoas,HUNT.OL,8.460000038146973,8.40999984741211,7.727369785308838,1071490
2026-07-28,hunter-group-hunt-xoas,HUNT.OL,8.449999809265137,8.65999984741211,7.957077980041504,973231
2026-07-29,hunter-group-hunt-xoas,HUNT.OL,8.600000381469727,8.890000343322754,8.16840934753418,1906356
2026-07-30,hunter-group-hunt-xoas,HUNT.OL,8.899999618530273,8.899999618530273,8.177597045898438,1336165
2026-07-31,hunter-group-hunt-xoas,HUNT.OL,8.960000038146973,8.75,8.039772987365723,3361343
2026-08-03,hunter-group-hunt-xoas,HUNT.OL,8.779999732971191,8.670000076293945,7.96626615524292,2066109
2026-08-04,hunter-group-hunt-xoas,HUNT.OL,8.6899995803833,8.470000267028809,7.782500267028809,1262081
2026-08-05,hunter-group-hunt-xoas,HUNT.OL,8.5,8.130000114440918,7.470097541809082,1488556
2026-08-06,hunter-group-hunt-xoas,HUNT.OL,8.170000076293945,8.680000305175781,7.975454807281494,1037055
2026-08-07,hunter-group-hunt-xoas,HUNT.OL,8.65999984741211,8.600000381469727,7.90194845199585,1766448
2026-08-10,hunter-group-hunt-xoas,HUNT.OL,8.510000228881836,8.989999771118164,8.260292053222656,3272384
2026-08-11,hunter-group-hunt-xoas,HUNT.OL,8.949999809265137,9.039999961853027,8.306233406066895,2458864
2026-08-12,hunter-group-hunt-xoas,HUNT.OL,9.199999809265137,9.149999618530273,8.407304763793945,2543668
2026-08-13,hunter-group-hunt-xoas,HUNT.OL,9.239999771118164,9.5,8.728896141052246,2206066
2026-08-14,hunter-group-hunt-xoas,HUNT.OL,9.59000015258789,9.399999618530273,8.637012481689453,2176878
2026-08-17,hunter-group-hunt-xoas,HUNT.OL,9.600000381469727,9.680000305175781,8.894286155700684,1908025
2026-08-18,hunter-group-hunt-xoas,HUNT.OL,9.720000267028809,9.510000228881836,8.73808479309082,1352053
2026-08-19,hunter-group-hunt-xoas,HUNT.OL,9.630000114440918,9.770000457763672,8.976981163024902,2294258
2026-08-20,hunter-group-hunt-xoas,HUNT.OL,9.850000381469727,9.850000381469727,9.050487518310547,2049636
2026-08-21,hunter-group-hunt-xoas,HUNT.OL,9.880000114440918,10.4399995803833,9.592597007751465,2814960
2026-08-24,hunter-group-hunt-xoas,HUNT.OL,10.600000381469727,11.399999618530273,10.474675178527832,5132454
2026-08-25,hunter-group-hunt-xoas,HUNT.OL,11.300000190734863,11.260000228881836,10.346038818359375,2887280
2026-08-26,hunter-group-hunt-xoas,HUNT.OL,11.399999618530273,10.600000381469727,9.73961067199707,4624444
2026-08-27,hunter-group-hunt-xoas,HUNT.OL,11.0,11.4399995803833,10.511427879333496,7524933
2026-08-28,hunter-group-hunt-xoas,HUNT.OL,11.399999618530273,11.979999542236328,11.007596969604492,8417137
2026-08-31,hunter-group-hunt-xoas,HUNT.OL,12.300000190734863,12.100000381469727,11.117857933044434,3167699
2026-09-01,hunter-group-hunt-xoas,HUNT.OL,12.239999771118164,12.479999542236328,11.467012405395508,2846719
2026-09-02,hunter-group-hunt-xoas,HUNT.OL,12.600000381469727,12.399999618530273,11.393506050109863,4126694
2026-09-03,hunter-group-hunt-xoas,HUNT.OL,12.520000457763672,13.0600004196167,11.999935150146484,4750486
2026-09-04,hunter-group-hunt-xoas,HUNT.OL,13.300000190734863,13.619999885559082,12.514480590820312,4851226
2026-09-07,hunter-group-hunt-xoas,HUNT.OL,13.880000114440918,14.359999656677246,13.194415092468262,4867688
2026-09-08,hunter-group-hunt-xoas,HUNT.OL,14.100000381469727,14.119999885559082,12.973896026611328,4734323
2026-09-09,hunter-group-hunt-xoas,HUNT.OL,14.319999694824219,14.380000114440918,13.21279239654541,3746298
2026-09-10,hunter-group-hunt-xoas,HUNT.OL,14.420000076293945,15.539999961853027,14.27863597869873,4901269
2026-09-11,hunter-group-hunt-xoas,HUNT.OL,15.760000228881836,16.799999237060547,15.436363220214844,7056054
2026-09-14,hunter-group-hunt-xoas,HUNT.OL,17.299999237060547,17.299999237060547,15.89577865600586,9874994
2026-09-15,hunter-group-hunt-xoas,HUNT.OL,17.459999084472656,17.079999923706055,15.693635940551758,4835590
2026-09-16,hunter-group-hunt-xoas,HUNT.OL,16.700000762939453,17.600000381469727,16.171428680419922,6552941
2026-09-17,hunter-group-hunt-xoas,HUNT.OL,17.799999237060547,18.440000534057617,16.943246841430664,5124497
2026-09-18,hunter-group-hunt-xoas,HUNT.OL,18.760000228881836,19.1200008392334,17.568052291870117,5502449
2026-09-21,hunter-group-hunt-xoas,HUNT.OL,19.239999771118164,20.75,19.065746307373047,6711247
2026-09-22,hunter-group-hunt-xoas,HUNT.OL,20.649999618530273,18.5,16.998376846313477,15307756
2026-09-23,hunter-group-hunt-xoas,HUNT.OL,18.280000686645508,17.739999771118164,16.300064086914062,5062166
2026-09-24,hunter-group-hunt-xoas,HUNT.OL,17.65999984741211,17.540000915527344,16.11629867553711,6949685
2026-09-25,hunter-group-hunt-xoas,HUNT.OL,17.239999771118164,17.0,15.620129585266113,7600784
2026-09-28,hunter-group-hunt-xoas,HUNT.OL,16.959999084472656,18.479999542236328,16.979999542236328,7942477
2026-09-29,hunter-group-hunt-xoas,HUNT.OL,17.200000762939453,17.68000030517578,17.68000030517578,4517802
2026-09-30,hunter-group-hunt-xoas,HUNT.OL,17.940000534057617,18.799999237060547,18.799999237060547,4949277
2026-10-01,hunter-group-hunt-xoas,HUNT.OL,18.739999771118164,17.700000762939453,17.700000762939453,5207089
2026-10-02,hunter-group-hunt-xoas,HUNT.OL,18.0,17.860000610351562,17.860000610351562,1912256
2026-10-05,hunter-group-hunt-xoas,HUNT.OL,18.139999389648438,19.100000381469727,19.100000381469727,5753767
2026-10-06,hunter-group-hunt-xoas,HUNT.OL,19.299999237060547,19.559999465942383,19.559999465942383,3607654
2026-10-07,hunter-group-hunt-xoas,HUNT.OL,19.65999984741211,20.299999237060547,20.299999237060547,4853619
2026-10-08,hunter-group-hunt-xoas,HUNT.OL,20.25,20.5,20.5,5226055
2026-07-13,integrated-wind-solutions-iws-xosl,IWS.OL,57.400001525878906,57.400001525878906,56.4304084777832,184
2026-07-14,integrated-wind-solutions-iws-xosl,IWS.OL,57.400001525878906,57.400001525878906,56.4304084777832,0
2026-07-15,integrated-wind-solutions-iws-xosl,IWS.OL,58.0,57.79999923706055,56.823646545410156,4574
2026-07-16,integrated-wind-solutions-iws-xosl,IWS.OL,57.400001525878906,57.0,56.03716278076172,4200
2026-07-17,integrated-wind-solutions-iws-xosl,IWS.OL,57.0,57.79999923706055,56.823646545410156,2161
2026-07-20,integrated-wind-solutions-iws-xosl,IWS.OL,57.79999923706055,57.20000076293945,56.23378372192383,1791
2026-07-21,integrated-wind-solutions-iws-xosl,IWS.OL,57.20000076293945,57.20000076293945,56.23378372192383,830
2026-07-22,integrated-wind-solutions-iws-xosl,IWS.OL,57.20000076293945,57.599998474121094,56.62702560424805,2047
2026-07-23,integrated-wind-solutions-iws-xosl,IWS.OL,57.20000076293945,57.0,56.03716278076172,314
2026-07-24,integrated-wind-solutions-iws-xosl,IWS.OL,57.0,56.599998474121094,55.643917083740234,140
2026-07-27,integrated-wind-solutions-iws-xosl,IWS.OL,56.20000076293945,56.400001525878906,55.44729995727539,1918
2026-07-28,integrated-wind-solutions-iws-xosl,IWS.OL,57.20000076293945,57.400001525878906,56.4304084777832,189
2026-07-29,integrated-wind-solutions-iws-xosl,IWS.OL,56.400001525878906,56.400001525878906,55.44729995727539,791
2026-07-30,integrated-wind-solutions-iws-xosl,IWS.OL,56.599998474121094,56.0,55.054054260253906,3974
2026-07-31,integrated-wind-solutions-iws-xosl,IWS.OL,55.79999923706055,55.79999923706055,54.8574333190918,395
2026-08-03,integrated-wind-solutions-iws-xosl,IWS.OL,55.79999923706055,55.0,54.070945739746094,2811
2026-08-04,integrated-wind-solutions-iws-xosl,IWS.OL,54.79999923706055,55.599998474121094,54.66080856323242,4746
2026-08-05,integrated-wind-solutions-iws-xosl,IWS.OL,55.0,55.20000076293945,54.2675666809082,2156
2026-08-06,integrated-wind-solutions-iws-xosl,IWS.OL,54.79999923706055,54.79999923706055,53.874324798583984,468
2026-08-07,integrated-wind-solutions-iws-xosl,IWS.OL,55.0,54.79999923706055,53.874324798583984,894
2026-08-10,integrated-wind-solutions-iws-xosl,IWS.OL,55.400001525878906,54.400001525878906,53.481082916259766,1567
2026-08-11,integrated-wind-solutions-iws-xosl,IWS.OL,54.599998474121094,56.0,55.054054260253906,3756
2026-08-12,integrated-wind-solutions-iws-xosl,IWS.OL,55.0,54.79999923706055,53.874324798583984,3502
2026-08-13,integrated-wind-solutions-iws-xosl,IWS.OL,55.79999923706055,55.79999923706055,54.8574333190918,6245
2026-08-14,integrated-wind-solutions-iws-xosl,IWS.OL,54.79999923706055,55.400001525878906,54.46419143676758,4181
2026-08-17,integrated-wind-solutions-iws-xosl,IWS.OL,55.400001525878906,54.599998474121094,53.67770004272461,1416
2026-08-18,integrated-wind-solutions-iws-xosl,IWS.OL,54.400001525878906,55.0,54.070945739746094,7292
2026-08-19,integrated-wind-solutions-iws-xosl,IWS.OL,55.0,53.79999923706055,52.89121627807617,6235
2026-08-20,integrated-wind-solutions-iws-xosl,IWS.OL,54.79999923706055,53.79999923706055,52.89121627807617,1362
2026-08-21,integrated-wind-solutions-iws-xosl,IWS.OL,53.79999923706055,54.20000076293945,53.28445816040039,2349
2026-08-24,integrated-wind-solutions-iws-xosl,IWS.OL,54.0,54.20000076293945,53.28445816040039,2382
2026-08-25,integrated-wind-solutions-iws-xosl,IWS.OL,54.0,55.400001525878906,54.46419143676758,6491
2026-08-26,integrated-wind-solutions-iws-xosl,IWS.OL,56.0,56.599998474121094,55.643917083740234,3494
2026-08-27,integrated-wind-solutions-iws-xosl,IWS.OL,58.400001525878906,58.0,57.02027130126953,23752
2026-08-28,integrated-wind-solutions-iws-xosl,IWS.OL,58.400001525878906,59.0,58.003379821777344,5512
2026-08-31,integrated-wind-solutions-iws-xosl,IWS.OL,59.20000076293945,59.20000076293945,58.20000076293945,3107
2026-09-01,integrated-wind-solutions-iws-xosl,IWS.OL,59.400001525878906,59.599998474121094,58.59324264526367,2569
2026-09-02,integrated-wind-solutions-iws-xosl,IWS.OL,59.599998474121094,59.599998474121094,58.59324264526367,1853
2026-09-03,integrated-wind-solutions-iws-xosl,IWS.OL,59.0,58.20000076293945,57.21689224243164,3399
2026-09-04,integrated-wind-solutions-iws-xosl,IWS.OL,58.599998474121094,59.20000076293945,58.20000076293945,4283
2026-09-07,integrated-wind-solutions-iws-xosl,IWS.OL,59.0,58.400001525878906,58.400001525878906,2341
2026-09-08,integrated-wind-solutions-iws-xosl,IWS.OL,58.599998474121094,57.599998474121094,57.599998474121094,4793
2026-09-09,integrated-wind-solutions-iws-xosl,IWS.OL,58.0,57.20000076293945,57.20000076293945,338
2026-09-10,integrated-wind-solutions-iws-xosl,IWS.OL,57.0,57.0,57.0,1819
2026-09-11,integrated-wind-solutions-iws-xosl,IWS.OL,57.20000076293945,57.20000076293945,57.20000076293945,1221
2026-09-14,integrated-wind-solutions-iws-xosl,IWS.OL,57.20000076293945,56.599998474121094,56.599998474121094,5311
2026-09-15,integrated-wind-solutions-iws-xosl,IWS.OL,57.0,56.20000076293945,56.20000076293945,1263
2026-09-16,integrated-wind-solutions-iws-xosl,IWS.OL,57.0,56.20000076293945,56.20000076293945,3443
2026-09-17,integrated-wind-solutions-iws-xosl,IWS.OL,57.0,56.20000076293945,56.20000076293945,6147
2026-09-18,integrated-wind-solutions-iws-xosl,IWS.OL,56.79999923706055,56.79999923706055,56.79999923706055,4844
2026-09-21,integrated-wind-solutions-iws-xosl,IWS.OL,57.0,56.79999923706055,56.79999923706055,5102
2026-09-22,integrated-wind-solutions-iws-xosl,IWS.OL,56.79999923706055,57.79999923706055,57.79999923706055,2205
2026-09-23,integrated-wind-solutions-iws-xosl,IWS.OL,57.79999923706055,58.599998474121094,58.599998474121094,1708
2026-09-24,integrated-wind-solutions-iws-xosl,IWS.OL,58.599998474121094,57.599998474121094,57.599998474121094,373
2026-09-25,integrated-wind-solutions-iws-xosl,IWS.OL,57.400001525878906,57.400001525878906,57.400001525878906,3681
2026-09-28,integrated-wind-solutions-iws-xosl,IWS.OL,57.400001525878906,57.400001525878906,57.400001525878906,155
2026-09-29,integrated-wind-solutions-iws-xosl,IWS.OL,57.400001525878906,56.79999923706055,56.79999923706055,1259
2026-09-30,integrated-wind-solutions-iws-xosl,IWS.OL,56.79999923706055,59.20000076293945,59.20000076293945,25161
2026-10-01,integrated-wind-solutions-iws-xosl,IWS.OL,59.79999923706055,60.400001525878906,60.400001525878906,3586
2026-10-02,integrated-wind-solutions-iws-xosl,IWS.OL,60.599998474121094,60.599998474121094,60.599998474121094,1114
2026-10-05,integrated-wind-solutions-iws-xosl,IWS.OL,60.79999923706055,60.79999923706055,60.79999923706055,2354
2026-10-06,integrated-wind-solutions-iws-xosl,IWS.OL,61.20000076293945,62.0,62.0,3384
2026-10-07,integrated-wind-solutions-iws-xosl,IWS.OL,62.0,61.20000076293945,61.20000076293945,4398
2026-10-08,integrated-wind-solutions-iws-xosl,IWS.OL,62.20000076293945,61.0,61.0,4164
2026-07-13,jinhui-shipping-transportation-jin-xosl,JIN.OL,6.199999809265137,6.0,6.0,36355
2026-07-14,jinhui-shipping-transportation-jin-xosl,JIN.OL,6.179999828338623,6.179999828338623,6.179999828338623,5733
2026-07-15,jinhui-shipping-transportation-jin-xosl,JIN.OL,6.179999828338623,6.059999942779541,6.059999942779541,37151
2026-07-16,jinhui-shipping-transportation-jin-xosl,JIN.OL,6.099999904632568,6.079999923706055,6.079999923706055,5891
2026-07-17,jinhui-shipping-transportation-jin-xosl,JIN.OL,6.119999885559082,6.079999923706055,6.079999923706055,9901
2026-07-20,jinhui-shipping-transportation-jin-xosl,JIN.OL,6.0,6.019999980926514,6.019999980926514,19436
2026-07-21,jinhui-shipping-transportation-jin-xosl,JIN.OL,6.139999866485596,6.0,6.0,12713
2026-07-22,jinhui-shipping-transportation-jin-xosl,JIN.OL,6.179999828338623,6.059999942779541,6.059999942779541,21959
2026-07-23,jinhui-shipping-transportation-jin-xosl,JIN.OL,6.179999828338623,6.159999847412109,6.159999847412109,24478
2026-07-24,jinhui-shipping-transportation-jin-xosl,JIN.OL,6.199999809265137,6.059999942779541,6.059999942779541,26106
2026-07-27,jinhui-shipping-transportation-jin-xosl,JIN.OL,6.179999828338623,6.039999961853027,6.039999961853027,7528
2026-07-28,jinhui-shipping-transportation-jin-xosl,JIN.OL,6.159999847412109,6.159999847412109,6.159999847412109,7284
2026-07-29,jinhui-shipping-transportation-jin-xosl,JIN.OL,6.159999847412109,6.139999866485596,6.139999866485596,22097
2026-07-30,jinhui-shipping-transportation-jin-xosl,JIN.OL,6.199999809265137,6.179999828338623,6.179999828338623,14942
2026-07-31,jinhui-shipping-transportation-jin-xosl,JIN.OL,6.199999809265137,6.179999828338623,6.179999828338623,3759
2026-08-03,jinhui-shipping-transportation-jin-xosl,JIN.OL,6.159999847412109,6.159999847412109,6.159999847412109,27331
2026-08-04,jinhui-shipping-transportation-jin-xosl,JIN.OL,6.199999809265137,6.199999809265137,6.199999809265137,4032
2026-08-05,jinhui-shipping-transportation-jin-xosl,JIN.OL,6.199999809265137,6.199999809265137,6.199999809265137,5230
2026-08-06,jinhui-shipping-transportation-jin-xosl,JIN.OL,6.199999809265137,6.199999809265137,6.199999809265137,26817
2026-08-07,jinhui-shipping-transportation-jin-xosl,JIN.OL,6.199999809265137,6.159999847412109,6.159999847412109,21767
2026-08-10,jinhui-shipping-transportation-jin-xosl,JIN.OL,6.199999809265137,6.199999809265137,6.199999809265137,26787
2026-08-11,jinhui-shipping-transportation-jin-xosl,JIN.OL,6.199999809265137,6.21999979019165,6.21999979019165,113669
2026-08-12,jinhui-shipping-transportation-jin-xosl,JIN.OL,6.28000020980835,6.480000019073486,6.480000019073486,88326
2026-08-13,jinhui-shipping-transportation-jin-xosl,JIN.OL,6.5,6.420000076293945,6.420000076293945,45512
2026-08-14,jinhui-shipping-transportation-jin-xosl,JIN.OL,6.579999923706055,6.400000095367432,6.400000095367432,10912
2026-08-17,jinhui-shipping-transportation-jin-xosl,JIN.OL,6.539999961853027,6.5,6.5,201013
2026-08-18,jinhui-shipping-transportation-jin-xosl,JIN.OL,6.320000171661377,6.5,6.5,106536
2026-08-19,jinhui-shipping-transportation-jin-xosl,JIN.OL,6.639999866485596,6.639999866485596,6.639999866485596,18591
2026-08-20,jinhui-shipping-transportation-jin-xosl,JIN.OL,6.659999847412109,6.559999942779541,6.559999942779541,20081
2026-08-21,jinhui-shipping-transportation-jin-xosl,JIN.OL,6.599999904632568,6.599999904632568,6.599999904632568,67025
2026-08-24,jinhui-shipping-transportation-jin-xosl,JIN.OL,6.599999904632568,6.679999828338623,6.679999828338623,16065
2026-08-25,jinhui-shipping-transportation-jin-xosl,JIN.OL,6.599999904632568,6.760000228881836,6.760000228881836,94017
2026-08-26,jinhui-shipping-transportation-jin-xosl,JIN.OL,6.800000190734863,7.360000133514404,7.360000133514404,233016
2026-08-27,jinhui-shipping-transportation-jin-xosl,JIN.OL,7.5,6.420000076293945,6.420000076293945,174052
2026-08-28,jinhui-shipping-transportation-jin-xosl,JIN.OL,6.400000095367432,6.619999885559082,6.619999885559082,36833
2026-08-31,jinhui-shipping-transportation-jin-xosl,JIN.OL,7.0,6.619999885559082,6.619999885559082,45107
2026-09-01,jinhui-shipping-transportation-jin-xosl,JIN.OL,6.619999885559082,6.659999847412109,6.659999847412109,43834
2026-09-02,jinhui-shipping-transportation-jin-xosl,JIN.OL,7.0,6.699999809265137,6.699999809265137,60126
2026-09-03,jinhui-shipping-transportation-jin-xosl,JIN.OL,6.940000057220459,6.659999847412109,6.659999847412109,94988
2026-09-04,jinhui-shipping-transportation-jin-xosl,JIN.OL,6.940000057220459,6.599999904632568,6.599999904632568,3381
2026-09-07,jinhui-shipping-transportation-jin-xosl,JIN.OL,6.619999885559082,6.639999866485596,6.639999866485596,62889
2026-09-08,jinhui-shipping-transportation-jin-xosl,JIN.OL,6.820000171661377,6.840000152587891,6.840000152587891,255446
2026-09-09,jinhui-shipping-transportation-jin-xosl,JIN.OL,6.960000038146973,6.900000095367432,6.900000095367432,269941
2026-09-10,jinhui-shipping-transportation-jin-xosl,JIN.OL,6.840000152587891,6.920000076293945,6.920000076293945,91071
2026-09-11,jinhui-shipping-transportation-jin-xosl,JIN.OL,7.099999904632568,6.920000076293945,6.920000076293945,41196
2026-09-14,jinhui-shipping-transportation-jin-xosl,JIN.OL,7.0,7.0,7.0,22261
2026-09-15,jinhui-shipping-transportation-jin-xosl,JIN.OL,7.0,6.880000114440918,6.880000114440918,66320
2026-09-16,jinhui-shipping-transportation-jin-xosl,JIN.OL,6.980000019073486,7.0,7.0,24383
2026-09-17,jinhui-shipping-transportation-jin-xosl,JIN.OL,6.800000190734863,6.579999923706055,6.579999923706055,15844
2026-09-18,jinhui-shipping-transportation-jin-xosl,JIN.OL,6.599999904632568,6.980000019073486,6.980000019073486,81019
2026-09-21,jinhui-shipping-transportation-jin-xosl,JIN.OL,7.0,6.760000228881836,6.760000228881836,71361
2026-09-22,jinhui-shipping-transportation-jin-xosl,JIN.OL,6.599999904632568,6.820000171661377,6.820000171661377,36531
2026-09-23,jinhui-shipping-transportation-jin-xosl,JIN.OL,6.900000095367432,6.639999866485596,6.639999866485596,33656
2026-09-24,jinhui-shipping-transportation-jin-xosl,JIN.OL,6.420000076293945,6.820000171661377,6.820000171661377,34578
2026-09-25,jinhui-shipping-transportation-jin-xosl,JIN.OL,6.579999923706055,6.480000019073486,6.480000019073486,17991
2026-09-28,jinhui-shipping-transportation-jin-xosl,JIN.OL,6.860000133514404,6.840000152587891,6.840000152587891,44488
2026-09-29,jinhui-shipping-transportation-jin-xosl,JIN.OL,6.699999809265137,6.539999961853027,6.539999961853027,43588
2026-09-30,jinhui-shipping-transportation-jin-xosl,JIN.OL,6.860000133514404,6.619999885559082,6.619999885559082,17250
2026-10-01,jinhui-shipping-transportation-jin-xosl,JIN.OL,6.760000228881836,6.619999885559082,6.619999885559082,64098
2026-10-02,jinhui-shipping-transportation-jin-xosl,JIN.OL,6.599999904632568,6.699999809265137,6.699999809265137,15834
2026-10-05,jinhui-shipping-transportation-jin-xosl,JIN.OL,6.639999866485596,6.639999866485596,6.639999866485596,13442
2026-10-06,jinhui-shipping-transportation-jin-xosl,JIN.OL,7.119999885559082,6.599999904632568,6.599999904632568,39640
2026-10-07,jinhui-shipping-transportation-jin-xosl,JIN.OL,6.980000019073486,6.800000190734863,6.800000190734863,7270
2026-10-08,jinhui-shipping-transportation-jin-xosl,JIN.OL,6.699999809265137,6.599999904632568,6.599999904632568,38125
2026-07-13,kid-xosl,KID.OL,125.19999694824219,127.5999984741211,127.5999984741211,12659
2026-07-14,kid-xosl,KID.OL,127.5999984741211,126.5999984741211,126.5999984741211,23608
2026-07-15,kid-xosl,KID.OL,125.0,126.5999984741211,126.5999984741211,18205
2026-07-16,kid-xosl,KID.OL,127.4000015258789,130.39999389648438,130.39999389648438,38916
2026-07-17,kid-xosl,KID.OL,127.5999984741211,129.0,129.0,28767
2026-07-20,kid-xosl,KID.OL,130.0,131.60000610351562,131.60000610351562,42218
2026-07-21,kid-xosl,KID.OL,127.0,130.39999389648438,130.39999389648438,23630
2026-07-22,kid-xosl,KID.OL,129.60000610351562,129.39999389648438,129.39999389648438,44953
2026-07-23,kid-xosl,KID.OL,129.0,128.0,128.0,13334
2026-07-24,kid-xosl,KID.OL,127.80000305175781,128.39999389648438,128.39999389648438,20746
2026-07-27,kid-xosl,KID.OL,126.4000015258789,128.60000610351562,128.60000610351562,23526
2026-07-28,kid-xosl,KID.OL,128.8000030517578,130.39999389648438,130.39999389648438,47551
2026-07-29,kid-xosl,KID.OL,127.0,131.39999389648438,131.39999389648438,27770
2026-07-30,kid-xosl,KID.OL,132.0,130.8000030517578,130.8000030517578,19167
2026-07-31,kid-xosl,KID.OL,131.0,129.8000030517578,129.8000030517578,25335
2026-08-03,kid-xosl,KID.OL,128.0,131.0,131.0,26295
2026-08-04,kid-xosl,KID.OL,129.39999389648438,129.60000610351562,129.60000610351562,21424
2026-08-05,kid-xosl,KID.OL,130.39999389648438,130.1999969482422,130.1999969482422,24502
2026-08-06,kid-xosl,KID.OL,132.0,132.1999969482422,132.1999969482422,24574
2026-08-07,kid-xosl,KID.OL,133.8000030517578,132.39999389648438,132.39999389648438,20298
2026-08-10,kid-xosl,KID.OL,131.60000610351562,130.0,130.0,24025
2026-08-11,kid-xosl,KID.OL,129.60000610351562,129.60000610351562,129.60000610351562,15297
2026-08-12,kid-xosl,KID.OL,128.8000030517578,128.60000610351562,128.60000610351562,13034
2026-08-13,kid-xosl,KID.OL,128.39999389648438,128.8000030517578,128.8000030517578,5500
2026-08-14,kid-xosl,KID.OL,129.8000030517578,128.39999389648438,128.39999389648438,46422
2026-08-17,kid-xosl,KID.OL,129.1999969482422,128.60000610351562,128.60000610351562,11195
2026-08-18,kid-xosl,KID.OL,128.60000610351562,129.60000610351562,129.60000610351562,23472
2026-08-19,kid-xosl,KID.OL,129.8000030517578,131.39999389648438,131.39999389648438,46090
2026-08-20,kid-xosl,KID.OL,129.1999969482422,131.39999389648438,131.39999389648438,53441
2026-08-21,kid-xosl,KID.OL,132.0,129.60000610351562,129.60000610351562,55598
2026-08-24,kid-xosl,KID.OL,128.1999969482422,129.0,129.0,51616
2026-08-25,kid-xosl,KID.OL,128.1999969482422,127.80000305175781,127.80000305175781,38989
2026-08-26,kid-xosl,KID.OL,127.19999694824219,127.4000015258789,127.4000015258789,27802
2026-08-27,kid-xosl,KID.OL,127.0,127.19999694824219,127.19999694824219,17508
2026-08-28,kid-xosl,KID.OL,126.5999984741211,127.19999694824219,127.19999694824219,34141
2026-08-31,kid-xosl,KID.OL,127.4000015258789,123.0,123.0,77430
2026-09-01,kid-xosl,KID.OL,123.19999694824219,118.0,118.0,140617
2026-09-02,kid-xosl,KID.OL,119.0,121.4000015258789,121.4000015258789,128438
2026-09-03,kid-xosl,KID.OL,122.0,123.4000015258789,123.4000015258789,42924
2026-09-04,kid-xosl,KID.OL,123.5999984741211,122.19999694824219,122.19999694824219,37497
2026-09-07,kid-xosl,KID.OL,120.19999694824219,121.19999694824219,121.19999694824219,244824
2026-09-08,kid-xosl,KID.OL,122.19999694824219,121.5999984741211,121.5999984741211,99537
2026-09-09,kid-xosl,KID.OL,121.5999984741211,119.5999984741211,119.5999984741211,28775
2026-09-10,kid-xosl,KID.OL,119.5999984741211,119.80000305175781,119.80000305175781,49274
2026-09-11,kid-xosl,KID.OL,119.5999984741211,118.5999984741211,118.5999984741211,50948
2026-09-14,kid-xosl,KID.OL,118.80000305175781,119.4000015258789,119.4000015258789,36577
2026-09-15,kid-xosl,KID.OL,119.0,119.4000015258789,119.4000015258789,92226
2026-09-16,kid-xosl,KID.OL,119.5999984741211,118.80000305175781,118.80000305175781,21053
2026-09-17,kid-xosl,KID.OL,119.0,120.80000305175781,120.80000305175781,24852
2026-09-18,kid-xosl,KID.OL,120.80000305175781,121.0,121.0,68096
2026-09-21,kid-xosl,KID.OL,122.0,122.19999694824219,122.19999694824219,71147
2026-09-22,kid-xosl,KID.OL,122.0,121.80000305175781,121.80000305175781,20834
2026-09-23,kid-xosl,KID.OL,122.0,120.0,120.0,222984
2026-09-24,kid-xosl,KID.OL,120.19999694824219,119.4000015258789,119.4000015258789,79181
2026-09-25,kid-xosl,KID.OL,120.4000015258789,118.0,118.0,38182
2026-09-28,kid-xosl,KID.OL,118.4000015258789,118.80000305175781,118.80000305175781,70848
2026-09-29,kid-xosl,KID.OL,118.0,120.4000015258789,120.4000015258789,32318
2026-09-30,kid-xosl,KID.OL,121.80000305175781,119.19999694824219,119.19999694824219,97201
2026-10-01,kid-xosl,KID.OL,119.19999694824219,118.0,118.0,63193
2026-10-02,kid-xosl,KID.OL,119.5999984741211,118.80000305175781,118.80000305175781,31982
2026-10-05,kid-xosl,KID.OL,117.19999694824219,118.0,118.0,23743
2026-10-06,kid-xosl,KID.OL,118.0,119.19999694824219,119.19999694824219,310767
2026-10-07,kid-xosl,KID.OL,118.5999984741211,121.0,121.0,67461
2026-10-08,kid-xosl,KID.OL,125.5999984741211,129.0,129.0,265727
2026-07-13,kitron-kit-xosl,KIT.OL,90.05000305175781,87.5,87.5,1534057
2026-07-14,kitron-kit-xosl,KIT.OL,87.5,87.5999984741211,87.5999984741211,618019
2026-07-15,kitron-kit-xosl,KIT.OL,87.0999984741211,85.19999694824219,85.19999694824219,951386
2026-07-16,kitron-kit-xosl,KIT.OL,85.19999694824219,82.80000305175781,82.80000305175781,1497913
2026-07-17,kitron-kit-xosl,KIT.OL,82.0999984741211,82.25,82.25,1057286
2026-07-20,kitron-kit-xosl,KIT.OL,83.25,84.30000305175781,84.30000305175781,962776
2026-07-21,kitron-kit-xosl,KIT.OL,84.0,85.9000015258789,85.9000015258789,864625
2026-07-22,kitron-kit-xosl,KIT.OL,87.0,87.69999694824219,87.69999694824219,1490026
2026-07-23,kitron-kit-xosl,KIT.OL,87.9000015258789,88.55000305175781,88.55000305175781,934446
2026-07-24,kitron-kit-xosl,KIT.OL,88.0,87.5999984741211,87.5999984741211,957271
2026-07-27,kitron-kit-xosl,KIT.OL,88.0,88.5,88.5,692928
2026-07-28,kitron-kit-xosl,KIT.OL,88.0,86.5999984741211,86.5999984741211,637778
2026-07-29,kitron-kit-xosl,KIT.OL,86.05000305175781,86.0,86.0,520303
2026-07-30,kitron-kit-xosl,KIT.OL,86.0999984741211,86.55000305175781,86.55000305175781,431393
2026-07-31,kitron-kit-xosl,KIT.OL,87.69999694824219,86.9000015258789,86.9000015258789,540991
2026-08-03,kitron-kit-xosl,KIT.OL,86.4000015258789,85.0999984741211,85.0999984741211,707109
2026-08-04,kitron-kit-xosl,KIT.OL,85.75,86.94999694824219,86.94999694824219,567708
2026-08-05,kitron-kit-xosl,KIT.OL,87.69999694824219,89.05000305175781,89.05000305175781,430777
2026-08-06,kitron-kit-xosl,KIT.OL,88.5,88.69999694824219,88.69999694824219,378965
2026-08-07,kitron-kit-xosl,KIT.OL,88.69999694824219,88.9000015258789,88.9000015258789,360262
2026-08-10,kitron-kit-xosl,KIT.OL,89.0,89.69999694824219,89.69999694824219,592828
2026-08-11,kitron-kit-xosl,KIT.OL,90.30000305175781,92.44999694824219,92.44999694824219,790739
2026-08-12,kitron-kit-xosl,KIT.OL,93.19999694824219,94.94999694824219,94.94999694824219,692664
2026-08-13,kitron-kit-xosl,KIT.OL,95.5,94.5,94.5,470686
2026-08-14,kitron-kit-xosl,KIT.OL,93.9000015258789,94.5,94.5,555871
2026-08-17,kitron-kit-xosl,KIT.OL,95.25,93.30000305175781,93.30000305175781,803205
2026-08-18,kitron-kit-xosl,KIT.OL,92.44999694824219,88.80000305175781,88.80000305175781,780334
2026-08-19,kitron-kit-xosl,KIT.OL,88.0,85.4000015258789,85.4000015258789,1200739
2026-08-20,kitron-kit-xosl,KIT.OL,85.44999694824219,84.80000305175781,84.80000305175781,666874
2026-08-21,kitron-kit-xosl,KIT.OL,85.3499984741211,85.4000015258789,85.4000015258789,553957
2026-08-24,kitron-kit-xosl,KIT.OL,86.1500015258789,84.30000305175781,84.30000305175781,555823
2026-08-25,kitron-kit-xosl,KIT.OL,89.80000305175781,91.75,91.75,1725837
2026-08-26,kitron-kit-xosl,KIT.OL,92.19999694824219,91.0999984741211,91.0999984741211,823615
2026-08-27,kitron-kit-xosl,KIT.OL,92.0,92.5,92.5,738238
2026-08-28,kitron-kit-xosl,KIT.OL,92.75,92.75,92.75,451291
2026-08-31,kitron-kit-xosl,KIT.OL,92.5999984741211,92.0999984741211,92.0999984741211,930668
2026-09-01,kitron-kit-xosl,KIT.OL,92.0,90.9000015258789,90.9000015258789,581649
2026-09-02,kitron-kit-xosl,KIT.OL,90.75,90.8499984741211,90.8499984741211,864969
2026-09-03,kitron-kit-xosl,KIT.OL,91.19999694824219,90.94999694824219,90.94999694824219,683465
2026-09-04,kitron-kit-xosl,KIT.OL,91.69999694824219,96.4000015258789,96.4000015258789,1285466
2026-09-07,kitron-kit-xosl,KIT.OL,96.9000015258789,98.4000015258789,98.4000015258789,705033
2026-09-08,kitron-kit-xosl,KIT.OL,97.19999694824219,95.1500015258789,95.1500015258789,587372
2026-09-09,kitron-kit-xosl,KIT.OL,95.5,95.4000015258789,95.4000015258789,481124
2026-09-10,kitron-kit-xosl,KIT.OL,95.55000305175781,94.30000305175781,94.30000305175781,318417
2026-09-11,kitron-kit-xosl,KIT.OL,94.0,95.80000305175781,95.80000305175781,398267
2026-09-14,kitron-kit-xosl,KIT.OL,95.5999984741211,93.69999694824219,93.69999694824219,962890
2026-09-15,kitron-kit-xosl,KIT.OL,94.0,93.75,93.75,475025
2026-09-16,kitron-kit-xosl,KIT.OL,94.80000305175781,95.4000015258789,95.4000015258789,445069
2026-09-17,kitron-kit-xosl,KIT.OL,95.0,98.6500015258789,98.6500015258789,818529
2026-09-18,kitron-kit-xosl,KIT.OL,99.6500015258789,98.1500015258789,98.1500015258789,6392693
2026-09-21,kitron-kit-xosl,KIT.OL,98.69999694824219,98.30000305175781,98.30000305175781,517675
2026-09-22,kitron-kit-xosl,KIT.OL,98.5,98.4000015258789,98.4000015258789,574433
2026-09-23,kitron-kit-xosl,KIT.OL,99.4000015258789,99.9000015258789,99.9000015258789,626349
2026-09-24,kitron-kit-xosl,KIT.OL,99.19999694824219,97.8499984741211,97.8499984741211,666700
2026-09-25,kitron-kit-xosl,KIT.OL,98.44999694824219,97.9000015258789,97.9000015258789,353162
2026-09-28,kitron-kit-xosl,KIT.OL,97.05000305175781,97.19999694824219,97.19999694824219,451859
2026-09-29,kitron-kit-xosl,KIT.OL,97.0,97.55000305175781,97.55000305175781,366254
2026-09-30,kitron-kit-xosl,KIT.OL,97.55000305175781,98.05000305175781,98.05000305175781,461030
2026-10-01,kitron-kit-xosl,KIT.OL,99.0,101.80000305175781,101.80000305175781,940465
2026-10-02,kitron-kit-xosl,KIT.OL,102.80000305175781,104.5999984741211,104.5999984741211,1023831
2026-10-05,kitron-kit-xosl,KIT.OL,105.0,106.5999984741211,106.5999984741211,803940
2026-10-06,kitron-kit-xosl,KIT.OL,107.4000015258789,106.5999984741211,106.5999984741211,501403
2026-10-07,kitron-kit-xosl,KIT.OL,105.5999984741211,103.5999984741211,103.5999984741211,592923
2026-10-08,kitron-kit-xosl,KIT.OL,103.0,103.80000305175781,103.80000305175781,542666
2026-07-13,klaveness-combination-carriers-kcc-xosl,KCC.OL,94.5999984741211,96.5999984741211,94.1147232055664,45153
2026-07-14,klaveness-combination-carriers-kcc-xosl,KCC.OL,97.0,96.5,94.01730346679688,28124
2026-07-15,klaveness-combination-carriers-kcc-xosl,KCC.OL,97.0,96.19999694824219,93.72501373291016,28499
2026-07-16,klaveness-combination-carriers-kcc-xosl,KCC.OL,94.0999984741211,95.9000015258789,93.4327392578125,18806
2026-07-17,klaveness-combination-carriers-kcc-xosl,KCC.OL,96.80000305175781,94.0999984741211,91.67904663085938,15404
2026-07-20,klaveness-combination-carriers-kcc-xosl,KCC.OL,95.9000015258789,96.30000305175781,93.82244873046875,45280
2026-07-21,klaveness-combination-carriers-kcc-xosl,KCC.OL,95.80000305175781,96.5999984741211,94.1147232055664,61469
2026-07-22,klaveness-combination-carriers-kcc-xosl,KCC.OL,96.0,97.0999984741211,94.60186004638672,55730
2026-07-23,klaveness-combination-carriers-kcc-xosl,KCC.OL,98.0,98.9000015258789,96.35556030273438,33488
2026-07-24,klaveness-combination-carriers-kcc-xosl,KCC.OL,97.0,100.19999694824219,97.62210845947266,39842
2026-07-27,klaveness-combination-carriers-kcc-xosl,KCC.OL,101.4000015258789,98.4000015258789,95.86842346191406,37875
2026-07-28,klaveness-combination-carriers-kcc-xosl,KCC.OL,98.5,99.69999694824219,97.13497161865234,30927
2026-07-29,klaveness-combination-carriers-kcc-xosl,KCC.OL,99.5,98.5,95.9658432006836,27851
2026-07-30,klaveness-combination-carriers-kcc-xosl,KCC.OL,99.0999984741211,99.80000305175781,97.23240661621094,31474
2026-07-31,klaveness-combination-carriers-kcc-xosl,KCC.OL,100.4000015258789,100.4000015258789,97.81696319580078,39852
2026-08-03,klaveness-combination-carriers-kcc-xosl,KCC.OL,101.0,100.0,97.42725372314453,30812
2026-08-04,klaveness-combination-carriers-kcc-xosl,KCC.OL,100.4000015258789,99.69999694824219,97.13497161865234,62807
2026-08-05,klaveness-combination-carriers-kcc-xosl,KCC.OL,99.9000015258789,98.69999694824219,96.16069793701172,35820
2026-08-06,klaveness-combination-carriers-kcc-xosl,KCC.OL,98.9000015258789,97.9000015258789,95.38128662109375,31193
2026-08-07,klaveness-combination-carriers-kcc-xosl,KCC.OL,96.9000015258789,97.30000305175781,94.79672241210938,32133
2026-08-10,klaveness-combination-carriers-kcc-xosl,KCC.OL,98.5999984741211,97.5999984741211,95.08899688720703,15457
2026-08-11,klaveness-combination-carriers-kcc-xosl,KCC.OL,98.19999694824219,98.80000305175781,96.25813293457031,42615
2026-08-12,klaveness-combination-carriers-kcc-xosl,KCC.OL,98.5,98.0,95.47870635986328,51815
2026-08-13,klaveness-combination-carriers-kcc-xosl,KCC.OL,99.0,101.19999694824219,98.59638214111328,83383
2026-08-14,klaveness-combination-carriers-kcc-xosl,KCC.OL,100.5999984741211,101.19999694824219,98.59638214111328,32975
2026-08-17,klaveness-combination-carriers-kcc-xosl,KCC.OL,99.19999694824219,101.0,98.40152740478516,38489
2026-08-18,klaveness-combination-carriers-kcc-xosl,KCC.OL,101.0,99.69999694824219,97.13497161865234,31495
2026-08-19,klaveness-combination-carriers-kcc-xosl,KCC.OL,99.30000305175781,102.19999694824219,99.57064819335938,84412
2026-08-20,klaveness-combination-carriers-kcc-xosl,KCC.OL,101.5999984741211,101.5999984741211,98.98609161376953,23098
2026-08-21,klaveness-combination-carriers-kcc-xosl,KCC.OL,102.0,104.0,101.32434844970703,67016
2026-08-24,klaveness-combination-carriers-kcc-xosl,KCC.OL,104.80000305175781,102.80000305175781,100.15522003173828,31519
2026-08-25,klaveness-combination-carriers-kcc-xosl,KCC.OL,107.19999694824219,105.4000015258789,102.6883316040039,86646
2026-08-26,klaveness-combination-carriers-kcc-xosl,KCC.OL,107.0,106.19999694824219,103.46774291992188,81350
2026-08-27,klaveness-combination-carriers-kcc-xosl,KCC.OL,108.19999694824219,106.4000015258789,103.66259765625,83254
2026-08-28,klaveness-combination-carriers-kcc-xosl,KCC.OL,107.19999694824219,106.4000015258789,103.66259765625,62171
2026-08-31,klaveness-combination-carriers-kcc-xosl,KCC.OL,107.5999984741211,108.5999984741211,105.80599975585938,82586
2026-09-01,klaveness-combination-carriers-kcc-xosl,KCC.OL,107.0,105.0,105.0,33455
2026-09-02,klaveness-combination-carriers-kcc-xosl,KCC.OL,106.5999984741211,105.19999694824219,105.19999694824219,38043
2026-09-03,klaveness-combination-carriers-kcc-xosl,KCC.OL,97.5999984741211,97.5,97.5,7403118
2026-09-04,klaveness-combination-carriers-kcc-xosl,KCC.OL,98.9000015258789,99.0,99.0,344990
2026-09-07,klaveness-combination-carriers-kcc-xosl,KCC.OL,101.0,98.80000305175781,98.80000305175781,142589
2026-09-08,klaveness-combination-carriers-kcc-xosl,KCC.OL,100.0,99.4000015258789,99.4000015258789,150851
2026-09-09,klaveness-combination-carriers-kcc-xosl,KCC.OL,100.0,101.5999984741211,101.5999984741211,144330
2026-09-10,klaveness-combination-carriers-kcc-xosl,KCC.OL,101.4000015258789,101.19999694824219,101.19999694824219,107855
2026-09-11,klaveness-combination-carriers-kcc-xosl,KCC.OL,101.5999984741211,103.19999694824219,103.19999694824219,119035
2026-09-14,klaveness-combination-carriers-kcc-xosl,KCC.OL,103.5999984741211,101.5999984741211,101.5999984741211,143721
2026-09-15,klaveness-combination-carriers-kcc-xosl,KCC.OL,101.4000015258789,100.19999694824219,100.19999694824219,128338
2026-09-16,klaveness-combination-carriers-kcc-xosl,KCC.OL,100.19999694824219,101.80000305175781,101.80000305175781,127057
2026-09-17,klaveness-combination-carriers-kcc-xosl,KCC.OL,101.80000305175781,103.0,103.0,64846
2026-09-18,klaveness-combination-carriers-kcc-xosl,KCC.OL,103.19999694824219,102.5999984741211,102.5999984741211,102741
2026-09-21,klaveness-combination-carriers-kcc-xosl,KCC.OL,103.0,103.5999984741211,103.5999984741211,129523
2026-09-22,klaveness-combination-carriers-kcc-xosl,KCC.OL,104.0,101.0,101.0,139164
2026-09-23,klaveness-combination-carriers-kcc-xosl,KCC.OL,100.0,98.0,98.0,178146
2026-09-24,klaveness-combination-carriers-kcc-xosl,KCC.OL,98.9000015258789,98.5,98.5,115689
2026-09-25,klaveness-combination-carriers-kcc-xosl,KCC.OL,98.0,97.9000015258789,97.9000015258789,104994
2026-09-28,klaveness-combination-carriers-kcc-xosl,KCC.OL,98.30000305175781,100.80000305175781,100.80000305175781,152811
2026-09-29,klaveness-combination-carriers-kcc-xosl,KCC.OL,101.80000305175781,101.4000015258789,101.4000015258789,61780
2026-09-30,klaveness-combination-carriers-kcc-xosl,KCC.OL,101.5999984741211,102.19999694824219,102.19999694824219,50764
2026-10-01,klaveness-combination-carriers-kcc-xosl,KCC.OL,100.80000305175781,102.19999694824219,102.19999694824219,83834
2026-10-02,klaveness-combination-carriers-kcc-xosl,KCC.OL,103.5999984741211,105.5999984741211,105.5999984741211,148037
2026-10-05,klaveness-combination-carriers-kcc-xosl,KCC.OL,105.5999984741211,105.80000305175781,105.80000305175781,75658
2026-10-06,klaveness-combination-carriers-kcc-xosl,KCC.OL,106.80000305175781,105.4000015258789,105.4000015258789,55435
2026-10-07,klaveness-combination-carriers-kcc-xosl,KCC.OL,105.19999694824219,103.80000305175781,103.80000305175781,41954
2026-10-08,klaveness-combination-carriers-kcc-xosl,KCC.OL,103.80000305175781,104.0,104.0,128671
2026-07-13,kongsberg-automotive-koa-xosl,KOA.OL,2.009999990463257,2.015000104904175,2.015000104904175,885002
2026-07-14,kongsberg-automotive-koa-xosl,KOA.OL,2.005000114440918,2.009999990463257,2.009999990463257,1235133
2026-07-15,kongsberg-automotive-koa-xosl,KOA.OL,2.009999990463257,2.0,2.0,1767797
2026-07-16,kongsberg-automotive-koa-xosl,KOA.OL,2.069999933242798,2.1500000953674316,2.1500000953674316,6931108
2026-07-17,kongsberg-automotive-koa-xosl,KOA.OL,2.1449999809265137,2.115000009536743,2.115000009536743,2526735
2026-07-20,kongsberg-automotive-koa-xosl,KOA.OL,2.0899999141693115,2.130000114440918,2.130000114440918,2616959
2026-07-21,kongsberg-automotive-koa-xosl,KOA.OL,2.130000114440918,2.1500000953674316,2.1500000953674316,1122408
2026-07-22,kongsberg-automotive-koa-xosl,KOA.OL,2.140000104904175,2.1449999809265137,2.1449999809265137,1128364
2026-07-23,kongsberg-automotive-koa-xosl,KOA.OL,2.1500000953674316,2.1600000858306885,2.1600000858306885,904939
2026-07-24,kongsberg-automotive-koa-xosl,KOA.OL,2.1500000953674316,2.1500000953674316,2.1500000953674316,1160641
2026-07-27,kongsberg-automotive-koa-xosl,KOA.OL,2.140000104904175,2.1500000953674316,2.1500000953674316,642431
2026-07-28,kongsberg-automotive-koa-xosl,KOA.OL,2.125,2.1549999713897705,2.1549999713897705,780504
2026-07-29,kongsberg-automotive-koa-xosl,KOA.OL,2.1600000858306885,2.1449999809265137,2.1449999809265137,499290
2026-07-30,kongsberg-automotive-koa-xosl,KOA.OL,2.140000104904175,2.134999990463257,2.134999990463257,1512626
2026-07-31,kongsberg-automotive-koa-xosl,KOA.OL,2.140000104904175,2.1600000858306885,2.1600000858306885,1485974
2026-08-03,kongsberg-automotive-koa-xosl,KOA.OL,2.180000066757202,2.1600000858306885,2.1600000858306885,1373830
2026-08-04,kongsberg-automotive-koa-xosl,KOA.OL,2.1500000953674316,2.190000057220459,2.190000057220459,1013746
2026-08-05,kongsberg-automotive-koa-xosl,KOA.OL,2.190000057220459,2.1500000953674316,2.1500000953674316,1263115
2026-08-06,kongsberg-automotive-koa-xosl,KOA.OL,2.140000104904175,2.1549999713897705,2.1549999713897705,1777832
2026-08-07,kongsberg-automotive-koa-xosl,KOA.OL,2.1600000858306885,2.130000114440918,2.130000114440918,1266703
2026-08-10,kongsberg-automotive-koa-xosl,KOA.OL,2.125,2.109999895095825,2.109999895095825,1481648
2026-08-11,kongsberg-automotive-koa-xosl,KOA.OL,2.109999895095825,2.1500000953674316,2.1500000953674316,1539784
2026-08-12,kongsberg-automotive-koa-xosl,KOA.OL,2.1500000953674316,2.119999885559082,2.119999885559082,1746186
2026-08-13,kongsberg-automotive-koa-xosl,KOA.OL,2.1500000953674316,2.134999990463257,2.134999990463257,1384070
2026-08-14,kongsberg-automotive-koa-xosl,KOA.OL,2.134999990463257,2.1600000858306885,2.1600000858306885,1505362
2026-08-17,kongsberg-automotive-koa-xosl,KOA.OL,2.1449999809265137,2.130000114440918,2.130000114440918,1383831
2026-08-18,kongsberg-automotive-koa-xosl,KOA.OL,2.119999885559082,2.0899999141693115,2.0899999141693115,1221776
2026-08-19,kongsberg-automotive-koa-xosl,KOA.OL,2.075000047683716,2.049999952316284,2.049999952316284,2077608
2026-08-20,kongsberg-automotive-koa-xosl,KOA.OL,2.049999952316284,2.015000104904175,2.015000104904175,2615146
2026-08-21,kongsberg-automotive-koa-xosl,KOA.OL,2.0,1.99399995803833,1.99399995803833,4906233
2026-08-24,kongsberg-automotive-koa-xosl,KOA.OL,2.0,1.9919999837875366,1.9919999837875366,2805619
2026-08-25,kongsberg-automotive-koa-xosl,KOA.OL,1.9980000257492065,2.0199999809265137,2.0199999809265137,1505282
2026-08-26,kongsberg-automotive-koa-xosl,KOA.OL,2.009999990463257,2.009999990463257,2.009999990463257,1660367
2026-08-27,kongsberg-automotive-koa-xosl,KOA.OL,2.009999990463257,2.009999990463257,2.009999990463257,1187009
2026-08-28,kongsberg-automotive-koa-xosl,KOA.OL,2.009999990463257,2.005000114440918,2.005000114440918,1617466
2026-08-31,kongsberg-automotive-koa-xosl,KOA.OL,2.0,2.005000114440918,2.005000114440918,1322208
2026-09-01,kongsberg-automotive-koa-xosl,KOA.OL,2.0,1.9880000352859497,1.9880000352859497,2071411
2026-09-02,kongsberg-automotive-koa-xosl,KOA.OL,1.9800000190734863,1.9900000095367432,1.9900000095367432,1419460
2026-09-03,kongsberg-automotive-koa-xosl,KOA.OL,1.9800000190734863,1.9900000095367432,1.9900000095367432,696781
2026-09-04,kongsberg-automotive-koa-xosl,KOA.OL,1.9880000352859497,1.9859999418258667,1.9859999418258667,1151592
2026-09-07,kongsberg-automotive-koa-xosl,KOA.OL,1.9819999933242798,1.9780000448226929,1.9780000448226929,1356820
2026-09-08,kongsberg-automotive-koa-xosl,KOA.OL,1.9700000286102295,1.9579999446868896,1.9579999446868896,2658778
2026-09-09,kongsberg-automotive-koa-xosl,KOA.OL,1.9600000381469727,1.9559999704360962,1.9559999704360962,1763367
2026-09-10,kongsberg-automotive-koa-xosl,KOA.OL,1.9500000476837158,1.9620000123977661,1.9620000123977661,1176946
2026-09-11,kongsberg-automotive-koa-xosl,KOA.OL,1.9520000219345093,1.9780000448226929,1.9780000448226929,1849520
2026-09-14,kongsberg-automotive-koa-xosl,KOA.OL,1.9780000448226929,1.9620000123977661,1.9620000123977661,1094239
2026-09-15,kongsberg-automotive-koa-xosl,KOA.OL,1.9520000219345093,1.9539999961853027,1.9539999961853027,1377964
2026-09-16,kongsberg-automotive-koa-xosl,KOA.OL,1.9700000286102295,1.9559999704360962,1.9559999704360962,1395669
2026-09-17,kongsberg-automotive-koa-xosl,KOA.OL,1.940000057220459,2.0399999618530273,2.0399999618530273,3399730
2026-09-18,kongsberg-automotive-koa-xosl,KOA.OL,2.0399999618530273,2.015000104904175,2.015000104904175,1448948
2026-09-21,kongsberg-automotive-koa-xosl,KOA.OL,2.0,2.009999990463257,2.009999990463257,1079352
2026-09-22,kongsberg-automotive-koa-xosl,KOA.OL,2.0,2.0,2.0,1059582
2026-09-23,kongsberg-automotive-koa-xosl,KOA.OL,1.9700000286102295,1.9700000286102295,1.9700000286102295,1001064
2026-09-24,kongsberg-automotive-koa-xosl,KOA.OL,1.972000002861023,1.9539999961853027,1.9539999961853027,1669510
2026-09-25,kongsberg-automotive-koa-xosl,KOA.OL,1.9500000476837158,1.9859999418258667,1.9859999418258667,1117703
2026-09-28,kongsberg-automotive-koa-xosl,KOA.OL,1.968000054359436,1.9880000352859497,1.9880000352859497,1157647
2026-09-29,kongsberg-automotive-koa-xosl,KOA.OL,1.9839999675750732,2.0199999809265137,2.0199999809265137,1496197
2026-09-30,kongsberg-automotive-koa-xosl,KOA.OL,2.015000104904175,2.0250000953674316,2.0250000953674316,799886
2026-10-01,kongsberg-automotive-koa-xosl,KOA.OL,2.0,1.9859999418258667,1.9859999418258667,858429
2026-10-02,kongsberg-automotive-koa-xosl,KOA.OL,1.9819999933242798,1.9800000190734863,1.9800000190734863,1069509
2026-10-05,kongsberg-automotive-koa-xosl,KOA.OL,1.965999960899353,1.9520000219345093,1.9520000219345093,1829820
2026-10-06,kongsberg-automotive-koa-xosl,KOA.OL,1.9500000476837158,1.9759999513626099,1.9759999513626099,781545
2026-10-07,kongsberg-automotive-koa-xosl,KOA.OL,1.9700000286102295,1.940000057220459,1.940000057220459,1262669
2026-10-08,kongsberg-automotive-koa-xosl,KOA.OL,1.940000057220459,1.9279999732971191,1.9279999732971191,1255325
2026-07-13,kongsberg-gruppen-kog-xosl,KOG.OL,290.8999938964844,279.0,279.0,4542310
2026-07-14,kongsberg-gruppen-kog-xosl,KOG.OL,280.0,279.29998779296875,279.29998779296875,1794972
2026-07-15,kongsberg-gruppen-kog-xosl,KOG.OL,278.6000061035156,275.1000061035156,275.1000061035156,1362086
2026-07-16,kongsberg-gruppen-kog-xosl,KOG.OL,272.20001220703125,272.29998779296875,272.29998779296875,1031333
2026-07-17,kongsberg-gruppen-kog-xosl,KOG.OL,272.29998779296875,277.5,277.5,1516611
2026-07-20,kongsberg-gruppen-kog-xosl,KOG.OL,277.5,277.1000061035156,277.1000061035156,802574
2026-07-21,kongsberg-gruppen-kog-xosl,KOG.OL,279.0,276.79998779296875,276.79998779296875,1038354
2026-07-22,kongsberg-gruppen-kog-xosl,KOG.OL,278.8999938964844,282.20001220703125,282.20001220703125,1181331
2026-07-23,kongsberg-gruppen-kog-xosl,KOG.OL,285.0,291.79998779296875,291.79998779296875,1434911
2026-07-24,kongsberg-gruppen-kog-xosl,KOG.OL,291.0,289.79998779296875,289.79998779296875,819519
2026-07-27,kongsberg-gruppen-kog-xosl,KOG.OL,289.0,291.3999938964844,291.3999938964844,879381
2026-07-28,kongsberg-gruppen-kog-xosl,KOG.OL,294.29998779296875,296.5,296.5,1357489
2026-07-29,kongsberg-gruppen-kog-xosl,KOG.OL,294.1000061035156,293.5,293.5,1299150
2026-07-30,kongsberg-gruppen-kog-xosl,KOG.OL,293.0,294.8999938964844,294.8999938964844,766594
2026-07-31,kongsberg-gruppen-kog-xosl,KOG.OL,295.0,296.20001220703125,296.20001220703125,1298176
2026-08-03,kongsberg-gruppen-kog-xosl,KOG.OL,298.0,302.8999938964844,302.8999938964844,944571
2026-08-04,kongsberg-gruppen-kog-xosl,KOG.OL,306.0,308.20001220703125,308.20001220703125,1267467
2026-08-05,kongsberg-gruppen-kog-xosl,KOG.OL,311.0,311.70001220703125,311.70001220703125,1290871
2026-08-06,kongsberg-gruppen-kog-xosl,KOG.OL,311.70001220703125,307.70001220703125,307.70001220703125,1259946
2026-08-07,kongsberg-gruppen-kog-xosl,KOG.OL,312.0,310.6000061035156,310.6000061035156,1262629
2026-08-10,kongsberg-gruppen-kog-xosl,KOG.OL,311.1000061035156,312.0,312.0,832632
2026-08-11,kongsberg-gruppen-kog-xosl,KOG.OL,320.0,320.70001220703125,320.70001220703125,1455735
2026-08-12,kongsberg-gruppen-kog-xosl,KOG.OL,322.0,330.1000061035156,330.1000061035156,1652585
2026-08-13,kongsberg-gruppen-kog-xosl,KOG.OL,334.0,329.0,329.0,1365662
2026-08-14,kongsberg-gruppen-kog-xosl,KOG.OL,333.0,336.70001220703125,336.70001220703125,1340209
2026-08-17,kongsberg-gruppen-kog-xosl,KOG.OL,337.29998779296875,328.3999938964844,328.3999938964844,1278352
2026-08-18,kongsberg-gruppen-kog-xosl,KOG.OL,326.5,325.3999938964844,325.3999938964844,734340
2026-08-19,kongsberg-gruppen-kog-xosl,KOG.OL,324.70001220703125,321.29998779296875,321.29998779296875,1049757
2026-08-20,kongsberg-gruppen-kog-xosl,KOG.OL,322.0,321.1000061035156,321.1000061035156,904621
2026-08-21,kongsberg-gruppen-kog-xosl,KOG.OL,317.6000061035156,314.8999938964844,314.8999938964844,753150
2026-08-24,kongsberg-gruppen-kog-xosl,KOG.OL,314.0,309.20001220703125,309.20001220703125,709703
2026-08-25,kongsberg-gruppen-kog-xosl,KOG.OL,308.0,314.79998779296875,314.79998779296875,918603
2026-08-26,kongsberg-gruppen-kog-xosl,KOG.OL,312.0,313.0,313.0,705190
2026-08-27,kongsberg-gruppen-kog-xosl,KOG.OL,313.6000061035156,315.3999938964844,315.3999938964844,622673
2026-08-28,kongsberg-gruppen-kog-xosl,KOG.OL,315.79998779296875,312.29998779296875,312.29998779296875,690244
2026-08-31,kongsberg-gruppen-kog-xosl,KOG.OL,317.20001220703125,317.5,317.5,2334756
2026-09-01,kongsberg-gruppen-kog-xosl,KOG.OL,317.5,313.3999938964844,313.3999938964844,1551815
2026-09-02,kongsberg-gruppen-kog-xosl,KOG.OL,312.5,311.1000061035156,311.1000061035156,1228088
2026-09-03,kongsberg-gruppen-kog-xosl,KOG.OL,310.1000061035156,307.20001220703125,307.20001220703125,1175407
2026-09-04,kongsberg-gruppen-kog-xosl,KOG.OL,305.6000061035156,308.3999938964844,308.3999938964844,823293
2026-09-07,kongsberg-gruppen-kog-xosl,KOG.OL,308.3999938964844,298.0,298.0,1134957
2026-09-08,kongsberg-gruppen-kog-xosl,KOG.OL,298.1000061035156,301.20001220703125,301.20001220703125,912706
2026-09-09,kongsberg-gruppen-kog-xosl,KOG.OL,299.5,299.20001220703125,299.20001220703125,1121192
2026-09-10,kongsberg-gruppen-kog-xosl,KOG.OL,305.6000061035156,302.0,302.0,1273034
2026-09-11,kongsberg-gruppen-kog-xosl,KOG.OL,301.6000061035156,303.0,303.0,1018110
2026-09-14,kongsberg-gruppen-kog-xosl,KOG.OL,307.20001220703125,304.8999938964844,304.8999938964844,830898
2026-09-15,kongsberg-gruppen-kog-xosl,KOG.OL,303.5,307.5,307.5,1062765
2026-09-16,kongsberg-gruppen-kog-xosl,KOG.OL,312.0,316.79998779296875,316.79998779296875,1273717
2026-09-17,kongsberg-gruppen-kog-xosl,KOG.OL,318.0,323.6000061035156,323.6000061035156,1153678
2026-09-18,kongsberg-gruppen-kog-xosl,KOG.OL,323.5,322.5,322.5,4846513
2026-09-21,kongsberg-gruppen-kog-xosl,KOG.OL,323.0,321.8999938964844,321.8999938964844,870444
2026-09-22,kongsberg-gruppen-kog-xosl,KOG.OL,321.29998779296875,321.3999938964844,321.3999938964844,1096472
2026-09-23,kongsberg-gruppen-kog-xosl,KOG.OL,320.0,330.20001220703125,330.20001220703125,1320867
2026-09-24,kongsberg-gruppen-kog-xosl,KOG.OL,327.6000061035156,316.20001220703125,316.20001220703125,1847679
2026-09-25,kongsberg-gruppen-kog-xosl,KOG.OL,316.79998779296875,312.70001220703125,312.70001220703125,823492
2026-09-28,kongsberg-gruppen-kog-xosl,KOG.OL,313.0,311.5,311.5,824494
2026-09-29,kongsberg-gruppen-kog-xosl,KOG.OL,309.70001220703125,305.29998779296875,305.29998779296875,1000050
2026-09-30,kongsberg-gruppen-kog-xosl,KOG.OL,318.0,319.8999938964844,319.8999938964844,1703517
2026-10-01,kongsberg-gruppen-kog-xosl,KOG.OL,320.79998779296875,311.5,311.5,1289131
2026-10-02,kongsberg-gruppen-kog-xosl,KOG.OL,311.1000061035156,308.0,308.0,833756
2026-10-05,kongsberg-gruppen-kog-xosl,KOG.OL,307.79998779296875,309.1000061035156,309.1000061035156,741581
2026-10-06,kongsberg-gruppen-kog-xosl,KOG.OL,307.79998779296875,299.0,299.0,1295238
2026-10-07,kongsberg-gruppen-kog-xosl,KOG.OL,300.0,295.6000061035156,295.6000061035156,952961
2026-10-08,kongsberg-gruppen-kog-xosl,KOG.OL,292.20001220703125,291.5,291.5,1102201
2026-07-13,kongsberg-maritime-kmar-xosl,KMAR.OL,49.97999954223633,51.58000183105469,51.58000183105469,3588224
2026-07-14,kongsberg-maritime-kmar-xosl,KMAR.OL,51.58000183105469,53.02000045776367,53.02000045776367,1831002
2026-07-15,kongsberg-maritime-kmar-xosl,KMAR.OL,53.099998474121094,53.29999923706055,53.29999923706055,1803593
2026-07-16,kongsberg-maritime-kmar-xosl,KMAR.OL,53.20000076293945,52.439998626708984,52.439998626708984,948717
2026-07-17,kongsberg-maritime-kmar-xosl,KMAR.OL,52.15999984741211,52.279998779296875,52.279998779296875,897014
2026-07-20,kongsberg-maritime-kmar-xosl,KMAR.OL,52.459999084472656,52.08000183105469,52.08000183105469,584364
2026-07-21,kongsberg-maritime-kmar-xosl,KMAR.OL,52.0,52.0,52.0,702972
2026-07-22,kongsberg-maritime-kmar-xosl,KMAR.OL,52.20000076293945,54.20000076293945,54.20000076293945,1227751
2026-07-23,kongsberg-maritime-kmar-xosl,KMAR.OL,53.84000015258789,53.880001068115234,53.880001068115234,894111
2026-07-24,kongsberg-maritime-kmar-xosl,KMAR.OL,53.540000915527344,53.060001373291016,53.060001373291016,907821
2026-07-27,kongsberg-maritime-kmar-xosl,KMAR.OL,53.619998931884766,53.619998931884766,53.619998931884766,854288
2026-07-28,kongsberg-maritime-kmar-xosl,KMAR.OL,53.959999084472656,54.900001525878906,54.900001525878906,1270755
2026-07-29,kongsberg-maritime-kmar-xosl,KMAR.OL,54.7599983215332,53.220001220703125,53.220001220703125,774454
2026-07-30,kongsberg-maritime-kmar-xosl,KMAR.OL,53.060001373291016,53.5,53.5,687673
2026-07-31,kongsberg-maritime-kmar-xosl,KMAR.OL,53.5,53.29999923706055,53.29999923706055,834303
2026-08-03,kongsberg-maritime-kmar-xosl,KMAR.OL,53.63999938964844,54.060001373291016,54.060001373291016,727902
2026-08-04,kongsberg-maritime-kmar-xosl,KMAR.OL,54.29999923706055,55.599998474121094,55.599998474121094,847209
2026-08-05,kongsberg-maritime-kmar-xosl,KMAR.OL,55.7400016784668,56.79999923706055,56.79999923706055,1432951
2026-08-06,kongsberg-maritime-kmar-xosl,KMAR.OL,56.97999954223633,57.5,57.5,1460992
2026-08-07,kongsberg-maritime-kmar-xosl,KMAR.OL,57.5,57.29999923706055,57.29999923706055,918228
2026-08-10,kongsberg-maritime-kmar-xosl,KMAR.OL,57.880001068115234,57.18000030517578,57.18000030517578,858359
2026-08-11,kongsberg-maritime-kmar-xosl,KMAR.OL,57.0,56.70000076293945,56.70000076293945,1051070
2026-08-12,kongsberg-maritime-kmar-xosl,KMAR.OL,56.880001068115234,56.400001525878906,56.400001525878906,729990
2026-08-13,kongsberg-maritime-kmar-xosl,KMAR.OL,56.5,57.58000183105469,57.58000183105469,871617
2026-08-14,kongsberg-maritime-kmar-xosl,KMAR.OL,57.65999984741211,57.040000915527344,57.040000915527344,718390
2026-08-17,kongsberg-maritime-kmar-xosl,KMAR.OL,56.119998931884766,56.65999984741211,56.65999984741211,784508
2026-08-18,kongsberg-maritime-kmar-xosl,KMAR.OL,56.220001220703125,54.540000915527344,54.540000915527344,1368493
2026-08-19,kongsberg-maritime-kmar-xosl,KMAR.OL,54.400001525878906,54.52000045776367,54.52000045776367,1472909
2026-08-20,kongsberg-maritime-kmar-xosl,KMAR.OL,54.52000045776367,54.779998779296875,54.779998779296875,1297394
2026-08-21,kongsberg-maritime-kmar-xosl,KMAR.OL,54.79999923706055,55.52000045776367,55.52000045776367,869768
2026-08-24,kongsberg-maritime-kmar-xosl,KMAR.OL,55.52000045776367,55.29999923706055,55.29999923706055,520648
2026-08-25,kongsberg-maritime-kmar-xosl,KMAR.OL,56.0,56.540000915527344,56.540000915527344,965920
2026-08-26,kongsberg-maritime-kmar-xosl,KMAR.OL,56.0,56.97999954223633,56.97999954223633,630808
2026-08-27,kongsberg-maritime-kmar-xosl,KMAR.OL,57.400001525878906,56.5,56.5,1176189
2026-08-28,kongsberg-maritime-kmar-xosl,KMAR.OL,57.41999816894531,56.84000015258789,56.84000015258789,820694
2026-08-31,kongsberg-maritime-kmar-xosl,KMAR.OL,57.2400016784668,57.400001525878906,57.400001525878906,1834541
2026-09-01,kongsberg-maritime-kmar-xosl,KMAR.OL,57.099998474121094,56.0,56.0,1225216
2026-09-02,kongsberg-maritime-kmar-xosl,KMAR.OL,55.20000076293945,55.47999954223633,55.47999954223633,1131396
2026-09-03,kongsberg-maritime-kmar-xosl,KMAR.OL,55.5,55.599998474121094,55.599998474121094,820823
2026-09-04,kongsberg-maritime-kmar-xosl,KMAR.OL,56.20000076293945,56.81999969482422,56.81999969482422,1060477
2026-09-07,kongsberg-maritime-kmar-xosl,KMAR.OL,56.5,56.65999984741211,56.65999984741211,787912
2026-09-08,kongsberg-maritime-kmar-xosl,KMAR.OL,56.70000076293945,57.560001373291016,57.560001373291016,751332
2026-09-09,kongsberg-maritime-kmar-xosl,KMAR.OL,57.459999084472656,56.900001525878906,56.900001525878906,1015811
2026-09-10,kongsberg-maritime-kmar-xosl,KMAR.OL,57.08000183105469,57.540000915527344,57.540000915527344,1649727
2026-09-11,kongsberg-maritime-kmar-xosl,KMAR.OL,57.119998931884766,58.02000045776367,58.02000045776367,895814
2026-09-14,kongsberg-maritime-kmar-xosl,KMAR.OL,57.619998931884766,58.2599983215332,58.2599983215332,1885641
2026-09-15,kongsberg-maritime-kmar-xosl,KMAR.OL,57.720001220703125,58.439998626708984,58.439998626708984,1295851
2026-09-16,kongsberg-maritime-kmar-xosl,KMAR.OL,58.70000076293945,58.880001068115234,58.880001068115234,1157009
2026-09-17,kongsberg-maritime-kmar-xosl,KMAR.OL,58.70000076293945,60.540000915527344,60.540000915527344,1226679
2026-09-18,kongsberg-maritime-kmar-xosl,KMAR.OL,60.5,60.459999084472656,60.459999084472656,3595901
2026-09-21,kongsberg-maritime-kmar-xosl,KMAR.OL,61.0,62.619998931884766,62.619998931884766,2389212
2026-09-22,kongsberg-maritime-kmar-xosl,KMAR.OL,63.20000076293945,64.04000091552734,64.04000091552734,2330338
2026-09-23,kongsberg-maritime-kmar-xosl,KMAR.OL,64.22000122070312,62.41999816894531,62.41999816894531,934106
2026-09-24,kongsberg-maritime-kmar-xosl,KMAR.OL,62.900001525878906,61.41999816894531,61.41999816894531,899917
2026-09-25,kongsberg-maritime-kmar-xosl,KMAR.OL,61.79999923706055,60.79999923706055,60.79999923706055,881926
2026-09-28,kongsberg-maritime-kmar-xosl,KMAR.OL,61.0,61.41999816894531,61.41999816894531,989686
2026-09-29,kongsberg-maritime-kmar-xosl,KMAR.OL,62.7599983215332,61.2400016784668,61.2400016784668,905506
2026-09-30,kongsberg-maritime-kmar-xosl,KMAR.OL,61.20000076293945,60.7599983215332,60.7599983215332,874862
2026-10-01,kongsberg-maritime-kmar-xosl,KMAR.OL,61.5,61.7599983215332,61.7599983215332,1218303
2026-10-02,kongsberg-maritime-kmar-xosl,KMAR.OL,62.02000045776367,61.880001068115234,61.880001068115234,1034341
2026-10-05,kongsberg-maritime-kmar-xosl,KMAR.OL,62.20000076293945,62.36000061035156,62.36000061035156,842641
2026-10-06,kongsberg-maritime-kmar-xosl,KMAR.OL,62.29999923706055,62.15999984741211,62.15999984741211,776326
2026-10-07,kongsberg-maritime-kmar-xosl,KMAR.OL,61.7400016784668,60.5,60.5,616286
2026-10-08,kongsberg-maritime-kmar-xosl,KMAR.OL,60.29999923706055,59.7400016784668,59.7400016784668,944930
2026-07-13,leroy-seafood-group-lsg-xosl,LSG.OL,39.36000061035156,39.540000915527344,39.540000915527344,307444
2026-07-14,leroy-seafood-group-lsg-xosl,LSG.OL,39.099998474121094,39.81999969482422,39.81999969482422,405273
2026-07-15,leroy-seafood-group-lsg-xosl,LSG.OL,40.099998474121094,40.599998474121094,40.599998474121094,374107
2026-07-16,leroy-seafood-group-lsg-xosl,LSG.OL,40.52000045776367,40.779998779296875,40.779998779296875,361871
2026-07-17,leroy-seafood-group-lsg-xosl,LSG.OL,40.79999923706055,40.63999938964844,40.63999938964844,322207
2026-07-20,leroy-seafood-group-lsg-xosl,LSG.OL,40.560001373291016,40.720001220703125,40.720001220703125,319103
2026-07-21,leroy-seafood-group-lsg-xosl,LSG.OL,40.400001525878906,40.040000915527344,40.040000915527344,434815
2026-07-22,leroy-seafood-group-lsg-xosl,LSG.OL,40.5,40.7400016784668,40.7400016784668,351647
2026-07-23,leroy-seafood-group-lsg-xosl,LSG.OL,40.7599983215332,40.560001373291016,40.560001373291016,305103
2026-07-24,leroy-seafood-group-lsg-xosl,LSG.OL,40.5,40.939998626708984,40.939998626708984,391948
2026-07-27,leroy-seafood-group-lsg-xosl,LSG.OL,41.0,41.81999969482422,41.81999969482422,545724
2026-07-28,leroy-seafood-group-lsg-xosl,LSG.OL,41.880001068115234,42.15999984741211,42.15999984741211,728261
2026-07-29,leroy-seafood-group-lsg-xosl,LSG.OL,42.220001220703125,41.81999969482422,41.81999969482422,321557
2026-07-30,leroy-seafood-group-lsg-xosl,LSG.OL,41.900001525878906,41.97999954223633,41.97999954223633,304758
2026-07-31,leroy-seafood-group-lsg-xosl,LSG.OL,41.91999816894531,41.5,41.5,279307
2026-08-03,leroy-seafood-group-lsg-xosl,LSG.OL,41.599998474121094,42.15999984741211,42.15999984741211,364852
2026-08-04,leroy-seafood-group-lsg-xosl,LSG.OL,42.18000030517578,41.779998779296875,41.779998779296875,455588
2026-08-05,leroy-seafood-group-lsg-xosl,LSG.OL,41.880001068115234,40.959999084472656,40.959999084472656,525988
2026-08-06,leroy-seafood-group-lsg-xosl,LSG.OL,41.0,41.2400016784668,41.2400016784668,444114
2026-08-07,leroy-seafood-group-lsg-xosl,LSG.OL,41.2400016784668,41.58000183105469,41.58000183105469,343384
2026-08-10,leroy-seafood-group-lsg-xosl,LSG.OL,41.540000915527344,41.15999984741211,41.15999984741211,333968
2026-08-11,leroy-seafood-group-lsg-xosl,LSG.OL,41.20000076293945,41.779998779296875,41.779998779296875,381306
2026-08-12,leroy-seafood-group-lsg-xosl,LSG.OL,42.619998931884766,42.63999938964844,42.63999938964844,559082
2026-08-13,leroy-seafood-group-lsg-xosl,LSG.OL,42.20000076293945,42.34000015258789,42.34000015258789,764516
2026-08-14,leroy-seafood-group-lsg-xosl,LSG.OL,42.47999954223633,42.279998779296875,42.279998779296875,325521
2026-08-17,leroy-seafood-group-lsg-xosl,LSG.OL,42.060001373291016,42.15999984741211,42.15999984741211,561018
2026-08-18,leroy-seafood-group-lsg-xosl,LSG.OL,41.63999938964844,41.5,41.5,646739
2026-08-19,leroy-seafood-group-lsg-xosl,LSG.OL,39.79999923706055,41.0,41.0,1140473
2026-08-20,leroy-seafood-group-lsg-xosl,LSG.OL,41.779998779296875,41.560001373291016,41.560001373291016,805150
2026-08-21,leroy-seafood-group-lsg-xosl,LSG.OL,41.47999954223633,43.29999923706055,43.29999923706055,1242265
2026-08-24,leroy-seafood-group-lsg-xosl,LSG.OL,43.20000076293945,43.779998779296875,43.779998779296875,829546
2026-08-25,leroy-seafood-group-lsg-xosl,LSG.OL,43.86000061035156,44.47999954223633,44.47999954223633,1322399
2026-08-26,leroy-seafood-group-lsg-xosl,LSG.OL,44.34000015258789,46.279998779296875,46.279998779296875,2074878
2026-08-27,leroy-seafood-group-lsg-xosl,LSG.OL,46.20000076293945,45.5,45.5,573577
2026-08-28,leroy-seafood-group-lsg-xosl,LSG.OL,45.29999923706055,46.279998779296875,46.279998779296875,713007
2026-08-31,leroy-seafood-group-lsg-xosl,LSG.OL,46.099998474121094,45.380001068115234,45.380001068115234,547528
2026-09-01,leroy-seafood-group-lsg-xosl,LSG.OL,45.20000076293945,45.220001220703125,45.220001220703125,399188
2026-09-02,leroy-seafood-group-lsg-xosl,LSG.OL,45.0,44.779998779296875,44.779998779296875,455170
2026-09-03,leroy-seafood-group-lsg-xosl,LSG.OL,44.68000030517578,43.400001525878906,43.400001525878906,676707
2026-09-04,leroy-seafood-group-lsg-xosl,LSG.OL,44.0,43.47999954223633,43.47999954223633,379260
2026-09-07,leroy-seafood-group-lsg-xosl,LSG.OL,43.099998474121094,43.560001373291016,43.560001373291016,277955
2026-09-08,leroy-seafood-group-lsg-xosl,LSG.OL,43.599998474121094,44.08000183105469,44.08000183105469,501290
2026-09-09,leroy-seafood-group-lsg-xosl,LSG.OL,43.97999954223633,44.70000076293945,44.70000076293945,526225
2026-09-10,leroy-seafood-group-lsg-xosl,LSG.OL,44.2599983215332,43.70000076293945,43.70000076293945,290805
2026-09-11,leroy-seafood-group-lsg-xosl,LSG.OL,43.79999923706055,43.84000015258789,43.84000015258789,399523
2026-09-14,leroy-seafood-group-lsg-xosl,LSG.OL,43.63999938964844,43.52000045776367,43.52000045776367,489281
2026-09-15,leroy-seafood-group-lsg-xosl,LSG.OL,43.29999923706055,42.779998779296875,42.779998779296875,392050
2026-09-16,leroy-seafood-group-lsg-xosl,LSG.OL,42.68000030517578,42.58000183105469,42.58000183105469,288687
2026-09-17,leroy-seafood-group-lsg-xosl,LSG.OL,43.0,42.779998779296875,42.779998779296875,230045
2026-09-18,leroy-seafood-group-lsg-xosl,LSG.OL,42.29999923706055,41.279998779296875,41.279998779296875,2176211
2026-09-21,leroy-seafood-group-lsg-xosl,LSG.OL,41.29999923706055,40.720001220703125,40.720001220703125,467186
2026-09-22,leroy-seafood-group-lsg-xosl,LSG.OL,40.70000076293945,41.400001525878906,41.400001525878906,364828
2026-09-23,leroy-seafood-group-lsg-xosl,LSG.OL,42.380001068115234,42.47999954223633,42.47999954223633,466758
2026-09-24,leroy-seafood-group-lsg-xosl,LSG.OL,42.52000045776367,42.18000030517578,42.18000030517578,320535
2026-09-25,leroy-seafood-group-lsg-xosl,LSG.OL,42.31999969482422,42.900001525878906,42.900001525878906,312292
2026-09-28,leroy-seafood-group-lsg-xosl,LSG.OL,42.91999816894531,43.2599983215332,43.2599983215332,425791
2026-09-29,leroy-seafood-group-lsg-xosl,LSG.OL,43.2599983215332,42.70000076293945,42.70000076293945,255367
2026-09-30,leroy-seafood-group-lsg-xosl,LSG.OL,43.5,43.060001373291016,43.060001373291016,433239
2026-10-01,leroy-seafood-group-lsg-xosl,LSG.OL,42.84000015258789,42.220001220703125,42.220001220703125,249938
2026-10-02,leroy-seafood-group-lsg-xosl,LSG.OL,42.2599983215332,42.119998931884766,42.119998931884766,338331
2026-10-05,leroy-seafood-group-lsg-xosl,LSG.OL,42.099998474121094,41.65999984741211,41.65999984741211,648042
2026-10-06,leroy-seafood-group-lsg-xosl,LSG.OL,41.65999984741211,41.81999969482422,41.81999969482422,419465
2026-10-07,leroy-seafood-group-lsg-xosl,LSG.OL,41.81999969482422,41.540000915527344,41.540000915527344,248901
2026-10-08,leroy-seafood-group-lsg-xosl,LSG.OL,41.540000915527344,41.34000015258789,41.34000015258789,388465
2026-07-13,link-mobility-group-holding-link-xosl,LINK.OL,26.219999313354492,26.020000457763672,26.020000457763672,331855
2026-07-14,link-mobility-group-holding-link-xosl,LINK.OL,25.68000030517578,26.280000686645508,26.280000686645508,551404
2026-07-15,link-mobility-group-holding-link-xosl,LINK.OL,25.579999923706055,26.0,26.0,556404
2026-07-16,link-mobility-group-holding-link-xosl,LINK.OL,25.8799991607666,25.559999465942383,25.559999465942383,1092344
2026-07-17,link-mobility-group-holding-link-xosl,LINK.OL,25.399999618530273,25.8799991607666,25.8799991607666,384829
2026-07-20,link-mobility-group-holding-link-xosl,LINK.OL,26.18000030517578,25.959999084472656,25.959999084472656,578517
2026-07-21,link-mobility-group-holding-link-xosl,LINK.OL,26.0,26.059999465942383,26.059999465942383,307111
2026-07-22,link-mobility-group-holding-link-xosl,LINK.OL,26.18000030517578,25.700000762939453,25.700000762939453,478442
2026-07-23,link-mobility-group-holding-link-xosl,LINK.OL,25.700000762939453,25.079999923706055,25.079999923706055,639172
2026-07-24,link-mobility-group-holding-link-xosl,LINK.OL,25.100000381469727,24.299999237060547,24.299999237060547,1357448
2026-07-27,link-mobility-group-holding-link-xosl,LINK.OL,24.299999237060547,25.18000030517578,25.18000030517578,493883
2026-07-28,link-mobility-group-holding-link-xosl,LINK.OL,25.200000762939453,25.200000762939453,25.200000762939453,422260
2026-07-29,link-mobility-group-holding-link-xosl,LINK.OL,25.18000030517578,25.760000228881836,25.760000228881836,930272
2026-07-30,link-mobility-group-holding-link-xosl,LINK.OL,25.5,25.65999984741211,25.65999984741211,445704
2026-07-31,link-mobility-group-holding-link-xosl,LINK.OL,25.81999969482422,25.5,25.5,416725
2026-08-03,link-mobility-group-holding-link-xosl,LINK.OL,25.5,25.440000534057617,25.440000534057617,371611
2026-08-04,link-mobility-group-holding-link-xosl,LINK.OL,25.68000030517578,25.68000030517578,25.68000030517578,470952
2026-08-05,link-mobility-group-holding-link-xosl,LINK.OL,26.059999465942383,25.31999969482422,25.31999969482422,827360
2026-08-06,link-mobility-group-holding-link-xosl,LINK.OL,25.239999771118164,25.200000762939453,25.200000762939453,509577
2026-08-07,link-mobility-group-holding-link-xosl,LINK.OL,25.5,26.1200008392334,26.1200008392334,1004887
2026-08-10,link-mobility-group-holding-link-xosl,LINK.OL,26.299999237060547,26.219999313354492,26.219999313354492,427317
2026-08-11,link-mobility-group-holding-link-xosl,LINK.OL,26.5,26.100000381469727,26.100000381469727,509747
2026-08-12,link-mobility-group-holding-link-xosl,LINK.OL,26.0,25.799999237060547,25.799999237060547,367668
2026-08-13,link-mobility-group-holding-link-xosl,LINK.OL,25.520000457763672,25.260000228881836,25.260000228881836,834434
2026-08-14,link-mobility-group-holding-link-xosl,LINK.OL,26.639999389648438,26.200000762939453,26.200000762939453,1843266
2026-08-17,link-mobility-group-holding-link-xosl,LINK.OL,25.959999084472656,25.940000534057617,25.940000534057617,695688
2026-08-18,link-mobility-group-holding-link-xosl,LINK.OL,25.959999084472656,26.719999313354492,26.719999313354492,1311325
2026-08-19,link-mobility-group-holding-link-xosl,LINK.OL,25.520000457763672,26.18000030517578,26.18000030517578,2307622
2026-08-20,link-mobility-group-holding-link-xosl,LINK.OL,25.6200008392334,24.940000534057617,24.940000534057617,3325210
2026-08-21,link-mobility-group-holding-link-xosl,LINK.OL,24.899999618530273,24.959999084472656,24.959999084472656,1906662
2026-08-24,link-mobility-group-holding-link-xosl,LINK.OL,25.079999923706055,25.860000610351562,25.860000610351562,1247298
2026-08-25,link-mobility-group-holding-link-xosl,LINK.OL,26.0,25.700000762939453,25.700000762939453,886122
2026-08-26,link-mobility-group-holding-link-xosl,LINK.OL,26.100000381469727,25.399999618530273,25.399999618530273,656155
2026-08-27,link-mobility-group-holding-link-xosl,LINK.OL,25.399999618530273,26.299999237060547,26.299999237060547,1087164
2026-08-28,link-mobility-group-holding-link-xosl,LINK.OL,26.5,25.959999084472656,25.959999084472656,844178
2026-08-31,link-mobility-group-holding-link-xosl,LINK.OL,25.739999771118164,25.219999313354492,25.219999313354492,1157988
2026-09-01,link-mobility-group-holding-link-xosl,LINK.OL,25.139999389648438,24.940000534057617,24.940000534057617,1077922
2026-09-02,link-mobility-group-holding-link-xosl,LINK.OL,24.739999771118164,24.600000381469727,24.600000381469727,619276
2026-09-03,link-mobility-group-holding-link-xosl,LINK.OL,24.5,25.059999465942383,25.059999465942383,482411
2026-09-04,link-mobility-group-holding-link-xosl,LINK.OL,25.200000762939453,24.780000686645508,24.780000686645508,547305
2026-09-07,link-mobility-group-holding-link-xosl,LINK.OL,24.65999984741211,24.559999465942383,24.559999465942383,550690
2026-09-08,link-mobility-group-holding-link-xosl,LINK.OL,24.399999618530273,24.200000762939453,24.200000762939453,667009
2026-09-09,link-mobility-group-holding-link-xosl,LINK.OL,24.200000762939453,23.8799991607666,23.8799991607666,1420013
2026-09-10,link-mobility-group-holding-link-xosl,LINK.OL,23.899999618530273,23.34000015258789,23.34000015258789,1460122
2026-09-11,link-mobility-group-holding-link-xosl,LINK.OL,23.299999237060547,23.540000915527344,23.540000915527344,583179
2026-09-14,link-mobility-group-holding-link-xosl,LINK.OL,23.459999084472656,23.5,23.5,435927
2026-09-15,link-mobility-group-holding-link-xosl,LINK.OL,23.399999618530273,23.31999969482422,23.31999969482422,1270928
2026-09-16,link-mobility-group-holding-link-xosl,LINK.OL,23.299999237060547,23.15999984741211,23.15999984741211,459079
2026-09-17,link-mobility-group-holding-link-xosl,LINK.OL,23.100000381469727,23.700000762939453,23.700000762939453,702010
2026-09-18,link-mobility-group-holding-link-xosl,LINK.OL,23.739999771118164,23.459999084472656,23.459999084472656,1056458
2026-09-21,link-mobility-group-holding-link-xosl,LINK.OL,23.559999465942383,23.639999389648438,23.639999389648438,469856
2026-09-22,link-mobility-group-holding-link-xosl,LINK.OL,23.639999389648438,23.399999618530273,23.399999618530273,1111001
2026-09-23,link-mobility-group-holding-link-xosl,LINK.OL,23.559999465942383,23.739999771118164,23.739999771118164,744845
2026-09-24,link-mobility-group-holding-link-xosl,LINK.OL,23.799999237060547,24.360000610351562,24.360000610351562,850522
2026-09-25,link-mobility-group-holding-link-xosl,LINK.OL,24.399999618530273,24.260000228881836,24.260000228881836,645136
2026-09-28,link-mobility-group-holding-link-xosl,LINK.OL,24.780000686645508,23.559999465942383,23.559999465942383,494579
2026-09-29,link-mobility-group-holding-link-xosl,LINK.OL,23.600000381469727,23.739999771118164,23.739999771118164,419267
2026-09-30,link-mobility-group-holding-link-xosl,LINK.OL,23.65999984741211,23.200000762939453,23.200000762939453,720041
2026-10-01,link-mobility-group-holding-link-xosl,LINK.OL,24.0,24.3799991607666,24.3799991607666,2189640
2026-10-02,link-mobility-group-holding-link-xosl,LINK.OL,24.5,23.780000686645508,23.780000686645508,1153774
2026-10-05,link-mobility-group-holding-link-xosl,LINK.OL,23.979999542236328,24.260000228881836,24.260000228881836,567231
2026-10-06,link-mobility-group-holding-link-xosl,LINK.OL,24.299999237060547,24.520000457763672,24.520000457763672,555102
2026-10-07,link-mobility-group-holding-link-xosl,LINK.OL,24.600000381469727,24.579999923706055,24.579999923706055,685378
2026-10-08,link-mobility-group-holding-link-xosl,LINK.OL,24.5,23.5,23.5,1035489
2026-07-13,medistim-medi-xosl,MEDI.OL,228.0,227.0,227.0,5697
2026-07-14,medistim-medi-xosl,MEDI.OL,230.0,228.0,228.0,13698
2026-07-15,medistim-medi-xosl,MEDI.OL,226.0,234.0,234.0,11012
2026-07-16,medistim-medi-xosl,MEDI.OL,232.0,230.0,230.0,3223
2026-07-17,medistim-medi-xosl,MEDI.OL,228.0,227.0,227.0,8741
2026-07-20,medistim-medi-xosl,MEDI.OL,226.0,226.0,226.0,9068
2026-07-21,medistim-medi-xosl,MEDI.OL,225.0,223.0,223.0,10580
2026-07-22,medistim-medi-xosl,MEDI.OL,231.0,225.0,225.0,13155
2026-07-23,medistim-medi-xosl,MEDI.OL,225.0,225.0,225.0,6826
2026-07-24,medistim-medi-xosl,MEDI.OL,225.0,223.0,223.0,11823
2026-07-27,medistim-medi-xosl,MEDI.OL,220.0,226.0,226.0,7475
2026-07-28,medistim-medi-xosl,MEDI.OL,226.0,226.0,226.0,2722
2026-07-29,medistim-medi-xosl,MEDI.OL,224.0,226.0,226.0,2209
2026-07-30,medistim-medi-xosl,MEDI.OL,226.0,226.0,226.0,1476
2026-07-31,medistim-medi-xosl,MEDI.OL,226.0,226.0,226.0,5668
2026-08-03,medistim-medi-xosl,MEDI.OL,226.0,226.0,226.0,9236
2026-08-04,medistim-medi-xosl,MEDI.OL,226.0,229.0,229.0,16239
2026-08-05,medistim-medi-xosl,MEDI.OL,235.0,228.0,228.0,1473
2026-08-06,medistim-medi-xosl,MEDI.OL,228.0,225.0,225.0,5873
2026-08-07,medistim-medi-xosl,MEDI.OL,227.0,228.0,228.0,16116
2026-08-10,medistim-medi-xosl,MEDI.OL,228.0,226.0,226.0,47804
2026-08-11,medistim-medi-xosl,MEDI.OL,225.0,231.0,231.0,9663
2026-08-12,medistim-medi-xosl,MEDI.OL,228.0,228.0,228.0,12293
2026-08-13,medistim-medi-xosl,MEDI.OL,230.0,227.0,227.0,26744
2026-08-14,medistim-medi-xosl,MEDI.OL,228.0,239.0,239.0,17699
2026-08-17,medistim-medi-xosl,MEDI.OL,241.0,236.0,236.0,10776
2026-08-18,medistim-medi-xosl,MEDI.OL,236.0,237.0,237.0,9294
2026-08-19,medistim-medi-xosl,MEDI.OL,237.0,236.0,236.0,12631
2026-08-20,medistim-medi-xosl,MEDI.OL,236.0,233.0,233.0,22494
2026-08-21,medistim-medi-xosl,MEDI.OL,243.0,246.0,246.0,97658
2026-08-24,medistim-medi-xosl,MEDI.OL,263.0,256.0,256.0,39367
2026-08-25,medistim-medi-xosl,MEDI.OL,257.0,263.0,263.0,19585
2026-08-26,medistim-medi-xosl,MEDI.OL,264.0,262.0,262.0,10124
2026-08-27,medistim-medi-xosl,MEDI.OL,262.0,260.0,260.0,10076
2026-08-28,medistim-medi-xosl,MEDI.OL,270.0,258.0,258.0,4933
2026-08-31,medistim-medi-xosl,MEDI.OL,258.0,256.0,256.0,8663
2026-09-01,medistim-medi-xosl,MEDI.OL,256.0,252.0,252.0,7905
2026-09-02,medistim-medi-xosl,MEDI.OL,250.0,251.0,251.0,17425
2026-09-03,medistim-medi-xosl,MEDI.OL,253.0,251.0,251.0,12937
2026-09-04,medistim-medi-xosl,MEDI.OL,251.0,250.0,250.0,8027
2026-09-07,medistim-medi-xosl,MEDI.OL,250.0,249.0,249.0,6389
2026-09-08,medistim-medi-xosl,MEDI.OL,246.0,248.0,248.0,10850
2026-09-09,medistim-medi-xosl,MEDI.OL,250.0,249.0,249.0,4409
2026-09-10,medistim-medi-xosl,MEDI.OL,249.0,246.0,246.0,6501
2026-09-11,medistim-medi-xosl,MEDI.OL,246.0,246.0,246.0,7451
2026-09-14,medistim-medi-xosl,MEDI.OL,248.0,246.0,246.0,9872
2026-09-15,medistim-medi-xosl,MEDI.OL,247.0,240.0,240.0,28122
2026-09-16,medistim-medi-xosl,MEDI.OL,240.0,244.0,244.0,8318
2026-09-17,medistim-medi-xosl,MEDI.OL,241.0,246.0,246.0,3170
2026-09-18,medistim-medi-xosl,MEDI.OL,246.0,248.0,248.0,20334
2026-09-21,medistim-medi-xosl,MEDI.OL,247.0,249.0,249.0,14555
2026-09-22,medistim-medi-xosl,MEDI.OL,252.0,251.0,251.0,15395
2026-09-23,medistim-medi-xosl,MEDI.OL,252.0,245.0,245.0,9288
2026-09-24,medistim-medi-xosl,MEDI.OL,250.0,249.0,249.0,32537
2026-09-25,medistim-medi-xosl,MEDI.OL,249.0,246.0,246.0,6387
2026-09-28,medistim-medi-xosl,MEDI.OL,250.0,251.0,251.0,22483
2026-09-29,medistim-medi-xosl,MEDI.OL,259.0,252.0,252.0,21245
2026-09-30,medistim-medi-xosl,MEDI.OL,252.0,253.0,253.0,16094
2026-10-01,medistim-medi-xosl,MEDI.OL,260.0,253.0,253.0,9980
2026-10-02,medistim-medi-xosl,MEDI.OL,259.0,250.0,250.0,11420
2026-10-05,medistim-medi-xosl,MEDI.OL,250.0,259.0,259.0,24613
2026-10-06,medistim-medi-xosl,MEDI.OL,268.0,272.0,272.0,90428
2026-10-07,medistim-medi-xosl,MEDI.OL,273.0,268.0,268.0,43951
2026-10-08,medistim-medi-xosl,MEDI.OL,271.0,271.0,271.0,8159
2026-07-13,moreld-morld-xosl,MORLD.OL,19.260000228881836,20.200000762939453,19.749109268188477,513522
2026-07-14,moreld-morld-xosl,MORLD.OL,20.399999618530273,20.799999237060547,20.33571434020996,233044
2026-07-15,moreld-morld-xosl,MORLD.OL,20.75,21.149999618530273,20.677902221679688,237801
2026-07-16,moreld-morld-xosl,MORLD.OL,21.299999237060547,21.25,20.775671005249023,121533
2026-07-17,moreld-morld-xosl,MORLD.OL,21.149999618530273,21.5,21.020090103149414,211980
2026-07-20,moreld-morld-xosl,MORLD.OL,21.399999618530273,21.5,21.020090103149414,143615
2026-07-21,moreld-morld-xosl,MORLD.OL,21.700000762939453,21.299999237060547,20.824552536010742,159530
2026-07-22,moreld-morld-xosl,MORLD.OL,21.850000381469727,21.200000762939453,20.726787567138672,211029
2026-07-23,moreld-morld-xosl,MORLD.OL,21.200000762939453,21.100000381469727,20.629018783569336,104303
2026-07-24,moreld-morld-xosl,MORLD.OL,21.100000381469727,20.899999618530273,20.433483123779297,225326
2026-07-27,moreld-morld-xosl,MORLD.OL,20.950000762939453,20.700000762939453,20.237947463989258,235934
2026-07-28,moreld-morld-xosl,MORLD.OL,20.700000762939453,20.0,19.553571701049805,405578
2026-07-29,moreld-morld-xosl,MORLD.OL,20.0,19.920000076293945,19.475357055664062,385662
2026-07-30,moreld-morld-xosl,MORLD.OL,20.799999237060547,19.920000076293945,19.475357055664062,196206
2026-07-31,moreld-morld-xosl,MORLD.OL,20.0,19.899999618530273,19.45580291748047,119255
2026-08-03,moreld-morld-xosl,MORLD.OL,19.979999542236328,19.920000076293945,19.475357055664062,230896
2026-08-04,moreld-morld-xosl,MORLD.OL,20.25,20.649999618530273,20.189062118530273,341656
2026-08-05,moreld-morld-xosl,MORLD.OL,20.799999237060547,21.149999618530273,20.677902221679688,176842
2026-08-06,moreld-morld-xosl,MORLD.OL,21.850000381469727,21.200000762939453,20.726787567138672,146031
2026-08-07,moreld-morld-xosl,MORLD.OL,21.100000381469727,20.799999237060547,20.33571434020996,290724
2026-08-10,moreld-morld-xosl,MORLD.OL,20.899999618530273,22.100000381469727,21.60669708251953,246984
2026-08-11,moreld-morld-xosl,MORLD.OL,22.100000381469727,22.0,21.508928298950195,181583
2026-08-12,moreld-morld-xosl,MORLD.OL,22.0,21.950000762939453,21.460046768188477,272272
2026-08-13,moreld-morld-xosl,MORLD.OL,21.600000381469727,22.049999237060547,21.557811737060547,424964
2026-08-14,moreld-morld-xosl,MORLD.OL,22.350000381469727,22.399999618530273,21.899999618530273,270568
2026-08-17,moreld-morld-xosl,MORLD.OL,22.600000381469727,21.799999237060547,21.799999237060547,301059
2026-08-18,moreld-morld-xosl,MORLD.OL,21.75,21.799999237060547,21.799999237060547,220357
2026-08-19,moreld-morld-xosl,MORLD.OL,21.799999237060547,24.0,24.0,3514289
2026-08-20,moreld-morld-xosl,MORLD.OL,23.700000762939453,23.700000762939453,23.700000762939453,698546
2026-08-21,moreld-morld-xosl,MORLD.OL,22.899999618530273,23.899999618530273,23.899999618530273,135816
2026-08-24,moreld-morld-xosl,MORLD.OL,23.899999618530273,24.0,24.0,412117
2026-08-25,moreld-morld-xosl,MORLD.OL,24.0,24.299999237060547,24.299999237060547,516874
2026-08-26,moreld-morld-xosl,MORLD.OL,24.299999237060547,24.600000381469727,24.600000381469727,151110
2026-08-27,moreld-morld-xosl,MORLD.OL,24.600000381469727,24.350000381469727,24.350000381469727,91469
2026-08-28,moreld-morld-xosl,MORLD.OL,24.5,24.0,24.0,188607
2026-08-31,moreld-morld-xosl,MORLD.OL,25.0,24.649999618530273,24.649999618530273,795740
2026-09-01,moreld-morld-xosl,MORLD.OL,25.0,24.950000762939453,24.950000762939453,847104
2026-09-02,moreld-morld-xosl,MORLD.OL,25.5,25.350000381469727,25.350000381469727,495670
2026-09-03,moreld-morld-xosl,MORLD.OL,25.450000762939453,25.149999618530273,25.149999618530273,236597
2026-09-04,moreld-morld-xosl,MORLD.OL,25.549999237060547,25.450000762939453,25.450000762939453,195281
2026-09-07,moreld-morld-xosl,MORLD.OL,25.5,24.850000381469727,24.850000381469727,228258
2026-09-08,moreld-morld-xosl,MORLD.OL,24.850000381469727,24.850000381469727,24.850000381469727,288705
2026-09-09,moreld-morld-xosl,MORLD.OL,24.5,24.549999237060547,24.549999237060547,104260
2026-09-10,moreld-morld-xosl,MORLD.OL,24.549999237060547,24.149999618530273,24.149999618530273,214333
2026-09-11,moreld-morld-xosl,MORLD.OL,25.149999618530273,24.5,24.5,334651
2026-09-14,moreld-morld-xosl,MORLD.OL,24.5,24.0,24.0,151485
2026-09-15,moreld-morld-xosl,MORLD.OL,23.850000381469727,24.149999618530273,24.149999618530273,291646
2026-09-16,moreld-morld-xosl,MORLD.OL,24.600000381469727,24.399999618530273,24.399999618530273,244599
2026-09-17,moreld-morld-xosl,MORLD.OL,24.700000762939453,24.299999237060547,24.299999237060547,215515
2026-09-18,moreld-morld-xosl,MORLD.OL,24.600000381469727,24.25,24.25,718604
2026-09-21,moreld-morld-xosl,MORLD.OL,24.5,24.149999618530273,24.149999618530273,152836
2026-09-22,moreld-morld-xosl,MORLD.OL,24.399999618530273,23.549999237060547,23.549999237060547,197739
2026-09-23,moreld-morld-xosl,MORLD.OL,23.100000381469727,23.149999618530273,23.149999618530273,369243
2026-09-24,moreld-morld-xosl,MORLD.OL,23.600000381469727,23.100000381469727,23.100000381469727,400730
2026-09-25,moreld-morld-xosl,MORLD.OL,24.0,24.049999237060547,24.049999237060547,270080
2026-09-28,moreld-morld-xosl,MORLD.OL,23.950000762939453,23.850000381469727,23.850000381469727,158292
2026-09-29,moreld-morld-xosl,MORLD.OL,23.799999237060547,23.399999618530273,23.399999618530273,126442
2026-09-30,moreld-morld-xosl,MORLD.OL,23.450000762939453,22.850000381469727,22.850000381469727,510653
2026-10-01,moreld-morld-xosl,MORLD.OL,22.0,22.600000381469727,22.600000381469727,184229
2026-10-02,moreld-morld-xosl,MORLD.OL,22.850000381469727,22.700000762939453,22.700000762939453,251954
2026-10-05,moreld-morld-xosl,MORLD.OL,23.649999618530273,22.5,22.5,261615
2026-10-06,moreld-morld-xosl,MORLD.OL,22.899999618530273,23.649999618530273,23.649999618530273,354329
2026-10-07,moreld-morld-xosl,MORLD.OL,23.399999618530273,23.149999618530273,23.149999618530273,128413
2026-10-08,moreld-morld-xosl,MORLD.OL,23.149999618530273,23.0,23.0,105279
2026-07-13,mpc-container-ships-mpcc-xosl,MPCC.OL,23.979999542236328,24.56999969482422,24.245500564575195,1311403
2026-07-14,mpc-container-ships-mpcc-xosl,MPCC.OL,24.790000915527344,24.59000015258789,24.265235900878906,840805
2026-07-15,mpc-container-ships-mpcc-xosl,MPCC.OL,24.790000915527344,25.040000915527344,24.709293365478516,1753712
2026-07-16,mpc-container-ships-mpcc-xosl,MPCC.OL,24.920000076293945,24.489999771118164,24.16655731201172,1011137
2026-07-17,mpc-container-ships-mpcc-xosl,MPCC.OL,24.59000015258789,23.93000030517578,23.61395263671875,1040942
2026-07-20,mpc-container-ships-mpcc-xosl,MPCC.OL,23.93000030517578,23.829999923706055,23.515274047851562,846745
2026-07-21,mpc-container-ships-mpcc-xosl,MPCC.OL,24.0,24.229999542236328,23.909990310668945,715380
2026-07-22,mpc-container-ships-mpcc-xosl,MPCC.OL,24.360000610351562,24.3700008392334,24.04814338684082,1091877
2026-07-23,mpc-container-ships-mpcc-xosl,MPCC.OL,24.15999984741211,24.579999923706055,24.255369186401367,889360
2026-07-24,mpc-container-ships-mpcc-xosl,MPCC.OL,24.850000381469727,24.8700008392334,24.541540145874023,815585
2026-07-27,mpc-container-ships-mpcc-xosl,MPCC.OL,24.65999984741211,24.239999771118164,23.919858932495117,985607
2026-07-28,mpc-container-ships-mpcc-xosl,MPCC.OL,24.110000610351562,24.649999618530273,24.324443817138672,1030174
2026-07-29,mpc-container-ships-mpcc-xosl,MPCC.OL,24.549999237060547,24.329999923706055,24.008670806884766,857688
2026-07-30,mpc-container-ships-mpcc-xosl,MPCC.OL,24.59000015258789,24.420000076293945,24.097482681274414,597791
2026-07-31,mpc-container-ships-mpcc-xosl,MPCC.OL,24.56999969482422,24.360000610351562,24.03827476501465,673202
2026-08-03,mpc-container-ships-mpcc-xosl,MPCC.OL,24.360000610351562,24.34000015258789,24.018537521362305,750864
2026-08-04,mpc-container-ships-mpcc-xosl,MPCC.OL,24.200000762939453,24.139999389648438,23.821178436279297,1081785
2026-08-05,mpc-container-ships-mpcc-xosl,MPCC.OL,24.139999389648438,24.059999465942383,23.74223518371582,1176285
2026-08-06,mpc-container-ships-mpcc-xosl,MPCC.OL,23.989999771118164,24.200000762939453,23.880388259887695,1402003
2026-08-07,mpc-container-ships-mpcc-xosl,MPCC.OL,24.200000762939453,24.260000228881836,23.939594268798828,1435608
2026-08-10,mpc-container-ships-mpcc-xosl,MPCC.OL,24.399999618530273,24.31999969482422,23.998802185058594,795555
2026-08-11,mpc-container-ships-mpcc-xosl,MPCC.OL,24.40999984741211,24.100000381469727,23.781707763671875,874294
2026-08-12,mpc-container-ships-mpcc-xosl,MPCC.OL,24.440000534057617,24.170000076293945,23.850784301757812,995183
2026-08-13,mpc-container-ships-mpcc-xosl,MPCC.OL,24.399999618530273,25.1299991607666,24.79810333251953,2841256
2026-08-14,mpc-container-ships-mpcc-xosl,MPCC.OL,25.200000762939453,25.6299991607666,25.291500091552734,1259370
2026-08-17,mpc-container-ships-mpcc-xosl,MPCC.OL,25.6200008392334,26.1200008392334,25.7750301361084,1399680
2026-08-18,mpc-container-ships-mpcc-xosl,MPCC.OL,26.1200008392334,25.56999969482422,25.2322940826416,675173
2026-08-19,mpc-container-ships-mpcc-xosl,MPCC.OL,25.700000762939453,25.850000381469727,25.508596420288086,836258
2026-08-20,mpc-container-ships-mpcc-xosl,MPCC.OL,25.75,25.459999084472656,25.12374496459961,1397686
2026-08-21,mpc-container-ships-mpcc-xosl,MPCC.OL,25.31999969482422,26.770000457763672,26.416444778442383,2350115
2026-08-24,mpc-container-ships-mpcc-xosl,MPCC.OL,26.809999465942383,27.600000381469727,27.235483169555664,2103383
2026-08-25,mpc-container-ships-mpcc-xosl,MPCC.OL,27.360000610351562,28.049999237060547,27.67953872680664,1715672
2026-08-26,mpc-container-ships-mpcc-xosl,MPCC.OL,27.1200008392334,27.510000228881836,27.146671295166016,2468911
2026-08-27,mpc-container-ships-mpcc-xosl,MPCC.OL,27.280000686645508,27.18000030517578,26.821029663085938,2322496
2026-08-28,mpc-container-ships-mpcc-xosl,MPCC.OL,27.100000381469727,26.719999313354492,26.36710548400879,1716010
2026-08-31,mpc-container-ships-mpcc-xosl,MPCC.OL,26.84000015258789,26.670000076293945,26.317766189575195,1979581
2026-09-01,mpc-container-ships-mpcc-xosl,MPCC.OL,26.90999984741211,26.899999618530273,26.544727325439453,1357357
2026-09-02,mpc-container-ships-mpcc-xosl,MPCC.OL,26.899999618530273,26.520000457763672,26.16974639892578,1329190
2026-09-03,mpc-container-ships-mpcc-xosl,MPCC.OL,26.600000381469727,26.829999923706055,26.47565269470215,1173589
2026-09-04,mpc-container-ships-mpcc-xosl,MPCC.OL,26.950000762939453,27.450000762939453,27.087465286254883,1237883
2026-09-07,mpc-container-ships-mpcc-xosl,MPCC.OL,27.40999984741211,27.100000381469727,26.74208641052246,1016289
2026-09-08,mpc-container-ships-mpcc-xosl,MPCC.OL,27.020000457763672,26.709999084472656,26.357236862182617,1050377
2026-09-09,mpc-container-ships-mpcc-xosl,MPCC.OL,26.799999237060547,27.0,26.643407821655273,1359609
2026-09-10,mpc-container-ships-mpcc-xosl,MPCC.OL,26.940000534057617,27.280000686645508,26.919710159301758,936126
2026-09-11,mpc-container-ships-mpcc-xosl,MPCC.OL,27.299999237060547,27.25,26.890106201171875,1249500
2026-09-14,mpc-container-ships-mpcc-xosl,MPCC.OL,27.399999618530273,27.65999984741211,27.29469108581543,1266333
2026-09-15,mpc-container-ships-mpcc-xosl,MPCC.OL,27.760000228881836,27.6299991607666,27.265085220336914,1253156
2026-09-16,mpc-container-ships-mpcc-xosl,MPCC.OL,27.950000762939453,27.8799991607666,27.511783599853516,1061107
2026-09-17,mpc-container-ships-mpcc-xosl,MPCC.OL,27.860000610351562,28.56999969482422,28.192672729492188,1056945
2026-09-18,mpc-container-ships-mpcc-xosl,MPCC.OL,28.399999618530273,28.530000686645508,28.153200149536133,3777059
2026-09-21,mpc-container-ships-mpcc-xosl,MPCC.OL,27.670000076293945,28.549999237060547,28.549999237060547,1878811
2026-09-22,mpc-container-ships-mpcc-xosl,MPCC.OL,28.3799991607666,28.65999984741211,28.65999984741211,1584002
2026-09-23,mpc-container-ships-mpcc-xosl,MPCC.OL,28.540000915527344,28.219999313354492,28.219999313354492,1288499
2026-09-24,mpc-container-ships-mpcc-xosl,MPCC.OL,28.469999313354492,28.760000228881836,28.760000228881836,1672869
2026-09-25,mpc-container-ships-mpcc-xosl,MPCC.OL,28.799999237060547,28.360000610351562,28.360000610351562,812192
2026-09-28,mpc-container-ships-mpcc-xosl,MPCC.OL,28.489999771118164,28.600000381469727,28.600000381469727,713133
2026-09-29,mpc-container-ships-mpcc-xosl,MPCC.OL,28.299999237060547,28.6200008392334,28.6200008392334,1540713
2026-09-30,mpc-container-ships-mpcc-xosl,MPCC.OL,28.729999542236328,29.100000381469727,29.100000381469727,1717430
2026-10-01,mpc-container-ships-mpcc-xosl,MPCC.OL,28.709999084472656,28.8799991607666,28.8799991607666,2207032
2026-10-02,mpc-container-ships-mpcc-xosl,MPCC.OL,28.68000030517578,29.020000457763672,29.020000457763672,1519188
2026-10-05,mpc-container-ships-mpcc-xosl,MPCC.OL,29.15999984741211,29.079999923706055,29.079999923706055,893938
2026-10-06,mpc-container-ships-mpcc-xosl,MPCC.OL,29.399999618530273,28.75,28.75,1117233
2026-10-07,mpc-container-ships-mpcc-xosl,MPCC.OL,28.600000381469727,28.360000610351562,28.360000610351562,1070958
2026-10-08,mpc-container-ships-mpcc-xosl,MPCC.OL,28.209999084472656,28.899999618530273,28.899999618530273,1009628
2026-07-13,multiconsult-multi-xosl,MULTI.OL,143.39999389648438,148.39999389648438,148.39999389648438,12009
2026-07-14,multiconsult-multi-xosl,MULTI.OL,145.0,148.1999969482422,148.1999969482422,4211
2026-07-15,multiconsult-multi-xosl,MULTI.OL,151.8000030517578,150.0,150.0,2554
2026-07-16,multiconsult-multi-xosl,MULTI.OL,151.8000030517578,151.60000610351562,151.60000610351562,1042
2026-07-17,multiconsult-multi-xosl,MULTI.OL,147.8000030517578,151.39999389648438,151.39999389648438,2349
2026-07-20,multiconsult-multi-xosl,MULTI.OL,147.8000030517578,147.8000030517578,147.8000030517578,2138
2026-07-21,multiconsult-multi-xosl,MULTI.OL,147.8000030517578,149.39999389648438,149.39999389648438,1481
2026-07-22,multiconsult-multi-xosl,MULTI.OL,148.0,149.0,149.0,2736
2026-07-23,multiconsult-multi-xosl,MULTI.OL,149.0,151.39999389648438,151.39999389648438,4961
2026-07-24,multiconsult-multi-xosl,MULTI.OL,151.1999969482422,151.39999389648438,151.39999389648438,3332
2026-07-27,multiconsult-multi-xosl,MULTI.OL,151.39999389648438,150.0,150.0,4424
2026-07-28,multiconsult-multi-xosl,MULTI.OL,149.0,151.0,151.0,1483
2026-07-29,multiconsult-multi-xosl,MULTI.OL,151.39999389648438,150.60000610351562,150.60000610351562,4929
2026-07-30,multiconsult-multi-xosl,MULTI.OL,150.60000610351562,152.0,152.0,3204
2026-07-31,multiconsult-multi-xosl,MULTI.OL,152.0,152.0,152.0,13410
2026-08-03,multiconsult-multi-xosl,MULTI.OL,148.0,151.60000610351562,151.60000610351562,4286
2026-08-04,multiconsult-multi-xosl,MULTI.OL,150.0,150.39999389648438,150.39999389648438,2681
2026-08-05,multiconsult-multi-xosl,MULTI.OL,150.0,152.0,152.0,12521
2026-08-06,multiconsult-multi-xosl,MULTI.OL,152.0,152.0,152.0,6349
2026-08-07,multiconsult-multi-xosl,MULTI.OL,151.0,152.0,152.0,5833
2026-08-10,multiconsult-multi-xosl,MULTI.OL,152.0,152.0,152.0,3078
2026-08-11,multiconsult-multi-xosl,MULTI.OL,151.0,152.0,152.0,2279
2026-08-12,multiconsult-multi-xosl,MULTI.OL,151.0,152.0,152.0,2428
2026-08-13,multiconsult-multi-xosl,MULTI.OL,152.0,152.60000610351562,152.60000610351562,2816
2026-08-14,multiconsult-multi-xosl,MULTI.OL,152.0,152.1999969482422,152.1999969482422,4405
2026-08-17,multiconsult-multi-xosl,MULTI.OL,151.0,151.1999969482422,151.1999969482422,5834
2026-08-18,multiconsult-multi-xosl,MULTI.OL,145.0,147.0,147.0,30164
2026-08-19,multiconsult-multi-xosl,MULTI.OL,146.0,146.8000030517578,146.8000030517578,4768
2026-08-20,multiconsult-multi-xosl,MULTI.OL,145.0,145.60000610351562,145.60000610351562,3181
2026-08-21,multiconsult-multi-xosl,MULTI.OL,145.0,146.60000610351562,146.60000610351562,11746
2026-08-24,multiconsult-multi-xosl,MULTI.OL,145.8000030517578,144.0,144.0,21148
2026-08-25,multiconsult-multi-xosl,MULTI.OL,144.0,144.39999389648438,144.39999389648438,2854
2026-08-26,multiconsult-multi-xosl,MULTI.OL,144.60000610351562,144.60000610351562,144.60000610351562,1056
2026-08-27,multiconsult-multi-xosl,MULTI.OL,143.0,145.0,145.0,6830
2026-08-28,multiconsult-multi-xosl,MULTI.OL,142.8000030517578,146.0,146.0,7955
2026-08-31,multiconsult-multi-xosl,MULTI.OL,146.0,144.39999389648438,144.39999389648438,1215
2026-09-01,multiconsult-multi-xosl,MULTI.OL,143.0,137.0,137.0,10370
2026-09-02,multiconsult-multi-xosl,MULTI.OL,143.39999389648438,140.0,140.0,8184
2026-09-03,multiconsult-multi-xosl,MULTI.OL,139.0,142.1999969482422,142.1999969482422,4734
2026-09-04,multiconsult-multi-xosl,MULTI.OL,142.0,144.8000030517578,144.8000030517578,53131
2026-09-07,multiconsult-multi-xosl,MULTI.OL,147.1999969482422,154.0,154.0,33662
2026-09-08,multiconsult-multi-xosl,MULTI.OL,153.0,150.39999389648438,150.39999389648438,40150
2026-09-09,multiconsult-multi-xosl,MULTI.OL,144.1999969482422,149.60000610351562,149.60000610351562,12208
2026-09-10,multiconsult-multi-xosl,MULTI.OL,149.39999389648438,149.8000030517578,149.8000030517578,7107
2026-09-11,multiconsult-multi-xosl,MULTI.OL,146.1999969482422,149.0,149.0,4111
2026-09-14,multiconsult-multi-xosl,MULTI.OL,148.0,148.8000030517578,148.8000030517578,1515
2026-09-15,multiconsult-multi-xosl,MULTI.OL,148.0,146.0,146.0,3738
2026-09-16,multiconsult-multi-xosl,MULTI.OL,146.0,145.39999389648438,145.39999389648438,7840
2026-09-17,multiconsult-multi-xosl,MULTI.OL,145.0,147.0,147.0,4228
2026-09-18,multiconsult-multi-xosl,MULTI.OL,145.0,147.0,147.0,5671
2026-09-21,multiconsult-multi-xosl,MULTI.OL,147.0,144.39999389648438,144.39999389648438,5985
2026-09-22,multiconsult-multi-xosl,MULTI.OL,147.1999969482422,147.60000610351562,147.60000610351562,20876
2026-09-23,multiconsult-multi-xosl,MULTI.OL,148.1999969482422,149.39999389648438,149.39999389648438,18453
2026-09-24,multiconsult-multi-xosl,MULTI.OL,151.0,144.8000030517578,144.8000030517578,19827
2026-09-25,multiconsult-multi-xosl,MULTI.OL,145.60000610351562,146.0,146.0,48416
2026-09-28,multiconsult-multi-xosl,MULTI.OL,145.0,147.39999389648438,147.39999389648438,20603
2026-09-29,multiconsult-multi-xosl,MULTI.OL,147.0,146.39999389648438,146.39999389648438,680
2026-09-30,multiconsult-multi-xosl,MULTI.OL,140.39999389648438,142.60000610351562,142.60000610351562,16706
2026-10-01,multiconsult-multi-xosl,MULTI.OL,147.60000610351562,141.39999389648438,141.39999389648438,16292
2026-10-02,multiconsult-multi-xosl,MULTI.OL,140.8000030517578,140.39999389648438,140.39999389648438,426955
2026-10-05,multiconsult-multi-xosl,MULTI.OL,137.39999389648438,140.0,140.0,3149
2026-10-06,multiconsult-multi-xosl,MULTI.OL,139.60000610351562,133.60000610351562,133.60000610351562,20972
2026-10-07,multiconsult-multi-xosl,MULTI.OL,132.0,130.39999389648438,130.39999389648438,15297
2026-10-08,multiconsult-multi-xosl,MULTI.OL,130.0,131.39999389648438,131.39999389648438,14778
2026-07-13,napatech-napa-xosl,NAPA.OL,40.849998474121094,39.900001525878906,39.900001525878906,137209
2026-07-14,napatech-napa-xosl,NAPA.OL,39.5,39.29999923706055,39.29999923706055,123201
2026-07-15,napatech-napa-xosl,NAPA.OL,39.75,39.04999923706055,39.04999923706055,110804
2026-07-16,napatech-napa-xosl,NAPA.OL,38.54999923706055,37.95000076293945,37.95000076293945,206039
2026-07-17,napatech-napa-xosl,NAPA.OL,36.650001525878906,38.70000076293945,38.70000076293945,342148
2026-07-20,napatech-napa-xosl,NAPA.OL,38.349998474121094,38.349998474121094,38.349998474121094,127105
2026-07-21,napatech-napa-xosl,NAPA.OL,38.349998474121094,40.599998474121094,40.599998474121094,280162
2026-07-22,napatech-napa-xosl,NAPA.OL,40.70000076293945,40.599998474121094,40.599998474121094,80922
2026-07-23,napatech-napa-xosl,NAPA.OL,41.0,40.400001525878906,40.400001525878906,146517
2026-07-24,napatech-napa-xosl,NAPA.OL,41.0,39.0,39.0,177920
2026-07-27,napatech-napa-xosl,NAPA.OL,40.0,39.400001525878906,39.400001525878906,149973
2026-07-28,napatech-napa-xosl,NAPA.OL,40.5,39.20000076293945,39.20000076293945,183326
2026-07-29,napatech-napa-xosl,NAPA.OL,39.95000076293945,38.25,38.25,108407
2026-07-30,napatech-napa-xosl,NAPA.OL,38.0,39.150001525878906,39.150001525878906,111591
2026-07-31,napatech-napa-xosl,NAPA.OL,41.20000076293945,38.599998474121094,38.599998474121094,308365
2026-08-03,napatech-napa-xosl,NAPA.OL,38.400001525878906,37.099998474121094,37.099998474121094,245065
2026-08-04,napatech-napa-xosl,NAPA.OL,37.79999923706055,39.099998474121094,39.099998474121094,135157
2026-08-05,napatech-napa-xosl,NAPA.OL,40.20000076293945,40.150001525878906,40.150001525878906,377198
2026-08-06,napatech-napa-xosl,NAPA.OL,40.400001525878906,41.20000076293945,41.20000076293945,344501
2026-08-07,napatech-napa-xosl,NAPA.OL,42.0,41.5,41.5,163581
2026-08-10,napatech-napa-xosl,NAPA.OL,41.54999923706055,41.849998474121094,41.849998474121094,169999
2026-08-11,napatech-napa-xosl,NAPA.OL,41.849998474121094,40.45000076293945,40.45000076293945,231882
2026-08-12,napatech-napa-xosl,NAPA.OL,41.099998474121094,40.25,40.25,554121
2026-08-13,napatech-napa-xosl,NAPA.OL,40.599998474121094,40.0,40.0,213255
2026-08-14,napatech-napa-xosl,NAPA.OL,49.0,46.099998474121094,46.099998474121094,1778621
2026-08-17,napatech-napa-xosl,NAPA.OL,46.599998474121094,45.70000076293945,45.70000076293945,679355
2026-08-18,napatech-napa-xosl,NAPA.OL,45.29999923706055,43.29999923706055,43.29999923706055,446852
2026-08-19,napatech-napa-xosl,NAPA.OL,43.0,41.29999923706055,41.29999923706055,616295
2026-08-20,napatech-napa-xosl,NAPA.OL,41.29999923706055,42.45000076293945,42.45000076293945,335375
2026-08-21,napatech-napa-xosl,NAPA.OL,42.70000076293945,41.95000076293945,41.95000076293945,366493
2026-08-24,napatech-napa-xosl,NAPA.OL,41.95000076293945,41.599998474121094,41.599998474121094,363903
2026-08-25,napatech-napa-xosl,NAPA.OL,37.900001525878906,40.25,40.25,989548
2026-08-26,napatech-napa-xosl,NAPA.OL,42.599998474121094,40.75,40.75,446212
2026-08-27,napatech-napa-xosl,NAPA.OL,41.0,40.70000076293945,40.70000076293945,333424
2026-08-28,napatech-napa-xosl,NAPA.OL,41.099998474121094,42.29999923706055,42.29999923706055,673002
2026-08-31,napatech-napa-xosl,NAPA.OL,42.349998474121094,43.29999923706055,43.29999923706055,259679
2026-09-01,napatech-napa-xosl,NAPA.OL,44.20000076293945,41.25,41.25,416781
2026-09-02,napatech-napa-xosl,NAPA.OL,41.25,40.04999923706055,40.04999923706055,475308
2026-09-03,napatech-napa-xosl,NAPA.OL,40.04999923706055,39.849998474121094,39.849998474121094,382223
2026-09-04,napatech-napa-xosl,NAPA.OL,40.0,41.45000076293945,41.45000076293945,266130
2026-09-07,napatech-napa-xosl,NAPA.OL,41.900001525878906,41.79999923706055,41.79999923706055,202463
2026-09-08,napatech-napa-xosl,NAPA.OL,42.29999923706055,41.099998474121094,41.099998474121094,219524
2026-09-09,napatech-napa-xosl,NAPA.OL,41.29999923706055,43.150001525878906,43.150001525878906,347264
2026-09-10,napatech-napa-xosl,NAPA.OL,43.150001525878906,44.45000076293945,44.45000076293945,473147
2026-09-11,napatech-napa-xosl,NAPA.OL,44.400001525878906,46.099998474121094,46.099998474121094,521329
2026-09-14,napatech-napa-xosl,NAPA.OL,45.5,43.150001525878906,43.150001525878906,268476
2026-09-15,napatech-napa-xosl,NAPA.OL,43.150001525878906,40.150001525878906,40.150001525878906,713874
2026-09-16,napatech-napa-xosl,NAPA.OL,40.5,41.099998474121094,41.099998474121094,785210
2026-09-17,napatech-napa-xosl,NAPA.OL,41.0,41.900001525878906,41.900001525878906,134755
2026-09-18,napatech-napa-xosl,NAPA.OL,42.0,41.95000076293945,41.95000076293945,196928
2026-09-21,napatech-napa-xosl,NAPA.OL,40.79999923706055,42.20000076293945,42.20000076293945,85363
2026-09-22,napatech-napa-xosl,NAPA.OL,42.20000076293945,42.20000076293945,42.20000076293945,115268
2026-09-23,napatech-napa-xosl,NAPA.OL,42.650001525878906,44.5,44.5,428114
2026-09-24,napatech-napa-xosl,NAPA.OL,44.349998474121094,43.0,43.0,312041
2026-09-25,napatech-napa-xosl,NAPA.OL,44.5,43.75,43.75,269631
2026-09-28,napatech-napa-xosl,NAPA.OL,43.5,44.04999923706055,44.04999923706055,233977
2026-09-29,napatech-napa-xosl,NAPA.OL,44.29999923706055,46.599998474121094,46.599998474121094,508880
2026-09-30,napatech-napa-xosl,NAPA.OL,47.849998474121094,46.400001525878906,46.400001525878906,212221
2026-10-01,napatech-napa-xosl,NAPA.OL,46.70000076293945,47.45000076293945,47.45000076293945,236971
2026-10-02,napatech-napa-xosl,NAPA.OL,48.04999923706055,48.0,48.0,156732
2026-10-05,napatech-napa-xosl,NAPA.OL,48.79999923706055,46.400001525878906,46.400001525878906,146216
2026-10-06,napatech-napa-xosl,NAPA.OL,46.29999923706055,47.400001525878906,47.400001525878906,190103
2026-10-07,napatech-napa-xosl,NAPA.OL,47.45000076293945,46.29999923706055,46.29999923706055,69584
2026-10-08,napatech-napa-xosl,NAPA.OL,45.79999923706055,44.79999923706055,44.79999923706055,115709
2026-07-13,norbit-norbt-xosl,NORBT.OL,169.5,166.1999969482422,166.1999969482422,137463
2026-07-14,norbit-norbt-xosl,NORBT.OL,167.0,169.5,169.5,77596
2026-07-15,norbit-norbt-xosl,NORBT.OL,170.5,168.0,168.0,96859
2026-07-16,norbit-norbt-xosl,NORBT.OL,167.39999389648438,164.5,164.5,113302
2026-07-17,norbit-norbt-xosl,NORBT.OL,165.0,169.60000610351562,169.60000610351562,123603
2026-07-20,norbit-norbt-xosl,NORBT.OL,170.0,168.3000030517578,168.3000030517578,73258
2026-07-21,norbit-norbt-xosl,NORBT.OL,170.0,172.3000030517578,172.3000030517578,54131
2026-07-22,norbit-norbt-xosl,NORBT.OL,177.10000610351562,176.60000610351562,176.60000610351562,108379
2026-07-23,norbit-norbt-xosl,NORBT.OL,178.10000610351562,175.0,175.0,66616
2026-07-24,norbit-norbt-xosl,NORBT.OL,174.5,169.89999389648438,169.89999389648438,97390
2026-07-27,norbit-norbt-xosl,NORBT.OL,170.6999969482422,171.8000030517578,171.8000030517578,49463
2026-07-28,norbit-norbt-xosl,NORBT.OL,171.1999969482422,173.0,173.0,89667
2026-07-29,norbit-norbt-xosl,NORBT.OL,170.3000030517578,170.89999389648438,170.89999389648438,79147
2026-07-30,norbit-norbt-xosl,NORBT.OL,172.8000030517578,173.10000610351562,173.10000610351562,77939
2026-07-31,norbit-norbt-xosl,NORBT.OL,174.0,175.39999389648438,175.39999389648438,104382
2026-08-03,norbit-norbt-xosl,NORBT.OL,169.5,173.1999969482422,173.1999969482422,222922
2026-08-04,norbit-norbt-xosl,NORBT.OL,174.60000610351562,177.39999389648438,177.39999389648438,234574
2026-08-05,norbit-norbt-xosl,NORBT.OL,179.5,177.39999389648438,177.39999389648438,105181
2026-08-06,norbit-norbt-xosl,NORBT.OL,175.0,174.1999969482422,174.1999969482422,96393
2026-08-07,norbit-norbt-xosl,NORBT.OL,175.0,174.0,174.0,57122
2026-08-10,norbit-norbt-xosl,NORBT.OL,177.0,178.10000610351562,178.10000610351562,171054
2026-08-11,norbit-norbt-xosl,NORBT.OL,178.6999969482422,179.0,179.0,109144
2026-08-12,norbit-norbt-xosl,NORBT.OL,179.0,183.39999389648438,183.39999389648438,237149
2026-08-13,norbit-norbt-xosl,NORBT.OL,185.0,184.89999389648438,184.89999389648438,740273
2026-08-14,norbit-norbt-xosl,NORBT.OL,185.10000610351562,182.39999389648438,182.39999389648438,278674
2026-08-17,norbit-norbt-xosl,NORBT.OL,185.0,181.3000030517578,181.3000030517578,192105
2026-08-18,norbit-norbt-xosl,NORBT.OL,182.0,171.39999389648438,171.39999389648438,439943
2026-08-19,norbit-norbt-xosl,NORBT.OL,172.0,165.60000610351562,165.60000610351562,307770
2026-08-20,norbit-norbt-xosl,NORBT.OL,166.5,168.39999389648438,168.39999389648438,196570
2026-08-21,norbit-norbt-xosl,NORBT.OL,169.1999969482422,171.10000610351562,171.10000610351562,145582
2026-08-24,norbit-norbt-xosl,NORBT.OL,171.6999969482422,164.6999969482422,164.6999969482422,255938
2026-08-25,norbit-norbt-xosl,NORBT.OL,165.0,164.60000610351562,164.60000610351562,312916
2026-08-26,norbit-norbt-xosl,NORBT.OL,164.10000610351562,163.10000610351562,163.10000610351562,494926
2026-08-27,norbit-norbt-xosl,NORBT.OL,163.10000610351562,165.0,165.0,155796
2026-08-28,norbit-norbt-xosl,NORBT.OL,166.39999389648438,165.3000030517578,165.3000030517578,284698
2026-08-31,norbit-norbt-xosl,NORBT.OL,166.0,166.0,166.0,138901
2026-09-01,norbit-norbt-xosl,NORBT.OL,166.0,163.39999389648438,163.39999389648438,206404
2026-09-02,norbit-norbt-xosl,NORBT.OL,163.39999389648438,159.8000030517578,159.8000030517578,191417
2026-09-03,norbit-norbt-xosl,NORBT.OL,159.5,156.60000610351562,156.60000610351562,349907
2026-09-04,norbit-norbt-xosl,NORBT.OL,158.0,161.39999389648438,161.39999389648438,282905
2026-09-07,norbit-norbt-xosl,NORBT.OL,162.0,160.6999969482422,160.6999969482422,136011
2026-09-08,norbit-norbt-xosl,NORBT.OL,160.5,162.0,162.0,208351
2026-09-09,norbit-norbt-xosl,NORBT.OL,161.5,160.39999389648438,160.39999389648438,93049
2026-09-10,norbit-norbt-xosl,NORBT.OL,160.3000030517578,157.39999389648438,157.39999389648438,144560
2026-09-11,norbit-norbt-xosl,NORBT.OL,158.0,162.0,162.0,138510
2026-09-14,norbit-norbt-xosl,NORBT.OL,161.3000030517578,158.60000610351562,158.60000610351562,180461
2026-09-15,norbit-norbt-xosl,NORBT.OL,158.5,159.39999389648438,159.39999389648438,132897
2026-09-16,norbit-norbt-xosl,NORBT.OL,159.5,158.89999389648438,158.89999389648438,90009
2026-09-17,norbit-norbt-xosl,NORBT.OL,158.5,162.5,162.5,212162
2026-09-18,norbit-norbt-xosl,NORBT.OL,162.5,159.60000610351562,159.60000610351562,178096
2026-09-21,norbit-norbt-xosl,NORBT.OL,161.0,159.8000030517578,159.8000030517578,91422
2026-09-22,norbit-norbt-xosl,NORBT.OL,160.6999969482422,163.1999969482422,163.1999969482422,142436
2026-09-23,norbit-norbt-xosl,NORBT.OL,164.5,163.6999969482422,163.6999969482422,105494
2026-09-24,norbit-norbt-xosl,NORBT.OL,165.5,161.10000610351562,161.10000610351562,148101
2026-09-25,norbit-norbt-xosl,NORBT.OL,163.0,161.60000610351562,161.60000610351562,111836
2026-09-28,norbit-norbt-xosl,NORBT.OL,161.0,158.0,158.0,166860
2026-09-29,norbit-norbt-xosl,NORBT.OL,158.0,159.3000030517578,159.3000030517578,115290
2026-09-30,norbit-norbt-xosl,NORBT.OL,159.0,159.10000610351562,159.10000610351562,149518
2026-10-01,norbit-norbt-xosl,NORBT.OL,159.0,159.3000030517578,159.3000030517578,117293
2026-10-02,norbit-norbt-xosl,NORBT.OL,162.5,162.6999969482422,162.6999969482422,215083
2026-10-05,norbit-norbt-xosl,NORBT.OL,163.5,161.6999969482422,161.6999969482422,156100
2026-10-06,norbit-norbt-xosl,NORBT.OL,162.39999389648438,158.60000610351562,158.60000610351562,175958
2026-10-07,norbit-norbt-xosl,NORBT.OL,158.60000610351562,156.8000030517578,156.8000030517578,111067
2026-10-08,norbit-norbt-xosl,NORBT.OL,156.1999969482422,156.60000610351562,156.60000610351562,76063
2026-07-13,norconsult-norco-xosl,NORCO.OL,36.599998474121094,37.04999923706055,37.04999923706055,242725
2026-07-14,norconsult-norco-xosl,NORCO.OL,36.79999923706055,36.400001525878906,36.400001525878906,247294
2026-07-15,norconsult-norco-xosl,NORCO.OL,36.5,36.79999923706055,36.79999923706055,172937
2026-07-16,norconsult-norco-xosl,NORCO.OL,36.75,37.25,37.25,196764
2026-07-17,norconsult-norco-xosl,NORCO.OL,37.29999923706055,37.650001525878906,37.650001525878906,160204
2026-07-20,norconsult-norco-xosl,NORCO.OL,37.599998474121094,37.45000076293945,37.45000076293945,119296
2026-07-21,norconsult-norco-xosl,NORCO.OL,37.349998474121094,37.95000076293945,37.95000076293945,163205
2026-07-22,norconsult-norco-xosl,NORCO.OL,37.5,37.54999923706055,37.54999923706055,134727
2026-07-23,norconsult-norco-xosl,NORCO.OL,37.70000076293945,37.04999923706055,37.04999923706055,142015
2026-07-24,norconsult-norco-xosl,NORCO.OL,37.0,36.95000076293945,36.95000076293945,188904
2026-07-27,norconsult-norco-xosl,NORCO.OL,38.0,38.5,38.5,308668
2026-07-28,norconsult-norco-xosl,NORCO.OL,38.45000076293945,39.0,39.0,383322
2026-07-29,norconsult-norco-xosl,NORCO.OL,39.04999923706055,38.650001525878906,38.650001525878906,111743
2026-07-30,norconsult-norco-xosl,NORCO.OL,38.70000076293945,38.900001525878906,38.900001525878906,141681
2026-07-31,norconsult-norco-xosl,NORCO.OL,39.0,38.849998474121094,38.849998474121094,196118
2026-08-03,norconsult-norco-xosl,NORCO.OL,38.5,38.849998474121094,38.849998474121094,114745
2026-08-04,norconsult-norco-xosl,NORCO.OL,39.150001525878906,39.0,39.0,122264
2026-08-05,norconsult-norco-xosl,NORCO.OL,39.0,38.599998474121094,38.599998474121094,174074
2026-08-06,norconsult-norco-xosl,NORCO.OL,38.5,38.75,38.75,81589
2026-08-07,norconsult-norco-xosl,NORCO.OL,38.599998474121094,38.849998474121094,38.849998474121094,168509
2026-08-10,norconsult-norco-xosl,NORCO.OL,38.599998474121094,38.25,38.25,100265
2026-08-11,norconsult-norco-xosl,NORCO.OL,38.099998474121094,38.349998474121094,38.349998474121094,111725
2026-08-12,norconsult-norco-xosl,NORCO.OL,38.25,38.04999923706055,38.04999923706055,106547
2026-08-13,norconsult-norco-xosl,NORCO.OL,38.04999923706055,38.29999923706055,38.29999923706055,86886
2026-08-14,norconsult-norco-xosl,NORCO.OL,38.25,38.75,38.75,168485
2026-08-17,norconsult-norco-xosl,NORCO.OL,38.29999923706055,38.70000076293945,38.70000076293945,193648
2026-08-18,norconsult-norco-xosl,NORCO.OL,39.0,38.5,38.5,279879
2026-08-19,norconsult-norco-xosl,NORCO.OL,38.099998474121094,38.5,38.5,229716
2026-08-20,norconsult-norco-xosl,NORCO.OL,38.70000076293945,37.599998474121094,37.599998474121094,561428
2026-08-21,norconsult-norco-xosl,NORCO.OL,37.599998474121094,39.0,39.0,244372
2026-08-24,norconsult-norco-xosl,NORCO.OL,39.0,38.349998474121094,38.349998474121094,177847
2026-08-25,norconsult-norco-xosl,NORCO.OL,38.400001525878906,37.849998474121094,37.849998474121094,192269
2026-08-26,norconsult-norco-xosl,NORCO.OL,38.0,39.099998474121094,39.099998474121094,210886
2026-08-27,norconsult-norco-xosl,NORCO.OL,38.900001525878906,39.04999923706055,39.04999923706055,2162521
2026-08-28,norconsult-norco-xosl,NORCO.OL,39.04999923706055,39.29999923706055,39.29999923706055,350235
2026-08-31,norconsult-norco-xosl,NORCO.OL,39.0,38.650001525878906,38.650001525878906,333693
2026-09-01,norconsult-norco-xosl,NORCO.OL,38.650001525878906,39.0,39.0,499576
2026-09-02,norconsult-norco-xosl,NORCO.OL,39.0,39.45000076293945,39.45000076293945,360026
2026-09-03,norconsult-norco-xosl,NORCO.OL,39.29999923706055,39.25,39.25,114854
2026-09-04,norconsult-norco-xosl,NORCO.OL,39.0,40.150001525878906,40.150001525878906,717551
2026-09-07,norconsult-norco-xosl,NORCO.OL,40.0,39.79999923706055,39.79999923706055,556771
2026-09-08,norconsult-norco-xosl,NORCO.OL,39.650001525878906,39.75,39.75,144681
2026-09-09,norconsult-norco-xosl,NORCO.OL,39.54999923706055,39.54999923706055,39.54999923706055,177137
2026-09-10,norconsult-norco-xosl,NORCO.OL,39.099998474121094,38.25,38.25,577484
2026-09-11,norconsult-norco-xosl,NORCO.OL,38.099998474121094,38.0,38.0,174119
2026-09-14,norconsult-norco-xosl,NORCO.OL,38.0,37.849998474121094,37.849998474121094,156248
2026-09-15,norconsult-norco-xosl,NORCO.OL,37.599998474121094,38.5,38.5,679244
2026-09-16,norconsult-norco-xosl,NORCO.OL,38.25,38.5,38.5,212988
2026-09-17,norconsult-norco-xosl,NORCO.OL,38.70000076293945,38.650001525878906,38.650001525878906,164420
2026-09-18,norconsult-norco-xosl,NORCO.OL,38.650001525878906,38.650001525878906,38.650001525878906,500830
2026-09-21,norconsult-norco-xosl,NORCO.OL,38.70000076293945,38.099998474121094,38.099998474121094,229080
2026-09-22,norconsult-norco-xosl,NORCO.OL,38.04999923706055,38.04999923706055,38.04999923706055,140499
2026-09-23,norconsult-norco-xosl,NORCO.OL,37.75,38.0,38.0,108324
2026-09-24,norconsult-norco-xosl,NORCO.OL,37.70000076293945,37.849998474121094,37.849998474121094,267747
2026-09-25,norconsult-norco-xosl,NORCO.OL,37.849998474121094,38.29999923706055,38.29999923706055,160895
2026-09-28,norconsult-norco-xosl,NORCO.OL,38.349998474121094,37.54999923706055,37.54999923706055,182495
2026-09-29,norconsult-norco-xosl,NORCO.OL,37.54999923706055,37.75,37.75,149112
2026-09-30,norconsult-norco-xosl,NORCO.OL,37.5,37.29999923706055,37.29999923706055,185410
2026-10-01,norconsult-norco-xosl,NORCO.OL,37.29999923706055,37.349998474121094,37.349998474121094,415606
2026-10-02,norconsult-norco-xosl,NORCO.OL,37.95000076293945,37.849998474121094,37.849998474121094,122103
2026-10-05,norconsult-norco-xosl,NORCO.OL,37.45000076293945,37.5,37.5,253851
2026-10-06,norconsult-norco-xosl,NORCO.OL,37.400001525878906,37.349998474121094,37.349998474121094,315430
2026-10-07,norconsult-norco-xosl,NORCO.OL,37.150001525878906,37.099998474121094,37.099998474121094,147190
2026-10-08,norconsult-norco-xosl,NORCO.OL,36.900001525878906,36.900001525878906,36.900001525878906,173098
2026-07-13,nordic-semiconductor-nod-xosl,NOD.OL,165.1999969482422,165.60000610351562,165.60000610351562,439942
2026-07-14,nordic-semiconductor-nod-xosl,NOD.OL,164.0,164.1999969482422,164.1999969482422,591916
2026-07-15,nordic-semiconductor-nod-xosl,NOD.OL,167.3000030517578,163.60000610351562,163.60000610351562,368901
2026-07-16,nordic-semiconductor-nod-xosl,NOD.OL,163.39999389648438,159.10000610351562,159.10000610351562,883489
2026-07-17,nordic-semiconductor-nod-xosl,NOD.OL,156.3000030517578,159.8000030517578,159.8000030517578,649298
2026-07-20,nordic-semiconductor-nod-xosl,NOD.OL,159.0,157.6999969482422,157.6999969482422,906045
2026-07-21,nordic-semiconductor-nod-xosl,NOD.OL,159.8000030517578,165.5,165.5,638477
2026-07-22,nordic-semiconductor-nod-xosl,NOD.OL,165.6999969482422,167.39999389648438,167.39999389648438,577749
2026-07-23,nordic-semiconductor-nod-xosl,NOD.OL,165.89999389648438,164.0,164.0,475624
2026-07-24,nordic-semiconductor-nod-xosl,NOD.OL,160.5,158.39999389648438,158.39999389648438,514742
2026-07-27,nordic-semiconductor-nod-xosl,NOD.OL,162.10000610351562,161.3000030517578,161.3000030517578,530280
2026-07-28,nordic-semiconductor-nod-xosl,NOD.OL,155.6999969482422,156.39999389648438,156.39999389648438,1182766
2026-07-29,nordic-semiconductor-nod-xosl,NOD.OL,155.39999389648438,151.89999389648438,151.89999389648438,1372532
2026-07-30,nordic-semiconductor-nod-xosl,NOD.OL,153.0,158.60000610351562,158.60000610351562,945495
2026-07-31,nordic-semiconductor-nod-xosl,NOD.OL,164.8000030517578,158.6999969482422,158.6999969482422,1259140
2026-08-03,nordic-semiconductor-nod-xosl,NOD.OL,160.3000030517578,160.5,160.5,907526
2026-08-04,nordic-semiconductor-nod-xosl,NOD.OL,162.8000030517578,165.3000030517578,165.3000030517578,910165
2026-08-05,nordic-semiconductor-nod-xosl,NOD.OL,167.1999969482422,163.10000610351562,163.10000610351562,1435229
2026-08-06,nordic-semiconductor-nod-xosl,NOD.OL,168.6999969482422,166.1999969482422,166.1999969482422,3430165
2026-08-07,nordic-semiconductor-nod-xosl,NOD.OL,163.6999969482422,164.6999969482422,164.6999969482422,1593872
2026-08-10,nordic-semiconductor-nod-xosl,NOD.OL,169.6999969482422,168.6999969482422,168.6999969482422,2072643
2026-08-11,nordic-semiconductor-nod-xosl,NOD.OL,168.39999389648438,167.8000030517578,167.8000030517578,1412930
2026-08-12,nordic-semiconductor-nod-xosl,NOD.OL,168.3000030517578,169.3000030517578,169.3000030517578,873221
2026-08-13,nordic-semiconductor-nod-xosl,NOD.OL,169.39999389648438,170.0,170.0,889783
2026-08-14,nordic-semiconductor-nod-xosl,NOD.OL,169.60000610351562,169.89999389648438,169.89999389648438,1049668
2026-08-17,nordic-semiconductor-nod-xosl,NOD.OL,172.10000610351562,169.89999389648438,169.89999389648438,651866
2026-08-18,nordic-semiconductor-nod-xosl,NOD.OL,169.39999389648438,163.1999969482422,163.1999969482422,981263
2026-08-19,nordic-semiconductor-nod-xosl,NOD.OL,161.3000030517578,162.0,162.0,1359451
2026-08-20,nordic-semiconductor-nod-xosl,NOD.OL,163.10000610351562,162.89999389648438,162.89999389648438,758933
2026-08-21,nordic-semiconductor-nod-xosl,NOD.OL,163.0,163.10000610351562,163.10000610351562,713703
2026-08-24,nordic-semiconductor-nod-xosl,NOD.OL,163.0,159.5,159.5,800205
2026-08-25,nordic-semiconductor-nod-xosl,NOD.OL,162.0,165.0,165.0,849804
2026-08-26,nordic-semiconductor-nod-xosl,NOD.OL,165.60000610351562,164.89999389648438,164.89999389648438,496111
2026-08-27,nordic-semiconductor-nod-xosl,NOD.OL,167.89999389648438,169.8000030517578,169.8000030517578,1004283
2026-08-28,nordic-semiconductor-nod-xosl,NOD.OL,170.3000030517578,167.6999969482422,167.6999969482422,541450
2026-08-31,nordic-semiconductor-nod-xosl,NOD.OL,167.1999969482422,166.10000610351562,166.10000610351562,447012
2026-09-01,nordic-semiconductor-nod-xosl,NOD.OL,165.5,160.10000610351562,160.10000610351562,947913
2026-09-02,nordic-semiconductor-nod-xosl,NOD.OL,158.89999389648438,165.5,165.5,800733
2026-09-03,nordic-semiconductor-nod-xosl,NOD.OL,165.8000030517578,165.8000030517578,165.8000030517578,573002
2026-09-04,nordic-semiconductor-nod-xosl,NOD.OL,167.0,168.10000610351562,168.10000610351562,564372
2026-09-07,nordic-semiconductor-nod-xosl,NOD.OL,168.5,172.0,172.0,810593
2026-09-08,nordic-semiconductor-nod-xosl,NOD.OL,170.6999969482422,171.3000030517578,171.3000030517578,424318
2026-09-09,nordic-semiconductor-nod-xosl,NOD.OL,172.3000030517578,174.6999969482422,174.6999969482422,886565
2026-09-10,nordic-semiconductor-nod-xosl,NOD.OL,173.0,167.3000030517578,167.3000030517578,808524
2026-09-11,nordic-semiconductor-nod-xosl,NOD.OL,168.5,175.1999969482422,175.1999969482422,807943
2026-09-14,nordic-semiconductor-nod-xosl,NOD.OL,170.8000030517578,169.1999969482422,169.1999969482422,1070579
2026-09-15,nordic-semiconductor-nod-xosl,NOD.OL,168.5,171.0,171.0,631693
2026-09-16,nordic-semiconductor-nod-xosl,NOD.OL,171.0,171.0,171.0,536239
2026-09-17,nordic-semiconductor-nod-xosl,NOD.OL,172.0,178.0,178.0,951837
2026-09-18,nordic-semiconductor-nod-xosl,NOD.OL,178.5,177.5,177.5,1262873
2026-09-21,nordic-semiconductor-nod-xosl,NOD.OL,179.5,182.0,182.0,644944
2026-09-22,nordic-semiconductor-nod-xosl,NOD.OL,183.0,184.39999389648438,184.39999389648438,750617
2026-09-23,nordic-semiconductor-nod-xosl,NOD.OL,186.3000030517578,186.6999969482422,186.6999969482422,795471
2026-09-24,nordic-semiconductor-nod-xosl,NOD.OL,185.1999969482422,185.3000030517578,185.3000030517578,678491
2026-09-25,nordic-semiconductor-nod-xosl,NOD.OL,186.0,184.60000610351562,184.60000610351562,367194
2026-09-28,nordic-semiconductor-nod-xosl,NOD.OL,183.6999969482422,182.3000030517578,182.3000030517578,598590
2026-09-29,nordic-semiconductor-nod-xosl,NOD.OL,182.0,184.0,184.0,374890
2026-09-30,nordic-semiconductor-nod-xosl,NOD.OL,184.8000030517578,182.8000030517578,182.8000030517578,570212
2026-10-01,nordic-semiconductor-nod-xosl,NOD.OL,184.5,186.10000610351562,186.10000610351562,827656
2026-10-02,nordic-semiconductor-nod-xosl,NOD.OL,189.5,188.89999389648438,188.89999389648438,836764
2026-10-05,nordic-semiconductor-nod-xosl,NOD.OL,191.5,188.5,188.5,727866
2026-10-06,nordic-semiconductor-nod-xosl,NOD.OL,189.10000610351562,186.8000030517578,186.8000030517578,518943
2026-10-07,nordic-semiconductor-nod-xosl,NOD.OL,187.10000610351562,186.3000030517578,186.3000030517578,636978
2026-10-08,nordic-semiconductor-nod-xosl,NOD.OL,184.89999389648438,177.8000030517578,177.8000030517578,768402
2026-07-13,norsk-hydro-nhy-xosl,NHY.OL,84.58000183105469,86.41999816894531,86.41999816894531,2714896
2026-07-14,norsk-hydro-nhy-xosl,NHY.OL,88.13999938964844,88.9800033569336,88.9800033569336,4936318
2026-07-15,norsk-hydro-nhy-xosl,NHY.OL,89.73999786376953,87.5,87.5,2271516
2026-07-16,norsk-hydro-nhy-xosl,NHY.OL,87.5,85.05999755859375,85.05999755859375,3760255
2026-07-17,norsk-hydro-nhy-xosl,NHY.OL,84.5199966430664,84.95999908447266,84.95999908447266,7547873
2026-07-20,norsk-hydro-nhy-xosl,NHY.OL,86.4000015258789,82.69999694824219,82.69999694824219,4193835
2026-07-21,norsk-hydro-nhy-xosl,NHY.OL,84.86000061035156,83.69999694824219,83.69999694824219,3950063
2026-07-22,norsk-hydro-nhy-xosl,NHY.OL,85.0199966430664,85.73999786376953,85.73999786376953,5285738
2026-07-23,norsk-hydro-nhy-xosl,NHY.OL,85.81999969482422,88.27999877929688,88.27999877929688,4940065
2026-07-24,norsk-hydro-nhy-xosl,NHY.OL,87.05999755859375,86.13999938964844,86.13999938964844,2888077
2026-07-27,norsk-hydro-nhy-xosl,NHY.OL,85.73999786376953,85.16000366210938,85.16000366210938,3248669
2026-07-28,norsk-hydro-nhy-xosl,NHY.OL,85.80000305175781,84.5,84.5,3158072
2026-07-29,norsk-hydro-nhy-xosl,NHY.OL,85.44000244140625,85.13999938964844,85.13999938964844,3020878
2026-07-30,norsk-hydro-nhy-xosl,NHY.OL,86.55999755859375,86.76000213623047,86.76000213623047,3016408
2026-07-31,norsk-hydro-nhy-xosl,NHY.OL,87.13999938964844,86.66000366210938,86.66000366210938,3420473
2026-08-03,norsk-hydro-nhy-xosl,NHY.OL,86.66000366210938,87.12000274658203,87.12000274658203,2963892
2026-08-04,norsk-hydro-nhy-xosl,NHY.OL,88.0,89.4800033569336,89.4800033569336,3378791
2026-08-05,norsk-hydro-nhy-xosl,NHY.OL,90.41999816894531,91.04000091552734,91.04000091552734,3111360
2026-08-06,norsk-hydro-nhy-xosl,NHY.OL,90.08000183105469,89.63999938964844,89.63999938964844,3624702
2026-08-07,norsk-hydro-nhy-xosl,NHY.OL,90.26000213623047,90.63999938964844,90.63999938964844,3633485
2026-08-10,norsk-hydro-nhy-xosl,NHY.OL,91.45999908447266,93.4800033569336,93.4800033569336,3941604
2026-08-11,norsk-hydro-nhy-xosl,NHY.OL,94.0,92.41999816894531,92.41999816894531,4180376
2026-08-12,norsk-hydro-nhy-xosl,NHY.OL,92.69999694824219,92.26000213623047,92.26000213623047,2898844
2026-08-13,norsk-hydro-nhy-xosl,NHY.OL,90.76000213623047,90.0199966430664,90.0199966430664,3148744
2026-08-14,norsk-hydro-nhy-xosl,NHY.OL,90.37999725341797,89.76000213623047,89.76000213623047,2770042
2026-08-17,norsk-hydro-nhy-xosl,NHY.OL,90.27999877929688,90.23999786376953,90.23999786376953,2231016
2026-08-18,norsk-hydro-nhy-xosl,NHY.OL,89.73999786376953,90.13999938964844,90.13999938964844,2751799
2026-08-19,norsk-hydro-nhy-xosl,NHY.OL,90.36000061035156,90.9000015258789,90.9000015258789,2989487
2026-08-20,norsk-hydro-nhy-xosl,NHY.OL,90.62000274658203,88.26000213623047,88.26000213623047,3691779
2026-08-21,norsk-hydro-nhy-xosl,NHY.OL,89.83999633789062,91.9800033569336,91.9800033569336,5331713
2026-08-24,norsk-hydro-nhy-xosl,NHY.OL,91.9000015258789,93.4800033569336,93.4800033569336,2583412
2026-08-25,norsk-hydro-nhy-xosl,NHY.OL,93.0199966430664,93.37999725341797,93.37999725341797,2042050
2026-08-26,norsk-hydro-nhy-xosl,NHY.OL,93.0,92.76000213623047,92.76000213623047,2116923
2026-08-27,norsk-hydro-nhy-xosl,NHY.OL,93.18000030517578,92.0199966430664,92.0199966430664,2118296
2026-08-28,norsk-hydro-nhy-xosl,NHY.OL,92.91999816894531,93.23999786376953,93.23999786376953,3142137
2026-08-31,norsk-hydro-nhy-xosl,NHY.OL,93.94000244140625,93.9000015258789,93.9000015258789,4103308
2026-09-01,norsk-hydro-nhy-xosl,NHY.OL,95.0,92.5199966430664,92.5199966430664,3220200
2026-09-02,norsk-hydro-nhy-xosl,NHY.OL,91.44000244140625,92.30000305175781,92.30000305175781,3129806
2026-09-03,norsk-hydro-nhy-xosl,NHY.OL,92.4000015258789,95.12000274658203,95.12000274658203,3026909
2026-09-04,norsk-hydro-nhy-xosl,NHY.OL,94.55999755859375,93.91999816894531,93.91999816894531,2399745
2026-09-07,norsk-hydro-nhy-xosl,NHY.OL,93.87999725341797,94.41999816894531,94.41999816894531,1271077
2026-09-08,norsk-hydro-nhy-xosl,NHY.OL,94.4000015258789,94.0,94.0,3237730
2026-09-09,norsk-hydro-nhy-xosl,NHY.OL,94.33999633789062,92.80000305175781,92.80000305175781,4001750
2026-09-10,norsk-hydro-nhy-xosl,NHY.OL,92.80000305175781,91.0,91.0,3055309
2026-09-11,norsk-hydro-nhy-xosl,NHY.OL,87.77999877929688,87.54000091552734,87.54000091552734,3678132
2026-09-14,norsk-hydro-nhy-xosl,NHY.OL,87.0,86.08000183105469,86.08000183105469,2575426
2026-09-15,norsk-hydro-nhy-xosl,NHY.OL,86.16000366210938,84.5,84.5,2463524
2026-09-16,norsk-hydro-nhy-xosl,NHY.OL,84.30000305175781,84.83999633789062,84.83999633789062,3835923
2026-09-17,norsk-hydro-nhy-xosl,NHY.OL,84.80000305175781,86.54000091552734,86.54000091552734,4422658
2026-09-18,norsk-hydro-nhy-xosl,NHY.OL,86.58000183105469,86.04000091552734,86.04000091552734,6797481
2026-09-21,norsk-hydro-nhy-xosl,NHY.OL,85.9800033569336,84.76000213623047,84.76000213623047,2184971
2026-09-22,norsk-hydro-nhy-xosl,NHY.OL,85.0,85.54000091552734,85.54000091552734,1571992
2026-09-23,norsk-hydro-nhy-xosl,NHY.OL,85.22000122070312,84.33999633789062,84.33999633789062,1691214
2026-09-24,norsk-hydro-nhy-xosl,NHY.OL,83.77999877929688,82.95999908447266,82.95999908447266,1883970
2026-09-25,norsk-hydro-nhy-xosl,NHY.OL,82.80000305175781,82.37999725341797,82.37999725341797,2462581
2026-09-28,norsk-hydro-nhy-xosl,NHY.OL,82.41999816894531,82.81999969482422,82.81999969482422,1629283
2026-09-29,norsk-hydro-nhy-xosl,NHY.OL,83.73999786376953,82.4000015258789,82.4000015258789,2797686
2026-09-30,norsk-hydro-nhy-xosl,NHY.OL,81.80000305175781,82.63999938964844,82.63999938964844,2930943
2026-10-01,norsk-hydro-nhy-xosl,NHY.OL,81.5,79.44000244140625,79.44000244140625,6377483
2026-10-02,norsk-hydro-nhy-xosl,NHY.OL,79.69999694824219,80.0999984741211,80.0999984741211,3515673
2026-10-05,norsk-hydro-nhy-xosl,NHY.OL,79.72000122070312,81.0999984741211,81.0999984741211,2489769
2026-10-06,norsk-hydro-nhy-xosl,NHY.OL,80.0,79.45999908447266,79.45999908447266,2944445
2026-10-07,norsk-hydro-nhy-xosl,NHY.OL,78.0,77.86000061035156,77.86000061035156,2814947
2026-10-08,norsk-hydro-nhy-xosl,NHY.OL,77.04000091552734,78.33999633789062,78.33999633789062,2761032
2026-07-13,norske-skog-nskog-xosl,NSKOG.OL,41.70000076293945,43.04999923706055,43.04999923706055,267107
2026-07-14,norske-skog-nskog-xosl,NSKOG.OL,39.0,33.0,33.0,1506846
2026-07-15,norske-skog-nskog-xosl,NSKOG.OL,32.79999923706055,33.150001525878906,33.150001525878906,839952
2026-07-16,norske-skog-nskog-xosl,NSKOG.OL,33.20000076293945,32.79999923706055,32.79999923706055,332144
2026-07-17,norske-skog-nskog-xosl,NSKOG.OL,32.150001525878906,34.70000076293945,34.70000076293945,385961
2026-07-20,norske-skog-nskog-xosl,NSKOG.OL,34.599998474121094,34.70000076293945,34.70000076293945,164288
2026-07-21,norske-skog-nskog-xosl,NSKOG.OL,34.70000076293945,36.29999923706055,36.29999923706055,337473
2026-07-22,norske-skog-nskog-xosl,NSKOG.OL,36.70000076293945,37.599998474121094,37.599998474121094,247744
2026-07-23,norske-skog-nskog-xosl,NSKOG.OL,37.599998474121094,36.849998474121094,36.849998474121094,189358
2026-07-24,norske-skog-nskog-xosl,NSKOG.OL,37.04999923706055,36.25,36.25,124553
2026-07-27,norske-skog-nskog-xosl,NSKOG.OL,36.650001525878906,36.650001525878906,36.650001525878906,150565
2026-07-28,norske-skog-nskog-xosl,NSKOG.OL,36.79999923706055,37.0,37.0,115583
2026-07-29,norske-skog-nskog-xosl,NSKOG.OL,36.849998474121094,36.95000076293945,36.95000076293945,281974
2026-07-30,norske-skog-nskog-xosl,NSKOG.OL,37.04999923706055,37.95000076293945,37.95000076293945,209801
2026-07-31,norske-skog-nskog-xosl,NSKOG.OL,38.0,40.20000076293945,40.20000076293945,321915
2026-08-03,norske-skog-nskog-xosl,NSKOG.OL,40.20000076293945,41.75,41.75,377469
2026-08-04,norske-skog-nskog-xosl,NSKOG.OL,41.79999923706055,43.20000076293945,43.20000076293945,353009
2026-08-05,norske-skog-nskog-xosl,NSKOG.OL,43.5,44.29999923706055,44.29999923706055,502509
2026-08-06,norske-skog-nskog-xosl,NSKOG.OL,44.20000076293945,44.099998474121094,44.099998474121094,465016
2026-08-07,norske-skog-nskog-xosl,NSKOG.OL,44.79999923706055,43.29999923706055,43.29999923706055,93570
2026-08-10,norske-skog-nskog-xosl,NSKOG.OL,42.599998474121094,42.400001525878906,42.400001525878906,190673
2026-08-11,norske-skog-nskog-xosl,NSKOG.OL,42.20000076293945,43.650001525878906,43.650001525878906,258754
2026-08-12,norske-skog-nskog-xosl,NSKOG.OL,43.95000076293945,47.5,47.5,795843
2026-08-13,norske-skog-nskog-xosl,NSKOG.OL,47.5,48.849998474121094,48.849998474121094,374490
2026-08-14,norske-skog-nskog-xosl,NSKOG.OL,48.79999923706055,49.75,49.75,748027
2026-08-17,norske-skog-nskog-xosl,NSKOG.OL,49.5,47.25,47.25,188620
2026-08-18,norske-skog-nskog-xosl,NSKOG.OL,47.29999923706055,45.04999923706055,45.04999923706055,202945
2026-08-19,norske-skog-nskog-xosl,NSKOG.OL,45.0,44.5,44.5,182798
2026-08-20,norske-skog-nskog-xosl,NSKOG.OL,44.45000076293945,44.54999923706055,44.54999923706055,285706
2026-08-21,norske-skog-nskog-xosl,NSKOG.OL,45.29999923706055,46.900001525878906,46.900001525878906,269242
2026-08-24,norske-skog-nskog-xosl,NSKOG.OL,46.54999923706055,46.099998474121094,46.099998474121094,211307
2026-08-25,norske-skog-nskog-xosl,NSKOG.OL,46.04999923706055,45.75,45.75,221153
2026-08-26,norske-skog-nskog-xosl,NSKOG.OL,45.54999923706055,45.29999923706055,45.29999923706055,65581
2026-08-27,norske-skog-nskog-xosl,NSKOG.OL,45.45000076293945,47.0,47.0,391382
2026-08-28,norske-skog-nskog-xosl,NSKOG.OL,46.79999923706055,48.20000076293945,48.20000076293945,331083
2026-08-31,norske-skog-nskog-xosl,NSKOG.OL,48.0,49.25,49.25,395288
2026-09-01,norske-skog-nskog-xosl,NSKOG.OL,48.650001525878906,47.70000076293945,47.70000076293945,161818
2026-09-02,norske-skog-nskog-xosl,NSKOG.OL,47.70000076293945,48.0,48.0,138479
2026-09-03,norske-skog-nskog-xosl,NSKOG.OL,47.900001525878906,47.20000076293945,47.20000076293945,148262
2026-09-04,norske-skog-nskog-xosl,NSKOG.OL,48.20000076293945,48.5,48.5,338418
2026-09-07,norske-skog-nskog-xosl,NSKOG.OL,48.400001525878906,47.599998474121094,47.599998474121094,123180
2026-09-08,norske-skog-nskog-xosl,NSKOG.OL,48.0,47.400001525878906,47.400001525878906,74198
2026-09-09,norske-skog-nskog-xosl,NSKOG.OL,47.25,50.0,50.0,505518
2026-09-10,norske-skog-nskog-xosl,NSKOG.OL,49.599998474121094,50.599998474121094,50.599998474121094,503232
2026-09-11,norske-skog-nskog-xosl,NSKOG.OL,50.5,50.70000076293945,50.70000076293945,168868
2026-09-14,norske-skog-nskog-xosl,NSKOG.OL,50.70000076293945,50.79999923706055,50.79999923706055,389056
2026-09-15,norske-skog-nskog-xosl,NSKOG.OL,50.5,53.099998474121094,53.099998474121094,348508
2026-09-16,norske-skog-nskog-xosl,NSKOG.OL,53.0,53.400001525878906,53.400001525878906,366580
2026-09-17,norske-skog-nskog-xosl,NSKOG.OL,53.0,53.70000076293945,53.70000076293945,136944
2026-09-18,norske-skog-nskog-xosl,NSKOG.OL,53.599998474121094,54.20000076293945,54.20000076293945,264898
2026-09-21,norske-skog-nskog-xosl,NSKOG.OL,54.79999923706055,50.20000076293945,50.20000076293945,812718
2026-09-22,norske-skog-nskog-xosl,NSKOG.OL,50.29999923706055,50.099998474121094,50.099998474121094,376012
2026-09-23,norske-skog-nskog-xosl,NSKOG.OL,50.400001525878906,48.650001525878906,48.650001525878906,385395
2026-09-24,norske-skog-nskog-xosl,NSKOG.OL,48.70000076293945,47.0,47.0,292837
2026-09-25,norske-skog-nskog-xosl,NSKOG.OL,47.150001525878906,46.150001525878906,46.150001525878906,254562
2026-09-28,norske-skog-nskog-xosl,NSKOG.OL,46.45000076293945,45.400001525878906,45.400001525878906,189090
2026-09-29,norske-skog-nskog-xosl,NSKOG.OL,45.5,46.20000076293945,46.20000076293945,176535
2026-09-30,norske-skog-nskog-xosl,NSKOG.OL,46.0,46.79999923706055,46.79999923706055,232444
2026-10-01,norske-skog-nskog-xosl,NSKOG.OL,47.5,44.599998474121094,44.599998474121094,242683
2026-10-02,norske-skog-nskog-xosl,NSKOG.OL,45.0,44.0,44.0,278614
2026-10-05,norske-skog-nskog-xosl,NSKOG.OL,43.599998474121094,43.75,43.75,115097
2026-10-06,norske-skog-nskog-xosl,NSKOG.OL,43.45000076293945,41.0,41.0,394022
2026-10-07,norske-skog-nskog-xosl,NSKOG.OL,41.0,40.5,40.5,146699
2026-10-08,norske-skog-nskog-xosl,NSKOG.OL,40.45000076293945,44.25,44.25,603790
2026-07-13,norwegian-air-shuttle-nas-xosl,NAS.OL,13.574999809265137,13.420000076293945,13.420000076293945,8660707
2026-07-14,norwegian-air-shuttle-nas-xosl,NAS.OL,13.140000343322754,13.100000381469727,13.100000381469727,9407187
2026-07-15,norwegian-air-shuttle-nas-xosl,NAS.OL,13.114999771118164,12.779999732971191,12.779999732971191,14007944
2026-07-16,norwegian-air-shuttle-nas-xosl,NAS.OL,12.699999809265137,12.869999885559082,12.869999885559082,6274740
2026-07-17,norwegian-air-shuttle-nas-xosl,NAS.OL,12.949999809265137,12.885000228881836,12.885000228881836,6300387
2026-07-20,norwegian-air-shuttle-nas-xosl,NAS.OL,12.779999732971191,12.850000381469727,12.850000381469727,5989969
2026-07-21,norwegian-air-shuttle-nas-xosl,NAS.OL,12.859999656677246,12.574999809265137,12.574999809265137,5477723
2026-07-22,norwegian-air-shuttle-nas-xosl,NAS.OL,12.5,12.5600004196167,12.5600004196167,5585324
2026-07-23,norwegian-air-shuttle-nas-xosl,NAS.OL,12.5,12.494999885559082,12.494999885559082,6376317
2026-07-24,norwegian-air-shuttle-nas-xosl,NAS.OL,12.5,12.614999771118164,12.614999771118164,6381187
2026-07-27,norwegian-air-shuttle-nas-xosl,NAS.OL,13.005000114440918,12.899999618530273,12.899999618530273,8908349
2026-07-28,norwegian-air-shuttle-nas-xosl,NAS.OL,13.0,13.010000228881836,13.010000228881836,4074141
2026-07-29,norwegian-air-shuttle-nas-xosl,NAS.OL,13.005000114440918,12.949999809265137,12.949999809265137,4941905
2026-07-30,norwegian-air-shuttle-nas-xosl,NAS.OL,12.824999809265137,13.055000305175781,13.055000305175781,4549247
2026-07-31,norwegian-air-shuttle-nas-xosl,NAS.OL,13.149999618530273,13.024999618530273,13.024999618530273,4693951
2026-08-03,norwegian-air-shuttle-nas-xosl,NAS.OL,13.354999542236328,13.3100004196167,13.3100004196167,7846924
2026-08-04,norwegian-air-shuttle-nas-xosl,NAS.OL,13.260000228881836,13.194999694824219,13.194999694824219,11630478
2026-08-05,norwegian-air-shuttle-nas-xosl,NAS.OL,13.390000343322754,13.289999961853027,13.289999961853027,9340685
2026-08-06,norwegian-air-shuttle-nas-xosl,NAS.OL,13.545000076293945,13.470000267028809,13.470000267028809,6233048
2026-08-07,norwegian-air-shuttle-nas-xosl,NAS.OL,13.425000190734863,13.425000190734863,13.425000190734863,4581641
2026-08-10,norwegian-air-shuttle-nas-xosl,NAS.OL,13.449999809265137,13.279999732971191,13.279999732971191,2989716
2026-08-11,norwegian-air-shuttle-nas-xosl,NAS.OL,13.239999771118164,13.204999923706055,13.204999923706055,4222086
2026-08-12,norwegian-air-shuttle-nas-xosl,NAS.OL,13.199999809265137,13.204999923706055,13.204999923706055,3321416
2026-08-13,norwegian-air-shuttle-nas-xosl,NAS.OL,13.199999809265137,13.3100004196167,13.3100004196167,3839046
2026-08-14,norwegian-air-shuttle-nas-xosl,NAS.OL,13.345000267028809,13.3100004196167,13.3100004196167,3791249
2026-08-17,norwegian-air-shuttle-nas-xosl,NAS.OL,13.34000015258789,13.154999732971191,13.154999732971191,3823604
2026-08-18,norwegian-air-shuttle-nas-xosl,NAS.OL,12.994999885559082,12.885000228881836,12.885000228881836,6062323
2026-08-19,norwegian-air-shuttle-nas-xosl,NAS.OL,12.869999885559082,12.880000114440918,12.880000114440918,3175699
2026-08-20,norwegian-air-shuttle-nas-xosl,NAS.OL,12.824999809265137,12.630000114440918,12.630000114440918,6717453
2026-08-21,norwegian-air-shuttle-nas-xosl,NAS.OL,12.569999694824219,12.539999961853027,12.539999961853027,7578191
2026-08-24,norwegian-air-shuttle-nas-xosl,NAS.OL,12.699999809265137,12.859999656677246,12.859999656677246,7104307
2026-08-25,norwegian-air-shuttle-nas-xosl,NAS.OL,12.9399995803833,13.140000343322754,13.140000343322754,6594135
2026-08-26,norwegian-air-shuttle-nas-xosl,NAS.OL,13.15999984741211,13.390000343322754,13.390000343322754,6676536
2026-08-27,norwegian-air-shuttle-nas-xosl,NAS.OL,13.425000190734863,13.194999694824219,13.194999694824219,3656062
2026-08-28,norwegian-air-shuttle-nas-xosl,NAS.OL,13.350000381469727,13.199999809265137,13.199999809265137,3434285
2026-08-31,norwegian-air-shuttle-nas-xosl,NAS.OL,13.079999923706055,12.970000267028809,12.970000267028809,5075755
2026-09-01,norwegian-air-shuttle-nas-xosl,NAS.OL,12.930000305175781,12.880000114440918,12.880000114440918,4472286
2026-09-02,norwegian-air-shuttle-nas-xosl,NAS.OL,12.71500015258789,12.954999923706055,12.954999923706055,4554015
2026-09-03,norwegian-air-shuttle-nas-xosl,NAS.OL,12.90999984741211,12.8149995803833,12.8149995803833,5921845
2026-09-04,norwegian-air-shuttle-nas-xosl,NAS.OL,12.800000190734863,12.90999984741211,12.90999984741211,3708419
2026-09-07,norwegian-air-shuttle-nas-xosl,NAS.OL,12.850000381469727,12.760000228881836,12.760000228881836,2796715
2026-09-08,norwegian-air-shuttle-nas-xosl,NAS.OL,12.704999923706055,12.75,12.75,2142261
2026-09-09,norwegian-air-shuttle-nas-xosl,NAS.OL,12.704999923706055,12.75,12.75,2860302
2026-09-10,norwegian-air-shuttle-nas-xosl,NAS.OL,12.729999542236328,12.404999732971191,12.404999732971191,7145867
2026-09-11,norwegian-air-shuttle-nas-xosl,NAS.OL,12.369999885559082,12.420000076293945,12.420000076293945,3957365
2026-09-14,norwegian-air-shuttle-nas-xosl,NAS.OL,12.359999656677246,11.989999771118164,11.989999771118164,6864289
2026-09-15,norwegian-air-shuttle-nas-xosl,NAS.OL,11.989999771118164,11.925000190734863,11.925000190734863,5197904
2026-09-16,norwegian-air-shuttle-nas-xosl,NAS.OL,12.039999961853027,11.949999809265137,11.949999809265137,3682515
2026-09-17,norwegian-air-shuttle-nas-xosl,NAS.OL,12.109999656677246,12.260000228881836,12.260000228881836,4586019
2026-09-18,norwegian-air-shuttle-nas-xosl,NAS.OL,12.270000457763672,12.020000457763672,12.020000457763672,9567586
2026-09-21,norwegian-air-shuttle-nas-xosl,NAS.OL,12.140000343322754,12.180000305175781,12.180000305175781,3290774
2026-09-22,norwegian-air-shuttle-nas-xosl,NAS.OL,12.220000267028809,12.755000114440918,12.755000114440918,9679397
2026-09-23,norwegian-air-shuttle-nas-xosl,NAS.OL,12.800000190734863,12.274999618530273,12.274999618530273,5725405
2026-09-24,norwegian-air-shuttle-nas-xosl,NAS.OL,12.25,12.069999694824219,12.069999694824219,4255451
2026-09-25,norwegian-air-shuttle-nas-xosl,NAS.OL,12.199999809265137,12.3149995803833,12.3149995803833,5719490
2026-09-28,norwegian-air-shuttle-nas-xosl,NAS.OL,12.449999809265137,12.229999542236328,12.229999542236328,3573355
2026-09-29,norwegian-air-shuttle-nas-xosl,NAS.OL,12.210000038146973,12.34000015258789,12.34000015258789,2903571
2026-09-30,norwegian-air-shuttle-nas-xosl,NAS.OL,12.390000343322754,12.104999542236328,12.104999542236328,4450154
2026-10-01,norwegian-air-shuttle-nas-xosl,NAS.OL,12.104999542236328,12.125,12.125,2765067
2026-10-02,norwegian-air-shuttle-nas-xosl,NAS.OL,12.1899995803833,12.175000190734863,12.175000190734863,3195209
2026-10-05,norwegian-air-shuttle-nas-xosl,NAS.OL,12.010000228881836,11.654999732971191,11.654999732971191,8394047
2026-10-06,norwegian-air-shuttle-nas-xosl,NAS.OL,11.649999618530273,11.739999771118164,11.739999771118164,4876377
2026-10-07,norwegian-air-shuttle-nas-xosl,NAS.OL,11.395000457763672,11.364999771118164,11.364999771118164,5163022
2026-10-08,norwegian-air-shuttle-nas-xosl,NAS.OL,11.220000267028809,11.1899995803833,11.1899995803833,6160445
2026-07-13,nykode-therapeutics-nykd-xosl,NYKD.OL,3.0,2.7699999809265137,2.7699999809265137,381366
2026-07-14,nykode-therapeutics-nykd-xosl,NYKD.OL,2.759999990463257,2.809999942779541,2.809999942779541,313393
2026-07-15,nykode-therapeutics-nykd-xosl,NYKD.OL,2.7200000286102295,2.7850000858306885,2.7850000858306885,389304
2026-07-16,nykode-therapeutics-nykd-xosl,NYKD.OL,2.7699999809265137,2.825000047683716,2.825000047683716,299423
2026-07-17,nykode-therapeutics-nykd-xosl,NYKD.OL,2.799999952316284,2.7699999809265137,2.7699999809265137,227297
2026-07-20,nykode-therapeutics-nykd-xosl,NYKD.OL,2.765000104904175,2.765000104904175,2.765000104904175,219535
2026-07-21,nykode-therapeutics-nykd-xosl,NYKD.OL,2.869999885559082,2.7300000190734863,2.7300000190734863,420442
2026-07-22,nykode-therapeutics-nykd-xosl,NYKD.OL,2.700000047683716,3.109999895095825,3.109999895095825,1226616
2026-07-23,nykode-therapeutics-nykd-xosl,NYKD.OL,3.1700000762939453,3.075000047683716,3.075000047683716,851268
2026-07-24,nykode-therapeutics-nykd-xosl,NYKD.OL,3.0450000762939453,3.190000057220459,3.190000057220459,1326726
2026-07-27,nykode-therapeutics-nykd-xosl,NYKD.OL,3.180000066757202,3.2149999141693115,3.2149999141693115,707807
2026-07-28,nykode-therapeutics-nykd-xosl,NYKD.OL,3.2300000190734863,3.200000047683716,3.200000047683716,385749
2026-07-29,nykode-therapeutics-nykd-xosl,NYKD.OL,3.119999885559082,3.184999942779541,3.184999942779541,499502
2026-07-30,nykode-therapeutics-nykd-xosl,NYKD.OL,3.0999999046325684,3.5199999809265137,3.5199999809265137,3150808
2026-07-31,nykode-therapeutics-nykd-xosl,NYKD.OL,3.484999895095825,3.380000114440918,3.380000114440918,923327
2026-08-03,nykode-therapeutics-nykd-xosl,NYKD.OL,3.3949999809265137,3.3499999046325684,3.3499999046325684,412886
2026-08-04,nykode-therapeutics-nykd-xosl,NYKD.OL,3.3299999237060547,3.380000114440918,3.380000114440918,616639
2026-08-05,nykode-therapeutics-nykd-xosl,NYKD.OL,3.4149999618530273,3.2100000381469727,3.2100000381469727,658828
2026-08-06,nykode-therapeutics-nykd-xosl,NYKD.OL,3.2149999141693115,3.2200000286102295,3.2200000286102295,677752
2026-08-07,nykode-therapeutics-nykd-xosl,NYKD.OL,3.25,3.3299999237060547,3.3299999237060547,567193
2026-08-10,nykode-therapeutics-nykd-xosl,NYKD.OL,3.359999895095825,3.299999952316284,3.299999952316284,341054
2026-08-11,nykode-therapeutics-nykd-xosl,NYKD.OL,3.234999895095825,3.2899999618530273,3.2899999618530273,220292
2026-08-12,nykode-therapeutics-nykd-xosl,NYKD.OL,3.359999895095825,3.380000114440918,3.380000114440918,623612
2026-08-13,nykode-therapeutics-nykd-xosl,NYKD.OL,3.4000000953674316,3.434999942779541,3.434999942779541,385325
2026-08-14,nykode-therapeutics-nykd-xosl,NYKD.OL,3.4800000190734863,3.384999990463257,3.384999990463257,315985
2026-08-17,nykode-therapeutics-nykd-xosl,NYKD.OL,3.4000000953674316,3.3499999046325684,3.3499999046325684,955408
2026-08-18,nykode-therapeutics-nykd-xosl,NYKD.OL,3.4000000953674316,3.234999895095825,3.234999895095825,377277
2026-08-19,nykode-therapeutics-nykd-xosl,NYKD.OL,3.200000047683716,4.929999828338623,4.929999828338623,13117907
2026-08-20,nykode-therapeutics-nykd-xosl,NYKD.OL,5.099999904632568,4.099999904632568,4.099999904632568,13655594
2026-08-21,nykode-therapeutics-nykd-xosl,NYKD.OL,4.195000171661377,4.510000228881836,4.510000228881836,6809048
2026-08-24,nykode-therapeutics-nykd-xosl,NYKD.OL,4.590000152587891,4.559999942779541,4.559999942779541,3036452
2026-08-25,nykode-therapeutics-nykd-xosl,NYKD.OL,4.605000019073486,4.639999866485596,4.639999866485596,1905918
2026-08-26,nykode-therapeutics-nykd-xosl,NYKD.OL,4.78000020980835,4.599999904632568,4.599999904632568,11640937
2026-08-27,nykode-therapeutics-nykd-xosl,NYKD.OL,4.994999885559082,4.989999771118164,4.989999771118164,4663385
2026-08-28,nykode-therapeutics-nykd-xosl,NYKD.OL,4.559999942779541,4.300000190734863,4.300000190734863,11155180
2026-08-31,nykode-therapeutics-nykd-xosl,NYKD.OL,4.275000095367432,4.289999961853027,4.289999961853027,4990942
2026-09-01,nykode-therapeutics-nykd-xosl,NYKD.OL,4.28000020980835,4.074999809265137,4.074999809265137,5223055
2026-09-02,nykode-therapeutics-nykd-xosl,NYKD.OL,4.114999771118164,4.110000133514404,4.110000133514404,4187115
2026-09-03,nykode-therapeutics-nykd-xosl,NYKD.OL,4.175000190734863,4.079999923706055,4.079999923706055,1845455
2026-09-04,nykode-therapeutics-nykd-xosl,NYKD.OL,4.139999866485596,4.09499979019165,4.09499979019165,997829
2026-09-07,nykode-therapeutics-nykd-xosl,NYKD.OL,4.050000190734863,4.025000095367432,4.025000095367432,1336844
2026-09-08,nykode-therapeutics-nykd-xosl,NYKD.OL,4.050000190734863,4.0,4.0,1713271
2026-09-09,nykode-therapeutics-nykd-xosl,NYKD.OL,3.990000009536743,4.199999809265137,4.199999809265137,1834055
2026-09-10,nykode-therapeutics-nykd-xosl,NYKD.OL,4.139999866485596,4.039999961853027,4.039999961853027,1769194
2026-09-11,nykode-therapeutics-nykd-xosl,NYKD.OL,4.090000152587891,3.950000047683716,3.950000047683716,1994420
2026-09-14,nykode-therapeutics-nykd-xosl,NYKD.OL,3.9200000762939453,3.859999895095825,3.859999895095825,1288557
2026-09-15,nykode-therapeutics-nykd-xosl,NYKD.OL,3.799999952316284,3.809999942779541,3.809999942779541,1221177
2026-09-16,nykode-therapeutics-nykd-xosl,NYKD.OL,3.875,3.924999952316284,3.924999952316284,977792
2026-09-17,nykode-therapeutics-nykd-xosl,NYKD.OL,3.9100000858306885,4.019999980926514,4.019999980926514,761275
2026-09-18,nykode-therapeutics-nykd-xosl,NYKD.OL,4.010000228881836,4.050000190734863,4.050000190734863,2143022
2026-09-21,nykode-therapeutics-nykd-xosl,NYKD.OL,4.179999828338623,3.9700000286102295,3.9700000286102295,1206542
2026-09-22,nykode-therapeutics-nykd-xosl,NYKD.OL,4.0,4.03000020980835,4.03000020980835,896598
2026-09-23,nykode-therapeutics-nykd-xosl,NYKD.OL,4.019999980926514,3.934999942779541,3.934999942779541,629340
2026-09-24,nykode-therapeutics-nykd-xosl,NYKD.OL,3.934999942779541,3.815000057220459,3.815000057220459,1436951
2026-09-25,nykode-therapeutics-nykd-xosl,NYKD.OL,3.809999942779541,3.9049999713897705,3.9049999713897705,1455737
2026-09-28,nykode-therapeutics-nykd-xosl,NYKD.OL,3.549999952316284,3.609999895095825,3.609999895095825,3322565
2026-09-29,nykode-therapeutics-nykd-xosl,NYKD.OL,3.630000114440918,3.5899999141693115,3.5899999141693115,881341
2026-09-30,nykode-therapeutics-nykd-xosl,NYKD.OL,3.5850000381469727,3.569999933242798,3.569999933242798,893560
2026-10-01,nykode-therapeutics-nykd-xosl,NYKD.OL,3.690000057220459,3.450000047683716,3.450000047683716,1456871
2026-10-02,nykode-therapeutics-nykd-xosl,NYKD.OL,3.5,3.4749999046325684,3.4749999046325684,407047
2026-10-05,nykode-therapeutics-nykd-xosl,NYKD.OL,3.4549999237060547,3.5950000286102295,3.5950000286102295,494432
2026-10-06,nykode-therapeutics-nykd-xosl,NYKD.OL,3.609999895095825,3.555000066757202,3.555000066757202,417038
2026-10-07,nykode-therapeutics-nykd-xosl,NYKD.OL,3.5199999809265137,3.5250000953674316,3.5250000953674316,499985
2026-10-08,nykode-therapeutics-nykd-xosl,NYKD.OL,3.5250000953674316,3.4000000953674316,3.4000000953674316,1096763
2026-07-13,odfjell-drilling-odl-xosl,ODL.OL,84.5,84.0999984741211,82.05744171142578,196424
2026-07-14,odfjell-drilling-odl-xosl,ODL.OL,85.0,83.69999694824219,81.66716003417969,224314
2026-07-15,odfjell-drilling-odl-xosl,ODL.OL,84.30000305175781,83.0,80.98416137695312,176894
2026-07-16,odfjell-drilling-odl-xosl,ODL.OL,84.69999694824219,86.5,84.39915466308594,331337
2026-07-17,odfjell-drilling-odl-xosl,ODL.OL,85.30000305175781,85.4000015258789,83.32587432861328,315070
2026-07-20,odfjell-drilling-odl-xosl,ODL.OL,86.30000305175781,86.0,83.91130065917969,148636
2026-07-21,odfjell-drilling-odl-xosl,ODL.OL,87.0999984741211,87.5,85.37487030029297,139280
2026-07-22,odfjell-drilling-odl-xosl,ODL.OL,88.5999984741211,88.5,86.35057830810547,244632
2026-07-23,odfjell-drilling-odl-xosl,ODL.OL,89.80000305175781,91.0,88.78986358642578,369373
2026-07-24,odfjell-drilling-odl-xosl,ODL.OL,92.0,91.5,89.27771759033203,260953
2026-07-27,odfjell-drilling-odl-xosl,ODL.OL,90.80000305175781,91.5999984741211,89.37528991699219,542022
2026-07-28,odfjell-drilling-odl-xosl,ODL.OL,91.0,90.4000015258789,88.20443725585938,208337
2026-07-29,odfjell-drilling-odl-xosl,ODL.OL,90.5,90.69999694824219,88.49714660644531,280565
2026-07-30,odfjell-drilling-odl-xosl,ODL.OL,90.5,90.5999984741211,88.39957427978516,167467
2026-07-31,odfjell-drilling-odl-xosl,ODL.OL,90.69999694824219,91.0,88.78986358642578,226944
2026-08-03,odfjell-drilling-odl-xosl,ODL.OL,90.69999694824219,91.5,89.27771759033203,188476
2026-08-04,odfjell-drilling-odl-xosl,ODL.OL,91.9000015258789,91.19999694824219,88.98500061035156,169346
2026-08-05,odfjell-drilling-odl-xosl,ODL.OL,91.5,90.0999984741211,87.9117202758789,202756
2026-08-06,odfjell-drilling-odl-xosl,ODL.OL,90.0999984741211,90.0999984741211,87.9117202758789,305823
2026-08-07,odfjell-drilling-odl-xosl,ODL.OL,89.19999694824219,88.80000305175781,86.64329528808594,230136
2026-08-10,odfjell-drilling-odl-xosl,ODL.OL,88.80000305175781,89.19999694824219,87.03357696533203,169218
2026-08-11,odfjell-drilling-odl-xosl,ODL.OL,90.19999694824219,90.0999984741211,87.9117202758789,197668
2026-08-12,odfjell-drilling-odl-xosl,ODL.OL,91.0,90.19999694824219,88.00929260253906,113905
2026-08-13,odfjell-drilling-odl-xosl,ODL.OL,90.5,90.5,88.30200958251953,134707
2026-08-14,odfjell-drilling-odl-xosl,ODL.OL,91.19999694824219,92.0999984741211,89.86314392089844,168545
2026-08-17,odfjell-drilling-odl-xosl,ODL.OL,92.30000305175781,92.0,89.76557922363281,319145
2026-08-18,odfjell-drilling-odl-xosl,ODL.OL,95.5,95.5,93.18057250976562,830179
2026-08-19,odfjell-drilling-odl-xosl,ODL.OL,95.5,91.9000015258789,89.66800689697266,745469
2026-08-20,odfjell-drilling-odl-xosl,ODL.OL,93.0,93.5999984741211,91.32671356201172,287989
2026-08-21,odfjell-drilling-odl-xosl,ODL.OL,92.80000305175781,95.30000305175781,92.98542785644531,443460
2026-08-24,odfjell-drilling-odl-xosl,ODL.OL,95.30000305175781,92.9000015258789,90.64371490478516,322519
2026-08-25,odfjell-drilling-odl-xosl,ODL.OL,94.9000015258789,92.4000015258789,90.1558609008789,264512
2026-08-26,odfjell-drilling-odl-xosl,ODL.OL,93.0,92.4000015258789,90.1558609008789,151423
2026-08-27,odfjell-drilling-odl-xosl,ODL.OL,92.19999694824219,91.9000015258789,89.66800689697266,162456
2026-08-28,odfjell-drilling-odl-xosl,ODL.OL,92.4000015258789,93.19999694824219,90.9364242553711,185227
2026-08-31,odfjell-drilling-odl-xosl,ODL.OL,92.9000015258789,94.4000015258789,92.10728454589844,424561
2026-09-01,odfjell-drilling-odl-xosl,ODL.OL,96.0999984741211,97.0,94.6441421508789,635845
2026-09-02,odfjell-drilling-odl-xosl,ODL.OL,96.69999694824219,96.0999984741211,93.76599884033203,555354
2026-09-03,odfjell-drilling-odl-xosl,ODL.OL,92.9000015258789,94.5999984741211,94.5999984741211,432872
2026-09-04,odfjell-drilling-odl-xosl,ODL.OL,95.0,95.19999694824219,95.19999694824219,255529
2026-09-07,odfjell-drilling-odl-xosl,ODL.OL,95.5,94.0,94.0,283916
2026-09-08,odfjell-drilling-odl-xosl,ODL.OL,94.19999694824219,97.30000305175781,97.30000305175781,526172
2026-09-09,odfjell-drilling-odl-xosl,ODL.OL,97.30000305175781,96.9000015258789,96.9000015258789,228727
2026-09-10,odfjell-drilling-odl-xosl,ODL.OL,99.9000015258789,99.5,99.5,665954
2026-09-11,odfjell-drilling-odl-xosl,ODL.OL,100.5999984741211,102.5999984741211,102.5999984741211,411633
2026-09-14,odfjell-drilling-odl-xosl,ODL.OL,102.80000305175781,100.80000305175781,100.80000305175781,336361
2026-09-15,odfjell-drilling-odl-xosl,ODL.OL,100.5999984741211,101.5999984741211,101.5999984741211,421694
2026-09-16,odfjell-drilling-odl-xosl,ODL.OL,102.19999694824219,105.5999984741211,105.5999984741211,501494
2026-09-17,odfjell-drilling-odl-xosl,ODL.OL,105.4000015258789,105.80000305175781,105.80000305175781,367821
2026-09-18,odfjell-drilling-odl-xosl,ODL.OL,105.5999984741211,105.19999694824219,105.19999694824219,330206
2026-09-21,odfjell-drilling-odl-xosl,ODL.OL,105.0,102.80000305175781,102.80000305175781,350126
2026-09-22,odfjell-drilling-odl-xosl,ODL.OL,103.0,102.0,102.0,341020
2026-09-23,odfjell-drilling-odl-xosl,ODL.OL,101.0,102.80000305175781,102.80000305175781,185495
2026-09-24,odfjell-drilling-odl-xosl,ODL.OL,102.80000305175781,102.0,102.0,162390
2026-09-25,odfjell-drilling-odl-xosl,ODL.OL,101.5999984741211,102.0,102.0,174684
2026-09-28,odfjell-drilling-odl-xosl,ODL.OL,101.19999694824219,102.80000305175781,102.80000305175781,209296
2026-09-29,odfjell-drilling-odl-xosl,ODL.OL,102.0,100.5999984741211,100.5999984741211,343802
2026-09-30,odfjell-drilling-odl-xosl,ODL.OL,100.4000015258789,100.19999694824219,100.19999694824219,236457
2026-10-01,odfjell-drilling-odl-xosl,ODL.OL,99.69999694824219,99.30000305175781,99.30000305175781,352797
2026-10-02,odfjell-drilling-odl-xosl,ODL.OL,99.80000305175781,98.0999984741211,98.0999984741211,237267
2026-10-05,odfjell-drilling-odl-xosl,ODL.OL,98.9000015258789,99.0,99.0,295795
2026-10-06,odfjell-drilling-odl-xosl,ODL.OL,99.5,97.9000015258789,97.9000015258789,307266
2026-10-07,odfjell-drilling-odl-xosl,ODL.OL,98.69999694824219,97.19999694824219,97.19999694824219,276784
2026-10-08,odfjell-drilling-odl-xosl,ODL.OL,97.0,98.4000015258789,98.4000015258789,283481
2026-07-13,okea-xosl,OKEA.OL,31.25,31.299999237060547,31.299999237060547,379843
2026-07-14,okea-xosl,OKEA.OL,32.29999923706055,32.0,32.0,315945
2026-07-15,okea-xosl,OKEA.OL,32.04999923706055,32.25,32.25,267949
2026-07-16,okea-xosl,OKEA.OL,32.0,31.549999237060547,31.549999237060547,567348
2026-07-17,okea-xosl,OKEA.OL,31.899999618530273,32.150001525878906,32.150001525878906,277958
2026-07-20,okea-xosl,OKEA.OL,32.95000076293945,32.04999923706055,32.04999923706055,286254
2026-07-21,okea-xosl,OKEA.OL,32.0,33.349998474121094,33.349998474121094,450807
2026-07-22,okea-xosl,OKEA.OL,33.849998474121094,35.0,35.0,412261
2026-07-23,okea-xosl,OKEA.OL,35.29999923706055,35.79999923706055,35.79999923706055,448360
2026-07-24,okea-xosl,OKEA.OL,35.650001525878906,35.5,35.5,348826
2026-07-27,okea-xosl,OKEA.OL,33.900001525878906,33.95000076293945,33.95000076293945,512162
2026-07-28,okea-xosl,OKEA.OL,33.95000076293945,33.70000076293945,33.70000076293945,198976
2026-07-29,okea-xosl,OKEA.OL,34.400001525878906,34.150001525878906,34.150001525878906,357411
2026-07-30,okea-xosl,OKEA.OL,34.70000076293945,33.79999923706055,33.79999923706055,201557
2026-07-31,okea-xosl,OKEA.OL,34.0,33.95000076293945,33.95000076293945,178237
2026-08-03,okea-xosl,OKEA.OL,33.29999923706055,33.45000076293945,33.45000076293945,248627
2026-08-04,okea-xosl,OKEA.OL,33.5,33.29999923706055,33.29999923706055,275667
2026-08-05,okea-xosl,OKEA.OL,33.75,33.349998474121094,33.349998474121094,210016
2026-08-06,okea-xosl,OKEA.OL,33.349998474121094,33.54999923706055,33.54999923706055,155714
2026-08-07,okea-xosl,OKEA.OL,34.95000076293945,34.599998474121094,34.599998474121094,561223
2026-08-10,okea-xosl,OKEA.OL,34.54999923706055,36.25,36.25,369906
2026-08-11,okea-xosl,OKEA.OL,36.849998474121094,37.400001525878906,37.400001525878906,560821
2026-08-12,okea-xosl,OKEA.OL,37.5,38.20000076293945,38.20000076293945,523557
2026-08-13,okea-xosl,OKEA.OL,37.95000076293945,37.400001525878906,37.400001525878906,283959
2026-08-14,okea-xosl,OKEA.OL,37.20000076293945,37.849998474121094,37.849998474121094,663377
2026-08-17,okea-xosl,OKEA.OL,38.400001525878906,37.349998474121094,37.349998474121094,196661
2026-08-18,okea-xosl,OKEA.OL,38.5,38.25,38.25,447216
2026-08-19,okea-xosl,OKEA.OL,38.349998474121094,38.849998474121094,38.849998474121094,414397
2026-08-20,okea-xosl,OKEA.OL,39.20000076293945,40.20000076293945,40.20000076293945,391136
2026-08-21,okea-xosl,OKEA.OL,40.20000076293945,39.45000076293945,39.45000076293945,228106
2026-08-24,okea-xosl,OKEA.OL,39.20000076293945,38.349998474121094,38.349998474121094,233986
2026-08-25,okea-xosl,OKEA.OL,38.650001525878906,37.95000076293945,37.95000076293945,189421
2026-08-26,okea-xosl,OKEA.OL,37.29999923706055,37.75,37.75,371078
2026-08-27,okea-xosl,OKEA.OL,37.70000076293945,37.79999923706055,37.79999923706055,120029
2026-08-28,okea-xosl,OKEA.OL,37.79999923706055,38.150001525878906,38.150001525878906,129194
2026-08-31,okea-xosl,OKEA.OL,39.0,38.70000076293945,38.70000076293945,211089
2026-09-01,okea-xosl,OKEA.OL,39.0,39.04999923706055,39.04999923706055,309878
2026-09-02,okea-xosl,OKEA.OL,39.20000076293945,39.599998474121094,39.599998474121094,253079
2026-09-03,okea-xosl,OKEA.OL,39.54999923706055,38.54999923706055,38.54999923706055,221550
2026-09-04,okea-xosl,OKEA.OL,38.79999923706055,37.79999923706055,37.79999923706055,303341
2026-09-07,okea-xosl,OKEA.OL,38.5,37.79999923706055,37.79999923706055,193335
2026-09-08,okea-xosl,OKEA.OL,38.70000076293945,39.349998474121094,39.349998474121094,271767
2026-09-09,okea-xosl,OKEA.OL,39.599998474121094,39.849998474121094,39.849998474121094,407508
2026-09-10,okea-xosl,OKEA.OL,39.5,39.95000076293945,39.95000076293945,325054
2026-09-11,okea-xosl,OKEA.OL,40.0,40.400001525878906,40.400001525878906,252062
2026-09-14,okea-xosl,OKEA.OL,40.849998474121094,41.349998474121094,41.349998474121094,393701
2026-09-15,okea-xosl,OKEA.OL,41.0,40.0,40.0,410365
2026-09-16,okea-xosl,OKEA.OL,40.95000076293945,40.79999923706055,40.79999923706055,477865
2026-09-17,okea-xosl,OKEA.OL,40.20000076293945,40.45000076293945,40.45000076293945,269565
2026-09-18,okea-xosl,OKEA.OL,39.70000076293945,39.900001525878906,39.900001525878906,240680
2026-09-21,okea-xosl,OKEA.OL,40.0,38.79999923706055,38.79999923706055,229688
2026-09-22,okea-xosl,OKEA.OL,39.20000076293945,39.650001525878906,39.650001525878906,379512
2026-09-23,okea-xosl,OKEA.OL,39.45000076293945,39.849998474121094,39.849998474121094,244971
2026-09-24,okea-xosl,OKEA.OL,40.0,41.0,41.0,256081
2026-09-25,okea-xosl,OKEA.OL,40.900001525878906,40.04999923706055,40.04999923706055,209620
2026-09-28,okea-xosl,OKEA.OL,39.29999923706055,40.54999923706055,40.54999923706055,140264
2026-09-29,okea-xosl,OKEA.OL,40.0,40.04999923706055,40.04999923706055,144799
2026-09-30,okea-xosl,OKEA.OL,40.5,39.75,39.75,234853
2026-10-01,okea-xosl,OKEA.OL,39.95000076293945,39.5,39.5,291165
2026-10-02,okea-xosl,OKEA.OL,39.54999923706055,39.400001525878906,39.400001525878906,164777
2026-10-05,okea-xosl,OKEA.OL,39.29999923706055,40.150001525878906,40.150001525878906,290121
2026-10-06,okea-xosl,OKEA.OL,39.75,40.54999923706055,40.54999923706055,299408
2026-10-07,okea-xosl,OKEA.OL,40.400001525878906,40.95000076293945,40.95000076293945,193862
2026-10-08,okea-xosl,OKEA.OL,41.099998474121094,42.150001525878906,42.150001525878906,388656
2026-07-13,okeanis-eco-tankers-oet-xosl,OET.OL,536.0,532.0,527.2979736328125,53417
2026-07-14,okeanis-eco-tankers-oet-xosl,OET.OL,538.0,549.0,544.1477661132812,43772
2026-07-15,okeanis-eco-tankers-oet-xosl,OET.OL,547.0,541.0,536.2184448242188,47046
2026-07-16,okeanis-eco-tankers-oet-xosl,OET.OL,542.0,547.0,542.1654052734375,48710
2026-07-17,okeanis-eco-tankers-oet-xosl,OET.OL,544.0,533.0,528.2891845703125,67383
2026-07-20,okeanis-eco-tankers-oet-xosl,OET.OL,522.0,531.0,526.3068237304688,48922
2026-07-21,okeanis-eco-tankers-oet-xosl,OET.OL,531.0,546.0,541.1742553710938,29380
2026-07-22,okeanis-eco-tankers-oet-xosl,OET.OL,549.0,541.0,536.2184448242188,48337
2026-07-23,okeanis-eco-tankers-oet-xosl,OET.OL,545.0,551.0,546.1300659179688,88946
2026-07-24,okeanis-eco-tankers-oet-xosl,OET.OL,551.0,562.0,557.0328369140625,112688
2026-07-27,okeanis-eco-tankers-oet-xosl,OET.OL,552.0,542.0,537.2095947265625,60268
2026-07-28,okeanis-eco-tankers-oet-xosl,OET.OL,553.0,564.0,559.0151977539062,57976
2026-07-29,okeanis-eco-tankers-oet-xosl,OET.OL,568.0,561.0,556.0416870117188,72164
2026-07-30,okeanis-eco-tankers-oet-xosl,OET.OL,565.0,556.0,551.0858764648438,52174
2026-07-31,okeanis-eco-tankers-oet-xosl,OET.OL,566.0,575.0,569.91796875,72703
2026-08-03,okeanis-eco-tankers-oet-xosl,OET.OL,575.0,575.0,569.91796875,60352
2026-08-04,okeanis-eco-tankers-oet-xosl,OET.OL,582.0,579.0,573.882568359375,95406
2026-08-05,okeanis-eco-tankers-oet-xosl,OET.OL,585.0,583.0,577.8472290039062,361857
2026-08-06,okeanis-eco-tankers-oet-xosl,OET.OL,583.0,609.0,603.617431640625,222528
2026-08-07,okeanis-eco-tankers-oet-xosl,OET.OL,603.0,587.0,581.8118896484375,144441
2026-08-10,okeanis-eco-tankers-oet-xosl,OET.OL,592.0,590.0,584.785400390625,114635
2026-08-11,okeanis-eco-tankers-oet-xosl,OET.OL,578.0,577.0,571.9002685546875,165294
2026-08-12,okeanis-eco-tankers-oet-xosl,OET.OL,585.0,594.0,588.75,109176
2026-08-13,okeanis-eco-tankers-oet-xosl,OET.OL,546.0,568.0,568.0,121827
2026-08-14,okeanis-eco-tankers-oet-xosl,OET.OL,565.0,566.0,566.0,72924
2026-08-17,okeanis-eco-tankers-oet-xosl,OET.OL,571.0,588.0,588.0,93164
2026-08-18,okeanis-eco-tankers-oet-xosl,OET.OL,586.0,577.0,577.0,69431
2026-08-19,okeanis-eco-tankers-oet-xosl,OET.OL,585.0,591.0,591.0,177709
2026-08-20,okeanis-eco-tankers-oet-xosl,OET.OL,604.0,590.0,590.0,64772
2026-08-21,okeanis-eco-tankers-oet-xosl,OET.OL,592.0,605.0,605.0,84929
2026-08-24,okeanis-eco-tankers-oet-xosl,OET.OL,598.0,606.0,606.0,69977
2026-08-25,okeanis-eco-tankers-oet-xosl,OET.OL,609.0,600.0,600.0,68301
2026-08-26,okeanis-eco-tankers-oet-xosl,OET.OL,602.0,583.0,583.0,133730
2026-08-27,okeanis-eco-tankers-oet-xosl,OET.OL,583.0,614.0,614.0,132353
2026-08-28,okeanis-eco-tankers-oet-xosl,OET.OL,614.0,619.0,619.0,126776
2026-08-31,okeanis-eco-tankers-oet-xosl,OET.OL,626.0,624.0,624.0,90657
2026-09-01,okeanis-eco-tankers-oet-xosl,OET.OL,624.0,634.0,634.0,64459
2026-09-02,okeanis-eco-tankers-oet-xosl,OET.OL,632.0,630.0,630.0,38056
2026-09-03,okeanis-eco-tankers-oet-xosl,OET.OL,641.0,652.0,652.0,73896
2026-09-04,okeanis-eco-tankers-oet-xosl,OET.OL,643.0,665.0,665.0,59046
2026-09-07,okeanis-eco-tankers-oet-xosl,OET.OL,666.0,651.0,651.0,41657
2026-09-08,okeanis-eco-tankers-oet-xosl,OET.OL,658.0,651.0,651.0,61943
2026-09-09,okeanis-eco-tankers-oet-xosl,OET.OL,654.0,651.0,651.0,87421
2026-09-10,okeanis-eco-tankers-oet-xosl,OET.OL,655.0,669.0,669.0,55009
2026-09-11,okeanis-eco-tankers-oet-xosl,OET.OL,671.0,699.0,699.0,65973
2026-09-14,okeanis-eco-tankers-oet-xosl,OET.OL,713.0,709.0,709.0,100545
2026-09-15,okeanis-eco-tankers-oet-xosl,OET.OL,732.0,766.0,766.0,152746
2026-09-16,okeanis-eco-tankers-oet-xosl,OET.OL,771.0,803.0,803.0,129525
2026-09-17,okeanis-eco-tankers-oet-xosl,OET.OL,803.0,806.0,806.0,100209
2026-09-18,okeanis-eco-tankers-oet-xosl,OET.OL,806.0,810.0,810.0,1087373
2026-09-21,okeanis-eco-tankers-oet-xosl,OET.OL,797.0,805.0,805.0,130773
2026-09-22,okeanis-eco-tankers-oet-xosl,OET.OL,781.0,744.0,744.0,209911
2026-09-23,okeanis-eco-tankers-oet-xosl,OET.OL,728.0,731.0,731.0,108412
2026-09-24,okeanis-eco-tankers-oet-xosl,OET.OL,744.0,751.0,751.0,173426
2026-09-25,okeanis-eco-tankers-oet-xosl,OET.OL,747.0,741.0,741.0,83072
2026-09-28,okeanis-eco-tankers-oet-xosl,OET.OL,746.0,759.0,759.0,74740
2026-09-29,okeanis-eco-tankers-oet-xosl,OET.OL,759.0,766.0,766.0,46790
2026-09-30,okeanis-eco-tankers-oet-xosl,OET.OL,770.0,779.0,779.0,117207
2026-10-01,okeanis-eco-tankers-oet-xosl,OET.OL,782.0,800.0,800.0,91855
2026-10-02,okeanis-eco-tankers-oet-xosl,OET.OL,815.0,815.0,815.0,145147
2026-10-05,okeanis-eco-tankers-oet-xosl,OET.OL,835.0,834.0,834.0,94034
2026-10-06,okeanis-eco-tankers-oet-xosl,OET.OL,851.0,831.0,831.0,59221
2026-10-07,okeanis-eco-tankers-oet-xosl,OET.OL,837.0,860.0,860.0,85729
2026-10-08,okeanis-eco-tankers-oet-xosl,OET.OL,848.0,890.0,890.0,110917
2026-07-13,orkla-ork-xosl,ORK.OL,105.80000305175781,105.80000305175781,105.80000305175781,1173303
2026-07-14,orkla-ork-xosl,ORK.OL,105.80000305175781,105.5999984741211,105.5999984741211,1429808
2026-07-15,orkla-ork-xosl,ORK.OL,106.5,106.0,106.0,1253987
2026-07-16,orkla-ork-xosl,ORK.OL,105.4000015258789,106.19999694824219,106.19999694824219,1645202
2026-07-17,orkla-ork-xosl,ORK.OL,107.30000305175781,107.19999694824219,107.19999694824219,1569180
2026-07-20,orkla-ork-xosl,ORK.OL,107.0999984741211,106.5999984741211,106.5999984741211,1495512
2026-07-21,orkla-ork-xosl,ORK.OL,106.30000305175781,106.5,106.5,1337302
2026-07-22,orkla-ork-xosl,ORK.OL,106.0,105.0,105.0,1786738
2026-07-23,orkla-ork-xosl,ORK.OL,105.4000015258789,102.0999984741211,102.0999984741211,1526787
2026-07-24,orkla-ork-xosl,ORK.OL,102.19999694824219,102.0,102.0,867805
2026-07-27,orkla-ork-xosl,ORK.OL,102.0,103.30000305175781,103.30000305175781,933730
2026-07-28,orkla-ork-xosl,ORK.OL,103.69999694824219,105.4000015258789,105.4000015258789,717556
2026-07-29,orkla-ork-xosl,ORK.OL,105.19999694824219,105.80000305175781,105.80000305175781,1034148
2026-07-30,orkla-ork-xosl,ORK.OL,105.69999694824219,105.9000015258789,105.9000015258789,928273
2026-07-31,orkla-ork-xosl,ORK.OL,105.5,105.4000015258789,105.4000015258789,1117786
2026-08-03,orkla-ork-xosl,ORK.OL,105.0,105.19999694824219,105.19999694824219,704235
2026-08-04,orkla-ork-xosl,ORK.OL,104.0999984741211,105.0,105.0,842783
2026-08-05,orkla-ork-xosl,ORK.OL,105.0999984741211,105.9000015258789,105.9000015258789,1044165
2026-08-06,orkla-ork-xosl,ORK.OL,105.5,105.0999984741211,105.0999984741211,801011
2026-08-07,orkla-ork-xosl,ORK.OL,105.5,105.30000305175781,105.30000305175781,873470
2026-08-10,orkla-ork-xosl,ORK.OL,105.30000305175781,104.4000015258789,104.4000015258789,653933
2026-08-11,orkla-ork-xosl,ORK.OL,104.0999984741211,103.9000015258789,103.9000015258789,718382
2026-08-12,orkla-ork-xosl,ORK.OL,103.5,103.19999694824219,103.19999694824219,678946
2026-08-13,orkla-ork-xosl,ORK.OL,103.30000305175781,104.0999984741211,104.0999984741211,968379
2026-08-14,orkla-ork-xosl,ORK.OL,104.19999694824219,103.5999984741211,103.5999984741211,649365
2026-08-17,orkla-ork-xosl,ORK.OL,103.30000305175781,102.80000305175781,102.80000305175781,677237
2026-08-18,orkla-ork-xosl,ORK.OL,102.5,102.69999694824219,102.69999694824219,1192043
2026-08-19,orkla-ork-xosl,ORK.OL,102.80000305175781,103.19999694824219,103.19999694824219,1633617
2026-08-20,orkla-ork-xosl,ORK.OL,98.0999984741211,96.30000305175781,96.30000305175781,4305572
2026-08-21,orkla-ork-xosl,ORK.OL,96.75,97.55000305175781,97.55000305175781,2838500
2026-08-24,orkla-ork-xosl,ORK.OL,97.30000305175781,97.0999984741211,97.0999984741211,1071277
2026-08-25,orkla-ork-xosl,ORK.OL,96.5999984741211,96.05000305175781,96.05000305175781,1336226
2026-08-26,orkla-ork-xosl,ORK.OL,95.5,96.0999984741211,96.0999984741211,1385880
2026-08-27,orkla-ork-xosl,ORK.OL,96.05000305175781,94.30000305175781,94.30000305175781,2152018
2026-08-28,orkla-ork-xosl,ORK.OL,94.5999984741211,95.19999694824219,95.19999694824219,1140606
2026-08-31,orkla-ork-xosl,ORK.OL,95.0,95.44999694824219,95.44999694824219,1763914
2026-09-01,orkla-ork-xosl,ORK.OL,95.0999984741211,95.5999984741211,95.5999984741211,1361477
2026-09-02,orkla-ork-xosl,ORK.OL,95.1500015258789,93.5,93.5,1611857
2026-09-03,orkla-ork-xosl,ORK.OL,93.5,92.5,92.5,1516324
2026-09-04,orkla-ork-xosl,ORK.OL,92.5999984741211,93.25,93.25,1544307
2026-09-07,orkla-ork-xosl,ORK.OL,92.5999984741211,92.30000305175781,92.30000305175781,1113208
2026-09-08,orkla-ork-xosl,ORK.OL,92.5,92.69999694824219,92.69999694824219,822988
2026-09-09,orkla-ork-xosl,ORK.OL,92.0,91.25,91.25,2136939
2026-09-10,orkla-ork-xosl,ORK.OL,91.4000015258789,92.05000305175781,92.05000305175781,1286330
2026-09-11,orkla-ork-xosl,ORK.OL,91.69999694824219,91.0999984741211,91.0999984741211,892187
2026-09-14,orkla-ork-xosl,ORK.OL,91.1500015258789,92.0,92.0,1045004
2026-09-15,orkla-ork-xosl,ORK.OL,91.5,90.69999694824219,90.69999694824219,1879046
2026-09-16,orkla-ork-xosl,ORK.OL,90.30000305175781,91.1500015258789,91.1500015258789,1951065
2026-09-17,orkla-ork-xosl,ORK.OL,91.19999694824219,91.6500015258789,91.6500015258789,1399352
2026-09-18,orkla-ork-xosl,ORK.OL,91.0,90.55000305175781,90.55000305175781,4041004
2026-09-21,orkla-ork-xosl,ORK.OL,90.4000015258789,92.8499984741211,92.8499984741211,2360321
2026-09-22,orkla-ork-xosl,ORK.OL,92.8499984741211,94.30000305175781,94.30000305175781,1921523
2026-09-23,orkla-ork-xosl,ORK.OL,94.30000305175781,93.25,93.25,1408749
2026-09-24,orkla-ork-xosl,ORK.OL,93.5,93.75,93.75,1658402
2026-09-25,orkla-ork-xosl,ORK.OL,93.75,93.3499984741211,93.3499984741211,1587254
2026-09-28,orkla-ork-xosl,ORK.OL,93.69999694824219,92.8499984741211,92.8499984741211,1651339
2026-09-29,orkla-ork-xosl,ORK.OL,92.3499984741211,92.0999984741211,92.0999984741211,1658789
2026-09-30,orkla-ork-xosl,ORK.OL,92.3499984741211,92.80000305175781,92.80000305175781,1658525
2026-10-01,orkla-ork-xosl,ORK.OL,92.0999984741211,90.8499984741211,90.8499984741211,1839814
2026-10-02,orkla-ork-xosl,ORK.OL,91.0999984741211,91.69999694824219,91.69999694824219,1545545
2026-10-05,orkla-ork-xosl,ORK.OL,91.19999694824219,91.0,91.0,1568583
2026-10-06,orkla-ork-xosl,ORK.OL,91.55000305175781,91.0999984741211,91.0999984741211,1473420
2026-10-07,orkla-ork-xosl,ORK.OL,91.0999984741211,91.75,91.75,1689115
2026-10-08,orkla-ork-xosl,ORK.OL,91.9000015258789,92.9000015258789,92.9000015258789,2339663
2026-07-13,panoro-energy-pen-xosl,PEN.OL,25.399999618530273,25.450000762939453,25.137413024902344,545640
2026-07-14,panoro-energy-pen-xosl,PEN.OL,26.299999237060547,26.399999618530273,26.075742721557617,801230
2026-07-15,panoro-energy-pen-xosl,PEN.OL,26.049999237060547,26.100000381469727,25.779428482055664,354985
2026-07-16,panoro-energy-pen-xosl,PEN.OL,25.950000762939453,25.950000762939453,25.631271362304688,701241
2026-07-17,panoro-energy-pen-xosl,PEN.OL,26.0,26.200000762939453,25.87820053100586,416221
2026-07-20,panoro-energy-pen-xosl,PEN.OL,27.0,26.600000381469727,26.273286819458008,949656
2026-07-21,panoro-energy-pen-xosl,PEN.OL,26.899999618530273,27.25,26.91530418395996,403508
2026-07-22,panoro-energy-pen-xosl,PEN.OL,27.850000381469727,28.25,27.90302085876465,471161
2026-07-23,panoro-energy-pen-xosl,PEN.OL,28.700000762939453,29.049999237060547,28.693195343017578,872731
2026-07-24,panoro-energy-pen-xosl,PEN.OL,28.850000381469727,28.799999237060547,28.446266174316406,533102
2026-07-27,panoro-energy-pen-xosl,PEN.OL,27.75,27.549999237060547,27.211618423461914,634722
2026-07-28,panoro-energy-pen-xosl,PEN.OL,27.5,27.75,27.409162521362305,754125
2026-07-29,panoro-energy-pen-xosl,PEN.OL,28.149999618530273,27.950000762939453,27.606706619262695,1030340
2026-07-30,panoro-energy-pen-xosl,PEN.OL,28.399999618530273,27.600000381469727,27.261005401611328,483370
2026-07-31,panoro-energy-pen-xosl,PEN.OL,28.149999618530273,27.850000381469727,27.5079345703125,452208
2026-08-03,panoro-energy-pen-xosl,PEN.OL,27.299999237060547,27.450000762939453,27.11284828186035,442903
2026-08-04,panoro-energy-pen-xosl,PEN.OL,27.450000762939453,27.299999237060547,26.964689254760742,699220
2026-08-05,panoro-energy-pen-xosl,PEN.OL,27.200000762939453,27.350000381469727,27.014076232910156,406380
2026-08-06,panoro-energy-pen-xosl,PEN.OL,27.799999237060547,27.700000762939453,27.359777450561523,532952
2026-08-07,panoro-energy-pen-xosl,PEN.OL,28.0,27.299999237060547,26.964689254760742,442825
2026-08-10,panoro-energy-pen-xosl,PEN.OL,27.5,27.950000762939453,27.606706619262695,478014
2026-08-11,panoro-energy-pen-xosl,PEN.OL,28.149999618530273,28.149999618530273,27.804248809814453,539158
2026-08-12,panoro-energy-pen-xosl,PEN.OL,28.200000762939453,28.0,27.656091690063477,329200
2026-08-13,panoro-energy-pen-xosl,PEN.OL,28.0,27.549999237060547,27.211618423461914,261991
2026-08-14,panoro-energy-pen-xosl,PEN.OL,27.549999237060547,28.25,27.90302085876465,395710
2026-08-17,panoro-energy-pen-xosl,PEN.OL,28.200000762939453,28.649999618530273,28.298107147216797,510559
2026-08-18,panoro-energy-pen-xosl,PEN.OL,29.100000381469727,28.899999618530273,28.5450382232666,501574
2026-08-19,panoro-energy-pen-xosl,PEN.OL,28.950000762939453,29.549999237060547,29.187053680419922,649633
2026-08-20,panoro-energy-pen-xosl,PEN.OL,28.149999618530273,29.600000381469727,29.236440658569336,1836747
2026-08-21,panoro-energy-pen-xosl,PEN.OL,29.600000381469727,29.350000381469727,28.989511489868164,681034
2026-08-24,panoro-energy-pen-xosl,PEN.OL,29.0,28.200000762939453,27.853635787963867,939278
2026-08-25,panoro-energy-pen-xosl,PEN.OL,28.049999237060547,27.850000381469727,27.5079345703125,1020910
2026-08-26,panoro-energy-pen-xosl,PEN.OL,27.649999618530273,28.100000381469727,27.754863739013672,749916
2026-08-27,panoro-energy-pen-xosl,PEN.OL,28.5,29.850000381469727,29.483369827270508,1046567
2026-08-28,panoro-energy-pen-xosl,PEN.OL,30.100000381469727,30.25,29.878456115722656,920536
2026-08-31,panoro-energy-pen-xosl,PEN.OL,30.799999237060547,30.600000381469727,30.224157333374023,1108579
2026-09-01,panoro-energy-pen-xosl,PEN.OL,30.600000381469727,30.450000762939453,30.076000213623047,775186
2026-09-02,panoro-energy-pen-xosl,PEN.OL,30.25,30.100000381469727,30.100000381469727,569365
2026-09-03,panoro-energy-pen-xosl,PEN.OL,30.100000381469727,29.950000762939453,29.950000762939453,669726
2026-09-04,panoro-energy-pen-xosl,PEN.OL,30.149999618530273,29.5,29.5,614619
2026-09-07,panoro-energy-pen-xosl,PEN.OL,29.799999237060547,29.600000381469727,29.600000381469727,436155
2026-09-08,panoro-energy-pen-xosl,PEN.OL,29.899999618530273,29.700000762939453,29.700000762939453,791380
2026-09-09,panoro-energy-pen-xosl,PEN.OL,30.0,30.950000762939453,30.950000762939453,937939
2026-09-10,panoro-energy-pen-xosl,PEN.OL,30.950000762939453,31.200000762939453,31.200000762939453,680816
2026-09-11,panoro-energy-pen-xosl,PEN.OL,31.350000381469727,31.299999237060547,31.299999237060547,645880
2026-09-14,panoro-energy-pen-xosl,PEN.OL,31.450000762939453,32.349998474121094,32.349998474121094,740846
2026-09-15,panoro-energy-pen-xosl,PEN.OL,32.20000076293945,32.04999923706055,32.04999923706055,586365
2026-09-16,panoro-energy-pen-xosl,PEN.OL,32.0,32.150001525878906,32.150001525878906,485467
2026-09-17,panoro-energy-pen-xosl,PEN.OL,32.0,31.600000381469727,31.600000381469727,696694
2026-09-18,panoro-energy-pen-xosl,PEN.OL,31.5,31.799999237060547,31.799999237060547,398356
2026-09-21,panoro-energy-pen-xosl,PEN.OL,31.600000381469727,30.5,30.5,785041
2026-09-22,panoro-energy-pen-xosl,PEN.OL,30.350000381469727,29.549999237060547,29.549999237060547,968461
2026-09-23,panoro-energy-pen-xosl,PEN.OL,29.200000762939453,30.350000381469727,30.350000381469727,758706
2026-09-24,panoro-energy-pen-xosl,PEN.OL,30.549999237060547,30.75,30.75,595693
2026-09-25,panoro-energy-pen-xosl,PEN.OL,30.350000381469727,30.049999237060547,30.049999237060547,653938
2026-09-28,panoro-energy-pen-xosl,PEN.OL,30.200000762939453,30.549999237060547,30.549999237060547,524676
2026-09-29,panoro-energy-pen-xosl,PEN.OL,30.450000762939453,30.100000381469727,30.100000381469727,462225
2026-09-30,panoro-energy-pen-xosl,PEN.OL,30.0,29.799999237060547,29.799999237060547,361120
2026-10-01,panoro-energy-pen-xosl,PEN.OL,30.0,29.600000381469727,29.600000381469727,533569
2026-10-02,panoro-energy-pen-xosl,PEN.OL,29.700000762939453,29.399999618530273,29.399999618530273,642835
2026-10-05,panoro-energy-pen-xosl,PEN.OL,29.450000762939453,29.700000762939453,29.700000762939453,608111
2026-10-06,panoro-energy-pen-xosl,PEN.OL,29.799999237060547,29.350000381469727,29.350000381469727,429411
2026-10-07,panoro-energy-pen-xosl,PEN.OL,29.600000381469727,29.75,29.75,341520
2026-10-08,panoro-energy-pen-xosl,PEN.OL,30.0,30.200000762939453,30.200000762939453,337817
2026-07-13,paratus-energy-services-plsv-xosl,PLSV.OL,45.150001525878906,45.599998474121094,43.74155044555664,120603
2026-07-14,paratus-energy-services-plsv-xosl,PLSV.OL,45.70000076293945,46.04999923706055,44.17321014404297,124463
2026-07-15,paratus-energy-services-plsv-xosl,PLSV.OL,45.599998474121094,45.70000076293945,43.83747482299805,93775
2026-07-16,paratus-energy-services-plsv-xosl,PLSV.OL,46.0,45.20000076293945,43.357852935791016,192489
2026-07-17,paratus-energy-services-plsv-xosl,PLSV.OL,45.099998474121094,45.25,43.40581512451172,166010
2026-07-20,paratus-energy-services-plsv-xosl,PLSV.OL,45.29999923706055,45.349998474121094,43.501739501953125,116014
2026-07-21,paratus-energy-services-plsv-xosl,PLSV.OL,45.29999923706055,45.95000076293945,44.07728958129883,167772
2026-07-22,paratus-energy-services-plsv-xosl,PLSV.OL,46.400001525878906,47.849998474121094,45.89984893798828,360998
2026-07-23,paratus-energy-services-plsv-xosl,PLSV.OL,48.849998474121094,47.5,45.564117431640625,313784
2026-07-24,paratus-energy-services-plsv-xosl,PLSV.OL,47.5,47.099998474121094,45.180416107177734,101208
2026-07-27,paratus-energy-services-plsv-xosl,PLSV.OL,47.29999923706055,47.20000076293945,45.276344299316406,123882
2026-07-28,paratus-energy-services-plsv-xosl,PLSV.OL,47.0,47.25,45.32430648803711,135858
2026-07-29,paratus-energy-services-plsv-xosl,PLSV.OL,48.25,47.0,45.084495544433594,217054
2026-07-30,paratus-energy-services-plsv-xosl,PLSV.OL,47.20000076293945,47.29999923706055,45.37226486206055,102874
2026-07-31,paratus-energy-services-plsv-xosl,PLSV.OL,47.75,47.54999923706055,45.61207580566406,160520
2026-08-03,paratus-energy-services-plsv-xosl,PLSV.OL,47.20000076293945,48.0,46.043739318847656,263005
2026-08-04,paratus-energy-services-plsv-xosl,PLSV.OL,48.20000076293945,49.04999923706055,47.05094528198242,261702
2026-08-05,paratus-energy-services-plsv-xosl,PLSV.OL,48.79999923706055,48.45000076293945,46.475399017333984,331307
2026-08-06,paratus-energy-services-plsv-xosl,PLSV.OL,48.099998474121094,48.70000076293945,46.7152099609375,150920
2026-08-07,paratus-energy-services-plsv-xosl,PLSV.OL,49.599998474121094,48.349998474121094,46.37947082519531,125373
2026-08-10,paratus-energy-services-plsv-xosl,PLSV.OL,48.349998474121094,49.099998474121094,47.098907470703125,124836
2026-08-11,paratus-energy-services-plsv-xosl,PLSV.OL,49.099998474121094,49.20000076293945,47.19483184814453,136487
2026-08-12,paratus-energy-services-plsv-xosl,PLSV.OL,49.150001525878906,48.900001525878906,46.90705871582031,139027
2026-08-13,paratus-energy-services-plsv-xosl,PLSV.OL,49.0,49.29999923706055,47.29075622558594,102476
2026-08-14,paratus-energy-services-plsv-xosl,PLSV.OL,49.54999923706055,49.5,47.48260498046875,97505
2026-08-17,paratus-energy-services-plsv-xosl,PLSV.OL,49.400001525878906,49.5,47.48260498046875,150022
2026-08-18,paratus-energy-services-plsv-xosl,PLSV.OL,49.599998474121094,49.599998474121094,47.578529357910156,141684
2026-08-19,paratus-energy-services-plsv-xosl,PLSV.OL,49.349998474121094,50.70000076293945,48.633697509765625,242342
2026-08-20,paratus-energy-services-plsv-xosl,PLSV.OL,50.599998474121094,52.20000076293945,50.072566986083984,326008
2026-08-21,paratus-energy-services-plsv-xosl,PLSV.OL,52.20000076293945,51.79999923706055,49.688865661621094,210618
2026-08-24,paratus-energy-services-plsv-xosl,PLSV.OL,51.79999923706055,51.29999923706055,49.20924377441406,139717
2026-08-25,paratus-energy-services-plsv-xosl,PLSV.OL,51.5,51.79999923706055,49.688865661621094,205762
2026-08-26,paratus-energy-services-plsv-xosl,PLSV.OL,52.0,51.0,48.921470642089844,197690
2026-08-27,paratus-energy-services-plsv-xosl,PLSV.OL,51.5,51.0,48.921470642089844,126837
2026-08-28,paratus-energy-services-plsv-xosl,PLSV.OL,50.599998474121094,49.29999923706055,47.29075622558594,469147
2026-08-31,paratus-energy-services-plsv-xosl,PLSV.OL,49.599998474121094,50.5,48.44184875488281,595690
2026-09-01,paratus-energy-services-plsv-xosl,PLSV.OL,50.900001525878906,50.5,48.44184875488281,275650
2026-09-02,paratus-energy-services-plsv-xosl,PLSV.OL,50.900001525878906,50.29999923706055,48.25,354132
2026-09-03,paratus-energy-services-plsv-xosl,PLSV.OL,48.400001525878906,47.75,47.75,262431
2026-09-04,paratus-energy-services-plsv-xosl,PLSV.OL,48.0,47.900001525878906,47.900001525878906,158188
2026-09-07,paratus-energy-services-plsv-xosl,PLSV.OL,48.599998474121094,47.25,47.25,173816
2026-09-08,paratus-energy-services-plsv-xosl,PLSV.OL,47.5,48.0,48.0,145897
2026-09-09,paratus-energy-services-plsv-xosl,PLSV.OL,48.45000076293945,47.900001525878906,47.900001525878906,192078
2026-09-10,paratus-energy-services-plsv-xosl,PLSV.OL,48.349998474121094,47.650001525878906,47.650001525878906,175650
2026-09-11,paratus-energy-services-plsv-xosl,PLSV.OL,48.5,48.0,48.0,243293
2026-09-14,paratus-energy-services-plsv-xosl,PLSV.OL,48.349998474121094,46.900001525878906,46.900001525878906,161376
2026-09-15,paratus-energy-services-plsv-xosl,PLSV.OL,47.04999923706055,47.20000076293945,47.20000076293945,861633
2026-09-16,paratus-energy-services-plsv-xosl,PLSV.OL,47.45000076293945,48.79999923706055,48.79999923706055,156100
2026-09-17,paratus-energy-services-plsv-xosl,PLSV.OL,48.79999923706055,49.20000076293945,49.20000076293945,293623
2026-09-18,paratus-energy-services-plsv-xosl,PLSV.OL,49.349998474121094,50.20000076293945,50.20000076293945,644277
2026-09-21,paratus-energy-services-plsv-xosl,PLSV.OL,50.29999923706055,49.54999923706055,49.54999923706055,372551
2026-09-22,paratus-energy-services-plsv-xosl,PLSV.OL,50.0,48.45000076293945,48.45000076293945,267108
2026-09-23,paratus-energy-services-plsv-xosl,PLSV.OL,48.650001525878906,48.599998474121094,48.599998474121094,156008
2026-09-24,paratus-energy-services-plsv-xosl,PLSV.OL,48.5,48.599998474121094,48.599998474121094,295657
2026-09-25,paratus-energy-services-plsv-xosl,PLSV.OL,48.599998474121094,48.29999923706055,48.29999923706055,182156
2026-09-28,paratus-energy-services-plsv-xosl,PLSV.OL,48.79999923706055,48.099998474121094,48.099998474121094,117674
2026-09-29,paratus-energy-services-plsv-xosl,PLSV.OL,48.29999923706055,47.45000076293945,47.45000076293945,415964
2026-09-30,paratus-energy-services-plsv-xosl,PLSV.OL,48.849998474121094,46.95000076293945,46.95000076293945,248490
2026-10-01,paratus-energy-services-plsv-xosl,PLSV.OL,47.0,47.099998474121094,47.099998474121094,167174
2026-10-02,paratus-energy-services-plsv-xosl,PLSV.OL,47.20000076293945,47.20000076293945,47.20000076293945,131638
2026-10-05,paratus-energy-services-plsv-xosl,PLSV.OL,47.400001525878906,46.95000076293945,46.95000076293945,262187
2026-10-06,paratus-energy-services-plsv-xosl,PLSV.OL,48.0,46.900001525878906,46.900001525878906,282733
2026-10-07,paratus-energy-services-plsv-xosl,PLSV.OL,46.95000076293945,46.70000076293945,46.70000076293945,131107
2026-10-08,paratus-energy-services-plsv-xosl,PLSV.OL,46.70000076293945,47.25,47.25,159974
2026-07-13,pareto-bank-parb-xosl,PARB.OL,70.4000015258789,69.5999984741211,69.5999984741211,60811
2026-07-14,pareto-bank-parb-xosl,PARB.OL,69.5,68.5999984741211,68.5999984741211,22284
2026-07-15,pareto-bank-parb-xosl,PARB.OL,68.0999984741211,68.4000015258789,68.4000015258789,26795
2026-07-16,pareto-bank-parb-xosl,PARB.OL,67.30000305175781,67.5,67.5,146564
2026-07-17,pareto-bank-parb-xosl,PARB.OL,61.099998474121094,61.0,61.0,460932
2026-07-20,pareto-bank-parb-xosl,PARB.OL,61.0,58.70000076293945,58.70000076293945,246394
2026-07-21,pareto-bank-parb-xosl,PARB.OL,59.0,59.0,59.0,96269
2026-07-22,pareto-bank-parb-xosl,PARB.OL,59.5,60.20000076293945,60.20000076293945,48321
2026-07-23,pareto-bank-parb-xosl,PARB.OL,60.0,59.099998474121094,59.099998474121094,81828
2026-07-24,pareto-bank-parb-xosl,PARB.OL,59.5,59.70000076293945,59.70000076293945,54723
2026-07-27,pareto-bank-parb-xosl,PARB.OL,59.900001525878906,60.400001525878906,60.400001525878906,83710
2026-07-28,pareto-bank-parb-xosl,PARB.OL,60.400001525878906,60.70000076293945,60.70000076293945,57207
2026-07-29,pareto-bank-parb-xosl,PARB.OL,60.70000076293945,61.20000076293945,61.20000076293945,89935
2026-07-30,pareto-bank-parb-xosl,PARB.OL,61.0,61.20000076293945,61.20000076293945,64342
2026-07-31,pareto-bank-parb-xosl,PARB.OL,61.79999923706055,61.5,61.5,74867
2026-08-03,pareto-bank-parb-xosl,PARB.OL,61.29999923706055,61.79999923706055,61.79999923706055,45088
2026-08-04,pareto-bank-parb-xosl,PARB.OL,62.0,62.79999923706055,62.79999923706055,62510
2026-08-05,pareto-bank-parb-xosl,PARB.OL,63.0,62.29999923706055,62.29999923706055,40593
2026-08-06,pareto-bank-parb-xosl,PARB.OL,62.5,62.20000076293945,62.20000076293945,60930
2026-08-07,pareto-bank-parb-xosl,PARB.OL,62.0,62.20000076293945,62.20000076293945,90080
2026-08-10,pareto-bank-parb-xosl,PARB.OL,62.900001525878906,62.5,62.5,50232
2026-08-11,pareto-bank-parb-xosl,PARB.OL,62.900001525878906,62.099998474121094,62.099998474121094,306618
2026-08-12,pareto-bank-parb-xosl,PARB.OL,62.0,61.29999923706055,61.29999923706055,47002
2026-08-13,pareto-bank-parb-xosl,PARB.OL,61.29999923706055,61.79999923706055,61.79999923706055,45672
2026-08-14,pareto-bank-parb-xosl,PARB.OL,61.599998474121094,61.29999923706055,61.29999923706055,34428
2026-08-17,pareto-bank-parb-xosl,PARB.OL,61.20000076293945,61.0,61.0,98163
2026-08-18,pareto-bank-parb-xosl,PARB.OL,60.900001525878906,60.20000076293945,60.20000076293945,86016
2026-08-19,pareto-bank-parb-xosl,PARB.OL,60.20000076293945,60.099998474121094,60.099998474121094,302097
2026-08-20,pareto-bank-parb-xosl,PARB.OL,60.29999923706055,59.70000076293945,59.70000076293945,45738
2026-08-21,pareto-bank-parb-xosl,PARB.OL,59.400001525878906,60.20000076293945,60.20000076293945,36827
2026-08-24,pareto-bank-parb-xosl,PARB.OL,60.0,60.70000076293945,60.70000076293945,55382
2026-08-25,pareto-bank-parb-xosl,PARB.OL,60.400001525878906,61.400001525878906,61.400001525878906,47909
2026-08-26,pareto-bank-parb-xosl,PARB.OL,61.5,60.400001525878906,60.400001525878906,63300
2026-08-27,pareto-bank-parb-xosl,PARB.OL,60.400001525878906,60.20000076293945,60.20000076293945,46638
2026-08-28,pareto-bank-parb-xosl,PARB.OL,60.29999923706055,60.0,60.0,172345
2026-08-31,pareto-bank-parb-xosl,PARB.OL,60.099998474121094,59.0,59.0,85736
2026-09-01,pareto-bank-parb-xosl,PARB.OL,59.0,58.0,58.0,125008
2026-09-02,pareto-bank-parb-xosl,PARB.OL,57.70000076293945,57.0,57.0,226980
2026-09-03,pareto-bank-parb-xosl,PARB.OL,57.5,57.0,57.0,55191
2026-09-04,pareto-bank-parb-xosl,PARB.OL,57.599998474121094,57.5,57.5,95312
2026-09-07,pareto-bank-parb-xosl,PARB.OL,57.5,56.099998474121094,56.099998474121094,131748
2026-09-08,pareto-bank-parb-xosl,PARB.OL,56.5,56.0,56.0,96629
2026-09-09,pareto-bank-parb-xosl,PARB.OL,56.0,55.79999923706055,55.79999923706055,162509
2026-09-10,pareto-bank-parb-xosl,PARB.OL,56.0,56.29999923706055,56.29999923706055,58407
2026-09-11,pareto-bank-parb-xosl,PARB.OL,56.5,56.0,56.0,43214
2026-09-14,pareto-bank-parb-xosl,PARB.OL,56.0,55.099998474121094,55.099998474121094,41125
2026-09-15,pareto-bank-parb-xosl,PARB.OL,55.20000076293945,54.70000076293945,54.70000076293945,47773
2026-09-16,pareto-bank-parb-xosl,PARB.OL,54.79999923706055,55.099998474121094,55.099998474121094,51183
2026-09-17,pareto-bank-parb-xosl,PARB.OL,55.20000076293945,55.0,55.0,242204
2026-09-18,pareto-bank-parb-xosl,PARB.OL,55.400001525878906,56.900001525878906,56.900001525878906,95133
2026-09-21,pareto-bank-parb-xosl,PARB.OL,55.5,56.0,56.0,101834
2026-09-22,pareto-bank-parb-xosl,PARB.OL,56.0,55.5,55.5,47062
2026-09-23,pareto-bank-parb-xosl,PARB.OL,55.70000076293945,54.70000076293945,54.70000076293945,49103
2026-09-24,pareto-bank-parb-xosl,PARB.OL,54.70000076293945,54.900001525878906,54.900001525878906,50130
2026-09-25,pareto-bank-parb-xosl,PARB.OL,55.0,55.0,55.0,41842
2026-09-28,pareto-bank-parb-xosl,PARB.OL,55.0,54.79999923706055,54.79999923706055,46273
2026-09-29,pareto-bank-parb-xosl,PARB.OL,55.5,54.0,54.0,180401
2026-09-30,pareto-bank-parb-xosl,PARB.OL,54.0,54.0,54.0,34099
2026-10-01,pareto-bank-parb-xosl,PARB.OL,54.099998474121094,52.5,52.5,82632
2026-10-02,pareto-bank-parb-xosl,PARB.OL,53.400001525878906,52.900001525878906,52.900001525878906,57759
2026-10-05,pareto-bank-parb-xosl,PARB.OL,53.29999923706055,52.5,52.5,74248
2026-10-06,pareto-bank-parb-xosl,PARB.OL,52.5,52.5,52.5,43952
2026-10-07,pareto-bank-parb-xosl,PARB.OL,53.79999923706055,50.900001525878906,50.900001525878906,108861
2026-10-08,pareto-bank-parb-xosl,PARB.OL,50.79999923706055,51.0,51.0,67867
2026-07-13,pexip-holding-pexip-xosl,PEXIP.OL,84.0,82.19999694824219,82.19999694824219,130081
2026-07-14,pexip-holding-pexip-xosl,PEXIP.OL,82.0,83.19999694824219,83.19999694824219,103657
2026-07-15,pexip-holding-pexip-xosl,PEXIP.OL,83.0,83.0999984741211,83.0999984741211,43301
2026-07-16,pexip-holding-pexip-xosl,PEXIP.OL,82.5999984741211,80.69999694824219,80.69999694824219,67915
2026-07-17,pexip-holding-pexip-xosl,PEXIP.OL,81.0,80.0,80.0,60016
2026-07-20,pexip-holding-pexip-xosl,PEXIP.OL,79.80000305175781,79.0999984741211,79.0999984741211,40064
2026-07-21,pexip-holding-pexip-xosl,PEXIP.OL,79.0,78.80000305175781,78.80000305175781,84490
2026-07-22,pexip-holding-pexip-xosl,PEXIP.OL,80.0,77.80000305175781,77.80000305175781,102730
2026-07-23,pexip-holding-pexip-xosl,PEXIP.OL,77.69999694824219,77.5999984741211,77.5999984741211,62626
2026-07-24,pexip-holding-pexip-xosl,PEXIP.OL,77.0999984741211,76.9000015258789,76.9000015258789,124547
2026-07-27,pexip-holding-pexip-xosl,PEXIP.OL,77.30000305175781,79.0,79.0,83083
2026-07-28,pexip-holding-pexip-xosl,PEXIP.OL,79.30000305175781,80.30000305175781,80.30000305175781,181129
2026-07-29,pexip-holding-pexip-xosl,PEXIP.OL,80.5,82.5999984741211,82.5999984741211,68146
2026-07-30,pexip-holding-pexip-xosl,PEXIP.OL,82.0,80.69999694824219,80.69999694824219,110435
2026-07-31,pexip-holding-pexip-xosl,PEXIP.OL,83.4000015258789,80.19999694824219,80.19999694824219,52120
2026-08-03,pexip-holding-pexip-xosl,PEXIP.OL,80.19999694824219,79.4000015258789,79.4000015258789,65179
2026-08-04,pexip-holding-pexip-xosl,PEXIP.OL,79.19999694824219,80.30000305175781,80.30000305175781,79204
2026-08-05,pexip-holding-pexip-xosl,PEXIP.OL,81.4000015258789,80.0999984741211,80.0999984741211,79956
2026-08-06,pexip-holding-pexip-xosl,PEXIP.OL,79.0,79.69999694824219,79.69999694824219,52222
2026-08-07,pexip-holding-pexip-xosl,PEXIP.OL,81.0,81.5,81.5,80994
2026-08-10,pexip-holding-pexip-xosl,PEXIP.OL,81.9000015258789,84.0,84.0,87551
2026-08-11,pexip-holding-pexip-xosl,PEXIP.OL,83.0999984741211,83.0999984741211,83.0999984741211,96286
2026-08-12,pexip-holding-pexip-xosl,PEXIP.OL,83.19999694824219,81.19999694824219,81.19999694824219,189299
2026-08-13,pexip-holding-pexip-xosl,PEXIP.OL,80.80000305175781,81.0,81.0,711961
2026-08-14,pexip-holding-pexip-xosl,PEXIP.OL,81.5,80.0999984741211,80.0999984741211,241579
2026-08-17,pexip-holding-pexip-xosl,PEXIP.OL,80.0999984741211,79.69999694824219,79.69999694824219,180688
2026-08-18,pexip-holding-pexip-xosl,PEXIP.OL,79.0,78.0,78.0,146249
2026-08-19,pexip-holding-pexip-xosl,PEXIP.OL,77.5,76.4000015258789,76.4000015258789,164198
2026-08-20,pexip-holding-pexip-xosl,PEXIP.OL,78.0,77.0,77.0,68427
2026-08-21,pexip-holding-pexip-xosl,PEXIP.OL,77.19999694824219,79.0,79.0,184801
2026-08-24,pexip-holding-pexip-xosl,PEXIP.OL,79.19999694824219,77.5,77.5,169274
2026-08-25,pexip-holding-pexip-xosl,PEXIP.OL,77.5999984741211,78.19999694824219,78.19999694824219,99869
2026-08-26,pexip-holding-pexip-xosl,PEXIP.OL,78.19999694824219,76.5,76.5,112230
2026-08-27,pexip-holding-pexip-xosl,PEXIP.OL,76.5999984741211,77.0999984741211,77.0999984741211,66467
2026-08-28,pexip-holding-pexip-xosl,PEXIP.OL,77.5999984741211,77.9000015258789,77.9000015258789,98956
2026-08-31,pexip-holding-pexip-xosl,PEXIP.OL,77.69999694824219,76.30000305175781,76.30000305175781,151838
2026-09-01,pexip-holding-pexip-xosl,PEXIP.OL,76.30000305175781,74.9000015258789,74.9000015258789,162052
2026-09-02,pexip-holding-pexip-xosl,PEXIP.OL,74.5,73.80000305175781,73.80000305175781,185513
2026-09-03,pexip-holding-pexip-xosl,PEXIP.OL,73.5999984741211,74.69999694824219,74.69999694824219,69967
2026-09-04,pexip-holding-pexip-xosl,PEXIP.OL,74.69999694824219,75.19999694824219,75.19999694824219,87374
2026-09-07,pexip-holding-pexip-xosl,PEXIP.OL,76.0,74.5,74.5,138914
2026-09-08,pexip-holding-pexip-xosl,PEXIP.OL,74.0,73.0999984741211,73.0999984741211,219711
2026-09-09,pexip-holding-pexip-xosl,PEXIP.OL,73.30000305175781,71.80000305175781,71.80000305175781,240857
2026-09-10,pexip-holding-pexip-xosl,PEXIP.OL,71.5999984741211,71.9000015258789,71.9000015258789,152840
2026-09-11,pexip-holding-pexip-xosl,PEXIP.OL,72.0,72.19999694824219,72.19999694824219,87863
2026-09-14,pexip-holding-pexip-xosl,PEXIP.OL,71.5999984741211,73.5,73.5,151224
2026-09-15,pexip-holding-pexip-xosl,PEXIP.OL,73.0,73.30000305175781,73.30000305175781,81677
2026-09-16,pexip-holding-pexip-xosl,PEXIP.OL,73.9000015258789,72.9000015258789,72.9000015258789,80664
2026-09-17,pexip-holding-pexip-xosl,PEXIP.OL,72.69999694824219,73.5,73.5,79939
2026-09-18,pexip-holding-pexip-xosl,PEXIP.OL,72.69999694824219,72.0999984741211,72.0999984741211,255087
2026-09-21,pexip-holding-pexip-xosl,PEXIP.OL,72.5999984741211,74.19999694824219,74.19999694824219,116291
2026-09-22,pexip-holding-pexip-xosl,PEXIP.OL,74.9000015258789,74.80000305175781,74.80000305175781,134307
2026-09-23,pexip-holding-pexip-xosl,PEXIP.OL,74.80000305175781,75.30000305175781,75.30000305175781,176838
2026-09-24,pexip-holding-pexip-xosl,PEXIP.OL,75.0,73.80000305175781,73.80000305175781,92107
2026-09-25,pexip-holding-pexip-xosl,PEXIP.OL,74.0,74.5999984741211,74.5999984741211,117300
2026-09-28,pexip-holding-pexip-xosl,PEXIP.OL,74.5999984741211,73.9000015258789,73.9000015258789,111306
2026-09-29,pexip-holding-pexip-xosl,PEXIP.OL,73.5,74.5,74.5,52237
2026-09-30,pexip-holding-pexip-xosl,PEXIP.OL,75.4000015258789,73.9000015258789,73.9000015258789,173730
2026-10-01,pexip-holding-pexip-xosl,PEXIP.OL,75.0,76.30000305175781,76.30000305175781,240138
2026-10-02,pexip-holding-pexip-xosl,PEXIP.OL,76.9000015258789,77.0,77.0,267616
2026-10-05,pexip-holding-pexip-xosl,PEXIP.OL,78.0,76.19999694824219,76.19999694824219,204216
2026-10-06,pexip-holding-pexip-xosl,PEXIP.OL,76.5,75.30000305175781,75.30000305175781,117045
2026-10-07,pexip-holding-pexip-xosl,PEXIP.OL,75.0,74.0,74.0,273080
2026-10-08,pexip-holding-pexip-xosl,PEXIP.OL,74.0,76.0,76.0,158813
2026-07-13,polaris-media-pol-xosl,POL.OL,57.0,59.0,59.0,2244
2026-07-14,polaris-media-pol-xosl,POL.OL,59.0,58.20000076293945,58.20000076293945,609
2026-07-15,polaris-media-pol-xosl,POL.OL,58.0,59.599998474121094,59.599998474121094,849
2026-07-16,polaris-media-pol-xosl,POL.OL,60.0,60.0,60.0,5016
2026-07-17,polaris-media-pol-xosl,POL.OL,59.79999923706055,60.0,60.0,3123
2026-07-20,polaris-media-pol-xosl,POL.OL,59.0,59.0,59.0,1
2026-07-21,polaris-media-pol-xosl,POL.OL,61.0,60.0,60.0,763
2026-07-22,polaris-media-pol-xosl,POL.OL,58.79999923706055,59.599998474121094,59.599998474121094,267
2026-07-23,polaris-media-pol-xosl,POL.OL,59.599998474121094,59.599998474121094,59.599998474121094,0
2026-07-24,polaris-media-pol-xosl,POL.OL,60.0,60.0,60.0,353
2026-07-27,polaris-media-pol-xosl,POL.OL,57.599998474121094,57.599998474121094,57.599998474121094,332
2026-07-28,polaris-media-pol-xosl,POL.OL,60.79999923706055,60.79999923706055,60.79999923706055,201
2026-07-29,polaris-media-pol-xosl,POL.OL,60.79999923706055,59.79999923706055,59.79999923706055,11
2026-07-30,polaris-media-pol-xosl,POL.OL,57.79999923706055,57.79999923706055,57.79999923706055,720
2026-07-31,polaris-media-pol-xosl,POL.OL,59.79999923706055,57.400001525878906,57.400001525878906,529
2026-08-03,polaris-media-pol-xosl,POL.OL,57.400001525878906,57.400001525878906,57.400001525878906,281
2026-08-04,polaris-media-pol-xosl,POL.OL,57.400001525878906,57.599998474121094,57.599998474121094,573
2026-08-05,polaris-media-pol-xosl,POL.OL,57.79999923706055,57.79999923706055,57.79999923706055,54
2026-08-06,polaris-media-pol-xosl,POL.OL,58.20000076293945,58.0,58.0,14912
2026-08-07,polaris-media-pol-xosl,POL.OL,58.79999923706055,60.0,60.0,18343
2026-08-10,polaris-media-pol-xosl,POL.OL,58.20000076293945,58.79999923706055,58.79999923706055,967
2026-08-11,polaris-media-pol-xosl,POL.OL,60.0,60.0,60.0,8
2026-08-12,polaris-media-pol-xosl,POL.OL,59.0,59.0,59.0,40
2026-08-13,polaris-media-pol-xosl,POL.OL,59.79999923706055,60.0,60.0,992
2026-08-14,polaris-media-pol-xosl,POL.OL,60.0,60.79999923706055,60.79999923706055,2568
2026-08-17,polaris-media-pol-xosl,POL.OL,60.79999923706055,60.0,60.0,1339
2026-08-18,polaris-media-pol-xosl,POL.OL,60.0,60.0,60.0,0
2026-08-19,polaris-media-pol-xosl,POL.OL,60.599998474121094,60.79999923706055,60.79999923706055,403
2026-08-20,polaris-media-pol-xosl,POL.OL,60.0,60.0,60.0,882
2026-08-21,polaris-media-pol-xosl,POL.OL,60.0,60.0,60.0,186
2026-08-24,polaris-media-pol-xosl,POL.OL,57.599998474121094,60.0,60.0,2549
2026-08-25,polaris-media-pol-xosl,POL.OL,61.0,61.0,61.0,7696
2026-08-26,polaris-media-pol-xosl,POL.OL,59.79999923706055,59.79999923706055,59.79999923706055,2004
2026-08-27,polaris-media-pol-xosl,POL.OL,58.79999923706055,61.20000076293945,61.20000076293945,3241
2026-08-28,polaris-media-pol-xosl,POL.OL,58.599998474121094,61.400001525878906,61.400001525878906,6306
2026-08-31,polaris-media-pol-xosl,POL.OL,60.0,60.20000076293945,60.20000076293945,2395
2026-09-01,polaris-media-pol-xosl,POL.OL,61.400001525878906,60.400001525878906,60.400001525878906,5280
2026-09-02,polaris-media-pol-xosl,POL.OL,62.0,62.0,62.0,11699
2026-09-03,polaris-media-pol-xosl,POL.OL,63.400001525878906,62.79999923706055,62.79999923706055,5385
2026-09-04,polaris-media-pol-xosl,POL.OL,62.0,61.599998474121094,61.599998474121094,933
2026-09-07,polaris-media-pol-xosl,POL.OL,61.20000076293945,63.0,63.0,1365
2026-09-08,polaris-media-pol-xosl,POL.OL,63.400001525878906,60.400001525878906,60.400001525878906,12
2026-09-09,polaris-media-pol-xosl,POL.OL,60.599998474121094,60.599998474121094,60.599998474121094,192
2026-09-10,polaris-media-pol-xosl,POL.OL,61.0,62.599998474121094,62.599998474121094,411
2026-09-11,polaris-media-pol-xosl,POL.OL,62.400001525878906,62.400001525878906,62.400001525878906,92
2026-09-14,polaris-media-pol-xosl,POL.OL,62.400001525878906,62.400001525878906,62.400001525878906,820
2026-09-15,polaris-media-pol-xosl,POL.OL,61.79999923706055,62.0,62.0,1072
2026-09-16,polaris-media-pol-xosl,POL.OL,59.20000076293945,59.20000076293945,59.20000076293945,60
2026-09-17,polaris-media-pol-xosl,POL.OL,58.20000076293945,60.0,60.0,605
2026-09-18,polaris-media-pol-xosl,POL.OL,60.0,60.79999923706055,60.79999923706055,549
2026-09-21,polaris-media-pol-xosl,POL.OL,61.0,60.400001525878906,60.400001525878906,432
2026-09-22,polaris-media-pol-xosl,POL.OL,60.20000076293945,62.0,62.0,3576
2026-09-23,polaris-media-pol-xosl,POL.OL,61.0,61.0,61.0,2026
2026-09-24,polaris-media-pol-xosl,POL.OL,61.0,62.0,62.0,3172
2026-09-25,polaris-media-pol-xosl,POL.OL,61.79999923706055,62.0,62.0,832
2026-09-28,polaris-media-pol-xosl,POL.OL,59.79999923706055,62.0,62.0,230
2026-09-29,polaris-media-pol-xosl,POL.OL,61.79999923706055,61.79999923706055,61.79999923706055,22
2026-09-30,polaris-media-pol-xosl,POL.OL,61.79999923706055,58.400001525878906,58.400001525878906,7
2026-10-01,polaris-media-pol-xosl,POL.OL,58.400001525878906,61.20000076293945,61.20000076293945,251
2026-10-02,polaris-media-pol-xosl,POL.OL,58.599998474121094,62.0,62.0,431
2026-10-05,polaris-media-pol-xosl,POL.OL,61.599998474121094,61.599998474121094,61.599998474121094,200
2026-10-06,polaris-media-pol-xosl,POL.OL,60.79999923706055,59.400001525878906,59.400001525878906,2203
2026-10-07,polaris-media-pol-xosl,POL.OL,62.0,59.0,59.0,76
2026-10-08,polaris-media-pol-xosl,POL.OL,60.0,59.0,59.0,252
2026-07-13,prosafe-prs-xosl,PRS.OL,4.445000171661377,4.300000190734863,4.300000190734863,1325800
2026-07-14,prosafe-prs-xosl,PRS.OL,4.40500020980835,4.449999809265137,4.449999809265137,765979
2026-07-15,prosafe-prs-xosl,PRS.OL,4.519999980926514,4.570000171661377,4.570000171661377,771491
2026-07-16,prosafe-prs-xosl,PRS.OL,4.460000038146973,4.5,4.5,697710
2026-07-17,prosafe-prs-xosl,PRS.OL,4.599999904632568,4.5,4.5,215110
2026-07-20,prosafe-prs-xosl,PRS.OL,4.599999904632568,4.5,4.5,978141
2026-07-21,prosafe-prs-xosl,PRS.OL,4.554999828338623,4.494999885559082,4.494999885559082,820560
2026-07-22,prosafe-prs-xosl,PRS.OL,4.53000020980835,4.824999809265137,4.824999809265137,1950547
2026-07-23,prosafe-prs-xosl,PRS.OL,4.900000095367432,4.78000020980835,4.78000020980835,878834
2026-07-24,prosafe-prs-xosl,PRS.OL,4.78000020980835,5.050000190734863,5.050000190734863,2730807
2026-07-27,prosafe-prs-xosl,PRS.OL,5.050000190734863,5.449999809265137,5.449999809265137,2499514
2026-07-28,prosafe-prs-xosl,PRS.OL,5.420000076293945,5.5,5.5,2166859
2026-07-29,prosafe-prs-xosl,PRS.OL,5.559999942779541,5.75,5.75,3305657
2026-07-30,prosafe-prs-xosl,PRS.OL,5.900000095367432,5.630000114440918,5.630000114440918,4972391
2026-07-31,prosafe-prs-xosl,PRS.OL,5.599999904632568,5.579999923706055,5.579999923706055,1417647
2026-08-03,prosafe-prs-xosl,PRS.OL,5.599999904632568,5.849999904632568,5.849999904632568,4904279
2026-08-04,prosafe-prs-xosl,PRS.OL,5.860000133514404,6.300000190734863,6.300000190734863,7559867
2026-08-05,prosafe-prs-xosl,PRS.OL,6.349999904632568,5.929999828338623,5.929999828338623,2436495
2026-08-06,prosafe-prs-xosl,PRS.OL,5.929999828338623,5.860000133514404,5.860000133514404,1387165
2026-08-07,prosafe-prs-xosl,PRS.OL,5.880000114440918,5.909999847412109,5.909999847412109,1272350
2026-08-10,prosafe-prs-xosl,PRS.OL,5.909999847412109,5.809999942779541,5.809999942779541,787958
2026-08-11,prosafe-prs-xosl,PRS.OL,5.900000095367432,5.849999904632568,5.849999904632568,1632242
2026-08-12,prosafe-prs-xosl,PRS.OL,5.909999847412109,5.869999885559082,5.869999885559082,1265328
2026-08-13,prosafe-prs-xosl,PRS.OL,5.989999771118164,5.96999979019165,5.96999979019165,670996
2026-08-14,prosafe-prs-xosl,PRS.OL,6.039999961853027,6.010000228881836,6.010000228881836,982203
2026-08-17,prosafe-prs-xosl,PRS.OL,6.070000171661377,5.880000114440918,5.880000114440918,1022996
2026-08-18,prosafe-prs-xosl,PRS.OL,5.909999847412109,5.679999828338623,5.679999828338623,2639570
2026-08-19,prosafe-prs-xosl,PRS.OL,5.699999809265137,5.599999904632568,5.599999904632568,1378312
2026-08-20,prosafe-prs-xosl,PRS.OL,5.730000019073486,5.610000133514404,5.610000133514404,1091250
2026-08-21,prosafe-prs-xosl,PRS.OL,5.699999809265137,5.550000190734863,5.550000190734863,1101633
2026-08-24,prosafe-prs-xosl,PRS.OL,5.539999961853027,5.360000133514404,5.360000133514404,1164779
2026-08-25,prosafe-prs-xosl,PRS.OL,5.400000095367432,5.329999923706055,5.329999923706055,1092247
2026-08-26,prosafe-prs-xosl,PRS.OL,5.489999771118164,5.329999923706055,5.329999923706055,1184725
2026-08-27,prosafe-prs-xosl,PRS.OL,5.489999771118164,5.360000133514404,5.360000133514404,2082709
2026-08-28,prosafe-prs-xosl,PRS.OL,5.570000171661377,5.440000057220459,5.440000057220459,2784315
2026-08-31,prosafe-prs-xosl,PRS.OL,5.460000038146973,5.349999904632568,5.349999904632568,1152583
2026-09-01,prosafe-prs-xosl,PRS.OL,5.400000095367432,5.539999961853027,5.539999961853027,855202
2026-09-02,prosafe-prs-xosl,PRS.OL,5.599999904632568,5.480000019073486,5.480000019073486,1079634
2026-09-03,prosafe-prs-xosl,PRS.OL,5.590000152587891,5.449999809265137,5.449999809265137,1186845
2026-09-04,prosafe-prs-xosl,PRS.OL,5.599999904632568,5.329999923706055,5.329999923706055,2288120
2026-09-07,prosafe-prs-xosl,PRS.OL,5.329999923706055,5.239999771118164,5.239999771118164,730278
2026-09-08,prosafe-prs-xosl,PRS.OL,5.300000190734863,5.309999942779541,5.309999942779541,1163536
2026-09-09,prosafe-prs-xosl,PRS.OL,5.25,5.519999980926514,5.519999980926514,3254947
2026-09-10,prosafe-prs-xosl,PRS.OL,5.599999904632568,5.329999923706055,5.329999923706055,1584938
2026-09-11,prosafe-prs-xosl,PRS.OL,5.480000019073486,5.320000171661377,5.320000171661377,755265
2026-09-14,prosafe-prs-xosl,PRS.OL,5.420000076293945,5.199999809265137,5.199999809265137,1475939
2026-09-15,prosafe-prs-xosl,PRS.OL,5.199999809265137,5.070000171661377,5.070000171661377,2259527
2026-09-16,prosafe-prs-xosl,PRS.OL,5.070000171661377,5.099999904632568,5.099999904632568,1575385
2026-09-17,prosafe-prs-xosl,PRS.OL,5.099999904632568,5.190000057220459,5.190000057220459,1099213
2026-09-18,prosafe-prs-xosl,PRS.OL,5.050000190734863,5.059999942779541,5.059999942779541,945935
2026-09-21,prosafe-prs-xosl,PRS.OL,5.130000114440918,4.784999847412109,4.784999847412109,1864179
2026-09-22,prosafe-prs-xosl,PRS.OL,4.820000171661377,4.800000190734863,4.800000190734863,1766933
2026-09-23,prosafe-prs-xosl,PRS.OL,4.75,4.760000228881836,4.760000228881836,752131
2026-09-24,prosafe-prs-xosl,PRS.OL,4.769999980926514,4.730000019073486,4.730000019073486,1704722
2026-09-25,prosafe-prs-xosl,PRS.OL,4.804999828338623,4.945000171661377,4.945000171661377,1333526
2026-09-28,prosafe-prs-xosl,PRS.OL,4.945000171661377,4.849999904632568,4.849999904632568,989260
2026-09-29,prosafe-prs-xosl,PRS.OL,4.769999980926514,4.690000057220459,4.690000057220459,1208425
2026-09-30,prosafe-prs-xosl,PRS.OL,4.679999828338623,4.730000019073486,4.730000019073486,823264
2026-10-01,prosafe-prs-xosl,PRS.OL,4.75,4.710000038146973,4.710000038146973,1023892
2026-10-02,prosafe-prs-xosl,PRS.OL,4.715000152587891,4.835000038146973,4.835000038146973,829163
2026-10-05,prosafe-prs-xosl,PRS.OL,4.800000190734863,4.800000190734863,4.800000190734863,916670
2026-10-06,prosafe-prs-xosl,PRS.OL,4.889999866485596,4.670000076293945,4.670000076293945,1545307
2026-10-07,prosafe-prs-xosl,PRS.OL,4.650000095367432,4.710000038146973,4.710000038146973,678715
2026-10-08,prosafe-prs-xosl,PRS.OL,4.730000019073486,4.635000228881836,4.635000228881836,992976
2026-07-13,protector-forsikring-prot-xosl,PROT.OL,488.6000061035156,495.79998779296875,492.79998779296875,395349
2026-07-14,protector-forsikring-prot-xosl,PROT.OL,488.3999938964844,486.0,486.0,107057
2026-07-15,protector-forsikring-prot-xosl,PROT.OL,487.20001220703125,486.3999938964844,486.3999938964844,72319
2026-07-16,protector-forsikring-prot-xosl,PROT.OL,486.3999938964844,485.79998779296875,485.79998779296875,41412
2026-07-17,protector-forsikring-prot-xosl,PROT.OL,482.20001220703125,489.3999938964844,489.3999938964844,33600
2026-07-20,protector-forsikring-prot-xosl,PROT.OL,480.79998779296875,486.6000061035156,486.6000061035156,44467
2026-07-21,protector-forsikring-prot-xosl,PROT.OL,487.0,493.79998779296875,493.79998779296875,118524
2026-07-22,protector-forsikring-prot-xosl,PROT.OL,495.20001220703125,493.6000061035156,493.6000061035156,37530
2026-07-23,protector-forsikring-prot-xosl,PROT.OL,492.20001220703125,479.3999938964844,479.3999938964844,45248
2026-07-24,protector-forsikring-prot-xosl,PROT.OL,479.3999938964844,478.6000061035156,478.6000061035156,109708
2026-07-27,protector-forsikring-prot-xosl,PROT.OL,480.3999938964844,480.79998779296875,480.79998779296875,51810
2026-07-28,protector-forsikring-prot-xosl,PROT.OL,481.0,488.20001220703125,488.20001220703125,40173
2026-07-29,protector-forsikring-prot-xosl,PROT.OL,488.6000061035156,485.3999938964844,485.3999938964844,44009
2026-07-30,protector-forsikring-prot-xosl,PROT.OL,480.20001220703125,495.20001220703125,495.20001220703125,67672
2026-07-31,protector-forsikring-prot-xosl,PROT.OL,495.0,491.3999938964844,491.3999938964844,42811
2026-08-03,protector-forsikring-prot-xosl,PROT.OL,490.0,490.3999938964844,490.3999938964844,31520
2026-08-04,protector-forsikring-prot-xosl,PROT.OL,490.0,489.79998779296875,489.79998779296875,48338
2026-08-05,protector-forsikring-prot-xosl,PROT.OL,490.0,488.0,488.0,65480
2026-08-06,protector-forsikring-prot-xosl,PROT.OL,490.0,484.3999938964844,484.3999938964844,45684
2026-08-07,protector-forsikring-prot-xosl,PROT.OL,484.0,488.0,488.0,55887
2026-08-10,protector-forsikring-prot-xosl,PROT.OL,488.0,483.0,483.0,58301
2026-08-11,protector-forsikring-prot-xosl,PROT.OL,482.6000061035156,479.3999938964844,479.3999938964844,57617
2026-08-12,protector-forsikring-prot-xosl,PROT.OL,479.3999938964844,480.3999938964844,480.3999938964844,45306
2026-08-13,protector-forsikring-prot-xosl,PROT.OL,480.3999938964844,498.79998779296875,498.79998779296875,94637
2026-08-14,protector-forsikring-prot-xosl,PROT.OL,499.0,507.5,507.5,62360
2026-08-17,protector-forsikring-prot-xosl,PROT.OL,508.0,510.0,510.0,60154
2026-08-18,protector-forsikring-prot-xosl,PROT.OL,510.0,492.0,492.0,49563
2026-08-19,protector-forsikring-prot-xosl,PROT.OL,486.79998779296875,476.79998779296875,476.79998779296875,94816
2026-08-20,protector-forsikring-prot-xosl,PROT.OL,477.0,475.79998779296875,475.79998779296875,72153
2026-08-21,protector-forsikring-prot-xosl,PROT.OL,478.3999938964844,478.20001220703125,478.20001220703125,46569
2026-08-24,protector-forsikring-prot-xosl,PROT.OL,478.6000061035156,486.0,486.0,65337
2026-08-25,protector-forsikring-prot-xosl,PROT.OL,490.0,487.3999938964844,487.3999938964844,44791
2026-08-26,protector-forsikring-prot-xosl,PROT.OL,488.20001220703125,485.79998779296875,485.79998779296875,42525
2026-08-27,protector-forsikring-prot-xosl,PROT.OL,487.6000061035156,486.3999938964844,486.3999938964844,50347
2026-08-28,protector-forsikring-prot-xosl,PROT.OL,488.20001220703125,486.0,486.0,57341
2026-08-31,protector-forsikring-prot-xosl,PROT.OL,486.20001220703125,477.79998779296875,477.79998779296875,214021
2026-09-01,protector-forsikring-prot-xosl,PROT.OL,475.0,474.3999938964844,474.3999938964844,56142
2026-09-02,protector-forsikring-prot-xosl,PROT.OL,470.0,470.20001220703125,470.20001220703125,82626
2026-09-03,protector-forsikring-prot-xosl,PROT.OL,470.0,475.79998779296875,475.79998779296875,117095
2026-09-04,protector-forsikring-prot-xosl,PROT.OL,478.6000061035156,475.3999938964844,475.3999938964844,38212
2026-09-07,protector-forsikring-prot-xosl,PROT.OL,474.0,471.20001220703125,471.20001220703125,72440
2026-09-08,protector-forsikring-prot-xosl,PROT.OL,472.0,465.20001220703125,465.20001220703125,59929
2026-09-09,protector-forsikring-prot-xosl,PROT.OL,465.0,464.79998779296875,464.79998779296875,48436
2026-09-10,protector-forsikring-prot-xosl,PROT.OL,466.0,468.79998779296875,468.79998779296875,65405
2026-09-11,protector-forsikring-prot-xosl,PROT.OL,468.79998779296875,459.6000061035156,459.6000061035156,69859
2026-09-14,protector-forsikring-prot-xosl,PROT.OL,457.3999938964844,449.79998779296875,449.79998779296875,93089
2026-09-15,protector-forsikring-prot-xosl,PROT.OL,449.0,452.20001220703125,452.20001220703125,68691
2026-09-16,protector-forsikring-prot-xosl,PROT.OL,452.0,451.0,451.0,109844
2026-09-17,protector-forsikring-prot-xosl,PROT.OL,449.0,447.20001220703125,447.20001220703125,109130
2026-09-18,protector-forsikring-prot-xosl,PROT.OL,446.6000061035156,449.0,449.0,467065
2026-09-21,protector-forsikring-prot-xosl,PROT.OL,448.79998779296875,441.20001220703125,441.20001220703125,120589
2026-09-22,protector-forsikring-prot-xosl,PROT.OL,441.79998779296875,435.20001220703125,435.20001220703125,89895
2026-09-23,protector-forsikring-prot-xosl,PROT.OL,440.0,424.0,424.0,212869
2026-09-24,protector-forsikring-prot-xosl,PROT.OL,424.79998779296875,432.0,432.0,97650
2026-09-25,protector-forsikring-prot-xosl,PROT.OL,432.0,428.0,428.0,76628
2026-09-28,protector-forsikring-prot-xosl,PROT.OL,434.79998779296875,432.79998779296875,432.79998779296875,68307
2026-09-29,protector-forsikring-prot-xosl,PROT.OL,432.0,428.3999938964844,428.3999938964844,63958
2026-09-30,protector-forsikring-prot-xosl,PROT.OL,429.79998779296875,425.6000061035156,425.6000061035156,62678
2026-10-01,protector-forsikring-prot-xosl,PROT.OL,423.6000061035156,416.79998779296875,416.79998779296875,160091
2026-10-02,protector-forsikring-prot-xosl,PROT.OL,418.3999938964844,422.0,422.0,97721
2026-10-05,protector-forsikring-prot-xosl,PROT.OL,420.0,422.0,422.0,67700
2026-10-06,protector-forsikring-prot-xosl,PROT.OL,422.20001220703125,411.6000061035156,411.6000061035156,230793
2026-10-07,protector-forsikring-prot-xosl,PROT.OL,409.0,407.0,407.0,82678
2026-10-08,protector-forsikring-prot-xosl,PROT.OL,406.0,400.0,400.0,169788
2026-07-13,reach-subsea-reach-xosl,REACH.OL,4.900000095367432,4.940000057220459,4.940000057220459,100291
2026-07-14,reach-subsea-reach-xosl,REACH.OL,4.90500020980835,4.90500020980835,4.90500020980835,309257
2026-07-15,reach-subsea-reach-xosl,REACH.OL,4.800000190734863,4.894999980926514,4.894999980926514,48700
2026-07-16,reach-subsea-reach-xosl,REACH.OL,4.889999866485596,4.710000038146973,4.710000038146973,155357
2026-07-17,reach-subsea-reach-xosl,REACH.OL,4.704999923706055,4.820000171661377,4.820000171661377,182550
2026-07-20,reach-subsea-reach-xosl,REACH.OL,4.960000038146973,4.900000095367432,4.900000095367432,58959
2026-07-21,reach-subsea-reach-xosl,REACH.OL,4.920000076293945,4.940000057220459,4.940000057220459,33115
2026-07-22,reach-subsea-reach-xosl,REACH.OL,4.960000038146973,4.855000019073486,4.855000019073486,328622
2026-07-23,reach-subsea-reach-xosl,REACH.OL,4.855000019073486,4.869999885559082,4.869999885559082,62565
2026-07-24,reach-subsea-reach-xosl,REACH.OL,4.90500020980835,4.96999979019165,4.96999979019165,158521
2026-07-27,reach-subsea-reach-xosl,REACH.OL,4.949999809265137,4.949999809265137,4.949999809265137,101594
2026-07-28,reach-subsea-reach-xosl,REACH.OL,4.96999979019165,4.965000152587891,4.965000152587891,39031
2026-07-29,reach-subsea-reach-xosl,REACH.OL,4.96999979019165,5.159999847412109,5.159999847412109,388548
2026-07-30,reach-subsea-reach-xosl,REACH.OL,5.150000095367432,5.190000057220459,5.190000057220459,141140
2026-07-31,reach-subsea-reach-xosl,REACH.OL,5.25,5.130000114440918,5.130000114440918,178522
2026-08-03,reach-subsea-reach-xosl,REACH.OL,5.199999809265137,5.079999923706055,5.079999923706055,129696
2026-08-04,reach-subsea-reach-xosl,REACH.OL,5.199999809265137,5.25,5.25,412160
2026-08-05,reach-subsea-reach-xosl,REACH.OL,5.300000190734863,5.289999961853027,5.289999961853027,161541
2026-08-06,reach-subsea-reach-xosl,REACH.OL,5.320000171661377,5.25,5.25,151489
2026-08-07,reach-subsea-reach-xosl,REACH.OL,5.25,5.369999885559082,5.369999885559082,227813
2026-08-10,reach-subsea-reach-xosl,REACH.OL,5.429999828338623,5.369999885559082,5.369999885559082,151585
2026-08-11,reach-subsea-reach-xosl,REACH.OL,5.300000190734863,5.400000095367432,5.400000095367432,322928
2026-08-12,reach-subsea-reach-xosl,REACH.OL,5.429999828338623,5.349999904632568,5.349999904632568,70480
2026-08-13,reach-subsea-reach-xosl,REACH.OL,5.349999904632568,5.400000095367432,5.400000095367432,257819
2026-08-14,reach-subsea-reach-xosl,REACH.OL,5.480000019073486,5.559999942779541,5.559999942779541,266911
2026-08-17,reach-subsea-reach-xosl,REACH.OL,5.639999866485596,5.480000019073486,5.480000019073486,421818
2026-08-18,reach-subsea-reach-xosl,REACH.OL,5.900000095367432,6.010000228881836,6.010000228881836,2295718
2026-08-19,reach-subsea-reach-xosl,REACH.OL,5.920000076293945,5.849999904632568,5.849999904632568,313668
2026-08-20,reach-subsea-reach-xosl,REACH.OL,5.800000190734863,5.869999885559082,5.869999885559082,190556
2026-08-21,reach-subsea-reach-xosl,REACH.OL,5.809999942779541,5.900000095367432,5.900000095367432,424192
2026-08-24,reach-subsea-reach-xosl,REACH.OL,5.900000095367432,6.010000228881836,6.010000228881836,382103
2026-08-25,reach-subsea-reach-xosl,REACH.OL,5.940000057220459,6.090000152587891,6.090000152587891,246061
2026-08-26,reach-subsea-reach-xosl,REACH.OL,6.039999961853027,6.139999866485596,6.139999866485596,258781
2026-08-27,reach-subsea-reach-xosl,REACH.OL,6.139999866485596,6.21999979019165,6.21999979019165,959702
2026-08-28,reach-subsea-reach-xosl,REACH.OL,6.269999980926514,6.570000171661377,6.570000171661377,789394
2026-08-31,reach-subsea-reach-xosl,REACH.OL,6.5,6.25,6.25,296751
2026-09-01,reach-subsea-reach-xosl,REACH.OL,6.300000190734863,6.289999961853027,6.289999961853027,295188
2026-09-02,reach-subsea-reach-xosl,REACH.OL,6.289999961853027,6.289999961853027,6.289999961853027,195994
2026-09-03,reach-subsea-reach-xosl,REACH.OL,6.400000095367432,6.360000133514404,6.360000133514404,321672
2026-09-04,reach-subsea-reach-xosl,REACH.OL,6.360000133514404,6.380000114440918,6.380000114440918,152640
2026-09-07,reach-subsea-reach-xosl,REACH.OL,6.650000095367432,6.420000076293945,6.420000076293945,302650
2026-09-08,reach-subsea-reach-xosl,REACH.OL,6.400000095367432,6.400000095367432,6.400000095367432,108102
2026-09-09,reach-subsea-reach-xosl,REACH.OL,6.369999885559082,6.289999961853027,6.289999961853027,269777
2026-09-10,reach-subsea-reach-xosl,REACH.OL,6.289999961853027,6.389999866485596,6.389999866485596,214900
2026-09-11,reach-subsea-reach-xosl,REACH.OL,6.449999809265137,6.400000095367432,6.400000095367432,215271
2026-09-14,reach-subsea-reach-xosl,REACH.OL,6.400000095367432,6.269999980926514,6.269999980926514,201583
2026-09-15,reach-subsea-reach-xosl,REACH.OL,6.199999809265137,6.380000114440918,6.380000114440918,518224
2026-09-16,reach-subsea-reach-xosl,REACH.OL,6.320000171661377,6.639999866485596,6.639999866485596,158615
2026-09-17,reach-subsea-reach-xosl,REACH.OL,6.699999809265137,6.659999847412109,6.659999847412109,347533
2026-09-18,reach-subsea-reach-xosl,REACH.OL,6.760000228881836,6.599999904632568,6.599999904632568,342825
2026-09-21,reach-subsea-reach-xosl,REACH.OL,6.599999904632568,6.599999904632568,6.599999904632568,140551
2026-09-22,reach-subsea-reach-xosl,REACH.OL,6.599999904632568,6.690000057220459,6.690000057220459,294271
2026-09-23,reach-subsea-reach-xosl,REACH.OL,6.650000095367432,6.570000171661377,6.570000171661377,136863
2026-09-24,reach-subsea-reach-xosl,REACH.OL,6.659999847412109,6.570000171661377,6.570000171661377,112442
2026-09-25,reach-subsea-reach-xosl,REACH.OL,6.570000171661377,6.599999904632568,6.599999904632568,196314
2026-09-28,reach-subsea-reach-xosl,REACH.OL,6.650000095367432,6.650000095367432,6.650000095367432,183716
2026-09-29,reach-subsea-reach-xosl,REACH.OL,6.650000095367432,6.670000076293945,6.670000076293945,154397
2026-09-30,reach-subsea-reach-xosl,REACH.OL,6.699999809265137,6.519999980926514,6.519999980926514,229803
2026-10-01,reach-subsea-reach-xosl,REACH.OL,6.650000095367432,6.389999866485596,6.389999866485596,195223
2026-10-02,reach-subsea-reach-xosl,REACH.OL,6.389999866485596,6.400000095367432,6.400000095367432,330028
2026-10-05,reach-subsea-reach-xosl,REACH.OL,6.400000095367432,6.349999904632568,6.349999904632568,171583
2026-10-06,reach-subsea-reach-xosl,REACH.OL,6.349999904632568,6.28000020980835,6.28000020980835,186882
2026-10-07,reach-subsea-reach-xosl,REACH.OL,6.21999979019165,6.139999866485596,6.139999866485596,284587
2026-10-08,reach-subsea-reach-xosl,REACH.OL,6.059999942779541,6.099999904632568,6.099999904632568,500116
2026-07-13,rogaland-sparebank-rogs-xosl,ROGS.OL,144.02000427246094,145.0,145.0,1566
2026-07-14,rogaland-sparebank-rogs-xosl,ROGS.OL,145.0,146.0,146.0,1041
2026-07-15,rogaland-sparebank-rogs-xosl,ROGS.OL,146.0,145.8000030517578,145.8000030517578,703
2026-07-16,rogaland-sparebank-rogs-xosl,ROGS.OL,145.0,146.82000732421875,146.82000732421875,1396
2026-07-17,rogaland-sparebank-rogs-xosl,ROGS.OL,145.8000030517578,149.0,149.0,5576
2026-07-20,rogaland-sparebank-rogs-xosl,ROGS.OL,149.97999572753906,146.0,146.0,2858
2026-07-21,rogaland-sparebank-rogs-xosl,ROGS.OL,148.86000061035156,148.8800048828125,148.8800048828125,378
2026-07-22,rogaland-sparebank-rogs-xosl,ROGS.OL,146.0,147.89999389648438,147.89999389648438,3156
2026-07-23,rogaland-sparebank-rogs-xosl,ROGS.OL,146.02000427246094,148.89999389648438,148.89999389648438,3824
2026-07-24,rogaland-sparebank-rogs-xosl,ROGS.OL,146.0,148.0399932861328,148.0399932861328,260
2026-07-27,rogaland-sparebank-rogs-xosl,ROGS.OL,148.0800018310547,149.94000244140625,149.94000244140625,1372
2026-07-28,rogaland-sparebank-rogs-xosl,ROGS.OL,149.5,149.5,149.5,3
2026-07-29,rogaland-sparebank-rogs-xosl,ROGS.OL,149.5,148.0800018310547,148.0800018310547,272
2026-07-30,rogaland-sparebank-rogs-xosl,ROGS.OL,149.8800048828125,147.97999572753906,147.97999572753906,71
2026-07-31,rogaland-sparebank-rogs-xosl,ROGS.OL,149.94000244140625,150.0,150.0,1359
2026-08-03,rogaland-sparebank-rogs-xosl,ROGS.OL,151.0,151.0,151.0,1555
2026-08-04,rogaland-sparebank-rogs-xosl,ROGS.OL,151.0,151.0,151.0,2527
2026-08-05,rogaland-sparebank-rogs-xosl,ROGS.OL,150.97999572753906,150.32000732421875,150.32000732421875,2678
2026-08-06,rogaland-sparebank-rogs-xosl,ROGS.OL,151.0,149.22000122070312,149.22000122070312,787
2026-08-07,rogaland-sparebank-rogs-xosl,ROGS.OL,150.9600067138672,150.0,150.0,933
2026-08-10,rogaland-sparebank-rogs-xosl,ROGS.OL,149.5,149.0,149.0,2198
2026-08-11,rogaland-sparebank-rogs-xosl,ROGS.OL,149.97999572753906,148.0,148.0,929
2026-08-12,rogaland-sparebank-rogs-xosl,ROGS.OL,150.0,148.39999389648438,148.39999389648438,11703
2026-08-13,rogaland-sparebank-rogs-xosl,ROGS.OL,149.97999572753906,150.39999389648438,150.39999389648438,10546
2026-08-14,rogaland-sparebank-rogs-xosl,ROGS.OL,150.9600067138672,150.94000244140625,150.94000244140625,3695
2026-08-17,rogaland-sparebank-rogs-xosl,ROGS.OL,150.9199981689453,153.0,153.0,12189
2026-08-18,rogaland-sparebank-rogs-xosl,ROGS.OL,150.0,151.3800048828125,151.3800048828125,3030
2026-08-19,rogaland-sparebank-rogs-xosl,ROGS.OL,148.33999633789062,147.8000030517578,147.8000030517578,3245
2026-08-20,rogaland-sparebank-rogs-xosl,ROGS.OL,147.0,148.97999572753906,148.97999572753906,601
2026-08-21,rogaland-sparebank-rogs-xosl,ROGS.OL,149.97999572753906,148.97999572753906,148.97999572753906,1732
2026-08-24,rogaland-sparebank-rogs-xosl,ROGS.OL,148.97999572753906,149.0,149.0,30075
2026-08-25,rogaland-sparebank-rogs-xosl,ROGS.OL,148.5,150.0,150.0,33848
2026-08-26,rogaland-sparebank-rogs-xosl,ROGS.OL,150.36000061035156,150.39999389648438,150.39999389648438,393
2026-08-27,rogaland-sparebank-rogs-xosl,ROGS.OL,151.0,152.3800048828125,152.3800048828125,9780
2026-08-28,rogaland-sparebank-rogs-xosl,ROGS.OL,152.3800048828125,151.5,151.5,2188
2026-08-31,rogaland-sparebank-rogs-xosl,ROGS.OL,151.0,152.0,152.0,7519
2026-09-01,rogaland-sparebank-rogs-xosl,ROGS.OL,152.0,151.0,151.0,10469
2026-09-02,rogaland-sparebank-rogs-xosl,ROGS.OL,150.0,148.5,148.5,1436
2026-09-03,rogaland-sparebank-rogs-xosl,ROGS.OL,152.75999450683594,150.0399932861328,150.0399932861328,1897
2026-09-04,rogaland-sparebank-rogs-xosl,ROGS.OL,147.5399932861328,149.02000427246094,149.02000427246094,4262
2026-09-07,rogaland-sparebank-rogs-xosl,ROGS.OL,149.5,150.0,150.0,2507
2026-09-08,rogaland-sparebank-rogs-xosl,ROGS.OL,150.97999572753906,150.5,150.5,175
2026-09-09,rogaland-sparebank-rogs-xosl,ROGS.OL,150.60000610351562,150.10000610351562,150.10000610351562,1057
2026-09-10,rogaland-sparebank-rogs-xosl,ROGS.OL,150.0,149.77999877929688,149.77999877929688,3716
2026-09-11,rogaland-sparebank-rogs-xosl,ROGS.OL,153.97999572753906,150.5,150.5,2677
2026-09-14,rogaland-sparebank-rogs-xosl,ROGS.OL,150.02000427246094,153.67999267578125,153.67999267578125,5058
2026-09-15,rogaland-sparebank-rogs-xosl,ROGS.OL,150.10000610351562,152.6999969482422,152.6999969482422,10895
2026-09-16,rogaland-sparebank-rogs-xosl,ROGS.OL,150.1999969482422,151.0,151.0,2375
2026-09-17,rogaland-sparebank-rogs-xosl,ROGS.OL,151.02000427246094,151.0800018310547,151.0800018310547,90
2026-09-18,rogaland-sparebank-rogs-xosl,ROGS.OL,151.0800018310547,152.1999969482422,152.1999969482422,3058
2026-09-21,rogaland-sparebank-rogs-xosl,ROGS.OL,152.0,152.32000732421875,152.32000732421875,350
2026-09-22,rogaland-sparebank-rogs-xosl,ROGS.OL,153.24000549316406,151.39999389648438,151.39999389648438,4085
2026-09-23,rogaland-sparebank-rogs-xosl,ROGS.OL,151.0,151.02000427246094,151.02000427246094,717
2026-09-24,rogaland-sparebank-rogs-xosl,ROGS.OL,151.3800048828125,151.27999877929688,151.27999877929688,1012
2026-09-25,rogaland-sparebank-rogs-xosl,ROGS.OL,151.8800048828125,153.0399932861328,153.0399932861328,10066
2026-09-28,rogaland-sparebank-rogs-xosl,ROGS.OL,153.97999572753906,153.8000030517578,153.8000030517578,1900
2026-09-29,rogaland-sparebank-rogs-xosl,ROGS.OL,152.0,151.0,151.0,3951
2026-09-30,rogaland-sparebank-rogs-xosl,ROGS.OL,151.0,151.6199951171875,151.6199951171875,3666
2026-10-01,rogaland-sparebank-rogs-xosl,ROGS.OL,154.97999572753906,151.0,151.0,2237
2026-10-02,rogaland-sparebank-rogs-xosl,ROGS.OL,153.97999572753906,150.60000610351562,150.60000610351562,3553
2026-10-05,rogaland-sparebank-rogs-xosl,ROGS.OL,150.6199951171875,150.5,150.5,6149
2026-10-06,rogaland-sparebank-rogs-xosl,ROGS.OL,150.0,150.3000030517578,150.3000030517578,3730
2026-10-07,rogaland-sparebank-rogs-xosl,ROGS.OL,153.97999572753906,150.0,150.0,1744
2026-10-08,rogaland-sparebank-rogs-xosl,ROGS.OL,149.10000610351562,148.0,148.0,8046
2026-07-13,sal-mar-salm-xosl,SALM.OL,460.20001220703125,466.3999938964844,466.3999938964844,105847
2026-07-14,sal-mar-salm-xosl,SALM.OL,464.0,475.79998779296875,475.79998779296875,127608
2026-07-15,sal-mar-salm-xosl,SALM.OL,483.0,488.0,488.0,187483
2026-07-16,sal-mar-salm-xosl,SALM.OL,482.0,491.0,491.0,161908
2026-07-17,sal-mar-salm-xosl,SALM.OL,489.0,490.79998779296875,490.79998779296875,175876
2026-07-20,sal-mar-salm-xosl,SALM.OL,490.0,492.79998779296875,492.79998779296875,142671
2026-07-21,sal-mar-salm-xosl,SALM.OL,495.0,492.6000061035156,492.6000061035156,131549
2026-07-22,sal-mar-salm-xosl,SALM.OL,489.79998779296875,500.0,500.0,166498
2026-07-23,sal-mar-salm-xosl,SALM.OL,500.0,501.0,501.0,140774
2026-07-24,sal-mar-salm-xosl,SALM.OL,497.0,508.5,508.5,136125
2026-07-27,sal-mar-salm-xosl,SALM.OL,510.0,516.0,516.0,117769
2026-07-28,sal-mar-salm-xosl,SALM.OL,515.0,521.0,521.0,156983
2026-07-29,sal-mar-salm-xosl,SALM.OL,519.5,519.5,519.5,127118
2026-07-30,sal-mar-salm-xosl,SALM.OL,516.0,523.0,523.0,104906
2026-07-31,sal-mar-salm-xosl,SALM.OL,522.0,515.5,515.5,223207
2026-08-03,sal-mar-salm-xosl,SALM.OL,519.0,520.5,520.5,133671
2026-08-04,sal-mar-salm-xosl,SALM.OL,519.5,511.5,511.5,149183
2026-08-05,sal-mar-salm-xosl,SALM.OL,511.0,501.0,501.0,159922
2026-08-06,sal-mar-salm-xosl,SALM.OL,507.0,509.5,509.5,247635
2026-08-07,sal-mar-salm-xosl,SALM.OL,510.5,523.5,523.5,185085
2026-08-10,sal-mar-salm-xosl,SALM.OL,524.0,522.0,522.0,98265
2026-08-11,sal-mar-salm-xosl,SALM.OL,528.0,530.0,530.0,121590
2026-08-12,sal-mar-salm-xosl,SALM.OL,536.5,538.5,538.5,185286
2026-08-13,sal-mar-salm-xosl,SALM.OL,525.5,523.0,523.0,308603
2026-08-14,sal-mar-salm-xosl,SALM.OL,523.0,517.5,517.5,161101
2026-08-17,sal-mar-salm-xosl,SALM.OL,517.5,514.5,514.5,107482
2026-08-18,sal-mar-salm-xosl,SALM.OL,513.0,510.5,510.5,110885
2026-08-19,sal-mar-salm-xosl,SALM.OL,506.0,510.0,510.0,149807
2026-08-20,sal-mar-salm-xosl,SALM.OL,512.0,509.5,509.5,159205
2026-08-21,sal-mar-salm-xosl,SALM.OL,509.5,526.5,526.5,185800
2026-08-24,sal-mar-salm-xosl,SALM.OL,540.0,530.0,530.0,189625
2026-08-25,sal-mar-salm-xosl,SALM.OL,532.0,544.0,544.0,430414
2026-08-26,sal-mar-salm-xosl,SALM.OL,551.5,578.0,578.0,460699
2026-08-27,sal-mar-salm-xosl,SALM.OL,577.0,571.5,571.5,152207
2026-08-28,sal-mar-salm-xosl,SALM.OL,576.0,578.5,578.5,204104
2026-08-31,sal-mar-salm-xosl,SALM.OL,574.0,569.0,569.0,511723
2026-09-01,sal-mar-salm-xosl,SALM.OL,571.0,573.5,573.5,178949
2026-09-02,sal-mar-salm-xosl,SALM.OL,567.5,562.0,562.0,141869
2026-09-03,sal-mar-salm-xosl,SALM.OL,560.5,554.0,554.0,138989
2026-09-04,sal-mar-salm-xosl,SALM.OL,553.5,550.0,550.0,102857
2026-09-07,sal-mar-salm-xosl,SALM.OL,550.0,550.0,550.0,115614
2026-09-08,sal-mar-salm-xosl,SALM.OL,550.5,562.0,562.0,89906
2026-09-09,sal-mar-salm-xosl,SALM.OL,558.0,573.5,573.5,154428
2026-09-10,sal-mar-salm-xosl,SALM.OL,573.0,562.0,562.0,148241
2026-09-11,sal-mar-salm-xosl,SALM.OL,575.0,581.5,581.5,185349
2026-09-14,sal-mar-salm-xosl,SALM.OL,578.5,572.0,572.0,137906
2026-09-15,sal-mar-salm-xosl,SALM.OL,568.0,561.0,561.0,183913
2026-09-16,sal-mar-salm-xosl,SALM.OL,558.0,558.5,558.5,169477
2026-09-17,sal-mar-salm-xosl,SALM.OL,563.0,562.5,562.5,187633
2026-09-18,sal-mar-salm-xosl,SALM.OL,555.0,550.0,550.0,381585
2026-09-21,sal-mar-salm-xosl,SALM.OL,550.0,530.0,530.0,238965
2026-09-22,sal-mar-salm-xosl,SALM.OL,527.0,544.5,544.5,230879
2026-09-23,sal-mar-salm-xosl,SALM.OL,546.0,561.0,561.0,193169
2026-09-24,sal-mar-salm-xosl,SALM.OL,558.0,559.5,559.5,164996
2026-09-25,sal-mar-salm-xosl,SALM.OL,561.5,580.5,580.5,344682
2026-09-28,sal-mar-salm-xosl,SALM.OL,581.0,589.0,589.0,244802
2026-09-29,sal-mar-salm-xosl,SALM.OL,585.5,582.0,582.0,144978
2026-09-30,sal-mar-salm-xosl,SALM.OL,580.0,572.0,572.0,238414
2026-10-01,sal-mar-salm-xosl,SALM.OL,569.0,564.0,564.0,191731
2026-10-02,sal-mar-salm-xosl,SALM.OL,589.0,577.5,577.5,182681
2026-10-05,sal-mar-salm-xosl,SALM.OL,575.0,567.0,567.0,104398
2026-10-06,sal-mar-salm-xosl,SALM.OL,567.0,575.5,575.5,142193
2026-10-07,sal-mar-salm-xosl,SALM.OL,563.5,554.5,554.5,220429
2026-10-08,sal-mar-salm-xosl,SALM.OL,554.0,550.5,550.5,132261
2026-07-13,salmon-evolution-salme-xosl,SALME.OL,3.930000066757202,4.050000190734863,4.050000190734863,412878
2026-07-14,salmon-evolution-salme-xosl,SALME.OL,4.034999847412109,4.025000095367432,4.025000095367432,304764
2026-07-15,salmon-evolution-salme-xosl,SALME.OL,3.9749999046325684,4.09499979019165,4.09499979019165,478838
2026-07-16,salmon-evolution-salme-xosl,SALME.OL,4.114999771118164,4.079999923706055,4.079999923706055,322038
2026-07-17,salmon-evolution-salme-xosl,SALME.OL,4.039999961853027,4.039999961853027,4.039999961853027,105516
2026-07-20,salmon-evolution-salme-xosl,SALME.OL,4.039999961853027,3.994999885559082,3.994999885559082,342016
2026-07-21,salmon-evolution-salme-xosl,SALME.OL,4.099999904632568,3.994999885559082,3.994999885559082,169231
2026-07-22,salmon-evolution-salme-xosl,SALME.OL,4.099999904632568,4.079999923706055,4.079999923706055,418577
2026-07-23,salmon-evolution-salme-xosl,SALME.OL,4.070000171661377,4.045000076293945,4.045000076293945,615839
2026-07-24,salmon-evolution-salme-xosl,SALME.OL,4.059999942779541,4.105000019073486,4.105000019073486,566009
2026-07-27,salmon-evolution-salme-xosl,SALME.OL,4.099999904632568,4.099999904632568,4.099999904632568,714700
2026-07-28,salmon-evolution-salme-xosl,SALME.OL,4.114999771118164,4.110000133514404,4.110000133514404,407530
2026-07-29,salmon-evolution-salme-xosl,SALME.OL,4.144999980926514,4.079999923706055,4.079999923706055,544099
2026-07-30,salmon-evolution-salme-xosl,SALME.OL,4.119999885559082,4.099999904632568,4.099999904632568,530957
2026-07-31,salmon-evolution-salme-xosl,SALME.OL,4.099999904632568,4.045000076293945,4.045000076293945,443329
2026-08-03,salmon-evolution-salme-xosl,SALME.OL,4.039999961853027,4.059999942779541,4.059999942779541,367787
2026-08-04,salmon-evolution-salme-xosl,SALME.OL,4.019999980926514,4.034999847412109,4.034999847412109,468079
2026-08-05,salmon-evolution-salme-xosl,SALME.OL,4.050000190734863,3.990000009536743,3.990000009536743,792583
2026-08-06,salmon-evolution-salme-xosl,SALME.OL,3.990000009536743,3.990000009536743,3.990000009536743,780834
2026-08-07,salmon-evolution-salme-xosl,SALME.OL,3.990000009536743,4.005000114440918,4.005000114440918,651791
2026-08-10,salmon-evolution-salme-xosl,SALME.OL,4.0,3.9800000190734863,3.9800000190734863,390578
2026-08-11,salmon-evolution-salme-xosl,SALME.OL,4.059999942779541,4.230000019073486,4.230000019073486,2705635
2026-08-12,salmon-evolution-salme-xosl,SALME.OL,4.300000190734863,4.050000190734863,4.050000190734863,3879849
2026-08-13,salmon-evolution-salme-xosl,SALME.OL,4.105000019073486,4.065000057220459,4.065000057220459,2549084
2026-08-14,salmon-evolution-salme-xosl,SALME.OL,4.110000133514404,4.005000114440918,4.005000114440918,1355170
2026-08-17,salmon-evolution-salme-xosl,SALME.OL,4.050000190734863,4.050000190734863,4.050000190734863,1234120
2026-08-18,salmon-evolution-salme-xosl,SALME.OL,4.03000020980835,3.8350000381469727,3.8350000381469727,3198598
2026-08-19,salmon-evolution-salme-xosl,SALME.OL,3.924999952316284,3.9200000762939453,3.9200000762939453,1177818
2026-08-20,salmon-evolution-salme-xosl,SALME.OL,3.990000009536743,3.890000104904175,3.890000104904175,1061503
2026-08-21,salmon-evolution-salme-xosl,SALME.OL,3.880000114440918,3.924999952316284,3.924999952316284,451444
2026-08-24,salmon-evolution-salme-xosl,SALME.OL,3.930000066757202,3.9149999618530273,3.9149999618530273,411005
2026-08-25,salmon-evolution-salme-xosl,SALME.OL,3.9649999141693115,3.825000047683716,3.825000047683716,1352506
2026-08-26,salmon-evolution-salme-xosl,SALME.OL,3.8550000190734863,3.8450000286102295,3.8450000286102295,690857
2026-08-27,salmon-evolution-salme-xosl,SALME.OL,3.8299999237060547,3.8299999237060547,3.8299999237060547,1790596
2026-08-28,salmon-evolution-salme-xosl,SALME.OL,3.884999990463257,3.9000000953674316,3.9000000953674316,1514509
2026-08-31,salmon-evolution-salme-xosl,SALME.OL,3.9000000953674316,3.8450000286102295,3.8450000286102295,773899
2026-09-01,salmon-evolution-salme-xosl,SALME.OL,3.825000047683716,3.765000104904175,3.765000104904175,2330422
2026-09-02,salmon-evolution-salme-xosl,SALME.OL,3.75,3.7799999713897705,3.7799999713897705,565893
2026-09-03,salmon-evolution-salme-xosl,SALME.OL,3.799999952316284,3.680000066757202,3.680000066757202,900075
2026-09-04,salmon-evolution-salme-xosl,SALME.OL,3.7049999237060547,3.680000066757202,3.680000066757202,715841
2026-09-07,salmon-evolution-salme-xosl,SALME.OL,3.6649999618530273,3.5999999046325684,3.5999999046325684,2636385
2026-09-08,salmon-evolution-salme-xosl,SALME.OL,3.625,3.4700000286102295,3.4700000286102295,2774682
2026-09-09,salmon-evolution-salme-xosl,SALME.OL,3.4700000286102295,3.4000000953674316,3.4000000953674316,2542109
2026-09-10,salmon-evolution-salme-xosl,SALME.OL,3.4600000381469727,3.390000104904175,3.390000104904175,2334355
2026-09-11,salmon-evolution-salme-xosl,SALME.OL,3.390000104904175,3.365000009536743,3.365000009536743,1703703
2026-09-14,salmon-evolution-salme-xosl,SALME.OL,3.450000047683716,3.200000047683716,3.200000047683716,3032354
2026-09-15,salmon-evolution-salme-xosl,SALME.OL,3.184999942779541,3.0850000381469727,3.0850000381469727,3579085
2026-09-16,salmon-evolution-salme-xosl,SALME.OL,3.0850000381469727,3.1600000858306885,3.1600000858306885,749016
2026-09-17,salmon-evolution-salme-xosl,SALME.OL,3.1649999618530273,3.3299999237060547,3.3299999237060547,766921
2026-09-18,salmon-evolution-salme-xosl,SALME.OL,3.3499999046325684,3.2850000858306885,3.2850000858306885,1221657
2026-09-21,salmon-evolution-salme-xosl,SALME.OL,3.3499999046325684,3.299999952316284,3.299999952316284,681813
2026-09-22,salmon-evolution-salme-xosl,SALME.OL,3.319999933242798,3.315000057220459,3.315000057220459,706694
2026-09-23,salmon-evolution-salme-xosl,SALME.OL,3.3499999046325684,3.3550000190734863,3.3550000190734863,925919
2026-09-24,salmon-evolution-salme-xosl,SALME.OL,3.390000104904175,3.4049999713897705,3.4049999713897705,874406
2026-09-25,salmon-evolution-salme-xosl,SALME.OL,3.4049999713897705,3.3499999046325684,3.3499999046325684,359340
2026-09-28,salmon-evolution-salme-xosl,SALME.OL,3.369999885559082,3.3949999809265137,3.3949999809265137,644309
2026-09-29,salmon-evolution-salme-xosl,SALME.OL,3.440000057220459,3.359999895095825,3.359999895095825,905766
2026-09-30,salmon-evolution-salme-xosl,SALME.OL,3.4000000953674316,3.3550000190734863,3.3550000190734863,355656
2026-10-01,salmon-evolution-salme-xosl,SALME.OL,3.3350000381469727,3.200000047683716,3.200000047683716,750002
2026-10-02,salmon-evolution-salme-xosl,SALME.OL,3.200000047683716,3.1700000762939453,3.1700000762939453,733691
2026-10-05,salmon-evolution-salme-xosl,SALME.OL,3.319999933242798,3.0999999046325684,3.0999999046325684,1039610
2026-10-06,salmon-evolution-salme-xosl,SALME.OL,3.0999999046325684,3.2300000190734863,3.2300000190734863,536944
2026-10-07,salmon-evolution-salme-xosl,SALME.OL,3.200000047683716,3.134999990463257,3.134999990463257,584569
2026-10-08,salmon-evolution-salme-xosl,SALME.OL,3.0999999046325684,3.0250000953674316,3.0250000953674316,1473237
2026-07-13,sats-xosl,SATS.OL,40.400001525878906,40.400001525878906,39.78044891357422,133230
2026-07-14,sats-xosl,SATS.OL,40.79999923706055,40.70000076293945,40.07584762573242,377161
2026-07-15,sats-xosl,SATS.OL,40.349998474121094,40.79999923706055,40.174312591552734,143130
2026-07-16,sats-xosl,SATS.OL,40.75,40.900001525878906,40.27278137207031,256122
2026-07-17,sats-xosl,SATS.OL,41.0,40.5,39.87891387939453,84084
2026-07-20,sats-xosl,SATS.OL,40.099998474121094,40.099998474121094,39.48504638671875,169536
2026-07-21,sats-xosl,SATS.OL,40.45000076293945,40.25,39.632747650146484,167935
2026-07-22,sats-xosl,SATS.OL,40.099998474121094,40.20000076293945,39.58351516723633,184989
2026-07-23,sats-xosl,SATS.OL,40.099998474121094,40.0,39.38658142089844,348159
2026-07-24,sats-xosl,SATS.OL,40.0,40.04999923706055,39.435813903808594,252827
2026-07-27,sats-xosl,SATS.OL,40.04999923706055,40.400001525878906,39.78044891357422,192087
2026-07-28,sats-xosl,SATS.OL,40.79999923706055,41.25,40.61741256713867,236959
2026-07-29,sats-xosl,SATS.OL,41.79999923706055,41.650001525878906,41.01128005981445,142692
2026-07-30,sats-xosl,SATS.OL,41.650001525878906,42.45000076293945,41.79901123046875,330175
2026-07-31,sats-xosl,SATS.OL,42.900001525878906,41.95000076293945,41.306678771972656,188273
2026-08-03,sats-xosl,SATS.OL,42.0,41.75,41.109745025634766,180066
2026-08-04,sats-xosl,SATS.OL,41.54999923706055,41.04999923706055,40.42047882080078,231485
2026-08-05,sats-xosl,SATS.OL,41.150001525878906,41.45000076293945,40.81434631347656,215982
2026-08-06,sats-xosl,SATS.OL,41.5,41.20000076293945,40.568180084228516,171020
2026-08-07,sats-xosl,SATS.OL,40.5,41.400001525878906,40.765113830566406,160963
2026-08-10,sats-xosl,SATS.OL,41.5,41.0,40.371246337890625,213506
2026-08-11,sats-xosl,SATS.OL,40.599998474121094,40.849998474121094,40.22354507446289,109266
2026-08-12,sats-xosl,SATS.OL,40.599998474121094,40.349998474121094,39.7312126159668,326832
2026-08-13,sats-xosl,SATS.OL,40.45000076293945,40.5,39.87891387939453,446761
2026-08-14,sats-xosl,SATS.OL,43.0,44.75,44.06373977661133,2240065
2026-08-17,sats-xosl,SATS.OL,44.150001525878906,45.79999923706055,45.09763717651367,1142499
2026-08-18,sats-xosl,SATS.OL,46.0,46.29999923706055,45.589969635009766,497588
2026-08-19,sats-xosl,SATS.OL,46.599998474121094,46.75,46.0330696105957,850830
2026-08-20,sats-xosl,SATS.OL,47.04999923706055,46.70000076293945,45.98383712768555,248005
2026-08-21,sats-xosl,SATS.OL,46.75,46.95000076293945,46.230003356933594,373570
2026-08-24,sats-xosl,SATS.OL,46.900001525878906,45.400001525878906,45.400001525878906,144901
2026-08-25,sats-xosl,SATS.OL,46.0,45.20000076293945,45.20000076293945,153857
2026-08-26,sats-xosl,SATS.OL,45.20000076293945,45.849998474121094,45.849998474121094,210724
2026-08-27,sats-xosl,SATS.OL,45.75,45.04999923706055,45.04999923706055,120582
2026-08-28,sats-xosl,SATS.OL,45.25,45.150001525878906,45.150001525878906,252944
2026-08-31,sats-xosl,SATS.OL,45.29999923706055,45.099998474121094,45.099998474121094,1339566
2026-09-01,sats-xosl,SATS.OL,45.45000076293945,44.70000076293945,44.70000076293945,259995
2026-09-02,sats-xosl,SATS.OL,44.5,45.29999923706055,45.29999923706055,317177
2026-09-03,sats-xosl,SATS.OL,44.849998474121094,45.5,45.5,177508
2026-09-04,sats-xosl,SATS.OL,45.5,45.45000076293945,45.45000076293945,156332
2026-09-07,sats-xosl,SATS.OL,45.5,45.099998474121094,45.099998474121094,152762
2026-09-08,sats-xosl,SATS.OL,44.25,44.75,44.75,129336
2026-09-09,sats-xosl,SATS.OL,44.54999923706055,44.29999923706055,44.29999923706055,343696
2026-09-10,sats-xosl,SATS.OL,44.099998474121094,44.400001525878906,44.400001525878906,269882
2026-09-11,sats-xosl,SATS.OL,45.349998474121094,44.099998474121094,44.099998474121094,482115
2026-09-14,sats-xosl,SATS.OL,43.79999923706055,43.20000076293945,43.20000076293945,490612
2026-09-15,sats-xosl,SATS.OL,43.20000076293945,42.900001525878906,42.900001525878906,384330
2026-09-16,sats-xosl,SATS.OL,43.150001525878906,44.349998474121094,44.349998474121094,549676
2026-09-17,sats-xosl,SATS.OL,44.54999923706055,44.150001525878906,44.150001525878906,334689
2026-09-18,sats-xosl,SATS.OL,43.70000076293945,43.75,43.75,889100
2026-09-21,sats-xosl,SATS.OL,43.599998474121094,43.95000076293945,43.95000076293945,446097
2026-09-22,sats-xosl,SATS.OL,44.5,43.900001525878906,43.900001525878906,226292
2026-09-23,sats-xosl,SATS.OL,43.95000076293945,42.5,42.5,505612
2026-09-24,sats-xosl,SATS.OL,42.5,42.599998474121094,42.599998474121094,323342
2026-09-25,sats-xosl,SATS.OL,43.29999923706055,42.400001525878906,42.400001525878906,427302
2026-09-28,sats-xosl,SATS.OL,42.20000076293945,42.599998474121094,42.599998474121094,305647
2026-09-29,sats-xosl,SATS.OL,43.79999923706055,42.650001525878906,42.650001525878906,413406
2026-09-30,sats-xosl,SATS.OL,42.75,42.29999923706055,42.29999923706055,618980
2026-10-01,sats-xosl,SATS.OL,41.95000076293945,41.349998474121094,41.349998474121094,545318
2026-10-02,sats-xosl,SATS.OL,41.400001525878906,41.04999923706055,41.04999923706055,279781
2026-10-05,sats-xosl,SATS.OL,40.79999923706055,39.5,39.5,706627
2026-10-06,sats-xosl,SATS.OL,39.5,39.75,39.75,716306
2026-10-07,sats-xosl,SATS.OL,39.79999923706055,40.29999923706055,40.29999923706055,377099
2026-10-08,sats-xosl,SATS.OL,40.0,40.650001525878906,40.650001525878906,289297
2026-07-13,scatec-scatc-xosl,SCATC.OL,95.0999984741211,95.1500015258789,95.1500015258789,247798
2026-07-14,scatec-scatc-xosl,SCATC.OL,95.69999694824219,96.94999694824219,96.94999694824219,316900
2026-07-15,scatec-scatc-xosl,SCATC.OL,97.44999694824219,97.9000015258789,97.9000015258789,184662
2026-07-16,scatec-scatc-xosl,SCATC.OL,97.69999694824219,96.75,96.75,205213
2026-07-17,scatec-scatc-xosl,SCATC.OL,96.5,96.55000305175781,96.55000305175781,208441
2026-07-20,scatec-scatc-xosl,SCATC.OL,96.80000305175781,96.6500015258789,96.6500015258789,193639
2026-07-21,scatec-scatc-xosl,SCATC.OL,96.5,97.05000305175781,97.05000305175781,216481
2026-07-22,scatec-scatc-xosl,SCATC.OL,97.75,96.9000015258789,96.9000015258789,155540
2026-07-23,scatec-scatc-xosl,SCATC.OL,97.4000015258789,96.9000015258789,96.9000015258789,217078
2026-07-24,scatec-scatc-xosl,SCATC.OL,96.9000015258789,96.0,96.0,175767
2026-07-27,scatec-scatc-xosl,SCATC.OL,96.0,94.0,94.0,431359
2026-07-28,scatec-scatc-xosl,SCATC.OL,94.0,92.0,92.0,443765
2026-07-29,scatec-scatc-xosl,SCATC.OL,92.44999694824219,90.6500015258789,90.6500015258789,536332
2026-07-30,scatec-scatc-xosl,SCATC.OL,90.80000305175781,92.55000305175781,92.55000305175781,331654
2026-07-31,scatec-scatc-xosl,SCATC.OL,92.80000305175781,91.5999984741211,91.5999984741211,352826
2026-08-03,scatec-scatc-xosl,SCATC.OL,91.5999984741211,92.0,92.0,330705
2026-08-04,scatec-scatc-xosl,SCATC.OL,92.19999694824219,92.8499984741211,92.8499984741211,309643
2026-08-05,scatec-scatc-xosl,SCATC.OL,93.0,94.1500015258789,94.1500015258789,331835
2026-08-06,scatec-scatc-xosl,SCATC.OL,93.69999694824219,93.69999694824219,93.69999694824219,306831
2026-08-07,scatec-scatc-xosl,SCATC.OL,93.0,92.94999694824219,92.94999694824219,243749
2026-08-10,scatec-scatc-xosl,SCATC.OL,92.5999984741211,93.1500015258789,93.1500015258789,255590
2026-08-11,scatec-scatc-xosl,SCATC.OL,93.5,95.55000305175781,95.55000305175781,404266
2026-08-12,scatec-scatc-xosl,SCATC.OL,96.0,97.19999694824219,97.19999694824219,317916
2026-08-13,scatec-scatc-xosl,SCATC.OL,98.0,98.69999694824219,98.69999694824219,242169
2026-08-14,scatec-scatc-xosl,SCATC.OL,98.19999694824219,99.19999694824219,99.19999694824219,347861
2026-08-17,scatec-scatc-xosl,SCATC.OL,99.19999694824219,98.05000305175781,98.05000305175781,291047
2026-08-18,scatec-scatc-xosl,SCATC.OL,98.25,95.69999694824219,95.69999694824219,248967
2026-08-19,scatec-scatc-xosl,SCATC.OL,95.0,94.94999694824219,94.94999694824219,339983
2026-08-20,scatec-scatc-xosl,SCATC.OL,95.05000305175781,96.5999984741211,96.5999984741211,320304
2026-08-21,scatec-scatc-xosl,SCATC.OL,97.94999694824219,96.75,96.75,727472
2026-08-24,scatec-scatc-xosl,SCATC.OL,97.25,95.69999694824219,95.69999694824219,475099
2026-08-25,scatec-scatc-xosl,SCATC.OL,96.5,99.1500015258789,99.1500015258789,596576
2026-08-26,scatec-scatc-xosl,SCATC.OL,99.75,96.80000305175781,96.80000305175781,556327
2026-08-27,scatec-scatc-xosl,SCATC.OL,96.8499984741211,96.80000305175781,96.80000305175781,240357
2026-08-28,scatec-scatc-xosl,SCATC.OL,97.0,98.9000015258789,98.9000015258789,569554
2026-08-31,scatec-scatc-xosl,SCATC.OL,98.5,96.55000305175781,96.55000305175781,895911
2026-09-01,scatec-scatc-xosl,SCATC.OL,96.5,96.75,96.75,427043
2026-09-02,scatec-scatc-xosl,SCATC.OL,97.05000305175781,97.5,97.5,568424
2026-09-03,scatec-scatc-xosl,SCATC.OL,97.5,99.4000015258789,99.4000015258789,623036
2026-09-04,scatec-scatc-xosl,SCATC.OL,99.4000015258789,101.69999694824219,101.69999694824219,444702
2026-09-07,scatec-scatc-xosl,SCATC.OL,102.0,103.0,103.0,465727
2026-09-08,scatec-scatc-xosl,SCATC.OL,102.69999694824219,104.5999984741211,104.5999984741211,356029
2026-09-09,scatec-scatc-xosl,SCATC.OL,105.0,103.9000015258789,103.9000015258789,304788
2026-09-10,scatec-scatc-xosl,SCATC.OL,103.5,100.80000305175781,100.80000305175781,556623
2026-09-11,scatec-scatc-xosl,SCATC.OL,100.0999984741211,99.19999694824219,99.19999694824219,254898
2026-09-14,scatec-scatc-xosl,SCATC.OL,98.3499984741211,96.9000015258789,96.9000015258789,511829
2026-09-15,scatec-scatc-xosl,SCATC.OL,96.25,97.05000305175781,97.05000305175781,381708
2026-09-16,scatec-scatc-xosl,SCATC.OL,96.5999984741211,95.6500015258789,95.6500015258789,347143
2026-09-17,scatec-scatc-xosl,SCATC.OL,95.8499984741211,98.5999984741211,98.5999984741211,357420
2026-09-18,scatec-scatc-xosl,SCATC.OL,99.1500015258789,100.19999694824219,100.19999694824219,1714942
2026-09-21,scatec-scatc-xosl,SCATC.OL,100.0,99.3499984741211,99.3499984741211,381082
2026-09-22,scatec-scatc-xosl,SCATC.OL,99.25,100.5,100.5,705213
2026-09-23,scatec-scatc-xosl,SCATC.OL,100.0999984741211,101.0,101.0,385330
2026-09-24,scatec-scatc-xosl,SCATC.OL,100.5,98.05000305175781,98.05000305175781,307243
2026-09-25,scatec-scatc-xosl,SCATC.OL,98.05000305175781,98.3499984741211,98.3499984741211,488178
2026-09-28,scatec-scatc-xosl,SCATC.OL,98.8499984741211,96.55000305175781,96.55000305175781,333493
2026-09-29,scatec-scatc-xosl,SCATC.OL,96.0999984741211,97.69999694824219,97.69999694824219,226634
2026-09-30,scatec-scatc-xosl,SCATC.OL,98.0,99.0,99.0,344982
2026-10-01,scatec-scatc-xosl,SCATC.OL,98.5999984741211,99.9000015258789,99.9000015258789,372184
2026-10-02,scatec-scatc-xosl,SCATC.OL,100.30000305175781,103.0999984741211,103.0999984741211,440678
2026-10-05,scatec-scatc-xosl,SCATC.OL,102.69999694824219,102.19999694824219,102.19999694824219,203372
2026-10-06,scatec-scatc-xosl,SCATC.OL,102.9000015258789,102.19999694824219,102.19999694824219,150103
2026-10-07,scatec-scatc-xosl,SCATC.OL,102.0999984741211,100.4000015258789,100.4000015258789,134589
2026-10-08,scatec-scatc-xosl,SCATC.OL,100.5,98.55000305175781,98.55000305175781,742131
2026-07-13,sed-energy-holdings-enh-xosl,ENH.OL,7.599999904632568,7.590000152587891,7.29238748550415,837252
2026-07-14,sed-energy-holdings-enh-xosl,ENH.OL,7.650000095367432,7.769999980926514,7.465329170227051,1005282
2026-07-15,sed-energy-holdings-enh-xosl,ENH.OL,7.789999961853027,7.659999847412109,7.359642505645752,938304
2026-07-16,sed-energy-holdings-enh-xosl,ENH.OL,7.699999809265137,7.590000152587891,7.29238748550415,989787
2026-07-17,sed-energy-holdings-enh-xosl,ENH.OL,7.599999904632568,7.550000190734863,7.253955841064453,1233988
2026-07-20,sed-energy-holdings-enh-xosl,ENH.OL,7.599999904632568,7.550000190734863,7.253955841064453,936162
2026-07-21,sed-energy-holdings-enh-xosl,ENH.OL,7.590000152587891,7.760000228881836,7.455721855163574,1428025
2026-07-22,sed-energy-holdings-enh-xosl,ENH.OL,7.800000190734863,7.909999847412109,7.599839687347412,2287384
2026-07-23,sed-energy-holdings-enh-xosl,ENH.OL,7.980000019073486,8.029999732971191,7.715134143829346,2049064
2026-07-24,sed-energy-holdings-enh-xosl,ENH.OL,8.100000381469727,7.980000019073486,7.667095184326172,1222108
2026-07-27,sed-energy-holdings-enh-xosl,ENH.OL,7.96999979019165,7.860000133514404,7.55180025100708,1627784
2026-07-28,sed-energy-holdings-enh-xosl,ENH.OL,7.829999923706055,7.829999923706055,7.522976398468018,826574
2026-07-29,sed-energy-holdings-enh-xosl,ENH.OL,7.800000190734863,7.929999828338623,7.619055271148682,1456403
2026-07-30,sed-energy-holdings-enh-xosl,ENH.OL,7.989999771118164,7.949999809265137,7.638271331787109,2046212
2026-07-31,sed-energy-holdings-enh-xosl,ENH.OL,7.960000038146973,7.949999809265137,7.638271331787109,1191100
2026-08-03,sed-energy-holdings-enh-xosl,ENH.OL,7.929999828338623,7.900000095367432,7.590231895446777,1273110
2026-08-04,sed-energy-holdings-enh-xosl,ENH.OL,7.909999847412109,7.889999866485596,7.580624103546143,2202775
2026-08-05,sed-energy-holdings-enh-xosl,ENH.OL,7.949999809265137,7.849999904632568,7.542192459106445,1982628
2026-08-06,sed-energy-holdings-enh-xosl,ENH.OL,7.860000133514404,7.849999904632568,7.542192459106445,1406175
2026-08-07,sed-energy-holdings-enh-xosl,ENH.OL,8.069999694824219,8.020000457763672,7.705526828765869,2065214
2026-08-10,sed-energy-holdings-enh-xosl,ENH.OL,8.140000343322754,8.109999656677246,7.79199743270874,2441776
2026-08-11,sed-energy-holdings-enh-xosl,ENH.OL,8.239999771118164,8.15999984741211,7.840036869049072,1982772
2026-08-12,sed-energy-holdings-enh-xosl,ENH.OL,8.199999809265137,8.0600004196167,7.743958473205566,2297997
2026-08-13,sed-energy-holdings-enh-xosl,ENH.OL,8.109999656677246,8.119999885559082,7.801605224609375,2656514
2026-08-14,sed-energy-holdings-enh-xosl,ENH.OL,8.170000076293945,8.239999771118164,7.916899681091309,2055925
2026-08-17,sed-energy-holdings-enh-xosl,ENH.OL,7.96999979019165,7.909999847412109,7.909999847412109,2069246
2026-08-18,sed-energy-holdings-enh-xosl,ENH.OL,7.920000076293945,7.860000133514404,7.860000133514404,1703628
2026-08-19,sed-energy-holdings-enh-xosl,ENH.OL,7.900000095367432,7.989999771118164,7.989999771118164,1479801
2026-08-20,sed-energy-holdings-enh-xosl,ENH.OL,8.0,7.960000038146973,7.960000038146973,1764042
2026-08-21,sed-energy-holdings-enh-xosl,ENH.OL,7.980000019073486,8.069999694824219,8.069999694824219,2231564
2026-08-24,sed-energy-holdings-enh-xosl,ENH.OL,8.079999923706055,7.909999847412109,7.909999847412109,2864681
2026-08-25,sed-energy-holdings-enh-xosl,ENH.OL,7.920000076293945,7.96999979019165,7.96999979019165,1852633
2026-08-26,sed-energy-holdings-enh-xosl,ENH.OL,8.079999923706055,8.0,8.0,5207893
2026-08-27,sed-energy-holdings-enh-xosl,ENH.OL,8.050000190734863,7.929999828338623,7.929999828338623,2260741
2026-08-28,sed-energy-holdings-enh-xosl,ENH.OL,7.960000038146973,7.909999847412109,7.909999847412109,3006037
2026-08-31,sed-energy-holdings-enh-xosl,ENH.OL,7.940000057220459,7.739999771118164,7.739999771118164,3471308
2026-09-01,sed-energy-holdings-enh-xosl,ENH.OL,7.75,7.71999979019165,7.71999979019165,3106118
2026-09-02,sed-energy-holdings-enh-xosl,ENH.OL,7.71999979019165,7.679999828338623,7.679999828338623,3016557
2026-09-03,sed-energy-holdings-enh-xosl,ENH.OL,7.650000095367432,7.309999942779541,7.309999942779541,8420394
2026-09-04,sed-energy-holdings-enh-xosl,ENH.OL,7.300000190734863,7.320000171661377,7.320000171661377,4000930
2026-09-07,sed-energy-holdings-enh-xosl,ENH.OL,7.400000095367432,7.230000019073486,7.230000019073486,2760410
2026-09-08,sed-energy-holdings-enh-xosl,ENH.OL,7.300000190734863,7.320000171661377,7.320000171661377,2911244
2026-09-09,sed-energy-holdings-enh-xosl,ENH.OL,7.400000095367432,7.449999809265137,7.449999809265137,1995953
2026-09-10,sed-energy-holdings-enh-xosl,ENH.OL,7.400000095367432,7.340000152587891,7.340000152587891,2857256
2026-09-11,sed-energy-holdings-enh-xosl,ENH.OL,7.570000171661377,7.260000228881836,7.260000228881836,14534655
2026-09-14,sed-energy-holdings-enh-xosl,ENH.OL,7.360000133514404,7.389999866485596,7.389999866485596,4420277
2026-09-15,sed-energy-holdings-enh-xosl,ENH.OL,7.389999866485596,7.360000133514404,7.360000133514404,2619829
2026-09-16,sed-energy-holdings-enh-xosl,ENH.OL,7.420000076293945,7.519999980926514,7.519999980926514,3917368
2026-09-17,sed-energy-holdings-enh-xosl,ENH.OL,7.590000152587891,7.460000038146973,7.460000038146973,3528462
2026-09-18,sed-energy-holdings-enh-xosl,ENH.OL,7.449999809265137,7.539999961853027,7.539999961853027,2417460
2026-09-21,sed-energy-holdings-enh-xosl,ENH.OL,7.559999942779541,7.389999866485596,7.389999866485596,3230096
2026-09-22,sed-energy-holdings-enh-xosl,ENH.OL,7.389999866485596,6.449999809265137,6.449999809265137,23278984
2026-09-23,sed-energy-holdings-enh-xosl,ENH.OL,6.5,6.53000020980835,6.53000020980835,11573392
2026-09-24,sed-energy-holdings-enh-xosl,ENH.OL,6.550000190734863,6.25,6.25,5433814
2026-09-25,sed-energy-holdings-enh-xosl,ENH.OL,6.25,6.300000190734863,6.300000190734863,2966774
2026-09-28,sed-energy-holdings-enh-xosl,ENH.OL,6.28000020980835,6.179999828338623,6.179999828338623,5216541
2026-09-29,sed-energy-holdings-enh-xosl,ENH.OL,6.199999809265137,6.260000228881836,6.260000228881836,3954954
2026-09-30,sed-energy-holdings-enh-xosl,ENH.OL,6.380000114440918,6.349999904632568,6.349999904632568,2605533
2026-10-01,sed-energy-holdings-enh-xosl,ENH.OL,6.369999885559082,6.480000019073486,6.480000019073486,3458639
2026-10-02,sed-energy-holdings-enh-xosl,ENH.OL,6.550000190734863,6.449999809265137,6.449999809265137,1222098
2026-10-05,sed-energy-holdings-enh-xosl,ENH.OL,6.5,6.429999828338623,6.429999828338623,1549598
2026-10-06,sed-energy-holdings-enh-xosl,ENH.OL,6.449999809265137,6.460000038146973,6.460000038146973,1607039
2026-10-07,sed-energy-holdings-enh-xosl,ENH.OL,6.46999979019165,6.449999809265137,6.449999809265137,1662644
2026-10-08,sed-energy-holdings-enh-xosl,ENH.OL,6.420000076293945,6.329999923706055,6.329999923706055,1720967
2026-07-13,selvaag-bolig-sbo-xosl,SBO.OL,33.5,33.20000076293945,33.20000076293945,7285
2026-07-14,selvaag-bolig-sbo-xosl,SBO.OL,33.20000076293945,33.20000076293945,33.20000076293945,3518
2026-07-15,selvaag-bolig-sbo-xosl,SBO.OL,32.75,33.0,33.0,497
2026-07-16,selvaag-bolig-sbo-xosl,SBO.OL,33.150001525878906,32.95000076293945,32.95000076293945,8879
2026-07-17,selvaag-bolig-sbo-xosl,SBO.OL,32.70000076293945,32.79999923706055,32.79999923706055,10464
2026-07-20,selvaag-bolig-sbo-xosl,SBO.OL,32.349998474121094,32.29999923706055,32.29999923706055,10772
2026-07-21,selvaag-bolig-sbo-xosl,SBO.OL,32.29999923706055,32.400001525878906,32.400001525878906,3005
2026-07-22,selvaag-bolig-sbo-xosl,SBO.OL,32.150001525878906,32.45000076293945,32.45000076293945,93318
2026-07-23,selvaag-bolig-sbo-xosl,SBO.OL,32.5,33.29999923706055,33.29999923706055,3971
2026-07-24,selvaag-bolig-sbo-xosl,SBO.OL,32.900001525878906,33.5,33.5,13476
2026-07-27,selvaag-bolig-sbo-xosl,SBO.OL,32.400001525878906,33.20000076293945,33.20000076293945,1479
2026-07-28,selvaag-bolig-sbo-xosl,SBO.OL,33.0,33.0,33.0,3693
2026-07-29,selvaag-bolig-sbo-xosl,SBO.OL,33.900001525878906,32.75,32.75,7245
2026-07-30,selvaag-bolig-sbo-xosl,SBO.OL,33.400001525878906,33.5,33.5,9263
2026-07-31,selvaag-bolig-sbo-xosl,SBO.OL,33.95000076293945,33.45000076293945,33.45000076293945,6297
2026-08-03,selvaag-bolig-sbo-xosl,SBO.OL,32.599998474121094,33.20000076293945,33.20000076293945,1635
2026-08-04,selvaag-bolig-sbo-xosl,SBO.OL,33.20000076293945,33.650001525878906,33.650001525878906,5322
2026-08-05,selvaag-bolig-sbo-xosl,SBO.OL,33.04999923706055,33.5,33.5,4089
2026-08-06,selvaag-bolig-sbo-xosl,SBO.OL,34.0,33.900001525878906,33.900001525878906,30912
2026-08-07,selvaag-bolig-sbo-xosl,SBO.OL,33.0,33.349998474121094,33.349998474121094,36094
2026-08-10,selvaag-bolig-sbo-xosl,SBO.OL,33.5,33.75,33.75,13038
2026-08-11,selvaag-bolig-sbo-xosl,SBO.OL,33.75,33.25,33.25,27785
2026-08-12,selvaag-bolig-sbo-xosl,SBO.OL,33.400001525878906,32.95000076293945,32.95000076293945,34810
2026-08-13,selvaag-bolig-sbo-xosl,SBO.OL,33.5,33.150001525878906,33.150001525878906,34002
2026-08-14,selvaag-bolig-sbo-xosl,SBO.OL,33.5,32.900001525878906,32.900001525878906,15646
2026-08-17,selvaag-bolig-sbo-xosl,SBO.OL,32.70000076293945,32.599998474121094,32.599998474121094,30744
2026-08-18,selvaag-bolig-sbo-xosl,SBO.OL,33.0,32.400001525878906,32.400001525878906,12555
2026-08-19,selvaag-bolig-sbo-xosl,SBO.OL,32.400001525878906,32.45000076293945,32.45000076293945,7936
2026-08-20,selvaag-bolig-sbo-xosl,SBO.OL,32.45000076293945,32.75,32.75,34971
2026-08-21,selvaag-bolig-sbo-xosl,SBO.OL,32.599998474121094,32.849998474121094,32.849998474121094,21758
2026-08-24,selvaag-bolig-sbo-xosl,SBO.OL,33.20000076293945,32.599998474121094,32.599998474121094,15546
2026-08-25,selvaag-bolig-sbo-xosl,SBO.OL,32.70000076293945,32.599998474121094,32.599998474121094,13491
2026-08-26,selvaag-bolig-sbo-xosl,SBO.OL,32.900001525878906,32.95000076293945,32.95000076293945,12128
2026-08-27,selvaag-bolig-sbo-xosl,SBO.OL,33.0,32.650001525878906,32.650001525878906,3202
2026-08-28,selvaag-bolig-sbo-xosl,SBO.OL,32.5,32.29999923706055,32.29999923706055,35661
2026-08-31,selvaag-bolig-sbo-xosl,SBO.OL,32.79999923706055,33.0,33.0,46057
2026-09-01,selvaag-bolig-sbo-xosl,SBO.OL,33.29999923706055,32.79999923706055,32.79999923706055,14885
2026-09-02,selvaag-bolig-sbo-xosl,SBO.OL,33.0,33.0,33.0,122597
2026-09-03,selvaag-bolig-sbo-xosl,SBO.OL,33.099998474121094,32.599998474121094,32.599998474121094,128525
2026-09-04,selvaag-bolig-sbo-xosl,SBO.OL,32.5,32.5,32.5,23857
2026-09-07,selvaag-bolig-sbo-xosl,SBO.OL,32.349998474121094,33.04999923706055,33.04999923706055,87841
2026-09-08,selvaag-bolig-sbo-xosl,SBO.OL,33.20000076293945,32.599998474121094,32.599998474121094,61178
2026-09-09,selvaag-bolig-sbo-xosl,SBO.OL,32.900001525878906,32.95000076293945,32.95000076293945,34767
2026-09-10,selvaag-bolig-sbo-xosl,SBO.OL,32.95000076293945,32.650001525878906,32.650001525878906,31926
2026-09-11,selvaag-bolig-sbo-xosl,SBO.OL,33.0,33.0,33.0,37665
2026-09-14,selvaag-bolig-sbo-xosl,SBO.OL,32.599998474121094,32.650001525878906,32.650001525878906,16823
2026-09-15,selvaag-bolig-sbo-xosl,SBO.OL,32.599998474121094,32.54999923706055,32.54999923706055,18850
2026-09-16,selvaag-bolig-sbo-xosl,SBO.OL,32.900001525878906,32.79999923706055,32.79999923706055,40808
2026-09-17,selvaag-bolig-sbo-xosl,SBO.OL,32.599998474121094,32.54999923706055,32.54999923706055,11633
2026-09-18,selvaag-bolig-sbo-xosl,SBO.OL,32.79999923706055,32.099998474121094,32.099998474121094,64311
2026-09-21,selvaag-bolig-sbo-xosl,SBO.OL,32.099998474121094,32.0,32.0,13995
2026-09-22,selvaag-bolig-sbo-xosl,SBO.OL,31.950000762939453,31.649999618530273,31.649999618530273,18547
2026-09-23,selvaag-bolig-sbo-xosl,SBO.OL,31.450000762939453,31.299999237060547,31.299999237060547,19718
2026-09-24,selvaag-bolig-sbo-xosl,SBO.OL,31.049999237060547,30.600000381469727,30.600000381469727,55945
2026-09-25,selvaag-bolig-sbo-xosl,SBO.OL,31.850000381469727,31.0,31.0,844996
2026-09-28,selvaag-bolig-sbo-xosl,SBO.OL,31.950000762939453,31.399999618530273,31.399999618530273,16935
2026-09-29,selvaag-bolig-sbo-xosl,SBO.OL,31.399999618530273,30.5,30.5,32550
2026-09-30,selvaag-bolig-sbo-xosl,SBO.OL,30.5,30.5,30.5,10083
2026-10-01,selvaag-bolig-sbo-xosl,SBO.OL,31.0,31.200000762939453,31.200000762939453,121420
2026-10-02,selvaag-bolig-sbo-xosl,SBO.OL,31.200000762939453,30.850000381469727,30.850000381469727,13548
2026-10-05,selvaag-bolig-sbo-xosl,SBO.OL,30.850000381469727,30.5,30.5,37414
2026-10-06,selvaag-bolig-sbo-xosl,SBO.OL,30.549999237060547,30.200000762939453,30.200000762939453,25175
2026-10-07,selvaag-bolig-sbo-xosl,SBO.OL,30.399999618530273,30.149999618530273,30.149999618530273,27492
2026-10-08,selvaag-bolig-sbo-xosl,SBO.OL,30.0,30.200000762939453,30.200000762939453,12686
2026-07-13,sentia-sntia-xosl,SNTIA.OL,80.9000015258789,80.0,80.0,75633
2026-07-14,sentia-sntia-xosl,SNTIA.OL,80.5,79.80000305175781,79.80000305175781,59058
2026-07-15,sentia-sntia-xosl,SNTIA.OL,80.0,80.0,80.0,103883
2026-07-16,sentia-sntia-xosl,SNTIA.OL,79.9000015258789,79.69999694824219,79.69999694824219,69025
2026-07-17,sentia-sntia-xosl,SNTIA.OL,78.0,78.30000305175781,78.30000305175781,93834
2026-07-20,sentia-sntia-xosl,SNTIA.OL,78.5,76.80000305175781,76.80000305175781,45916
2026-07-21,sentia-sntia-xosl,SNTIA.OL,77.19999694824219,78.5999984741211,78.5999984741211,39914
2026-07-22,sentia-sntia-xosl,SNTIA.OL,79.0,79.19999694824219,79.19999694824219,76150
2026-07-23,sentia-sntia-xosl,SNTIA.OL,79.0,79.0999984741211,79.0999984741211,52422
2026-07-24,sentia-sntia-xosl,SNTIA.OL,77.80000305175781,78.19999694824219,78.19999694824219,26699
2026-07-27,sentia-sntia-xosl,SNTIA.OL,78.5999984741211,76.69999694824219,76.69999694824219,62673
2026-07-28,sentia-sntia-xosl,SNTIA.OL,76.69999694824219,77.4000015258789,77.4000015258789,76145
2026-07-29,sentia-sntia-xosl,SNTIA.OL,77.0999984741211,77.0999984741211,77.0999984741211,62156
2026-07-30,sentia-sntia-xosl,SNTIA.OL,76.5,76.69999694824219,76.69999694824219,61074
2026-07-31,sentia-sntia-xosl,SNTIA.OL,77.4000015258789,77.5999984741211,77.5999984741211,48767
2026-08-03,sentia-sntia-xosl,SNTIA.OL,77.5,77.69999694824219,77.69999694824219,70022
2026-08-04,sentia-sntia-xosl,SNTIA.OL,78.19999694824219,78.9000015258789,78.9000015258789,62103
2026-08-05,sentia-sntia-xosl,SNTIA.OL,78.69999694824219,80.30000305175781,80.30000305175781,69392
2026-08-06,sentia-sntia-xosl,SNTIA.OL,80.5999984741211,80.4000015258789,80.4000015258789,92849
2026-08-07,sentia-sntia-xosl,SNTIA.OL,80.9000015258789,80.19999694824219,80.19999694824219,41813
2026-08-10,sentia-sntia-xosl,SNTIA.OL,79.9000015258789,79.19999694824219,79.19999694824219,49983
2026-08-11,sentia-sntia-xosl,SNTIA.OL,79.0,79.0999984741211,79.0999984741211,42548
2026-08-12,sentia-sntia-xosl,SNTIA.OL,78.0,78.19999694824219,78.19999694824219,32458
2026-08-13,sentia-sntia-xosl,SNTIA.OL,78.0999984741211,78.5,78.5,51278
2026-08-14,sentia-sntia-xosl,SNTIA.OL,78.69999694824219,79.69999694824219,79.69999694824219,46777
2026-08-17,sentia-sntia-xosl,SNTIA.OL,79.0,79.30000305175781,79.30000305175781,87983
2026-08-18,sentia-sntia-xosl,SNTIA.OL,79.0999984741211,79.0,79.0,132696
2026-08-19,sentia-sntia-xosl,SNTIA.OL,79.0,78.0999984741211,78.0999984741211,47519
2026-08-20,sentia-sntia-xosl,SNTIA.OL,78.5,77.80000305175781,77.80000305175781,36804
2026-08-21,sentia-sntia-xosl,SNTIA.OL,78.0,78.0999984741211,78.0999984741211,137882
2026-08-24,sentia-sntia-xosl,SNTIA.OL,79.30000305175781,77.80000305175781,77.80000305175781,79521
2026-08-25,sentia-sntia-xosl,SNTIA.OL,77.19999694824219,78.69999694824219,78.69999694824219,91034
2026-08-26,sentia-sntia-xosl,SNTIA.OL,79.5999984741211,81.5,81.5,156936
2026-08-27,sentia-sntia-xosl,SNTIA.OL,81.5,84.0999984741211,84.0999984741211,253346
2026-08-28,sentia-sntia-xosl,SNTIA.OL,84.19999694824219,86.80000305175781,86.80000305175781,172303
2026-08-31,sentia-sntia-xosl,SNTIA.OL,86.5999984741211,86.5,86.5,117757
2026-09-01,sentia-sntia-xosl,SNTIA.OL,83.5999984741211,85.19999694824219,85.19999694824219,190393
2026-09-02,sentia-sntia-xosl,SNTIA.OL,86.30000305175781,86.30000305175781,86.30000305175781,91080
2026-09-03,sentia-sntia-xosl,SNTIA.OL,86.19999694824219,85.30000305175781,85.30000305175781,44869
2026-09-04,sentia-sntia-xosl,SNTIA.OL,85.5999984741211,86.0999984741211,86.0999984741211,93619
2026-09-07,sentia-sntia-xosl,SNTIA.OL,85.0,87.4000015258789,87.4000015258789,173598
2026-09-08,sentia-sntia-xosl,SNTIA.OL,86.5,87.0,87.0,86047
2026-09-09,sentia-sntia-xosl,SNTIA.OL,86.9000015258789,85.0,85.0,416742
2026-09-10,sentia-sntia-xosl,SNTIA.OL,83.69999694824219,84.5999984741211,84.5999984741211,162258
2026-09-11,sentia-sntia-xosl,SNTIA.OL,84.9000015258789,84.80000305175781,84.80000305175781,43160
2026-09-14,sentia-sntia-xosl,SNTIA.OL,84.5,84.4000015258789,84.4000015258789,92968
2026-09-15,sentia-sntia-xosl,SNTIA.OL,83.0999984741211,84.69999694824219,84.69999694824219,150062
2026-09-16,sentia-sntia-xosl,SNTIA.OL,85.19999694824219,85.0,85.0,48906
2026-09-17,sentia-sntia-xosl,SNTIA.OL,84.80000305175781,86.19999694824219,86.19999694824219,50168
2026-09-18,sentia-sntia-xosl,SNTIA.OL,85.69999694824219,86.69999694824219,86.69999694824219,166226
2026-09-21,sentia-sntia-xosl,SNTIA.OL,87.0,86.4000015258789,86.4000015258789,37762
2026-09-22,sentia-sntia-xosl,SNTIA.OL,86.0999984741211,85.0999984741211,85.0999984741211,45902
2026-09-23,sentia-sntia-xosl,SNTIA.OL,85.19999694824219,85.5,85.5,232972
2026-09-24,sentia-sntia-xosl,SNTIA.OL,85.0,85.4000015258789,85.4000015258789,52511
2026-09-25,sentia-sntia-xosl,SNTIA.OL,86.5,85.5999984741211,85.5999984741211,100019
2026-09-28,sentia-sntia-xosl,SNTIA.OL,84.9000015258789,85.80000305175781,85.80000305175781,102868
2026-09-29,sentia-sntia-xosl,SNTIA.OL,86.0,86.19999694824219,86.19999694824219,52564
2026-09-30,sentia-sntia-xosl,SNTIA.OL,86.0999984741211,85.4000015258789,85.4000015258789,97137
2026-10-01,sentia-sntia-xosl,SNTIA.OL,85.4000015258789,85.0,85.0,72679
2026-10-02,sentia-sntia-xosl,SNTIA.OL,85.0,84.9000015258789,84.9000015258789,44500
2026-10-05,sentia-sntia-xosl,SNTIA.OL,85.0,83.0999984741211,83.0999984741211,103230
2026-10-06,sentia-sntia-xosl,SNTIA.OL,83.0,84.30000305175781,84.30000305175781,70245
2026-10-07,sentia-sntia-xosl,SNTIA.OL,83.5,83.4000015258789,83.4000015258789,57039
2026-10-08,sentia-sntia-xosl,SNTIA.OL,82.80000305175781,82.80000305175781,82.80000305175781,177186
2026-07-13,skue-sparebank-skue-xosl,SKUE.OL,325.04998779296875,332.29998779296875,332.29998779296875,55
2026-07-14,skue-sparebank-skue-xosl,SKUE.OL,325.54998779296875,332.29998779296875,332.29998779296875,327
2026-07-15,skue-sparebank-skue-xosl,SKUE.OL,326.0,326.1000061035156,326.1000061035156,134
2026-07-16,skue-sparebank-skue-xosl,SKUE.OL,326.1000061035156,332.0,332.0,147
2026-07-17,skue-sparebank-skue-xosl,SKUE.OL,331.95001220703125,331.0,331.0,36
2026-07-20,skue-sparebank-skue-xosl,SKUE.OL,326.04998779296875,330.45001220703125,330.45001220703125,685
2026-07-21,skue-sparebank-skue-xosl,SKUE.OL,332.0,332.0,332.0,20
2026-07-22,skue-sparebank-skue-xosl,SKUE.OL,330.0,332.8999938964844,332.8999938964844,90
2026-07-23,skue-sparebank-skue-xosl,SKUE.OL,327.20001220703125,327.20001220703125,327.20001220703125,217
2026-07-24,skue-sparebank-skue-xosl,SKUE.OL,334.0,334.5,334.5,1067
2026-07-27,skue-sparebank-skue-xosl,SKUE.OL,330.0,330.0,330.0,10
2026-07-28,skue-sparebank-skue-xosl,SKUE.OL,330.0,330.0,330.0,12
2026-07-29,skue-sparebank-skue-xosl,SKUE.OL,331.0,332.20001220703125,332.20001220703125,69
2026-07-30,skue-sparebank-skue-xosl,SKUE.OL,329.95001220703125,329.95001220703125,329.95001220703125,7
2026-07-31,skue-sparebank-skue-xosl,SKUE.OL,328.0,328.0,328.0,30
2026-08-03,skue-sparebank-skue-xosl,SKUE.OL,330.0,334.5,334.5,63
2026-08-04,skue-sparebank-skue-xosl,SKUE.OL,334.5,334.70001220703125,334.70001220703125,467
2026-08-05,skue-sparebank-skue-xosl,SKUE.OL,328.04998779296875,334.75,334.75,1042
2026-08-06,skue-sparebank-skue-xosl,SKUE.OL,334.0,334.8999938964844,334.8999938964844,186
2026-08-07,skue-sparebank-skue-xosl,SKUE.OL,334.79998779296875,336.0,336.0,522
2026-08-10,skue-sparebank-skue-xosl,SKUE.OL,335.0,335.0,335.0,25
2026-08-11,skue-sparebank-skue-xosl,SKUE.OL,330.0,334.0,334.0,52
2026-08-12,skue-sparebank-skue-xosl,SKUE.OL,335.95001220703125,330.0,330.0,24
2026-08-13,skue-sparebank-skue-xosl,SKUE.OL,328.0,334.0,334.0,20468
2026-08-14,skue-sparebank-skue-xosl,SKUE.OL,333.29998779296875,332.0,332.0,254
2026-08-17,skue-sparebank-skue-xosl,SKUE.OL,332.0,332.0,332.0,1782
2026-08-18,skue-sparebank-skue-xosl,SKUE.OL,332.0,332.0,332.0,30
2026-08-19,skue-sparebank-skue-xosl,SKUE.OL,335.0,330.04998779296875,330.04998779296875,3867
2026-08-20,skue-sparebank-skue-xosl,SKUE.OL,331.0,329.04998779296875,329.04998779296875,487
2026-08-21,skue-sparebank-skue-xosl,SKUE.OL,332.0,331.0,331.0,166
2026-08-24,skue-sparebank-skue-xosl,SKUE.OL,330.0,328.20001220703125,328.20001220703125,1226
2026-08-25,skue-sparebank-skue-xosl,SKUE.OL,329.1000061035156,329.1000061035156,329.1000061035156,3123
2026-08-26,skue-sparebank-skue-xosl,SKUE.OL,331.0,330.95001220703125,330.95001220703125,4141
2026-08-27,skue-sparebank-skue-xosl,SKUE.OL,329.04998779296875,330.25,330.25,3255
2026-08-28,skue-sparebank-skue-xosl,SKUE.OL,330.25,330.25,330.25,4
2026-08-31,skue-sparebank-skue-xosl,SKUE.OL,328.04998779296875,328.04998779296875,328.04998779296875,184
2026-09-01,skue-sparebank-skue-xosl,SKUE.OL,328.04998779296875,329.04998779296875,329.04998779296875,339
2026-09-02,skue-sparebank-skue-xosl,SKUE.OL,328.04998779296875,336.0,336.0,918
2026-09-03,skue-sparebank-skue-xosl,SKUE.OL,336.0,325.20001220703125,325.20001220703125,478
2026-09-04,skue-sparebank-skue-xosl,SKUE.OL,334.0,326.0,326.0,3086
2026-09-07,skue-sparebank-skue-xosl,SKUE.OL,326.0,328.79998779296875,328.79998779296875,3244
2026-09-08,skue-sparebank-skue-xosl,SKUE.OL,326.04998779296875,329.1499938964844,329.1499938964844,3215
2026-09-09,skue-sparebank-skue-xosl,SKUE.OL,328.0,332.0,332.0,1706
2026-09-10,skue-sparebank-skue-xosl,SKUE.OL,325.1000061035156,326.75,326.75,198
2026-09-11,skue-sparebank-skue-xosl,SKUE.OL,325.1000061035156,329.95001220703125,329.95001220703125,395
2026-09-14,skue-sparebank-skue-xosl,SKUE.OL,332.04998779296875,329.95001220703125,329.95001220703125,115
2026-09-15,skue-sparebank-skue-xosl,SKUE.OL,329.0,325.0,325.0,62
2026-09-16,skue-sparebank-skue-xosl,SKUE.OL,325.0,330.0,330.0,211
2026-09-17,skue-sparebank-skue-xosl,SKUE.OL,330.0,331.0,331.0,90
2026-09-18,skue-sparebank-skue-xosl,SKUE.OL,330.1499938964844,332.0,332.0,2200
2026-09-21,skue-sparebank-skue-xosl,SKUE.OL,330.0,332.0,332.0,145
2026-09-22,skue-sparebank-skue-xosl,SKUE.OL,325.04998779296875,326.0,326.0,439
2026-09-23,skue-sparebank-skue-xosl,SKUE.OL,329.95001220703125,325.75,325.75,555
2026-09-24,skue-sparebank-skue-xosl,SKUE.OL,325.04998779296875,330.04998779296875,330.04998779296875,1781
2026-09-25,skue-sparebank-skue-xosl,SKUE.OL,335.0,330.1499938964844,330.1499938964844,39047
2026-09-28,skue-sparebank-skue-xosl,SKUE.OL,331.20001220703125,333.1000061035156,333.1000061035156,450
2026-09-29,skue-sparebank-skue-xosl,SKUE.OL,333.1499938964844,335.0,335.0,7428
2026-09-30,skue-sparebank-skue-xosl,SKUE.OL,335.0,330.25,330.25,536
2026-10-01,skue-sparebank-skue-xosl,SKUE.OL,334.95001220703125,334.95001220703125,334.95001220703125,59
2026-10-02,skue-sparebank-skue-xosl,SKUE.OL,334.95001220703125,332.0,332.0,5296
2026-10-05,skue-sparebank-skue-xosl,SKUE.OL,330.04998779296875,332.0,332.0,4287
2026-10-06,skue-sparebank-skue-xosl,SKUE.OL,330.0,342.0,342.0,16456
2026-10-07,skue-sparebank-skue-xosl,SKUE.OL,336.3999938964844,346.5,346.5,5218
2026-10-08,skue-sparebank-skue-xosl,SKUE.OL,349.29998779296875,345.0,345.0,2796
2026-07-13,smartoptics-group-smop-xosl,SMOP.OL,51.0,49.900001525878906,49.900001525878906,802325
2026-07-14,smartoptics-group-smop-xosl,SMOP.OL,50.20000076293945,46.0,46.0,564691
2026-07-15,smartoptics-group-smop-xosl,SMOP.OL,46.79999923706055,44.400001525878906,44.400001525878906,224793
2026-07-16,smartoptics-group-smop-xosl,SMOP.OL,44.5,45.0,45.0,186987
2026-07-17,smartoptics-group-smop-xosl,SMOP.OL,43.29999923706055,44.29999923706055,44.29999923706055,179500
2026-07-20,smartoptics-group-smop-xosl,SMOP.OL,43.900001525878906,43.400001525878906,43.400001525878906,134703
2026-07-21,smartoptics-group-smop-xosl,SMOP.OL,43.0,44.79999923706055,44.79999923706055,80537
2026-07-22,smartoptics-group-smop-xosl,SMOP.OL,45.70000076293945,44.79999923706055,44.79999923706055,64316
2026-07-23,smartoptics-group-smop-xosl,SMOP.OL,44.400001525878906,44.5,44.5,153513
2026-07-24,smartoptics-group-smop-xosl,SMOP.OL,44.0,43.79999923706055,43.79999923706055,126786
2026-07-27,smartoptics-group-smop-xosl,SMOP.OL,43.70000076293945,44.20000076293945,44.20000076293945,93712
2026-07-28,smartoptics-group-smop-xosl,SMOP.OL,45.0,43.099998474121094,43.099998474121094,358548
2026-07-29,smartoptics-group-smop-xosl,SMOP.OL,45.20000076293945,43.400001525878906,43.400001525878906,142102
2026-07-30,smartoptics-group-smop-xosl,SMOP.OL,43.099998474121094,44.20000076293945,44.20000076293945,189297
2026-07-31,smartoptics-group-smop-xosl,SMOP.OL,46.400001525878906,43.599998474121094,43.599998474121094,207404
2026-08-03,smartoptics-group-smop-xosl,SMOP.OL,44.0,43.400001525878906,43.400001525878906,167053
2026-08-04,smartoptics-group-smop-xosl,SMOP.OL,43.599998474121094,45.599998474121094,45.599998474121094,299983
2026-08-05,smartoptics-group-smop-xosl,SMOP.OL,46.29999923706055,46.099998474121094,46.099998474121094,302802
2026-08-06,smartoptics-group-smop-xosl,SMOP.OL,46.599998474121094,46.29999923706055,46.29999923706055,156661
2026-08-07,smartoptics-group-smop-xosl,SMOP.OL,47.0,46.29999923706055,46.29999923706055,188808
2026-08-10,smartoptics-group-smop-xosl,SMOP.OL,47.0,48.400001525878906,48.400001525878906,250814
2026-08-11,smartoptics-group-smop-xosl,SMOP.OL,47.599998474121094,47.5,47.5,110527
2026-08-12,smartoptics-group-smop-xosl,SMOP.OL,48.099998474121094,47.599998474121094,47.599998474121094,138448
2026-08-13,smartoptics-group-smop-xosl,SMOP.OL,47.400001525878906,48.29999923706055,48.29999923706055,106428
2026-08-14,smartoptics-group-smop-xosl,SMOP.OL,48.0,49.20000076293945,49.20000076293945,210858
2026-08-17,smartoptics-group-smop-xosl,SMOP.OL,49.5,47.5,47.5,125919
2026-08-18,smartoptics-group-smop-xosl,SMOP.OL,46.599998474121094,45.599998474121094,45.599998474121094,149138
2026-08-19,smartoptics-group-smop-xosl,SMOP.OL,45.5,44.099998474121094,44.099998474121094,163593
2026-08-20,smartoptics-group-smop-xosl,SMOP.OL,44.0,44.20000076293945,44.20000076293945,90334
2026-08-21,smartoptics-group-smop-xosl,SMOP.OL,44.20000076293945,45.0,45.0,81003
2026-08-24,smartoptics-group-smop-xosl,SMOP.OL,44.5,43.599998474121094,43.599998474121094,196450
2026-08-25,smartoptics-group-smop-xosl,SMOP.OL,43.599998474121094,45.599998474121094,45.599998474121094,132948
2026-08-26,smartoptics-group-smop-xosl,SMOP.OL,47.099998474121094,45.20000076293945,45.20000076293945,146327
2026-08-27,smartoptics-group-smop-xosl,SMOP.OL,46.400001525878906,45.599998474121094,45.599998474121094,166740
2026-08-28,smartoptics-group-smop-xosl,SMOP.OL,46.20000076293945,44.79999923706055,44.79999923706055,167069
2026-08-31,smartoptics-group-smop-xosl,SMOP.OL,46.400001525878906,44.5,44.5,419096
2026-09-01,smartoptics-group-smop-xosl,SMOP.OL,44.400001525878906,43.099998474121094,43.099998474121094,222050
2026-09-02,smartoptics-group-smop-xosl,SMOP.OL,42.79999923706055,43.20000076293945,43.20000076293945,203808
2026-09-03,smartoptics-group-smop-xosl,SMOP.OL,43.400001525878906,44.400001525878906,44.400001525878906,251674
2026-09-04,smartoptics-group-smop-xosl,SMOP.OL,44.099998474121094,43.900001525878906,43.900001525878906,125379
2026-09-07,smartoptics-group-smop-xosl,SMOP.OL,45.20000076293945,46.0,46.0,218542
2026-09-08,smartoptics-group-smop-xosl,SMOP.OL,45.20000076293945,45.400001525878906,45.400001525878906,163154
2026-09-09,smartoptics-group-smop-xosl,SMOP.OL,45.20000076293945,47.599998474121094,47.599998474121094,226442
2026-09-10,smartoptics-group-smop-xosl,SMOP.OL,46.900001525878906,46.5,46.5,258467
2026-09-11,smartoptics-group-smop-xosl,SMOP.OL,47.5,48.400001525878906,48.400001525878906,126995
2026-09-14,smartoptics-group-smop-xosl,SMOP.OL,48.099998474121094,45.099998474121094,45.099998474121094,207609
2026-09-15,smartoptics-group-smop-xosl,SMOP.OL,45.0,45.0,45.0,140187
2026-09-16,smartoptics-group-smop-xosl,SMOP.OL,46.0,46.400001525878906,46.400001525878906,97270
2026-09-17,smartoptics-group-smop-xosl,SMOP.OL,46.70000076293945,50.20000076293945,50.20000076293945,200217
2026-09-18,smartoptics-group-smop-xosl,SMOP.OL,50.599998474121094,51.79999923706055,51.79999923706055,381187
2026-09-21,smartoptics-group-smop-xosl,SMOP.OL,52.20000076293945,52.599998474121094,52.599998474121094,85250
2026-09-22,smartoptics-group-smop-xosl,SMOP.OL,52.599998474121094,51.79999923706055,51.79999923706055,47131
2026-09-23,smartoptics-group-smop-xosl,SMOP.OL,49.599998474121094,52.0,52.0,95352
2026-09-24,smartoptics-group-smop-xosl,SMOP.OL,51.599998474121094,49.400001525878906,49.400001525878906,140555
2026-09-25,smartoptics-group-smop-xosl,SMOP.OL,51.0,49.0,49.0,60859
2026-09-28,smartoptics-group-smop-xosl,SMOP.OL,49.29999923706055,48.099998474121094,48.099998474121094,79166
2026-09-29,smartoptics-group-smop-xosl,SMOP.OL,47.70000076293945,49.400001525878906,49.400001525878906,77330
2026-09-30,smartoptics-group-smop-xosl,SMOP.OL,49.29999923706055,48.79999923706055,48.79999923706055,133619
2026-10-01,smartoptics-group-smop-xosl,SMOP.OL,48.29999923706055,48.400001525878906,48.400001525878906,154549
2026-10-02,smartoptics-group-smop-xosl,SMOP.OL,48.400001525878906,49.900001525878906,49.900001525878906,232068
2026-10-05,smartoptics-group-smop-xosl,SMOP.OL,50.20000076293945,48.400001525878906,48.400001525878906,224058
2026-10-06,smartoptics-group-smop-xosl,SMOP.OL,50.0,52.0,52.0,461835
2026-10-07,smartoptics-group-smop-xosl,SMOP.OL,51.400001525878906,50.79999923706055,50.79999923706055,100195
2026-10-08,smartoptics-group-smop-xosl,SMOP.OL,50.20000076293945,50.599998474121094,50.599998474121094,203927
2026-07-13,software-one-holding-ag-swon-xosl,SWON.OL,100.19999694824219,99.19999694824219,99.19999694824219,71558
2026-07-14,software-one-holding-ag-swon-xosl,SWON.OL,100.0,97.5999984741211,97.5999984741211,21970
2026-07-15,software-one-holding-ag-swon-xosl,SWON.OL,97.4000015258789,99.5999984741211,99.5999984741211,4451
2026-07-16,software-one-holding-ag-swon-xosl,SWON.OL,96.9000015258789,97.5999984741211,97.5999984741211,25499
2026-07-17,software-one-holding-ag-swon-xosl,SWON.OL,96.9000015258789,98.5,98.5,15133
2026-07-20,software-one-holding-ag-swon-xosl,SWON.OL,98.4000015258789,100.0,100.0,25279
2026-07-21,software-one-holding-ag-swon-xosl,SWON.OL,98.5999984741211,100.19999694824219,100.19999694824219,15912
2026-07-22,software-one-holding-ag-swon-xosl,SWON.OL,100.0,98.0,98.0,9002
2026-07-23,software-one-holding-ag-swon-xosl,SWON.OL,98.0,96.80000305175781,96.80000305175781,12344
2026-07-24,software-one-holding-ag-swon-xosl,SWON.OL,96.9000015258789,98.0999984741211,98.0999984741211,6958
2026-07-27,software-one-holding-ag-swon-xosl,SWON.OL,98.4000015258789,103.0,103.0,40892
2026-07-28,software-one-holding-ag-swon-xosl,SWON.OL,101.80000305175781,105.4000015258789,105.4000015258789,60613
2026-07-29,software-one-holding-ag-swon-xosl,SWON.OL,105.5999984741211,104.80000305175781,104.80000305175781,71655
2026-07-30,software-one-holding-ag-swon-xosl,SWON.OL,103.80000305175781,103.0,103.0,44214
2026-07-31,software-one-holding-ag-swon-xosl,SWON.OL,103.19999694824219,103.4000015258789,103.4000015258789,11588
2026-08-03,software-one-holding-ag-swon-xosl,SWON.OL,101.5999984741211,106.0,106.0,26139
2026-08-04,software-one-holding-ag-swon-xosl,SWON.OL,106.0,107.80000305175781,107.80000305175781,33294
2026-08-05,software-one-holding-ag-swon-xosl,SWON.OL,105.0,107.5999984741211,107.5999984741211,81408
2026-08-06,software-one-holding-ag-swon-xosl,SWON.OL,106.5999984741211,106.80000305175781,106.80000305175781,37102
2026-08-07,software-one-holding-ag-swon-xosl,SWON.OL,107.80000305175781,111.4000015258789,111.4000015258789,44336
2026-08-10,software-one-holding-ag-swon-xosl,SWON.OL,109.5999984741211,111.80000305175781,111.80000305175781,54907
2026-08-11,software-one-holding-ag-swon-xosl,SWON.OL,111.80000305175781,107.19999694824219,107.19999694824219,44499
2026-08-12,software-one-holding-ag-swon-xosl,SWON.OL,107.0,105.0,105.0,8211
2026-08-13,software-one-holding-ag-swon-xosl,SWON.OL,104.80000305175781,105.19999694824219,105.19999694824219,11628
2026-08-14,software-one-holding-ag-swon-xosl,SWON.OL,103.5999984741211,105.4000015258789,105.4000015258789,66930
2026-08-17,software-one-holding-ag-swon-xosl,SWON.OL,105.19999694824219,104.0,104.0,5485
2026-08-18,software-one-holding-ag-swon-xosl,SWON.OL,104.0,100.4000015258789,100.4000015258789,48285
2026-08-19,software-one-holding-ag-swon-xosl,SWON.OL,100.19999694824219,100.19999694824219,100.19999694824219,92952
2026-08-20,software-one-holding-ag-swon-xosl,SWON.OL,99.0,97.9000015258789,97.9000015258789,54981
2026-08-21,software-one-holding-ag-swon-xosl,SWON.OL,97.9000015258789,95.5999984741211,95.5999984741211,164479
2026-08-24,software-one-holding-ag-swon-xosl,SWON.OL,96.0,98.30000305175781,98.30000305175781,279536
2026-08-25,software-one-holding-ag-swon-xosl,SWON.OL,100.5999984741211,99.9000015258789,99.9000015258789,274048
2026-08-26,software-one-holding-ag-swon-xosl,SWON.OL,109.5999984741211,110.0,110.0,302422
2026-08-27,software-one-holding-ag-swon-xosl,SWON.OL,111.0,110.5999984741211,110.5999984741211,133301
2026-08-28,software-one-holding-ag-swon-xosl,SWON.OL,112.0,113.5999984741211,113.5999984741211,46509
2026-08-31,software-one-holding-ag-swon-xosl,SWON.OL,109.0,110.0,110.0,16719
2026-09-01,software-one-holding-ag-swon-xosl,SWON.OL,108.4000015258789,108.19999694824219,108.19999694824219,63020
2026-09-02,software-one-holding-ag-swon-xosl,SWON.OL,107.19999694824219,107.5999984741211,107.5999984741211,50576
2026-09-03,software-one-holding-ag-swon-xosl,SWON.OL,107.80000305175781,109.0,109.0,155259
2026-09-04,software-one-holding-ag-swon-xosl,SWON.OL,109.0,110.0,110.0,121501
2026-09-07,software-one-holding-ag-swon-xosl,SWON.OL,109.0,105.4000015258789,105.4000015258789,144838
2026-09-08,software-one-holding-ag-swon-xosl,SWON.OL,106.0,108.80000305175781,108.80000305175781,93363
2026-09-09,software-one-holding-ag-swon-xosl,SWON.OL,110.0,105.4000015258789,105.4000015258789,250222
2026-09-10,software-one-holding-ag-swon-xosl,SWON.OL,105.19999694824219,105.0,105.0,101795
2026-09-11,software-one-holding-ag-swon-xosl,SWON.OL,106.19999694824219,106.4000015258789,106.4000015258789,26718
2026-09-14,software-one-holding-ag-swon-xosl,SWON.OL,106.19999694824219,107.0,107.0,129291
2026-09-15,software-one-holding-ag-swon-xosl,SWON.OL,108.0,104.4000015258789,104.4000015258789,362515
2026-09-16,software-one-holding-ag-swon-xosl,SWON.OL,104.80000305175781,103.19999694824219,103.19999694824219,85990
2026-09-17,software-one-holding-ag-swon-xosl,SWON.OL,105.0,105.80000305175781,105.80000305175781,43832
2026-09-18,software-one-holding-ag-swon-xosl,SWON.OL,106.0,105.5999984741211,105.5999984741211,65427
2026-09-21,software-one-holding-ag-swon-xosl,SWON.OL,106.5999984741211,104.4000015258789,104.4000015258789,68619
2026-09-22,software-one-holding-ag-swon-xosl,SWON.OL,104.5999984741211,105.4000015258789,105.4000015258789,58094
2026-09-23,software-one-holding-ag-swon-xosl,SWON.OL,104.4000015258789,102.19999694824219,102.19999694824219,24551
2026-09-24,software-one-holding-ag-swon-xosl,SWON.OL,101.5999984741211,100.5999984741211,100.5999984741211,49437
2026-09-25,software-one-holding-ag-swon-xosl,SWON.OL,100.80000305175781,99.0,99.0,65429
2026-09-28,software-one-holding-ag-swon-xosl,SWON.OL,99.80000305175781,97.80000305175781,97.80000305175781,21434
2026-09-29,software-one-holding-ag-swon-xosl,SWON.OL,99.5,98.69999694824219,98.69999694824219,20087
2026-09-30,software-one-holding-ag-swon-xosl,SWON.OL,97.80000305175781,96.80000305175781,96.80000305175781,15118
2026-10-01,software-one-holding-ag-swon-xosl,SWON.OL,98.19999694824219,101.0,101.0,22817
2026-10-02,software-one-holding-ag-swon-xosl,SWON.OL,98.0,102.0,102.0,25356
2026-10-05,software-one-holding-ag-swon-xosl,SWON.OL,102.80000305175781,99.19999694824219,99.19999694824219,245087
2026-10-06,software-one-holding-ag-swon-xosl,SWON.OL,100.5999984741211,98.4000015258789,98.4000015258789,109616
2026-10-07,software-one-holding-ag-swon-xosl,SWON.OL,98.80000305175781,97.0999984741211,97.0999984741211,119662
2026-10-08,software-one-holding-ag-swon-xosl,SWON.OL,97.30000305175781,99.80000305175781,99.80000305175781,32115
2026-07-13,solstad-maritime-soma-xosl,SOMA.OL,27.5,27.700000762939453,26.76433753967285,351200
2026-07-14,solstad-maritime-soma-xosl,SOMA.OL,27.799999237060547,27.799999237060547,26.860958099365234,145838
2026-07-15,solstad-maritime-soma-xosl,SOMA.OL,28.25,28.75,27.778867721557617,412953
2026-07-16,solstad-maritime-soma-xosl,SOMA.OL,28.549999237060547,28.799999237060547,27.827178955078125,131847
2026-07-17,solstad-maritime-soma-xosl,SOMA.OL,27.450000762939453,26.25,26.25,321400
2026-07-20,solstad-maritime-soma-xosl,SOMA.OL,26.5,26.350000381469727,26.350000381469727,147525
2026-07-21,solstad-maritime-soma-xosl,SOMA.OL,26.399999618530273,27.100000381469727,27.100000381469727,166948
2026-07-22,solstad-maritime-soma-xosl,SOMA.OL,27.299999237060547,27.25,27.25,104015
2026-07-23,solstad-maritime-soma-xosl,SOMA.OL,27.950000762939453,28.200000762939453,28.200000762939453,382148
2026-07-24,solstad-maritime-soma-xosl,SOMA.OL,28.5,28.25,28.25,169209
2026-07-27,solstad-maritime-soma-xosl,SOMA.OL,28.0,28.200000762939453,28.200000762939453,200312
2026-07-28,solstad-maritime-soma-xosl,SOMA.OL,28.25,28.149999618530273,28.149999618530273,106089
2026-07-29,solstad-maritime-soma-xosl,SOMA.OL,28.0,28.200000762939453,28.200000762939453,79767
2026-07-30,solstad-maritime-soma-xosl,SOMA.OL,28.299999237060547,28.399999618530273,28.399999618530273,118413
2026-07-31,solstad-maritime-soma-xosl,SOMA.OL,28.600000381469727,28.200000762939453,28.200000762939453,88796
2026-08-03,solstad-maritime-soma-xosl,SOMA.OL,28.200000762939453,27.850000381469727,27.850000381469727,134101
2026-08-04,solstad-maritime-soma-xosl,SOMA.OL,28.0,27.850000381469727,27.850000381469727,57709
2026-08-05,solstad-maritime-soma-xosl,SOMA.OL,27.850000381469727,27.5,27.5,72103
2026-08-06,solstad-maritime-soma-xosl,SOMA.OL,26.850000381469727,27.600000381469727,27.600000381469727,89222
2026-08-07,solstad-maritime-soma-xosl,SOMA.OL,27.600000381469727,27.950000762939453,27.950000762939453,53673
2026-08-10,solstad-maritime-soma-xosl,SOMA.OL,28.5,28.299999237060547,28.299999237060547,123068
2026-08-11,solstad-maritime-soma-xosl,SOMA.OL,28.649999618530273,28.799999237060547,28.799999237060547,376316
2026-08-12,solstad-maritime-soma-xosl,SOMA.OL,28.950000762939453,28.799999237060547,28.799999237060547,98010
2026-08-13,solstad-maritime-soma-xosl,SOMA.OL,28.799999237060547,29.100000381469727,29.100000381469727,186816
2026-08-14,solstad-maritime-soma-xosl,SOMA.OL,28.899999618530273,29.299999237060547,29.299999237060547,122470
2026-08-17,solstad-maritime-soma-xosl,SOMA.OL,29.5,29.450000762939453,29.450000762939453,101198
2026-08-18,solstad-maritime-soma-xosl,SOMA.OL,29.5,29.350000381469727,29.350000381469727,145833
2026-08-19,solstad-maritime-soma-xosl,SOMA.OL,28.700000762939453,29.049999237060547,29.049999237060547,133402
2026-08-20,solstad-maritime-soma-xosl,SOMA.OL,28.799999237060547,28.799999237060547,28.799999237060547,79625
2026-08-21,solstad-maritime-soma-xosl,SOMA.OL,28.850000381469727,28.799999237060547,28.799999237060547,85282
2026-08-24,solstad-maritime-soma-xosl,SOMA.OL,29.450000762939453,28.350000381469727,28.350000381469727,102288
2026-08-25,solstad-maritime-soma-xosl,SOMA.OL,28.299999237060547,28.100000381469727,28.100000381469727,83584
2026-08-26,solstad-maritime-soma-xosl,SOMA.OL,28.149999618530273,28.25,28.25,61553
2026-08-27,solstad-maritime-soma-xosl,SOMA.OL,28.399999618530273,28.25,28.25,64020
2026-08-28,solstad-maritime-soma-xosl,SOMA.OL,28.350000381469727,28.450000762939453,28.450000762939453,67018
2026-08-31,solstad-maritime-soma-xosl,SOMA.OL,28.899999618530273,28.850000381469727,28.850000381469727,148547
2026-09-01,solstad-maritime-soma-xosl,SOMA.OL,28.850000381469727,28.950000762939453,28.950000762939453,112993
2026-09-02,solstad-maritime-soma-xosl,SOMA.OL,28.850000381469727,28.649999618530273,28.649999618530273,103302
2026-09-03,solstad-maritime-soma-xosl,SOMA.OL,28.799999237060547,28.799999237060547,28.799999237060547,109775
2026-09-04,solstad-maritime-soma-xosl,SOMA.OL,29.0,29.350000381469727,29.350000381469727,123539
2026-09-07,solstad-maritime-soma-xosl,SOMA.OL,29.5,29.049999237060547,29.049999237060547,64003
2026-09-08,solstad-maritime-soma-xosl,SOMA.OL,29.0,29.149999618530273,29.149999618530273,47645
2026-09-09,solstad-maritime-soma-xosl,SOMA.OL,28.5,28.350000381469727,28.350000381469727,245737
2026-09-10,solstad-maritime-soma-xosl,SOMA.OL,28.350000381469727,28.200000762939453,28.200000762939453,71461
2026-09-11,solstad-maritime-soma-xosl,SOMA.OL,27.899999618530273,27.950000762939453,27.950000762939453,126731
2026-09-14,solstad-maritime-soma-xosl,SOMA.OL,28.0,27.600000381469727,27.600000381469727,131627
2026-09-15,solstad-maritime-soma-xosl,SOMA.OL,27.950000762939453,28.149999618530273,28.149999618530273,108497
2026-09-16,solstad-maritime-soma-xosl,SOMA.OL,28.700000762939453,28.700000762939453,28.700000762939453,184424
2026-09-17,solstad-maritime-soma-xosl,SOMA.OL,28.799999237060547,29.200000762939453,29.200000762939453,134477
2026-09-18,solstad-maritime-soma-xosl,SOMA.OL,29.200000762939453,29.450000762939453,29.450000762939453,221239
2026-09-21,solstad-maritime-soma-xosl,SOMA.OL,29.0,29.350000381469727,29.350000381469727,93658
2026-09-22,solstad-maritime-soma-xosl,SOMA.OL,29.299999237060547,28.75,28.75,122808
2026-09-23,solstad-maritime-soma-xosl,SOMA.OL,28.600000381469727,28.799999237060547,28.799999237060547,97674
2026-09-24,solstad-maritime-soma-xosl,SOMA.OL,29.25,29.299999237060547,29.299999237060547,214370
2026-09-25,solstad-maritime-soma-xosl,SOMA.OL,29.100000381469727,29.200000762939453,29.200000762939453,152192
2026-09-28,solstad-maritime-soma-xosl,SOMA.OL,29.200000762939453,29.200000762939453,29.200000762939453,157560
2026-09-29,solstad-maritime-soma-xosl,SOMA.OL,29.0,29.049999237060547,29.049999237060547,66512
2026-09-30,solstad-maritime-soma-xosl,SOMA.OL,29.399999618530273,28.75,28.75,127783
2026-10-01,solstad-maritime-soma-xosl,SOMA.OL,28.600000381469727,28.549999237060547,28.549999237060547,87131
2026-10-02,solstad-maritime-soma-xosl,SOMA.OL,28.5,28.350000381469727,28.350000381469727,76663
2026-10-05,solstad-maritime-soma-xosl,SOMA.OL,28.049999237060547,28.600000381469727,28.600000381469727,117324
2026-10-06,solstad-maritime-soma-xosl,SOMA.OL,28.600000381469727,28.049999237060547,28.049999237060547,86524
2026-10-07,solstad-maritime-soma-xosl,SOMA.OL,28.450000762939453,28.299999237060547,28.299999237060547,63717
2026-10-08,solstad-maritime-soma-xosl,SOMA.OL,28.899999618530273,28.600000381469727,28.600000381469727,100405
2026-07-13,solstad-offshore-soff-xosl,SOFF.OL,66.5,68.19999694824219,66.7321548461914,171854
2026-07-14,solstad-offshore-soff-xosl,SOFF.OL,69.0,67.5999984741211,66.14507293701172,110292
2026-07-15,solstad-offshore-soff-xosl,SOFF.OL,62.400001525878906,68.9000015258789,67.41709899902344,182624
2026-07-16,solstad-offshore-soff-xosl,SOFF.OL,68.5999984741211,67.80000305175781,66.34077453613281,119114
2026-07-17,solstad-offshore-soff-xosl,SOFF.OL,66.19999694824219,63.79999923706055,63.79999923706055,108093
2026-07-20,solstad-offshore-soff-xosl,SOFF.OL,64.80000305175781,67.30000305175781,67.30000305175781,86834
2026-07-21,solstad-offshore-soff-xosl,SOFF.OL,69.0,67.4000015258789,67.4000015258789,67876
2026-07-22,solstad-offshore-soff-xosl,SOFF.OL,69.5999984741211,68.0,68.0,46009
2026-07-23,solstad-offshore-soff-xosl,SOFF.OL,68.5,68.0999984741211,68.0999984741211,62986
2026-07-24,solstad-offshore-soff-xosl,SOFF.OL,68.5,68.5999984741211,68.5999984741211,76262
2026-07-27,solstad-offshore-soff-xosl,SOFF.OL,67.30000305175781,67.80000305175781,67.80000305175781,108680
2026-07-28,solstad-offshore-soff-xosl,SOFF.OL,66.69999694824219,66.19999694824219,66.19999694824219,66922
2026-07-29,solstad-offshore-soff-xosl,SOFF.OL,65.69999694824219,67.0999984741211,67.0999984741211,50765
2026-07-30,solstad-offshore-soff-xosl,SOFF.OL,66.5999984741211,68.30000305175781,68.30000305175781,104067
2026-07-31,solstad-offshore-soff-xosl,SOFF.OL,68.9000015258789,67.80000305175781,67.80000305175781,138975
2026-08-03,solstad-offshore-soff-xosl,SOFF.OL,67.5,66.9000015258789,66.9000015258789,76578
2026-08-04,solstad-offshore-soff-xosl,SOFF.OL,67.9000015258789,67.80000305175781,67.80000305175781,49228
2026-08-05,solstad-offshore-soff-xosl,SOFF.OL,67.69999694824219,66.69999694824219,66.69999694824219,88700
2026-08-06,solstad-offshore-soff-xosl,SOFF.OL,66.69999694824219,67.0,67.0,40703
2026-08-07,solstad-offshore-soff-xosl,SOFF.OL,67.0,68.30000305175781,68.30000305175781,66506
2026-08-10,solstad-offshore-soff-xosl,SOFF.OL,68.30000305175781,69.30000305175781,69.30000305175781,144709
2026-08-11,solstad-offshore-soff-xosl,SOFF.OL,69.9000015258789,68.4000015258789,68.4000015258789,645534
2026-08-12,solstad-offshore-soff-xosl,SOFF.OL,68.4000015258789,69.0,69.0,40058
2026-08-13,solstad-offshore-soff-xosl,SOFF.OL,69.19999694824219,69.80000305175781,69.80000305175781,115212
2026-08-14,solstad-offshore-soff-xosl,SOFF.OL,70.0,70.30000305175781,70.30000305175781,96044
2026-08-17,solstad-offshore-soff-xosl,SOFF.OL,70.0,70.4000015258789,70.4000015258789,114859
2026-08-18,solstad-offshore-soff-xosl,SOFF.OL,71.0,70.9000015258789,70.9000015258789,90042
2026-08-19,solstad-offshore-soff-xosl,SOFF.OL,71.0,69.19999694824219,69.19999694824219,63255
2026-08-20,solstad-offshore-soff-xosl,SOFF.OL,70.5,69.5999984741211,69.5999984741211,77745
2026-08-21,solstad-offshore-soff-xosl,SOFF.OL,70.0,69.30000305175781,69.30000305175781,155612
2026-08-24,solstad-offshore-soff-xosl,SOFF.OL,69.0,68.69999694824219,68.69999694824219,45191
2026-08-25,solstad-offshore-soff-xosl,SOFF.OL,68.0999984741211,68.69999694824219,68.69999694824219,82463
2026-08-26,solstad-offshore-soff-xosl,SOFF.OL,70.0,68.0999984741211,68.0999984741211,53867
2026-08-27,solstad-offshore-soff-xosl,SOFF.OL,68.0999984741211,67.4000015258789,67.4000015258789,42039
2026-08-28,solstad-offshore-soff-xosl,SOFF.OL,67.4000015258789,67.4000015258789,67.4000015258789,41534
2026-08-31,solstad-offshore-soff-xosl,SOFF.OL,67.4000015258789,68.9000015258789,68.9000015258789,82935
2026-09-01,solstad-offshore-soff-xosl,SOFF.OL,68.9000015258789,69.80000305175781,69.80000305175781,173144
2026-09-02,solstad-offshore-soff-xosl,SOFF.OL,70.0,69.4000015258789,69.4000015258789,92046
2026-09-03,solstad-offshore-soff-xosl,SOFF.OL,70.0999984741211,69.5999984741211,69.5999984741211,190465
2026-09-04,solstad-offshore-soff-xosl,SOFF.OL,69.5,70.30000305175781,70.30000305175781,85553
2026-09-07,solstad-offshore-soff-xosl,SOFF.OL,70.30000305175781,69.19999694824219,69.19999694824219,46804
2026-09-08,solstad-offshore-soff-xosl,SOFF.OL,70.0,70.4000015258789,70.4000015258789,66228
2026-09-09,solstad-offshore-soff-xosl,SOFF.OL,70.4000015258789,69.69999694824219,69.69999694824219,107456
2026-09-10,solstad-offshore-soff-xosl,SOFF.OL,70.4000015258789,68.80000305175781,68.80000305175781,71155
2026-09-11,solstad-offshore-soff-xosl,SOFF.OL,68.0,68.69999694824219,68.69999694824219,96914
2026-09-14,solstad-offshore-soff-xosl,SOFF.OL,68.69999694824219,67.80000305175781,67.80000305175781,59153
2026-09-15,solstad-offshore-soff-xosl,SOFF.OL,67.0,69.5999984741211,69.5999984741211,160166
2026-09-16,solstad-offshore-soff-xosl,SOFF.OL,70.0,70.80000305175781,70.80000305175781,132329
2026-09-17,solstad-offshore-soff-xosl,SOFF.OL,70.80000305175781,71.5,71.5,124669
2026-09-18,solstad-offshore-soff-xosl,SOFF.OL,71.5,73.4000015258789,73.4000015258789,301379
2026-09-21,solstad-offshore-soff-xosl,SOFF.OL,73.4000015258789,73.5999984741211,73.5999984741211,118597
2026-09-22,solstad-offshore-soff-xosl,SOFF.OL,73.4000015258789,71.5999984741211,71.5999984741211,113945
2026-09-23,solstad-offshore-soff-xosl,SOFF.OL,71.5,70.69999694824219,70.69999694824219,53358
2026-09-24,solstad-offshore-soff-xosl,SOFF.OL,71.30000305175781,72.69999694824219,72.69999694824219,100808
2026-09-25,solstad-offshore-soff-xosl,SOFF.OL,72.4000015258789,72.5,72.5,39789
2026-09-28,solstad-offshore-soff-xosl,SOFF.OL,73.5,72.9000015258789,72.9000015258789,104420
2026-09-29,solstad-offshore-soff-xosl,SOFF.OL,74.0999984741211,71.80000305175781,71.80000305175781,46987
2026-09-30,solstad-offshore-soff-xosl,SOFF.OL,68.0,70.5,70.5,64205
2026-10-01,solstad-offshore-soff-xosl,SOFF.OL,69.0,69.4000015258789,69.4000015258789,81134
2026-10-02,solstad-offshore-soff-xosl,SOFF.OL,69.4000015258789,69.4000015258789,69.4000015258789,46158
2026-10-05,solstad-offshore-soff-xosl,SOFF.OL,69.4000015258789,70.0,70.0,60005
2026-10-06,solstad-offshore-soff-xosl,SOFF.OL,70.0,70.5999984741211,70.5999984741211,146204
2026-10-07,solstad-offshore-soff-xosl,SOFF.OL,70.9000015258789,69.5999984741211,69.5999984741211,68908
2026-10-08,solstad-offshore-soff-xosl,SOFF.OL,69.0999984741211,71.0999984741211,71.0999984741211,165668
2026-07-13,sparebank-1-helgeland-helg-xosl,HELG.OL,155.0,154.97999572753906,154.97999572753906,193
2026-07-14,sparebank-1-helgeland-helg-xosl,HELG.OL,154.97999572753906,155.0,155.0,1005
2026-07-15,sparebank-1-helgeland-helg-xosl,HELG.OL,155.0,155.0,155.0,59
2026-07-16,sparebank-1-helgeland-helg-xosl,HELG.OL,155.0,155.0,155.0,58
2026-07-17,sparebank-1-helgeland-helg-xosl,HELG.OL,156.86000061035156,158.94000244140625,158.94000244140625,1385
2026-07-20,sparebank-1-helgeland-helg-xosl,HELG.OL,158.9199981689453,158.8800048828125,158.8800048828125,26
2026-07-21,sparebank-1-helgeland-helg-xosl,HELG.OL,157.97999572753906,156.0,156.0,905
2026-07-22,sparebank-1-helgeland-helg-xosl,HELG.OL,155.47999572753906,155.47999572753906,155.47999572753906,16
2026-07-23,sparebank-1-helgeland-helg-xosl,HELG.OL,156.97999572753906,158.86000061035156,158.86000061035156,281
2026-07-24,sparebank-1-helgeland-helg-xosl,HELG.OL,155.0,158.75999450683594,158.75999450683594,33
2026-07-27,sparebank-1-helgeland-helg-xosl,HELG.OL,155.5,153.0,153.0,2323
2026-07-28,sparebank-1-helgeland-helg-xosl,HELG.OL,153.0,151.6999969482422,151.6999969482422,7167
2026-07-29,sparebank-1-helgeland-helg-xosl,HELG.OL,152.0,153.0399932861328,153.0399932861328,4585
2026-07-30,sparebank-1-helgeland-helg-xosl,HELG.OL,153.0399932861328,153.0399932861328,153.0399932861328,0
2026-07-31,sparebank-1-helgeland-helg-xosl,HELG.OL,153.47999572753906,157.17999267578125,157.17999267578125,433
2026-08-03,sparebank-1-helgeland-helg-xosl,HELG.OL,157.17999267578125,158.75999450683594,158.75999450683594,3524
2026-08-04,sparebank-1-helgeland-helg-xosl,HELG.OL,158.75999450683594,158.74000549316406,158.74000549316406,117
2026-08-05,sparebank-1-helgeland-helg-xosl,HELG.OL,155.02000427246094,153.02000427246094,153.02000427246094,2662
2026-08-06,sparebank-1-helgeland-helg-xosl,HELG.OL,158.75999450683594,158.0,158.0,122
2026-08-07,sparebank-1-helgeland-helg-xosl,HELG.OL,158.5800018310547,158.5,158.5,1015
2026-08-10,sparebank-1-helgeland-helg-xosl,HELG.OL,156.0,158.47999572753906,158.47999572753906,332
2026-08-11,sparebank-1-helgeland-helg-xosl,HELG.OL,158.47999572753906,158.47999572753906,158.47999572753906,1169
2026-08-12,sparebank-1-helgeland-helg-xosl,HELG.OL,154.02000427246094,155.5,155.5,1643
2026-08-13,sparebank-1-helgeland-helg-xosl,HELG.OL,157.0,156.0,156.0,1421
2026-08-14,sparebank-1-helgeland-helg-xosl,HELG.OL,158.47999572753906,156.16000366210938,156.16000366210938,5878
2026-08-17,sparebank-1-helgeland-helg-xosl,HELG.OL,157.0,164.97999572753906,164.97999572753906,3518
2026-08-18,sparebank-1-helgeland-helg-xosl,HELG.OL,164.9600067138672,163.0,163.0,818
2026-08-19,sparebank-1-helgeland-helg-xosl,HELG.OL,162.97999572753906,155.1199951171875,155.1199951171875,2844
2026-08-20,sparebank-1-helgeland-helg-xosl,HELG.OL,155.24000549316406,157.97999572753906,157.97999572753906,1590
2026-08-21,sparebank-1-helgeland-helg-xosl,HELG.OL,156.0,156.0,156.0,1038
2026-08-24,sparebank-1-helgeland-helg-xosl,HELG.OL,156.0,155.02000427246094,155.02000427246094,80960
2026-08-25,sparebank-1-helgeland-helg-xosl,HELG.OL,155.97999572753906,155.8800048828125,155.8800048828125,25002
2026-08-26,sparebank-1-helgeland-helg-xosl,HELG.OL,155.47999572753906,155.97999572753906,155.97999572753906,5456
2026-08-27,sparebank-1-helgeland-helg-xosl,HELG.OL,157.47999572753906,176.97999572753906,176.97999572753906,1872527
2026-08-28,sparebank-1-helgeland-helg-xosl,HELG.OL,172.0,174.5,174.5,2489
2026-08-31,sparebank-1-helgeland-helg-xosl,HELG.OL,172.5,173.0,173.0,1262
2026-09-01,sparebank-1-helgeland-helg-xosl,HELG.OL,171.02000427246094,173.0,173.0,2573
2026-09-02,sparebank-1-helgeland-helg-xosl,HELG.OL,171.02000427246094,173.02000427246094,173.02000427246094,3806
2026-09-03,sparebank-1-helgeland-helg-xosl,HELG.OL,176.0,174.02000427246094,174.02000427246094,11888
2026-09-04,sparebank-1-helgeland-helg-xosl,HELG.OL,174.0,173.0,173.0,657
2026-09-07,sparebank-1-helgeland-helg-xosl,HELG.OL,173.1999969482422,177.0,177.0,2239
2026-09-08,sparebank-1-helgeland-helg-xosl,HELG.OL,184.94000244140625,179.5,179.5,6841
2026-09-09,sparebank-1-helgeland-helg-xosl,HELG.OL,175.1199951171875,176.0,176.0,2781
2026-09-10,sparebank-1-helgeland-helg-xosl,HELG.OL,175.0,174.0399932861328,174.0399932861328,99
2026-09-11,sparebank-1-helgeland-helg-xosl,HELG.OL,174.10000610351562,172.0,172.0,9749
2026-09-14,sparebank-1-helgeland-helg-xosl,HELG.OL,170.10000610351562,171.0,171.0,867
2026-09-15,sparebank-1-helgeland-helg-xosl,HELG.OL,174.0,170.10000610351562,170.10000610351562,424
2026-09-16,sparebank-1-helgeland-helg-xosl,HELG.OL,170.10000610351562,172.13999938964844,172.13999938964844,2454
2026-09-17,sparebank-1-helgeland-helg-xosl,HELG.OL,175.0,172.1999969482422,172.1999969482422,12417
2026-09-18,sparebank-1-helgeland-helg-xosl,HELG.OL,177.97999572753906,178.02000427246094,178.02000427246094,668
2026-09-21,sparebank-1-helgeland-helg-xosl,HELG.OL,178.97999572753906,175.05999755859375,175.05999755859375,407
2026-09-22,sparebank-1-helgeland-helg-xosl,HELG.OL,175.10000610351562,176.0,176.0,256
2026-09-23,sparebank-1-helgeland-helg-xosl,HELG.OL,175.0,177.0,177.0,2416
2026-09-24,sparebank-1-helgeland-helg-xosl,HELG.OL,176.83999633789062,173.0,173.0,123
2026-09-25,sparebank-1-helgeland-helg-xosl,HELG.OL,174.0,174.97999572753906,174.97999572753906,430
2026-09-28,sparebank-1-helgeland-helg-xosl,HELG.OL,172.02000427246094,172.0,172.0,202
2026-09-29,sparebank-1-helgeland-helg-xosl,HELG.OL,175.89999389648438,175.89999389648438,175.89999389648438,2
2026-09-30,sparebank-1-helgeland-helg-xosl,HELG.OL,174.5,175.0,175.0,828
2026-10-01,sparebank-1-helgeland-helg-xosl,HELG.OL,172.0,172.0,172.0,3
2026-10-02,sparebank-1-helgeland-helg-xosl,HELG.OL,177.77999877929688,174.0,174.0,214
2026-10-05,sparebank-1-helgeland-helg-xosl,HELG.OL,176.0,175.0,175.0,272
2026-10-06,sparebank-1-helgeland-helg-xosl,HELG.OL,174.0,173.0,173.0,382
2026-10-07,sparebank-1-helgeland-helg-xosl,HELG.OL,174.97999572753906,172.0,172.0,2703
2026-10-08,sparebank-1-helgeland-helg-xosl,HELG.OL,171.97999572753906,171.02000427246094,171.02000427246094,2028
2026-07-13,sparebank-1-nord-norge-nong-xosl,NONG.OL,157.8000030517578,157.4600067138672,157.4600067138672,48104
2026-07-14,sparebank-1-nord-norge-nong-xosl,NONG.OL,156.89999389648438,155.05999755859375,155.05999755859375,63966
2026-07-15,sparebank-1-nord-norge-nong-xosl,NONG.OL,155.0,155.6199951171875,155.6199951171875,51026
2026-07-16,sparebank-1-nord-norge-nong-xosl,NONG.OL,155.0,156.44000244140625,156.44000244140625,34593
2026-07-17,sparebank-1-nord-norge-nong-xosl,NONG.OL,156.72000122070312,156.3000030517578,156.3000030517578,22465
2026-07-20,sparebank-1-nord-norge-nong-xosl,NONG.OL,157.3000030517578,155.05999755859375,155.05999755859375,49828
2026-07-21,sparebank-1-nord-norge-nong-xosl,NONG.OL,155.05999755859375,156.86000061035156,156.86000061035156,45315
2026-07-22,sparebank-1-nord-norge-nong-xosl,NONG.OL,156.3000030517578,158.0800018310547,158.0800018310547,47312
2026-07-23,sparebank-1-nord-norge-nong-xosl,NONG.OL,158.60000610351562,155.22000122070312,155.22000122070312,41363
2026-07-24,sparebank-1-nord-norge-nong-xosl,NONG.OL,155.02000427246094,156.9600067138672,156.9600067138672,34942
2026-07-27,sparebank-1-nord-norge-nong-xosl,NONG.OL,156.8000030517578,156.16000366210938,156.16000366210938,33360
2026-07-28,sparebank-1-nord-norge-nong-xosl,NONG.OL,156.39999389648438,157.22000122070312,157.22000122070312,32438
2026-07-29,sparebank-1-nord-norge-nong-xosl,NONG.OL,156.39999389648438,155.1999969482422,155.1999969482422,39952
2026-07-30,sparebank-1-nord-norge-nong-xosl,NONG.OL,155.0,156.89999389648438,156.89999389648438,61803
2026-07-31,sparebank-1-nord-norge-nong-xosl,NONG.OL,156.83999633789062,158.24000549316406,158.24000549316406,67325
2026-08-03,sparebank-1-nord-norge-nong-xosl,NONG.OL,158.6199951171875,159.6999969482422,159.6999969482422,33728
2026-08-04,sparebank-1-nord-norge-nong-xosl,NONG.OL,159.5,159.97999572753906,159.97999572753906,42508
2026-08-05,sparebank-1-nord-norge-nong-xosl,NONG.OL,159.5,159.44000244140625,159.44000244140625,64441
2026-08-06,sparebank-1-nord-norge-nong-xosl,NONG.OL,159.47999572753906,160.32000732421875,160.32000732421875,55963
2026-08-07,sparebank-1-nord-norge-nong-xosl,NONG.OL,160.4199981689453,159.77999877929688,159.77999877929688,43301
2026-08-10,sparebank-1-nord-norge-nong-xosl,NONG.OL,160.6999969482422,157.6199951171875,157.6199951171875,35510
2026-08-11,sparebank-1-nord-norge-nong-xosl,NONG.OL,159.0,155.8000030517578,155.8000030517578,68918
2026-08-12,sparebank-1-nord-norge-nong-xosl,NONG.OL,156.0,154.6199951171875,154.6199951171875,60637
2026-08-13,sparebank-1-nord-norge-nong-xosl,NONG.OL,156.17999267578125,164.3800048828125,164.3800048828125,228864
2026-08-14,sparebank-1-nord-norge-nong-xosl,NONG.OL,164.39999389648438,167.05999755859375,167.05999755859375,122932
2026-08-17,sparebank-1-nord-norge-nong-xosl,NONG.OL,167.6999969482422,170.75999450683594,170.75999450683594,124642
2026-08-18,sparebank-1-nord-norge-nong-xosl,NONG.OL,170.0800018310547,168.36000061035156,168.36000061035156,93353
2026-08-19,sparebank-1-nord-norge-nong-xosl,NONG.OL,166.3000030517578,163.77999877929688,163.77999877929688,86473
2026-08-20,sparebank-1-nord-norge-nong-xosl,NONG.OL,164.6999969482422,163.0,163.0,69469
2026-08-21,sparebank-1-nord-norge-nong-xosl,NONG.OL,163.8000030517578,165.83999633789062,165.83999633789062,47893
2026-08-24,sparebank-1-nord-norge-nong-xosl,NONG.OL,165.4199981689453,167.1999969482422,167.1999969482422,59664
2026-08-25,sparebank-1-nord-norge-nong-xosl,NONG.OL,167.97999572753906,170.22000122070312,170.22000122070312,86767
2026-08-26,sparebank-1-nord-norge-nong-xosl,NONG.OL,170.1999969482422,170.02000427246094,170.02000427246094,60086
2026-08-27,sparebank-1-nord-norge-nong-xosl,NONG.OL,170.0,170.6199951171875,170.6199951171875,50791
2026-08-28,sparebank-1-nord-norge-nong-xosl,NONG.OL,170.67999267578125,171.17999267578125,171.17999267578125,35866
2026-08-31,sparebank-1-nord-norge-nong-xosl,NONG.OL,171.0,170.39999389648438,170.39999389648438,84045
2026-09-01,sparebank-1-nord-norge-nong-xosl,NONG.OL,170.5,170.25999450683594,170.25999450683594,58356
2026-09-02,sparebank-1-nord-norge-nong-xosl,NONG.OL,169.89999389648438,171.3000030517578,171.3000030517578,71410
2026-09-03,sparebank-1-nord-norge-nong-xosl,NONG.OL,171.8000030517578,171.5,171.5,73562
2026-09-04,sparebank-1-nord-norge-nong-xosl,NONG.OL,171.39999389648438,171.5,171.5,56680
2026-09-07,sparebank-1-nord-norge-nong-xosl,NONG.OL,170.97999572753906,171.0,171.0,49521
2026-09-08,sparebank-1-nord-norge-nong-xosl,NONG.OL,171.0,168.55999755859375,168.55999755859375,55659
2026-09-09,sparebank-1-nord-norge-nong-xosl,NONG.OL,168.39999389648438,168.39999389648438,168.39999389648438,69093
2026-09-10,sparebank-1-nord-norge-nong-xosl,NONG.OL,168.0,168.97999572753906,168.97999572753906,61168
2026-09-11,sparebank-1-nord-norge-nong-xosl,NONG.OL,168.89999389648438,169.89999389648438,169.89999389648438,52341
2026-09-14,sparebank-1-nord-norge-nong-xosl,NONG.OL,169.66000366210938,168.9600067138672,168.9600067138672,31995
2026-09-15,sparebank-1-nord-norge-nong-xosl,NONG.OL,168.6999969482422,172.32000732421875,172.32000732421875,65522
2026-09-16,sparebank-1-nord-norge-nong-xosl,NONG.OL,172.39999389648438,170.82000732421875,170.82000732421875,61646
2026-09-17,sparebank-1-nord-norge-nong-xosl,NONG.OL,170.89999389648438,173.67999267578125,173.67999267578125,103651
2026-09-18,sparebank-1-nord-norge-nong-xosl,NONG.OL,173.0,172.22000122070312,172.22000122070312,88438
2026-09-21,sparebank-1-nord-norge-nong-xosl,NONG.OL,173.0,173.83999633789062,173.83999633789062,20292
2026-09-22,sparebank-1-nord-norge-nong-xosl,NONG.OL,173.83999633789062,173.9199981689453,173.9199981689453,31728
2026-09-23,sparebank-1-nord-norge-nong-xosl,NONG.OL,174.77999877929688,172.8800048828125,172.8800048828125,80824
2026-09-24,sparebank-1-nord-norge-nong-xosl,NONG.OL,172.89999389648438,174.0,174.0,39201
2026-09-25,sparebank-1-nord-norge-nong-xosl,NONG.OL,174.0,175.5,175.5,67907
2026-09-28,sparebank-1-nord-norge-nong-xosl,NONG.OL,175.5,175.9600067138672,175.9600067138672,46209
2026-09-29,sparebank-1-nord-norge-nong-xosl,NONG.OL,176.5,175.5,175.5,96012
2026-09-30,sparebank-1-nord-norge-nong-xosl,NONG.OL,175.6999969482422,174.67999267578125,174.67999267578125,57045
2026-10-01,sparebank-1-nord-norge-nong-xosl,NONG.OL,173.6999969482422,170.10000610351562,170.10000610351562,51250
2026-10-02,sparebank-1-nord-norge-nong-xosl,NONG.OL,170.75999450683594,170.60000610351562,170.60000610351562,46130
2026-10-05,sparebank-1-nord-norge-nong-xosl,NONG.OL,170.0,171.0399932861328,171.0399932861328,30762
2026-10-06,sparebank-1-nord-norge-nong-xosl,NONG.OL,170.0,171.5399932861328,171.5399932861328,35473
2026-10-07,sparebank-1-nord-norge-nong-xosl,NONG.OL,171.3000030517578,168.8800048828125,168.8800048828125,46707
2026-10-08,sparebank-1-nord-norge-nong-xosl,NONG.OL,168.0,167.63999938964844,167.63999938964844,48782
2026-07-13,sparebank-1-ostfold-akershus-soag-xosl,SOAG.OL,424.3999938964844,430.0,430.0,398
2026-07-14,sparebank-1-ostfold-akershus-soag-xosl,SOAG.OL,430.0,430.0,430.0,171
2026-07-15,sparebank-1-ostfold-akershus-soag-xosl,SOAG.OL,430.0,430.0,430.0,399
2026-07-16,sparebank-1-ostfold-akershus-soag-xosl,SOAG.OL,435.0,430.0,430.0,163
2026-07-17,sparebank-1-ostfold-akershus-soag-xosl,SOAG.OL,430.0,430.0,430.0,45
2026-07-20,sparebank-1-ostfold-akershus-soag-xosl,SOAG.OL,432.0,432.0,432.0,37
2026-07-21,sparebank-1-ostfold-akershus-soag-xosl,SOAG.OL,434.0,434.0,434.0,24
2026-07-22,sparebank-1-ostfold-akershus-soag-xosl,SOAG.OL,426.0,426.0,426.0,5
2026-07-23,sparebank-1-ostfold-akershus-soag-xosl,SOAG.OL,435.0,441.95001220703125,441.95001220703125,238
2026-07-24,sparebank-1-ostfold-akershus-soag-xosl,SOAG.OL,441.95001220703125,441.95001220703125,441.95001220703125,6
2026-07-27,sparebank-1-ostfold-akershus-soag-xosl,SOAG.OL,430.04998779296875,430.0,430.0,188
2026-07-28,sparebank-1-ostfold-akershus-soag-xosl,SOAG.OL,425.0,434.95001220703125,434.95001220703125,812
2026-07-29,sparebank-1-ostfold-akershus-soag-xosl,SOAG.OL,431.8999938964844,425.0,425.0,3198
2026-07-30,sparebank-1-ostfold-akershus-soag-xosl,SOAG.OL,420.0,430.0,430.0,812
2026-07-31,sparebank-1-ostfold-akershus-soag-xosl,SOAG.OL,445.0,430.0,430.0,110
2026-08-03,sparebank-1-ostfold-akershus-soag-xosl,SOAG.OL,430.04998779296875,430.04998779296875,430.04998779296875,80
2026-08-04,sparebank-1-ostfold-akershus-soag-xosl,SOAG.OL,430.04998779296875,430.04998779296875,430.04998779296875,0
2026-08-05,sparebank-1-ostfold-akershus-soag-xosl,SOAG.OL,430.04998779296875,430.04998779296875,430.04998779296875,0
2026-08-06,sparebank-1-ostfold-akershus-soag-xosl,SOAG.OL,442.95001220703125,436.0,436.0,164
2026-08-07,sparebank-1-ostfold-akershus-soag-xosl,SOAG.OL,430.04998779296875,430.04998779296875,430.04998779296875,21
2026-08-10,sparebank-1-ostfold-akershus-soag-xosl,SOAG.OL,443.95001220703125,440.0,440.0,38
2026-08-11,sparebank-1-ostfold-akershus-soag-xosl,SOAG.OL,439.95001220703125,439.8500061035156,439.8500061035156,66
2026-08-12,sparebank-1-ostfold-akershus-soag-xosl,SOAG.OL,430.04998779296875,430.0,430.0,474
2026-08-13,sparebank-1-ostfold-akershus-soag-xosl,SOAG.OL,435.0,430.0,430.0,988
2026-08-14,sparebank-1-ostfold-akershus-soag-xosl,SOAG.OL,438.95001220703125,446.0,446.0,1947
2026-08-17,sparebank-1-ostfold-akershus-soag-xosl,SOAG.OL,440.0,449.95001220703125,449.95001220703125,5336
2026-08-18,sparebank-1-ostfold-akershus-soag-xosl,SOAG.OL,448.0,445.95001220703125,445.95001220703125,507
2026-08-19,sparebank-1-ostfold-akershus-soag-xosl,SOAG.OL,445.0,435.0,435.0,4702
2026-08-20,sparebank-1-ostfold-akershus-soag-xosl,SOAG.OL,436.0,440.0,440.0,2039
2026-08-21,sparebank-1-ostfold-akershus-soag-xosl,SOAG.OL,440.95001220703125,441.0,441.0,4209
2026-08-24,sparebank-1-ostfold-akershus-soag-xosl,SOAG.OL,442.0,445.0,445.0,1548
2026-08-25,sparebank-1-ostfold-akershus-soag-xosl,SOAG.OL,445.0,444.0,444.0,903
2026-08-26,sparebank-1-ostfold-akershus-soag-xosl,SOAG.OL,445.0,445.0,445.0,4576
2026-08-27,sparebank-1-ostfold-akershus-soag-xosl,SOAG.OL,445.0,438.04998779296875,438.04998779296875,16134
2026-08-28,sparebank-1-ostfold-akershus-soag-xosl,SOAG.OL,439.0,439.0,439.0,255
2026-08-31,sparebank-1-ostfold-akershus-soag-xosl,SOAG.OL,439.0,442.0,442.0,1891
2026-09-01,sparebank-1-ostfold-akershus-soag-xosl,SOAG.OL,442.0,447.5,447.5,405
2026-09-02,sparebank-1-ostfold-akershus-soag-xosl,SOAG.OL,448.0,435.25,435.25,1076
2026-09-03,sparebank-1-ostfold-akershus-soag-xosl,SOAG.OL,440.0,447.95001220703125,447.95001220703125,227
2026-09-04,sparebank-1-ostfold-akershus-soag-xosl,SOAG.OL,444.0,447.8999938964844,447.8999938964844,252
2026-09-07,sparebank-1-ostfold-akershus-soag-xosl,SOAG.OL,447.8500061035156,448.0,448.0,1972
2026-09-08,sparebank-1-ostfold-akershus-soag-xosl,SOAG.OL,448.0,450.0,450.0,59
2026-09-09,sparebank-1-ostfold-akershus-soag-xosl,SOAG.OL,448.0,449.5,449.5,29
2026-09-10,sparebank-1-ostfold-akershus-soag-xosl,SOAG.OL,451.0,455.95001220703125,455.95001220703125,444
2026-09-11,sparebank-1-ostfold-akershus-soag-xosl,SOAG.OL,455.3999938964844,442.8999938964844,442.8999938964844,113
2026-09-14,sparebank-1-ostfold-akershus-soag-xosl,SOAG.OL,442.0,442.0,442.0,26
2026-09-15,sparebank-1-ostfold-akershus-soag-xosl,SOAG.OL,442.0,442.0,442.0,0
2026-09-16,sparebank-1-ostfold-akershus-soag-xosl,SOAG.OL,442.8999938964844,443.25,443.25,40
2026-09-17,sparebank-1-ostfold-akershus-soag-xosl,SOAG.OL,455.95001220703125,440.04998779296875,440.04998779296875,191
2026-09-18,sparebank-1-ostfold-akershus-soag-xosl,SOAG.OL,441.0,454.54998779296875,454.54998779296875,2806
2026-09-21,sparebank-1-ostfold-akershus-soag-xosl,SOAG.OL,458.0,458.0,458.0,23
2026-09-22,sparebank-1-ostfold-akershus-soag-xosl,SOAG.OL,463.95001220703125,450.04998779296875,450.04998779296875,188
2026-09-23,sparebank-1-ostfold-akershus-soag-xosl,SOAG.OL,450.0,450.0,450.0,217
2026-09-24,sparebank-1-ostfold-akershus-soag-xosl,SOAG.OL,450.5,450.45001220703125,450.45001220703125,280
2026-09-25,sparebank-1-ostfold-akershus-soag-xosl,SOAG.OL,440.1000061035156,448.0,448.0,95
2026-09-28,sparebank-1-ostfold-akershus-soag-xosl,SOAG.OL,440.1499938964844,453.0,453.0,3
2026-09-29,sparebank-1-ostfold-akershus-soag-xosl,SOAG.OL,450.04998779296875,450.0,450.0,217
2026-09-30,sparebank-1-ostfold-akershus-soag-xosl,SOAG.OL,442.1499938964844,449.95001220703125,449.95001220703125,58
2026-10-01,sparebank-1-ostfold-akershus-soag-xosl,SOAG.OL,449.95001220703125,450.0,450.0,19
2026-10-02,sparebank-1-ostfold-akershus-soag-xosl,SOAG.OL,449.95001220703125,442.70001220703125,442.70001220703125,169
2026-10-05,sparebank-1-ostfold-akershus-soag-xosl,SOAG.OL,449.95001220703125,440.20001220703125,440.20001220703125,31
2026-10-06,sparebank-1-ostfold-akershus-soag-xosl,SOAG.OL,455.8999938964844,455.8999938964844,455.8999938964844,2
2026-10-07,sparebank-1-ostfold-akershus-soag-xosl,SOAG.OL,440.20001220703125,455.0,455.0,20
2026-10-08,sparebank-1-ostfold-akershus-soag-xosl,SOAG.OL,440.1499938964844,454.0,454.0,237
2026-07-13,sparebank-1-ostlandet-spol-xosl,SPOL.OL,196.0,195.10000610351562,195.10000610351562,22740
2026-07-14,sparebank-1-ostlandet-spol-xosl,SPOL.OL,194.5,194.4600067138672,194.4600067138672,22947
2026-07-15,sparebank-1-ostlandet-spol-xosl,SPOL.OL,194.10000610351562,194.1199951171875,194.1199951171875,22431
2026-07-16,sparebank-1-ostlandet-spol-xosl,SPOL.OL,194.6999969482422,194.52000427246094,194.52000427246094,25726
2026-07-17,sparebank-1-ostlandet-spol-xosl,SPOL.OL,194.3000030517578,193.44000244140625,193.44000244140625,19926
2026-07-20,sparebank-1-ostlandet-spol-xosl,SPOL.OL,193.5,191.33999633789062,191.33999633789062,30797
2026-07-21,sparebank-1-ostlandet-spol-xosl,SPOL.OL,192.0,192.5,192.5,19156
2026-07-22,sparebank-1-ostlandet-spol-xosl,SPOL.OL,192.60000610351562,194.02000427246094,194.02000427246094,24459
2026-07-23,sparebank-1-ostlandet-spol-xosl,SPOL.OL,193.6999969482422,189.86000061035156,189.86000061035156,25814
2026-07-24,sparebank-1-ostlandet-spol-xosl,SPOL.OL,190.6999969482422,191.5,191.5,11489
2026-07-27,sparebank-1-ostlandet-spol-xosl,SPOL.OL,192.0,193.4600067138672,193.4600067138672,33845
2026-07-28,sparebank-1-ostlandet-spol-xosl,SPOL.OL,192.0,193.5,193.5,19933
2026-07-29,sparebank-1-ostlandet-spol-xosl,SPOL.OL,193.5,190.10000610351562,190.10000610351562,24475
2026-07-30,sparebank-1-ostlandet-spol-xosl,SPOL.OL,191.10000610351562,193.4600067138672,193.4600067138672,20073
2026-07-31,sparebank-1-ostlandet-spol-xosl,SPOL.OL,194.10000610351562,194.67999267578125,194.67999267578125,33627
2026-08-03,sparebank-1-ostlandet-spol-xosl,SPOL.OL,194.67999267578125,194.0,194.0,29729
2026-08-04,sparebank-1-ostlandet-spol-xosl,SPOL.OL,193.9600067138672,195.60000610351562,195.60000610351562,20122
2026-08-05,sparebank-1-ostlandet-spol-xosl,SPOL.OL,195.4199981689453,192.4199981689453,192.4199981689453,46069
2026-08-06,sparebank-1-ostlandet-spol-xosl,SPOL.OL,193.1999969482422,193.6199951171875,193.6199951171875,31488
2026-08-07,sparebank-1-ostlandet-spol-xosl,SPOL.OL,193.6199951171875,191.89999389648438,191.89999389648438,25104
2026-08-10,sparebank-1-ostlandet-spol-xosl,SPOL.OL,191.0,188.1999969482422,188.1999969482422,21820
2026-08-11,sparebank-1-ostlandet-spol-xosl,SPOL.OL,188.1999969482422,186.6999969482422,186.6999969482422,33537
2026-08-12,sparebank-1-ostlandet-spol-xosl,SPOL.OL,185.5,183.1999969482422,183.1999969482422,33784
2026-08-13,sparebank-1-ostlandet-spol-xosl,SPOL.OL,185.5800018310547,189.0,189.0,64606
2026-08-14,sparebank-1-ostlandet-spol-xosl,SPOL.OL,188.9199981689453,191.0,191.0,42427
2026-08-17,sparebank-1-ostlandet-spol-xosl,SPOL.OL,191.0,193.86000061035156,193.86000061035156,37064
2026-08-18,sparebank-1-ostlandet-spol-xosl,SPOL.OL,194.8000030517578,191.5,191.5,36734
2026-08-19,sparebank-1-ostlandet-spol-xosl,SPOL.OL,192.6999969482422,188.1199951171875,188.1199951171875,50103
2026-08-20,sparebank-1-ostlandet-spol-xosl,SPOL.OL,188.39999389648438,191.5,191.5,99428
2026-08-21,sparebank-1-ostlandet-spol-xosl,SPOL.OL,191.8800048828125,194.63999938964844,194.63999938964844,35743
2026-08-24,sparebank-1-ostlandet-spol-xosl,SPOL.OL,194.63999938964844,196.36000061035156,196.36000061035156,32972
2026-08-25,sparebank-1-ostlandet-spol-xosl,SPOL.OL,196.3000030517578,199.5,199.5,78551
2026-08-26,sparebank-1-ostlandet-spol-xosl,SPOL.OL,199.8000030517578,200.25,200.25,36888
2026-08-27,sparebank-1-ostlandet-spol-xosl,SPOL.OL,199.39999389648438,201.14999389648438,201.14999389648438,43785
2026-08-28,sparebank-1-ostlandet-spol-xosl,SPOL.OL,201.9499969482422,200.75,200.75,49402
2026-08-31,sparebank-1-ostlandet-spol-xosl,SPOL.OL,201.5,199.36000061035156,199.36000061035156,37464
2026-09-01,sparebank-1-ostlandet-spol-xosl,SPOL.OL,199.1999969482422,200.4499969482422,200.4499969482422,41054
2026-09-02,sparebank-1-ostlandet-spol-xosl,SPOL.OL,200.0,202.60000610351562,202.60000610351562,40141
2026-09-03,sparebank-1-ostlandet-spol-xosl,SPOL.OL,202.0,204.4499969482422,204.4499969482422,47204
2026-09-04,sparebank-1-ostlandet-spol-xosl,SPOL.OL,205.5,202.6999969482422,202.6999969482422,31291
2026-09-07,sparebank-1-ostlandet-spol-xosl,SPOL.OL,203.60000610351562,203.4499969482422,203.4499969482422,20383
2026-09-08,sparebank-1-ostlandet-spol-xosl,SPOL.OL,203.8000030517578,203.0,203.0,15149
2026-09-09,sparebank-1-ostlandet-spol-xosl,SPOL.OL,202.0,201.6999969482422,201.6999969482422,44272
2026-09-10,sparebank-1-ostlandet-spol-xosl,SPOL.OL,201.0,202.5,202.5,17235
2026-09-11,sparebank-1-ostlandet-spol-xosl,SPOL.OL,202.5,202.0500030517578,202.0500030517578,34054
2026-09-14,sparebank-1-ostlandet-spol-xosl,SPOL.OL,201.8000030517578,201.0,201.0,16450
2026-09-15,sparebank-1-ostlandet-spol-xosl,SPOL.OL,201.39999389648438,201.75,201.75,20671
2026-09-16,sparebank-1-ostlandet-spol-xosl,SPOL.OL,202.0,203.0,203.0,24460
2026-09-17,sparebank-1-ostlandet-spol-xosl,SPOL.OL,204.0,205.89999389648438,205.89999389648438,32385
2026-09-18,sparebank-1-ostlandet-spol-xosl,SPOL.OL,206.0,204.25,204.25,66269
2026-09-21,sparebank-1-ostlandet-spol-xosl,SPOL.OL,204.25,205.64999389648438,205.64999389648438,17803
2026-09-22,sparebank-1-ostlandet-spol-xosl,SPOL.OL,205.85000610351562,204.85000610351562,204.85000610351562,17998
2026-09-23,sparebank-1-ostlandet-spol-xosl,SPOL.OL,205.0,204.4499969482422,204.4499969482422,20434
2026-09-24,sparebank-1-ostlandet-spol-xosl,SPOL.OL,204.0,207.39999389648438,207.39999389648438,23485
2026-09-25,sparebank-1-ostlandet-spol-xosl,SPOL.OL,207.39999389648438,207.75,207.75,91660
2026-09-28,sparebank-1-ostlandet-spol-xosl,SPOL.OL,208.0,207.75,207.75,20814
2026-09-29,sparebank-1-ostlandet-spol-xosl,SPOL.OL,209.0,206.60000610351562,206.60000610351562,18924
2026-09-30,sparebank-1-ostlandet-spol-xosl,SPOL.OL,206.6999969482422,205.60000610351562,205.60000610351562,35845
2026-10-01,sparebank-1-ostlandet-spol-xosl,SPOL.OL,205.35000610351562,201.35000610351562,201.35000610351562,24706
2026-10-02,sparebank-1-ostlandet-spol-xosl,SPOL.OL,201.3000030517578,201.4499969482422,201.4499969482422,24458
2026-10-05,sparebank-1-ostlandet-spol-xosl,SPOL.OL,201.39999389648438,201.64999389648438,201.64999389648438,21618
2026-10-06,sparebank-1-ostlandet-spol-xosl,SPOL.OL,202.0,201.14999389648438,201.14999389648438,18083
2026-10-07,sparebank-1-ostlandet-spol-xosl,SPOL.OL,201.64999389648438,196.0800018310547,196.0800018310547,17057
2026-10-08,sparebank-1-ostlandet-spol-xosl,SPOL.OL,196.60000610351562,195.3800048828125,195.3800048828125,25716
2026-07-13,sparebank-1-ringerike-hadeland-ring-xosl,RING.OL,421.0,415.5,415.5,1641
2026-07-14,sparebank-1-ringerike-hadeland-ring-xosl,RING.OL,415.6000061035156,422.0,422.0,1544
2026-07-15,sparebank-1-ringerike-hadeland-ring-xosl,RING.OL,423.5,422.0,422.0,393
2026-07-16,sparebank-1-ringerike-hadeland-ring-xosl,RING.OL,423.5,421.0,421.0,389
2026-07-17,sparebank-1-ringerike-hadeland-ring-xosl,RING.OL,428.5,427.0,427.0,479
2026-07-20,sparebank-1-ringerike-hadeland-ring-xosl,RING.OL,428.5,428.3999938964844,428.3999938964844,61
2026-07-21,sparebank-1-ringerike-hadeland-ring-xosl,RING.OL,428.3999938964844,428.3999938964844,428.3999938964844,0
2026-07-22,sparebank-1-ringerike-hadeland-ring-xosl,RING.OL,427.95001220703125,428.0,428.0,49
2026-07-23,sparebank-1-ringerike-hadeland-ring-xosl,RING.OL,428.3999938964844,428.3999938964844,428.3999938964844,262
2026-07-24,sparebank-1-ringerike-hadeland-ring-xosl,RING.OL,428.3999938964844,439.0,439.0,862
2026-07-27,sparebank-1-ringerike-hadeland-ring-xosl,RING.OL,439.0,433.0,433.0,167
2026-07-28,sparebank-1-ringerike-hadeland-ring-xosl,RING.OL,433.04998779296875,432.0,432.0,573
2026-07-29,sparebank-1-ringerike-hadeland-ring-xosl,RING.OL,432.0,428.0,428.0,848
2026-07-30,sparebank-1-ringerike-hadeland-ring-xosl,RING.OL,426.0,427.5,427.5,575
2026-07-31,sparebank-1-ringerike-hadeland-ring-xosl,RING.OL,434.0,438.0,438.0,1674
2026-08-03,sparebank-1-ringerike-hadeland-ring-xosl,RING.OL,429.04998779296875,438.0,438.0,617
2026-08-04,sparebank-1-ringerike-hadeland-ring-xosl,RING.OL,438.45001220703125,439.0,439.0,220
2026-08-05,sparebank-1-ringerike-hadeland-ring-xosl,RING.OL,435.0,439.5,439.5,578
2026-08-06,sparebank-1-ringerike-hadeland-ring-xosl,RING.OL,443.0,438.0,438.0,462
2026-08-07,sparebank-1-ringerike-hadeland-ring-xosl,RING.OL,444.0,440.0,440.0,12
2026-08-10,sparebank-1-ringerike-hadeland-ring-xosl,RING.OL,440.0,438.1000061035156,438.1000061035156,514
2026-08-11,sparebank-1-ringerike-hadeland-ring-xosl,RING.OL,438.0,437.0,437.0,290
2026-08-12,sparebank-1-ringerike-hadeland-ring-xosl,RING.OL,435.45001220703125,430.0,430.0,802
2026-08-13,sparebank-1-ringerike-hadeland-ring-xosl,RING.OL,443.95001220703125,445.0,445.0,2843
2026-08-14,sparebank-1-ringerike-hadeland-ring-xosl,RING.OL,442.0,445.0,445.0,325
2026-08-17,sparebank-1-ringerike-hadeland-ring-xosl,RING.OL,437.0,444.6499938964844,444.6499938964844,3025
2026-08-18,sparebank-1-ringerike-hadeland-ring-xosl,RING.OL,446.0,446.6000061035156,446.6000061035156,4182
2026-08-19,sparebank-1-ringerike-hadeland-ring-xosl,RING.OL,445.0,444.0,444.0,456
2026-08-20,sparebank-1-ringerike-hadeland-ring-xosl,RING.OL,446.0,445.0,445.0,180
2026-08-21,sparebank-1-ringerike-hadeland-ring-xosl,RING.OL,445.0,437.8500061035156,437.8500061035156,378
2026-08-24,sparebank-1-ringerike-hadeland-ring-xosl,RING.OL,437.04998779296875,436.0,436.0,391
2026-08-25,sparebank-1-ringerike-hadeland-ring-xosl,RING.OL,439.0,439.04998779296875,439.04998779296875,1578
2026-08-26,sparebank-1-ringerike-hadeland-ring-xosl,RING.OL,439.04998779296875,438.79998779296875,438.79998779296875,605
2026-08-27,sparebank-1-ringerike-hadeland-ring-xosl,RING.OL,438.75,439.8999938964844,439.8999938964844,1202
2026-08-28,sparebank-1-ringerike-hadeland-ring-xosl,RING.OL,440.0,440.0,440.0,193
2026-08-31,sparebank-1-ringerike-hadeland-ring-xosl,RING.OL,440.0,439.0,439.0,200
2026-09-01,sparebank-1-ringerike-hadeland-ring-xosl,RING.OL,439.0,437.0,437.0,598
2026-09-02,sparebank-1-ringerike-hadeland-ring-xosl,RING.OL,437.0,437.0,437.0,330
2026-09-03,sparebank-1-ringerike-hadeland-ring-xosl,RING.OL,437.0,439.79998779296875,439.79998779296875,136
2026-09-04,sparebank-1-ringerike-hadeland-ring-xosl,RING.OL,439.79998779296875,439.79998779296875,439.79998779296875,41
2026-09-07,sparebank-1-ringerike-hadeland-ring-xosl,RING.OL,439.79998779296875,439.95001220703125,439.95001220703125,381
2026-09-08,sparebank-1-ringerike-hadeland-ring-xosl,RING.OL,439.95001220703125,439.8999938964844,439.8999938964844,13
2026-09-09,sparebank-1-ringerike-hadeland-ring-xosl,RING.OL,439.8999938964844,439.8999938964844,439.8999938964844,67
2026-09-10,sparebank-1-ringerike-hadeland-ring-xosl,RING.OL,436.0,434.5,434.5,841
2026-09-11,sparebank-1-ringerike-hadeland-ring-xosl,RING.OL,434.1499938964844,439.8999938964844,439.8999938964844,834
2026-09-14,sparebank-1-ringerike-hadeland-ring-xosl,RING.OL,434.20001220703125,439.1499938964844,439.1499938964844,106
2026-09-15,sparebank-1-ringerike-hadeland-ring-xosl,RING.OL,439.5,435.0,435.0,344
2026-09-16,sparebank-1-ringerike-hadeland-ring-xosl,RING.OL,434.20001220703125,433.0,433.0,1141
2026-09-17,sparebank-1-ringerike-hadeland-ring-xosl,RING.OL,433.0,438.5,438.5,297
2026-09-18,sparebank-1-ringerike-hadeland-ring-xosl,RING.OL,439.0,445.0,445.0,1976
2026-09-21,sparebank-1-ringerike-hadeland-ring-xosl,RING.OL,442.0,442.0,442.0,577
2026-09-22,sparebank-1-ringerike-hadeland-ring-xosl,RING.OL,444.0,444.0,444.0,85
2026-09-23,sparebank-1-ringerike-hadeland-ring-xosl,RING.OL,440.0,446.0,446.0,132
2026-09-24,sparebank-1-ringerike-hadeland-ring-xosl,RING.OL,440.0,447.0,447.0,775
2026-09-25,sparebank-1-ringerike-hadeland-ring-xosl,RING.OL,449.0,445.5,445.5,957
2026-09-28,sparebank-1-ringerike-hadeland-ring-xosl,RING.OL,445.5,449.95001220703125,449.95001220703125,123
2026-09-29,sparebank-1-ringerike-hadeland-ring-xosl,RING.OL,445.04998779296875,449.0,449.0,343
2026-09-30,sparebank-1-ringerike-hadeland-ring-xosl,RING.OL,448.95001220703125,451.0,451.0,420
2026-10-01,sparebank-1-ringerike-hadeland-ring-xosl,RING.OL,450.0,450.0,450.0,1184
2026-10-02,sparebank-1-ringerike-hadeland-ring-xosl,RING.OL,442.1000061035156,457.0,457.0,631
2026-10-05,sparebank-1-ringerike-hadeland-ring-xosl,RING.OL,456.95001220703125,454.0,454.0,477
2026-10-06,sparebank-1-ringerike-hadeland-ring-xosl,RING.OL,456.95001220703125,449.0,449.0,323
2026-10-07,sparebank-1-ringerike-hadeland-ring-xosl,RING.OL,449.5,449.79998779296875,449.79998779296875,57
2026-10-08,sparebank-1-ringerike-hadeland-ring-xosl,RING.OL,449.0,449.0,449.0,591
2026-07-13,sparebank-1-smn-ming-xosl,MING.OL,194.8000030517578,195.36000061035156,195.36000061035156,58205
2026-07-14,sparebank-1-smn-ming-xosl,MING.OL,194.0,192.75999450683594,192.75999450683594,114660
2026-07-15,sparebank-1-smn-ming-xosl,MING.OL,193.4199981689453,193.97999572753906,193.97999572753906,108574
2026-07-16,sparebank-1-smn-ming-xosl,MING.OL,193.3000030517578,195.5,195.5,60557
2026-07-17,sparebank-1-smn-ming-xosl,MING.OL,195.4199981689453,195.02000427246094,195.02000427246094,58022
2026-07-20,sparebank-1-smn-ming-xosl,MING.OL,196.39999389648438,193.24000549316406,193.24000549316406,50034
2026-07-21,sparebank-1-smn-ming-xosl,MING.OL,193.36000061035156,195.89999389648438,195.89999389648438,70501
2026-07-22,sparebank-1-smn-ming-xosl,MING.OL,196.5,197.1999969482422,197.1999969482422,56708
2026-07-23,sparebank-1-smn-ming-xosl,MING.OL,196.4199981689453,193.4600067138672,193.4600067138672,81814
2026-07-24,sparebank-1-smn-ming-xosl,MING.OL,193.47999572753906,193.72000122070312,193.72000122070312,30542
2026-07-27,sparebank-1-smn-ming-xosl,MING.OL,194.0,195.0,195.0,38906
2026-07-28,sparebank-1-smn-ming-xosl,MING.OL,195.0,196.32000732421875,196.32000732421875,64986
2026-07-29,sparebank-1-smn-ming-xosl,MING.OL,197.0,194.0399932861328,194.0399932861328,47505
2026-07-30,sparebank-1-smn-ming-xosl,MING.OL,193.60000610351562,196.5399932861328,196.5399932861328,76060
2026-07-31,sparebank-1-smn-ming-xosl,MING.OL,196.60000610351562,196.32000732421875,196.32000732421875,94730
2026-08-03,sparebank-1-smn-ming-xosl,MING.OL,197.32000732421875,197.77999877929688,197.77999877929688,73678
2026-08-04,sparebank-1-smn-ming-xosl,MING.OL,198.0,198.9199981689453,198.9199981689453,70115
2026-08-05,sparebank-1-smn-ming-xosl,MING.OL,199.0,199.4199981689453,199.4199981689453,132137
2026-08-06,sparebank-1-smn-ming-xosl,MING.OL,201.10000610351562,201.75,201.75,86617
2026-08-07,sparebank-1-smn-ming-xosl,MING.OL,201.6999969482422,201.14999389648438,201.14999389648438,46993
2026-08-10,sparebank-1-smn-ming-xosl,MING.OL,197.16000366210938,196.72000122070312,196.72000122070312,127178
2026-08-11,sparebank-1-smn-ming-xosl,MING.OL,195.0,193.3800048828125,193.3800048828125,125749
2026-08-12,sparebank-1-smn-ming-xosl,MING.OL,193.0,193.60000610351562,193.60000610351562,91998
2026-08-13,sparebank-1-smn-ming-xosl,MING.OL,192.97999572753906,201.9499969482422,201.9499969482422,200768
2026-08-14,sparebank-1-smn-ming-xosl,MING.OL,202.0,202.0500030517578,202.0500030517578,111471
2026-08-17,sparebank-1-smn-ming-xosl,MING.OL,205.4499969482422,208.0,208.0,149038
2026-08-18,sparebank-1-smn-ming-xosl,MING.OL,207.64999389648438,202.9499969482422,202.9499969482422,66511
2026-08-19,sparebank-1-smn-ming-xosl,MING.OL,203.0,202.1999969482422,202.1999969482422,74200
2026-08-20,sparebank-1-smn-ming-xosl,MING.OL,202.10000610351562,203.10000610351562,203.10000610351562,50079
2026-08-21,sparebank-1-smn-ming-xosl,MING.OL,203.1999969482422,204.60000610351562,204.60000610351562,61432
2026-08-24,sparebank-1-smn-ming-xosl,MING.OL,204.60000610351562,207.4499969482422,207.4499969482422,125918
2026-08-25,sparebank-1-smn-ming-xosl,MING.OL,207.5,210.0,210.0,91382
2026-08-26,sparebank-1-smn-ming-xosl,MING.OL,210.14999389648438,210.8000030517578,210.8000030517578,103244
2026-08-27,sparebank-1-smn-ming-xosl,MING.OL,211.64999389648438,211.60000610351562,211.60000610351562,131401
2026-08-28,sparebank-1-smn-ming-xosl,MING.OL,212.0,212.64999389648438,212.64999389648438,57736
2026-08-31,sparebank-1-smn-ming-xosl,MING.OL,212.39999389648438,211.8000030517578,211.8000030517578,148549
2026-09-01,sparebank-1-smn-ming-xosl,MING.OL,210.8000030517578,211.6999969482422,211.6999969482422,171921
2026-09-02,sparebank-1-smn-ming-xosl,MING.OL,211.9499969482422,212.9499969482422,212.9499969482422,176355
2026-09-03,sparebank-1-smn-ming-xosl,MING.OL,212.1999969482422,214.5500030517578,214.5500030517578,67623
2026-09-04,sparebank-1-smn-ming-xosl,MING.OL,214.5500030517578,215.6999969482422,215.6999969482422,89628
2026-09-07,sparebank-1-smn-ming-xosl,MING.OL,215.4499969482422,216.0500030517578,216.0500030517578,130079
2026-09-08,sparebank-1-smn-ming-xosl,MING.OL,216.25,215.14999389648438,215.14999389648438,52577
2026-09-09,sparebank-1-smn-ming-xosl,MING.OL,215.0,213.35000610351562,213.35000610351562,112895
2026-09-10,sparebank-1-smn-ming-xosl,MING.OL,212.60000610351562,213.4499969482422,213.4499969482422,55235
2026-09-11,sparebank-1-smn-ming-xosl,MING.OL,213.5,214.75,214.75,255107
2026-09-14,sparebank-1-smn-ming-xosl,MING.OL,215.10000610351562,213.0,213.0,93986
2026-09-15,sparebank-1-smn-ming-xosl,MING.OL,212.5500030517578,214.35000610351562,214.35000610351562,74043
2026-09-16,sparebank-1-smn-ming-xosl,MING.OL,211.6999969482422,215.0,215.0,48479
2026-09-17,sparebank-1-smn-ming-xosl,MING.OL,215.0,217.0,217.0,137272
2026-09-18,sparebank-1-smn-ming-xosl,MING.OL,217.64999389648438,216.75,216.75,121847
2026-09-21,sparebank-1-smn-ming-xosl,MING.OL,217.0,217.10000610351562,217.10000610351562,78917
2026-09-22,sparebank-1-smn-ming-xosl,MING.OL,216.75,219.4499969482422,219.4499969482422,104005
2026-09-23,sparebank-1-smn-ming-xosl,MING.OL,219.0,217.0500030517578,217.0500030517578,88026
2026-09-24,sparebank-1-smn-ming-xosl,MING.OL,216.60000610351562,217.5,217.5,61960
2026-09-25,sparebank-1-smn-ming-xosl,MING.OL,218.0,220.39999389648438,220.39999389648438,106697
2026-09-28,sparebank-1-smn-ming-xosl,MING.OL,221.35000610351562,220.39999389648438,220.39999389648438,74972
2026-09-29,sparebank-1-smn-ming-xosl,MING.OL,220.10000610351562,218.25,218.25,317990
2026-09-30,sparebank-1-smn-ming-xosl,MING.OL,218.25,218.1999969482422,218.1999969482422,171023
2026-10-01,sparebank-1-smn-ming-xosl,MING.OL,214.1999969482422,211.39999389648438,211.39999389648438,140885
2026-10-02,sparebank-1-smn-ming-xosl,MING.OL,211.39999389648438,212.1999969482422,212.1999969482422,174565
2026-10-05,sparebank-1-smn-ming-xosl,MING.OL,212.35000610351562,213.64999389648438,213.64999389648438,67373
2026-10-06,sparebank-1-smn-ming-xosl,MING.OL,214.5,213.0,213.0,78758
2026-10-07,sparebank-1-smn-ming-xosl,MING.OL,212.5,209.4499969482422,209.4499969482422,71307
2026-10-08,sparebank-1-smn-ming-xosl,MING.OL,209.4499969482422,209.35000610351562,209.35000610351562,75974
2026-07-13,sparebanken-more-morg-xosl,MORG.OL,111.77999877929688,112.45999908447266,112.45999908447266,7437
2026-07-14,sparebanken-more-morg-xosl,MORG.OL,111.0,111.0,111.0,2306
2026-07-15,sparebanken-more-morg-xosl,MORG.OL,109.23999786376953,111.41999816894531,111.41999816894531,1606
2026-07-16,sparebanken-more-morg-xosl,MORG.OL,111.5999984741211,110.69999694824219,110.69999694824219,4209
2026-07-17,sparebanken-more-morg-xosl,MORG.OL,111.69999694824219,111.73999786376953,111.73999786376953,1319
2026-07-20,sparebanken-more-morg-xosl,MORG.OL,111.0,111.0,111.0,7475
2026-07-21,sparebanken-more-morg-xosl,MORG.OL,111.0,111.0,111.0,3660
2026-07-22,sparebanken-more-morg-xosl,MORG.OL,111.0,112.5999984741211,112.5999984741211,27058
2026-07-23,sparebanken-more-morg-xosl,MORG.OL,112.27999877929688,112.5999984741211,112.5999984741211,29041
2026-07-24,sparebanken-more-morg-xosl,MORG.OL,109.0199966430664,109.72000122070312,109.72000122070312,2672
2026-07-27,sparebanken-more-morg-xosl,MORG.OL,110.0,110.27999877929688,110.27999877929688,2835
2026-07-28,sparebanken-more-morg-xosl,MORG.OL,110.0199966430664,111.66000366210938,111.66000366210938,2944
2026-07-29,sparebanken-more-morg-xosl,MORG.OL,109.72000122070312,111.5,111.5,3618
2026-07-30,sparebanken-more-morg-xosl,MORG.OL,109.54000091552734,110.5,110.5,101982
2026-07-31,sparebanken-more-morg-xosl,MORG.OL,110.0,111.5,111.5,20921
2026-08-03,sparebanken-more-morg-xosl,MORG.OL,111.0,111.5,111.5,5369
2026-08-04,sparebanken-more-morg-xosl,MORG.OL,111.5,111.37999725341797,111.37999725341797,12305
2026-08-05,sparebanken-more-morg-xosl,MORG.OL,111.80000305175781,111.63999938964844,111.63999938964844,208154
2026-08-06,sparebanken-more-morg-xosl,MORG.OL,112.9800033569336,110.0,110.0,6214
2026-08-07,sparebanken-more-morg-xosl,MORG.OL,111.4800033569336,112.55999755859375,112.55999755859375,11278
2026-08-10,sparebanken-more-morg-xosl,MORG.OL,112.55999755859375,110.9000015258789,110.9000015258789,4721
2026-08-11,sparebanken-more-morg-xosl,MORG.OL,110.0,109.33999633789062,109.33999633789062,10468
2026-08-12,sparebanken-more-morg-xosl,MORG.OL,109.0,108.5,108.5,9878
2026-08-13,sparebanken-more-morg-xosl,MORG.OL,109.69999694824219,113.5999984741211,113.5999984741211,28871
2026-08-14,sparebanken-more-morg-xosl,MORG.OL,114.0,113.37999725341797,113.37999725341797,16752
2026-08-17,sparebanken-more-morg-xosl,MORG.OL,113.37999725341797,113.54000091552734,113.54000091552734,10823
2026-08-18,sparebanken-more-morg-xosl,MORG.OL,113.5,112.54000091552734,112.54000091552734,7904
2026-08-19,sparebanken-more-morg-xosl,MORG.OL,113.55999755859375,112.0199966430664,112.0199966430664,7938
2026-08-20,sparebanken-more-morg-xosl,MORG.OL,111.19999694824219,110.0,110.0,44274
2026-08-21,sparebanken-more-morg-xosl,MORG.OL,111.0,110.5,110.5,20370
2026-08-24,sparebanken-more-morg-xosl,MORG.OL,110.0,110.13999938964844,110.13999938964844,21108
2026-08-25,sparebanken-more-morg-xosl,MORG.OL,110.16000366210938,111.0,111.0,16614
2026-08-26,sparebanken-more-morg-xosl,MORG.OL,110.04000091552734,110.83999633789062,110.83999633789062,12119
2026-08-27,sparebanken-more-morg-xosl,MORG.OL,110.36000061035156,111.27999877929688,111.27999877929688,3799
2026-08-28,sparebanken-more-morg-xosl,MORG.OL,111.0,111.69999694824219,111.69999694824219,6671
2026-08-31,sparebanken-more-morg-xosl,MORG.OL,112.30000305175781,111.68000030517578,111.68000030517578,4132
2026-09-01,sparebanken-more-morg-xosl,MORG.OL,111.26000213623047,111.22000122070312,111.22000122070312,26619
2026-09-02,sparebanken-more-morg-xosl,MORG.OL,111.0,111.54000091552734,111.54000091552734,20955
2026-09-03,sparebanken-more-morg-xosl,MORG.OL,111.5,111.4000015258789,111.4000015258789,8581
2026-09-04,sparebanken-more-morg-xosl,MORG.OL,112.0,111.4000015258789,111.4000015258789,8626
2026-09-07,sparebanken-more-morg-xosl,MORG.OL,112.0,110.95999908447266,110.95999908447266,10307
2026-09-08,sparebanken-more-morg-xosl,MORG.OL,110.95999908447266,110.18000030517578,110.18000030517578,6650
2026-09-09,sparebanken-more-morg-xosl,MORG.OL,111.9800033569336,111.05999755859375,111.05999755859375,4688
2026-09-10,sparebanken-more-morg-xosl,MORG.OL,111.0,111.0,111.0,10172
2026-09-11,sparebanken-more-morg-xosl,MORG.OL,109.0,110.0199966430664,110.0199966430664,10512
2026-09-14,sparebanken-more-morg-xosl,MORG.OL,110.0199966430664,110.86000061035156,110.86000061035156,4254
2026-09-15,sparebanken-more-morg-xosl,MORG.OL,110.86000061035156,110.12000274658203,110.12000274658203,4348
2026-09-16,sparebanken-more-morg-xosl,MORG.OL,110.12000274658203,110.0,110.0,14885
2026-09-17,sparebanken-more-morg-xosl,MORG.OL,108.77999877929688,110.87999725341797,110.87999725341797,13718
2026-09-18,sparebanken-more-morg-xosl,MORG.OL,111.05999755859375,111.54000091552734,111.54000091552734,11823
2026-09-21,sparebanken-more-morg-xosl,MORG.OL,112.9800033569336,111.62000274658203,111.62000274658203,3674
2026-09-22,sparebanken-more-morg-xosl,MORG.OL,112.5999984741211,109.9000015258789,109.9000015258789,9461
2026-09-23,sparebanken-more-morg-xosl,MORG.OL,109.0,111.37999725341797,111.37999725341797,23775
2026-09-24,sparebanken-more-morg-xosl,MORG.OL,111.0,110.69999694824219,110.69999694824219,10185
2026-09-25,sparebanken-more-morg-xosl,MORG.OL,110.5999984741211,111.9800033569336,111.9800033569336,19312
2026-09-28,sparebanken-more-morg-xosl,MORG.OL,110.4000015258789,111.37999725341797,111.37999725341797,7802
2026-09-29,sparebanken-more-morg-xosl,MORG.OL,111.37999725341797,111.05999755859375,111.05999755859375,4328
2026-09-30,sparebanken-more-morg-xosl,MORG.OL,111.5,110.5199966430664,110.5199966430664,3560
2026-10-01,sparebanken-more-morg-xosl,MORG.OL,108.80000305175781,109.0,109.0,9508
2026-10-02,sparebanken-more-morg-xosl,MORG.OL,110.80000305175781,110.9800033569336,110.9800033569336,22723
2026-10-05,sparebanken-more-morg-xosl,MORG.OL,110.9800033569336,109.0,109.0,4117
2026-10-06,sparebanken-more-morg-xosl,MORG.OL,108.9800033569336,108.9000015258789,108.9000015258789,9935
2026-10-07,sparebanken-more-morg-xosl,MORG.OL,108.0,108.0999984741211,108.0999984741211,8340
2026-10-08,sparebanken-more-morg-xosl,MORG.OL,108.9800033569336,107.0,107.0,15705
2026-07-13,sparebanken-norge-sbnor-xosl,SBNOR.OL,193.0,193.83999633789062,193.83999633789062,71066
2026-07-14,sparebanken-norge-sbnor-xosl,SBNOR.OL,193.83999633789062,192.4600067138672,192.4600067138672,97970
2026-07-15,sparebanken-norge-sbnor-xosl,SBNOR.OL,192.17999267578125,192.72000122070312,192.72000122070312,69339
2026-07-16,sparebanken-norge-sbnor-xosl,SBNOR.OL,192.24000549316406,193.8000030517578,193.8000030517578,61442
2026-07-17,sparebanken-norge-sbnor-xosl,SBNOR.OL,193.27999877929688,194.52000427246094,194.52000427246094,139815
2026-07-20,sparebanken-norge-sbnor-xosl,SBNOR.OL,194.0399932861328,194.0399932861328,194.0399932861328,55204
2026-07-21,sparebanken-norge-sbnor-xosl,SBNOR.OL,194.47999572753906,195.89999389648438,195.89999389648438,48505
2026-07-22,sparebanken-norge-sbnor-xosl,SBNOR.OL,195.63999938964844,197.16000366210938,197.16000366210938,97033
2026-07-23,sparebanken-norge-sbnor-xosl,SBNOR.OL,197.22000122070312,193.60000610351562,193.60000610351562,63347
2026-07-24,sparebanken-norge-sbnor-xosl,SBNOR.OL,193.60000610351562,193.5800018310547,193.5800018310547,54977
2026-07-27,sparebanken-norge-sbnor-xosl,SBNOR.OL,194.0,192.9199981689453,192.9199981689453,97009
2026-07-28,sparebanken-norge-sbnor-xosl,SBNOR.OL,192.9199981689453,193.72000122070312,193.72000122070312,88361
2026-07-29,sparebanken-norge-sbnor-xosl,SBNOR.OL,192.4199981689453,190.0,190.0,102406
2026-07-30,sparebanken-norge-sbnor-xosl,SBNOR.OL,190.0,195.36000061035156,195.36000061035156,148279
2026-07-31,sparebanken-norge-sbnor-xosl,SBNOR.OL,195.97999572753906,196.5800018310547,196.5800018310547,109298
2026-08-03,sparebanken-norge-sbnor-xosl,SBNOR.OL,197.66000366210938,197.8000030517578,197.8000030517578,78785
2026-08-04,sparebanken-norge-sbnor-xosl,SBNOR.OL,197.0,199.52000427246094,199.52000427246094,79470
2026-08-05,sparebanken-norge-sbnor-xosl,SBNOR.OL,199.52000427246094,199.22000122070312,199.22000122070312,108714
2026-08-06,sparebanken-norge-sbnor-xosl,SBNOR.OL,199.8000030517578,199.5399932861328,199.5399932861328,69673
2026-08-07,sparebanken-norge-sbnor-xosl,SBNOR.OL,199.10000610351562,199.13999938964844,199.13999938964844,108232
2026-08-10,sparebanken-norge-sbnor-xosl,SBNOR.OL,198.83999633789062,194.0,194.0,176720
2026-08-11,sparebanken-norge-sbnor-xosl,SBNOR.OL,193.36000061035156,194.5,194.5,206913
2026-08-12,sparebanken-norge-sbnor-xosl,SBNOR.OL,193.5399932861328,190.5,190.5,128972
2026-08-13,sparebanken-norge-sbnor-xosl,SBNOR.OL,190.5,195.89999389648438,195.89999389648438,145676
2026-08-14,sparebanken-norge-sbnor-xosl,SBNOR.OL,195.0,195.63999938964844,195.63999938964844,86270
2026-08-17,sparebanken-norge-sbnor-xosl,SBNOR.OL,195.63999938964844,198.3800048828125,198.3800048828125,171824
2026-08-18,sparebanken-norge-sbnor-xosl,SBNOR.OL,198.0,196.0,196.0,60665
2026-08-19,sparebanken-norge-sbnor-xosl,SBNOR.OL,195.17999267578125,192.33999633789062,192.33999633789062,100465
2026-08-20,sparebanken-norge-sbnor-xosl,SBNOR.OL,192.55999755859375,192.0,192.0,57810
2026-08-21,sparebanken-norge-sbnor-xosl,SBNOR.OL,192.1199951171875,193.32000732421875,193.32000732421875,151966
2026-08-24,sparebanken-norge-sbnor-xosl,SBNOR.OL,193.8000030517578,201.89999389648438,201.89999389648438,230410
2026-08-25,sparebanken-norge-sbnor-xosl,SBNOR.OL,201.85000610351562,205.14999389648438,205.14999389648438,212713
2026-08-26,sparebanken-norge-sbnor-xosl,SBNOR.OL,205.5,204.6999969482422,204.6999969482422,132334
2026-08-27,sparebanken-norge-sbnor-xosl,SBNOR.OL,206.0,205.1999969482422,205.1999969482422,147631
2026-08-28,sparebanken-norge-sbnor-xosl,SBNOR.OL,205.1999969482422,206.5,206.5,79689
2026-08-31,sparebanken-norge-sbnor-xosl,SBNOR.OL,205.39999389648438,204.14999389648438,204.14999389648438,123708
2026-09-01,sparebanken-norge-sbnor-xosl,SBNOR.OL,204.0,202.5,202.5,146303
2026-09-02,sparebanken-norge-sbnor-xosl,SBNOR.OL,202.5,204.5,204.5,106814
2026-09-03,sparebanken-norge-sbnor-xosl,SBNOR.OL,205.64999389648438,205.14999389648438,205.14999389648438,106426
2026-09-04,sparebanken-norge-sbnor-xosl,SBNOR.OL,205.14999389648438,205.89999389648438,205.89999389648438,69601
2026-09-07,sparebanken-norge-sbnor-xosl,SBNOR.OL,205.89999389648438,206.5,206.5,65011
2026-09-08,sparebanken-norge-sbnor-xosl,SBNOR.OL,206.6999969482422,204.9499969482422,204.9499969482422,42736
2026-09-09,sparebanken-norge-sbnor-xosl,SBNOR.OL,204.0500030517578,202.5,202.5,80585
2026-09-10,sparebanken-norge-sbnor-xosl,SBNOR.OL,203.0,204.1999969482422,204.1999969482422,57822
2026-09-11,sparebanken-norge-sbnor-xosl,SBNOR.OL,204.10000610351562,205.85000610351562,205.85000610351562,130032
2026-09-14,sparebanken-norge-sbnor-xosl,SBNOR.OL,205.0,205.5500030517578,205.5500030517578,66842
2026-09-15,sparebanken-norge-sbnor-xosl,SBNOR.OL,204.0500030517578,208.0,208.0,189598
2026-09-16,sparebanken-norge-sbnor-xosl,SBNOR.OL,208.5,208.4499969482422,208.4499969482422,130300
2026-09-17,sparebanken-norge-sbnor-xosl,SBNOR.OL,206.5,211.10000610351562,211.10000610351562,194639
2026-09-18,sparebanken-norge-sbnor-xosl,SBNOR.OL,210.0,209.60000610351562,209.60000610351562,316683
2026-09-21,sparebanken-norge-sbnor-xosl,SBNOR.OL,209.9499969482422,212.1999969482422,212.1999969482422,96766
2026-09-22,sparebanken-norge-sbnor-xosl,SBNOR.OL,212.3000030517578,210.5,210.5,89615
2026-09-23,sparebanken-norge-sbnor-xosl,SBNOR.OL,210.35000610351562,209.60000610351562,209.60000610351562,103983
2026-09-24,sparebanken-norge-sbnor-xosl,SBNOR.OL,209.0,210.0,210.0,147464
2026-09-25,sparebanken-norge-sbnor-xosl,SBNOR.OL,212.14999389648438,213.89999389648438,213.89999389648438,134253
2026-09-28,sparebanken-norge-sbnor-xosl,SBNOR.OL,214.4499969482422,215.35000610351562,215.35000610351562,130342
2026-09-29,sparebanken-norge-sbnor-xosl,SBNOR.OL,215.0500030517578,212.4499969482422,212.4499969482422,81844
2026-09-30,sparebanken-norge-sbnor-xosl,SBNOR.OL,213.1999969482422,212.10000610351562,212.10000610351562,87636
2026-10-01,sparebanken-norge-sbnor-xosl,SBNOR.OL,211.5,204.60000610351562,204.60000610351562,124640
2026-10-02,sparebanken-norge-sbnor-xosl,SBNOR.OL,205.1999969482422,204.75,204.75,80925
2026-10-05,sparebanken-norge-sbnor-xosl,SBNOR.OL,204.75,203.89999389648438,203.89999389648438,83611
2026-10-06,sparebanken-norge-sbnor-xosl,SBNOR.OL,203.89999389648438,204.10000610351562,204.10000610351562,69528
2026-10-07,sparebanken-norge-sbnor-xosl,SBNOR.OL,202.0,198.5,198.5,116239
2026-10-08,sparebanken-norge-sbnor-xosl,SBNOR.OL,198.5,196.0399932861328,196.0399932861328,144816
2026-07-13,stolt-nielsen-sni-xosl,SNI.OL,320.5,325.0,325.0,48052
2026-07-14,stolt-nielsen-sni-xosl,SNI.OL,328.5,326.0,326.0,20621
2026-07-15,stolt-nielsen-sni-xosl,SNI.OL,328.5,324.0,324.0,15578
2026-07-16,stolt-nielsen-sni-xosl,SNI.OL,323.5,324.5,324.5,15372
2026-07-17,stolt-nielsen-sni-xosl,SNI.OL,329.0,318.0,318.0,21547
2026-07-20,stolt-nielsen-sni-xosl,SNI.OL,317.5,318.0,318.0,11635
2026-07-21,stolt-nielsen-sni-xosl,SNI.OL,317.0,320.0,320.0,10830
2026-07-22,stolt-nielsen-sni-xosl,SNI.OL,319.0,318.0,318.0,13224
2026-07-23,stolt-nielsen-sni-xosl,SNI.OL,318.5,319.5,319.5,18406
2026-07-24,stolt-nielsen-sni-xosl,SNI.OL,320.0,328.5,328.5,21084
2026-07-27,stolt-nielsen-sni-xosl,SNI.OL,328.5,315.0,315.0,31518
2026-07-28,stolt-nielsen-sni-xosl,SNI.OL,315.0,319.5,319.5,117710
2026-07-29,stolt-nielsen-sni-xosl,SNI.OL,319.0,316.5,316.5,24859
2026-07-30,stolt-nielsen-sni-xosl,SNI.OL,317.5,314.0,314.0,23059
2026-07-31,stolt-nielsen-sni-xosl,SNI.OL,314.0,318.0,318.0,36624
2026-08-03,stolt-nielsen-sni-xosl,SNI.OL,321.0,322.0,322.0,22260
2026-08-04,stolt-nielsen-sni-xosl,SNI.OL,320.0,318.5,318.5,29386
2026-08-05,stolt-nielsen-sni-xosl,SNI.OL,317.0,317.0,317.0,20712
2026-08-06,stolt-nielsen-sni-xosl,SNI.OL,317.5,315.5,315.5,30435
2026-08-07,stolt-nielsen-sni-xosl,SNI.OL,315.0,314.0,314.0,22646
2026-08-10,stolt-nielsen-sni-xosl,SNI.OL,315.5,316.5,316.5,16160
2026-08-11,stolt-nielsen-sni-xosl,SNI.OL,314.5,310.0,310.0,23036
2026-08-12,stolt-nielsen-sni-xosl,SNI.OL,308.0,312.5,312.5,20749
2026-08-13,stolt-nielsen-sni-xosl,SNI.OL,314.0,316.5,316.5,30160
2026-08-14,stolt-nielsen-sni-xosl,SNI.OL,317.5,318.5,318.5,25437
2026-08-17,stolt-nielsen-sni-xosl,SNI.OL,318.5,321.0,321.0,26582
2026-08-18,stolt-nielsen-sni-xosl,SNI.OL,308.5,319.0,319.0,18222
2026-08-19,stolt-nielsen-sni-xosl,SNI.OL,321.0,318.5,318.5,22388
2026-08-20,stolt-nielsen-sni-xosl,SNI.OL,319.0,320.0,320.0,19733
2026-08-21,stolt-nielsen-sni-xosl,SNI.OL,321.0,323.5,323.5,63937
2026-08-24,stolt-nielsen-sni-xosl,SNI.OL,334.5,328.5,328.5,42331
2026-08-25,stolt-nielsen-sni-xosl,SNI.OL,330.0,330.5,330.5,31431
2026-08-26,stolt-nielsen-sni-xosl,SNI.OL,335.0,324.5,324.5,30861
2026-08-27,stolt-nielsen-sni-xosl,SNI.OL,324.5,325.5,325.5,21669
2026-08-28,stolt-nielsen-sni-xosl,SNI.OL,329.5,327.0,327.0,10787
2026-08-31,stolt-nielsen-sni-xosl,SNI.OL,320.0,329.0,329.0,23738
2026-09-01,stolt-nielsen-sni-xosl,SNI.OL,328.5,333.5,333.5,17484
2026-09-02,stolt-nielsen-sni-xosl,SNI.OL,330.0,328.5,328.5,25623
2026-09-03,stolt-nielsen-sni-xosl,SNI.OL,329.0,332.0,332.0,34276
2026-09-04,stolt-nielsen-sni-xosl,SNI.OL,319.0,338.0,338.0,17007
2026-09-07,stolt-nielsen-sni-xosl,SNI.OL,338.0,330.0,330.0,15386
2026-09-08,stolt-nielsen-sni-xosl,SNI.OL,328.0,327.0,327.0,18641
2026-09-09,stolt-nielsen-sni-xosl,SNI.OL,326.0,333.0,333.0,19646
2026-09-10,stolt-nielsen-sni-xosl,SNI.OL,330.5,335.5,335.5,45281
2026-09-11,stolt-nielsen-sni-xosl,SNI.OL,336.0,344.5,344.5,41205
2026-09-14,stolt-nielsen-sni-xosl,SNI.OL,345.5,345.0,345.0,24069
2026-09-15,stolt-nielsen-sni-xosl,SNI.OL,346.0,349.0,349.0,25146
2026-09-16,stolt-nielsen-sni-xosl,SNI.OL,342.0,348.5,348.5,11940
2026-09-17,stolt-nielsen-sni-xosl,SNI.OL,350.0,365.0,365.0,54344
2026-09-18,stolt-nielsen-sni-xosl,SNI.OL,362.0,358.0,358.0,202363
2026-09-21,stolt-nielsen-sni-xosl,SNI.OL,359.0,361.0,361.0,69082
2026-09-22,stolt-nielsen-sni-xosl,SNI.OL,360.0,359.0,359.0,155464
2026-09-23,stolt-nielsen-sni-xosl,SNI.OL,360.5,355.5,355.5,20556
2026-09-24,stolt-nielsen-sni-xosl,SNI.OL,358.0,361.0,361.0,97648
2026-09-25,stolt-nielsen-sni-xosl,SNI.OL,363.0,358.0,358.0,29288
2026-09-28,stolt-nielsen-sni-xosl,SNI.OL,362.0,368.5,368.5,46599
2026-09-29,stolt-nielsen-sni-xosl,SNI.OL,366.0,370.0,370.0,26585
2026-09-30,stolt-nielsen-sni-xosl,SNI.OL,371.0,374.0,374.0,50788
2026-10-01,stolt-nielsen-sni-xosl,SNI.OL,361.0,362.0,362.0,53285
2026-10-02,stolt-nielsen-sni-xosl,SNI.OL,366.0,365.5,365.5,44078
2026-10-05,stolt-nielsen-sni-xosl,SNI.OL,365.5,364.0,364.0,37338
2026-10-06,stolt-nielsen-sni-xosl,SNI.OL,363.5,350.5,350.5,25922
2026-10-07,stolt-nielsen-sni-xosl,SNI.OL,351.5,348.5,348.5,20482
2026-10-08,stolt-nielsen-sni-xosl,SNI.OL,348.0,358.0,358.0,17360
2026-07-13,storebrand-stb-xosl,STB.OL,187.3000030517578,188.6999969482422,188.6999969482422,372338
2026-07-14,storebrand-stb-xosl,STB.OL,188.60000610351562,188.60000610351562,188.60000610351562,441245
2026-07-15,storebrand-stb-xosl,STB.OL,194.1999969482422,198.8000030517578,198.8000030517578,1507167
2026-07-16,storebrand-stb-xosl,STB.OL,197.0,196.6999969482422,196.6999969482422,481276
2026-07-17,storebrand-stb-xosl,STB.OL,196.8000030517578,195.89999389648438,195.89999389648438,478656
2026-07-20,storebrand-stb-xosl,STB.OL,195.3000030517578,194.89999389648438,194.89999389648438,371943
2026-07-21,storebrand-stb-xosl,STB.OL,195.3000030517578,197.1999969482422,197.1999969482422,420549
2026-07-22,storebrand-stb-xosl,STB.OL,197.89999389648438,200.39999389648438,200.39999389648438,749941
2026-07-23,storebrand-stb-xosl,STB.OL,200.39999389648438,198.5,198.5,461311
2026-07-24,storebrand-stb-xosl,STB.OL,198.5,200.60000610351562,200.60000610351562,509326
2026-07-27,storebrand-stb-xosl,STB.OL,201.0,200.8000030517578,200.8000030517578,368444
2026-07-28,storebrand-stb-xosl,STB.OL,200.60000610351562,203.0,203.0,426605
2026-07-29,storebrand-stb-xosl,STB.OL,202.1999969482422,200.8000030517578,200.8000030517578,316957
2026-07-30,storebrand-stb-xosl,STB.OL,200.8000030517578,203.0,203.0,327596
2026-07-31,storebrand-stb-xosl,STB.OL,203.60000610351562,201.39999389648438,201.39999389648438,552704
2026-08-03,storebrand-stb-xosl,STB.OL,201.8000030517578,201.39999389648438,201.39999389648438,492237
2026-08-04,storebrand-stb-xosl,STB.OL,201.1999969482422,202.1999969482422,202.1999969482422,477900
2026-08-05,storebrand-stb-xosl,STB.OL,202.1999969482422,204.0,204.0,463570
2026-08-06,storebrand-stb-xosl,STB.OL,204.60000610351562,206.0,206.0,412357
2026-08-07,storebrand-stb-xosl,STB.OL,205.39999389648438,206.0,206.0,407933
2026-08-10,storebrand-stb-xosl,STB.OL,205.60000610351562,204.8000030517578,204.8000030517578,366758
2026-08-11,storebrand-stb-xosl,STB.OL,204.60000610351562,203.60000610351562,203.60000610351562,499263
2026-08-12,storebrand-stb-xosl,STB.OL,203.60000610351562,205.39999389648438,205.39999389648438,335154
2026-08-13,storebrand-stb-xosl,STB.OL,206.60000610351562,205.8000030517578,205.8000030517578,581720
2026-08-14,storebrand-stb-xosl,STB.OL,206.0,206.0,206.0,274768
2026-08-17,storebrand-stb-xosl,STB.OL,206.0,206.60000610351562,206.60000610351562,243498
2026-08-18,storebrand-stb-xosl,STB.OL,206.60000610351562,203.8000030517578,203.8000030517578,326668
2026-08-19,storebrand-stb-xosl,STB.OL,203.60000610351562,200.8000030517578,200.8000030517578,510972
2026-08-20,storebrand-stb-xosl,STB.OL,201.39999389648438,200.39999389648438,200.39999389648438,437084
2026-08-21,storebrand-stb-xosl,STB.OL,200.39999389648438,201.8000030517578,201.8000030517578,408840
2026-08-24,storebrand-stb-xosl,STB.OL,202.0,202.39999389648438,202.39999389648438,241834
2026-08-25,storebrand-stb-xosl,STB.OL,203.39999389648438,206.1999969482422,206.1999969482422,555065
2026-08-26,storebrand-stb-xosl,STB.OL,206.0,206.8000030517578,206.8000030517578,482526
2026-08-27,storebrand-stb-xosl,STB.OL,206.0,204.8000030517578,204.8000030517578,273156
2026-08-28,storebrand-stb-xosl,STB.OL,205.60000610351562,205.1999969482422,205.1999969482422,427715
2026-08-31,storebrand-stb-xosl,STB.OL,205.1999969482422,204.8000030517578,204.8000030517578,590983
2026-09-01,storebrand-stb-xosl,STB.OL,205.0,203.0,203.0,510619
2026-09-02,storebrand-stb-xosl,STB.OL,203.0,202.60000610351562,202.60000610351562,503973
2026-09-03,storebrand-stb-xosl,STB.OL,202.60000610351562,205.0,205.0,337834
2026-09-04,storebrand-stb-xosl,STB.OL,205.0,205.60000610351562,205.60000610351562,334171
2026-09-07,storebrand-stb-xosl,STB.OL,205.0,204.1999969482422,204.1999969482422,394260
2026-09-08,storebrand-stb-xosl,STB.OL,204.0,201.39999389648438,201.39999389648438,444487
2026-09-09,storebrand-stb-xosl,STB.OL,201.0,202.1999969482422,202.1999969482422,582563
2026-09-10,storebrand-stb-xosl,STB.OL,202.0,201.8000030517578,201.8000030517578,568643
2026-09-11,storebrand-stb-xosl,STB.OL,202.39999389648438,201.0,201.0,472019
2026-09-14,storebrand-stb-xosl,STB.OL,200.39999389648438,199.89999389648438,199.89999389648438,452544
2026-09-15,storebrand-stb-xosl,STB.OL,199.5,199.1999969482422,199.1999969482422,711591
2026-09-16,storebrand-stb-xosl,STB.OL,199.5,200.1999969482422,200.1999969482422,476618
2026-09-17,storebrand-stb-xosl,STB.OL,200.1999969482422,201.1999969482422,201.1999969482422,607738
2026-09-18,storebrand-stb-xosl,STB.OL,200.39999389648438,198.60000610351562,198.60000610351562,1426520
2026-09-21,storebrand-stb-xosl,STB.OL,199.8000030517578,202.0,202.0,370444
2026-09-22,storebrand-stb-xosl,STB.OL,202.0,199.89999389648438,199.89999389648438,421764
2026-09-23,storebrand-stb-xosl,STB.OL,200.0,195.0,195.0,728850
2026-09-24,storebrand-stb-xosl,STB.OL,194.39999389648438,192.8000030517578,192.8000030517578,482250
2026-09-25,storebrand-stb-xosl,STB.OL,193.5,194.3000030517578,194.3000030517578,460227
2026-09-28,storebrand-stb-xosl,STB.OL,194.0,194.6999969482422,194.6999969482422,574807
2026-09-29,storebrand-stb-xosl,STB.OL,194.5,194.0,194.0,383210
2026-09-30,storebrand-stb-xosl,STB.OL,194.89999389648438,192.89999389648438,192.89999389648438,710445
2026-10-01,storebrand-stb-xosl,STB.OL,192.0,190.60000610351562,190.60000610351562,662804
2026-10-02,storebrand-stb-xosl,STB.OL,191.0,192.5,192.5,389957
2026-10-05,storebrand-stb-xosl,STB.OL,191.8000030517578,192.3000030517578,192.3000030517578,428385
2026-10-06,storebrand-stb-xosl,STB.OL,195.0,192.0,192.0,699536
2026-10-07,storebrand-stb-xosl,STB.OL,192.0,189.89999389648438,189.89999389648438,607731
2026-10-08,storebrand-stb-xosl,STB.OL,186.39999389648438,184.39999389648438,184.39999389648438,1212334
2026-07-13,telenor-tel-xosl,TEL.OL,144.60000610351562,146.0,146.0,1241035
2026-07-14,telenor-tel-xosl,TEL.OL,146.3000030517578,147.10000610351562,147.10000610351562,1441387
2026-07-15,telenor-tel-xosl,TEL.OL,145.8000030517578,145.1999969482422,145.1999969482422,1590164
2026-07-16,telenor-tel-xosl,TEL.OL,137.0,128.3000030517578,128.3000030517578,12025792
2026-07-17,telenor-tel-xosl,TEL.OL,130.5,134.39999389648438,134.39999389648438,6664456
2026-07-20,telenor-tel-xosl,TEL.OL,133.8000030517578,132.8000030517578,132.8000030517578,2465305
2026-07-21,telenor-tel-xosl,TEL.OL,132.8000030517578,132.5,132.5,2056016
2026-07-22,telenor-tel-xosl,TEL.OL,133.39999389648438,133.39999389648438,133.39999389648438,2220700
2026-07-23,telenor-tel-xosl,TEL.OL,134.0,132.10000610351562,132.10000610351562,2134603
2026-07-24,telenor-tel-xosl,TEL.OL,132.3000030517578,131.60000610351562,131.60000610351562,1686976
2026-07-27,telenor-tel-xosl,TEL.OL,132.8000030517578,133.3000030517578,133.3000030517578,1429350
2026-07-28,telenor-tel-xosl,TEL.OL,133.8000030517578,135.1999969482422,135.1999969482422,1693687
2026-07-29,telenor-tel-xosl,TEL.OL,135.1999969482422,135.0,135.0,1305717
2026-07-30,telenor-tel-xosl,TEL.OL,135.1999969482422,134.3000030517578,134.3000030517578,1757261
2026-07-31,telenor-tel-xosl,TEL.OL,133.89999389648438,133.8000030517578,133.8000030517578,2263133
2026-08-03,telenor-tel-xosl,TEL.OL,133.10000610351562,136.0,136.0,2031106
2026-08-04,telenor-tel-xosl,TEL.OL,135.5,135.0,135.0,1708970
2026-08-05,telenor-tel-xosl,TEL.OL,135.0,132.6999969482422,132.6999969482422,1811751
2026-08-06,telenor-tel-xosl,TEL.OL,133.0,135.3000030517578,135.3000030517578,1440127
2026-08-07,telenor-tel-xosl,TEL.OL,135.10000610351562,134.60000610351562,134.60000610351562,1684517
2026-08-10,telenor-tel-xosl,TEL.OL,133.8000030517578,132.6999969482422,132.6999969482422,2043766
2026-08-11,telenor-tel-xosl,TEL.OL,133.5,133.60000610351562,133.60000610351562,1421394
2026-08-12,telenor-tel-xosl,TEL.OL,133.1999969482422,132.60000610351562,132.60000610351562,1474226
2026-08-13,telenor-tel-xosl,TEL.OL,133.3000030517578,133.6999969482422,133.6999969482422,1378072
2026-08-14,telenor-tel-xosl,TEL.OL,134.1999969482422,134.60000610351562,134.60000610351562,1035824
2026-08-17,telenor-tel-xosl,TEL.OL,134.5,134.1999969482422,134.1999969482422,1330746
2026-08-18,telenor-tel-xosl,TEL.OL,134.60000610351562,135.3000030517578,135.3000030517578,1413342
2026-08-19,telenor-tel-xosl,TEL.OL,133.8000030517578,135.1999969482422,135.1999969482422,1602847
2026-08-20,telenor-tel-xosl,TEL.OL,135.1999969482422,133.39999389648438,133.39999389648438,1244182
2026-08-21,telenor-tel-xosl,TEL.OL,134.1999969482422,134.10000610351562,134.10000610351562,1160508
2026-08-24,telenor-tel-xosl,TEL.OL,134.6999969482422,133.6999969482422,133.6999969482422,1213199
2026-08-25,telenor-tel-xosl,TEL.OL,135.5,136.10000610351562,136.10000610351562,2035202
2026-08-26,telenor-tel-xosl,TEL.OL,135.6999969482422,135.8000030517578,135.8000030517578,1151789
2026-08-27,telenor-tel-xosl,TEL.OL,135.8000030517578,134.8000030517578,134.8000030517578,1603871
2026-08-28,telenor-tel-xosl,TEL.OL,135.39999389648438,136.6999969482422,136.6999969482422,1570006
2026-08-31,telenor-tel-xosl,TEL.OL,137.0,137.10000610351562,137.10000610351562,3796467
2026-09-01,telenor-tel-xosl,TEL.OL,137.39999389648438,136.1999969482422,136.1999969482422,2531485
2026-09-02,telenor-tel-xosl,TEL.OL,136.0,135.60000610351562,135.60000610351562,1346743
2026-09-03,telenor-tel-xosl,TEL.OL,136.39999389648438,134.8000030517578,134.8000030517578,2403388
2026-09-04,telenor-tel-xosl,TEL.OL,132.8000030517578,133.0,133.0,2480934
2026-09-07,telenor-tel-xosl,TEL.OL,132.89999389648438,132.5,132.5,1979070
2026-09-08,telenor-tel-xosl,TEL.OL,132.6999969482422,134.3000030517578,134.3000030517578,1753099
2026-09-09,telenor-tel-xosl,TEL.OL,134.0,134.39999389648438,134.39999389648438,1710599
2026-09-10,telenor-tel-xosl,TEL.OL,134.6999969482422,134.1999969482422,134.1999969482422,2069100
2026-09-11,telenor-tel-xosl,TEL.OL,134.3000030517578,133.8000030517578,133.8000030517578,1681910
2026-09-14,telenor-tel-xosl,TEL.OL,134.1999969482422,135.8000030517578,135.8000030517578,1632539
2026-09-15,telenor-tel-xosl,TEL.OL,135.8000030517578,136.10000610351562,136.10000610351562,2355314
2026-09-16,telenor-tel-xosl,TEL.OL,135.39999389648438,135.1999969482422,135.1999969482422,1704589
2026-09-17,telenor-tel-xosl,TEL.OL,135.8000030517578,136.1999969482422,136.1999969482422,1676348
2026-09-18,telenor-tel-xosl,TEL.OL,135.0,132.0,132.0,6837749
2026-09-21,telenor-tel-xosl,TEL.OL,132.3000030517578,132.10000610351562,132.10000610351562,1360207
2026-09-22,telenor-tel-xosl,TEL.OL,132.5,131.3000030517578,131.3000030517578,1046553
2026-09-23,telenor-tel-xosl,TEL.OL,130.60000610351562,127.30000305175781,127.30000305175781,3224429
2026-09-24,telenor-tel-xosl,TEL.OL,130.0,128.60000610351562,128.60000610351562,2382371
2026-09-25,telenor-tel-xosl,TEL.OL,128.5,128.5,128.5,1730073
2026-09-28,telenor-tel-xosl,TEL.OL,129.0,130.3000030517578,130.3000030517578,1351269
2026-09-29,telenor-tel-xosl,TEL.OL,130.0,129.0,129.0,1753132
2026-09-30,telenor-tel-xosl,TEL.OL,129.10000610351562,128.1999969482422,128.1999969482422,2006100
2026-10-01,telenor-tel-xosl,TEL.OL,129.10000610351562,126.9000015258789,126.9000015258789,1951928
2026-10-02,telenor-tel-xosl,TEL.OL,127.19999694824219,127.80000305175781,127.80000305175781,1649702
2026-10-05,telenor-tel-xosl,TEL.OL,127.69999694824219,127.9000015258789,127.9000015258789,1702853
2026-10-06,telenor-tel-xosl,TEL.OL,127.30000305175781,125.0999984741211,125.0999984741211,2007943
2026-10-07,telenor-tel-xosl,TEL.OL,125.9000015258789,127.30000305175781,127.30000305175781,1901933
2026-10-08,telenor-tel-xosl,TEL.OL,126.9000015258789,126.0999984741211,126.0999984741211,2662536
2026-07-13,tgs-xosl,TGS.OL,133.10000610351562,134.5,132.9056854248047,379303
2026-07-14,tgs-xosl,TGS.OL,136.5,134.0,132.41160583496094,215822
2026-07-15,tgs-xosl,TGS.OL,134.3000030517578,132.5,130.9293975830078,375490
2026-07-16,tgs-xosl,TGS.OL,132.3000030517578,131.39999389648438,129.84242248535156,378242
2026-07-17,tgs-xosl,TGS.OL,130.10000610351562,133.8000030517578,132.2139892578125,400221
2026-07-20,tgs-xosl,TGS.OL,135.89999389648438,138.10000610351562,136.4630126953125,752403
2026-07-21,tgs-xosl,TGS.OL,138.3000030517578,139.0,137.3523406982422,452891
2026-07-22,tgs-xosl,TGS.OL,139.3000030517578,146.0,144.2693634033203,576545
2026-07-23,tgs-xosl,TGS.OL,144.0,135.89999389648438,134.28907775878906,1307141
2026-07-24,tgs-xosl,TGS.OL,136.0,131.8000030517578,130.23770141601562,965909
2026-07-27,tgs-xosl,TGS.OL,129.10000610351562,131.0,129.44717407226562,403528
2026-07-28,tgs-xosl,TGS.OL,128.8000030517578,125.69999694824219,124.20999145507812,452025
2026-07-29,tgs-xosl,TGS.OL,126.30000305175781,125.69999694824219,124.20999145507812,373515
2026-07-30,tgs-xosl,TGS.OL,123.69999694824219,126.0999984741211,126.0999984741211,281335
2026-07-31,tgs-xosl,TGS.OL,127.0,127.4000015258789,127.4000015258789,314631
2026-08-03,tgs-xosl,TGS.OL,125.19999694824219,129.1999969482422,129.1999969482422,256521
2026-08-04,tgs-xosl,TGS.OL,129.1999969482422,130.0,130.0,363102
2026-08-05,tgs-xosl,TGS.OL,130.0,129.10000610351562,129.10000610351562,308091
2026-08-06,tgs-xosl,TGS.OL,129.10000610351562,130.8000030517578,130.8000030517578,299338
2026-08-07,tgs-xosl,TGS.OL,132.0,132.6999969482422,132.6999969482422,385934
2026-08-10,tgs-xosl,TGS.OL,132.60000610351562,135.1999969482422,135.1999969482422,488130
2026-08-11,tgs-xosl,TGS.OL,137.0,140.39999389648438,140.39999389648438,590717
2026-08-12,tgs-xosl,TGS.OL,139.89999389648438,140.60000610351562,140.60000610351562,439115
2026-08-13,tgs-xosl,TGS.OL,140.39999389648438,135.1999969482422,135.1999969482422,323382
2026-08-14,tgs-xosl,TGS.OL,135.1999969482422,137.6999969482422,137.6999969482422,282750
2026-08-17,tgs-xosl,TGS.OL,139.0,143.0,143.0,441112
2026-08-18,tgs-xosl,TGS.OL,143.10000610351562,137.60000610351562,137.60000610351562,324922
2026-08-19,tgs-xosl,TGS.OL,139.3000030517578,137.3000030517578,137.3000030517578,254994
2026-08-20,tgs-xosl,TGS.OL,137.60000610351562,140.1999969482422,140.1999969482422,222088
2026-08-21,tgs-xosl,TGS.OL,139.39999389648438,138.89999389648438,138.89999389648438,278020
2026-08-24,tgs-xosl,TGS.OL,136.0,134.1999969482422,134.1999969482422,420942
2026-08-25,tgs-xosl,TGS.OL,134.10000610351562,135.1999969482422,135.1999969482422,265149
2026-08-26,tgs-xosl,TGS.OL,134.0,130.8000030517578,130.8000030517578,263166
2026-08-27,tgs-xosl,TGS.OL,131.0,129.60000610351562,129.60000610351562,178671
2026-08-28,tgs-xosl,TGS.OL,130.5,128.6999969482422,128.6999969482422,261923
2026-08-31,tgs-xosl,TGS.OL,129.39999389648438,136.10000610351562,136.10000610351562,442848
2026-09-01,tgs-xosl,TGS.OL,137.3000030517578,137.6999969482422,137.6999969482422,407163
2026-09-02,tgs-xosl,TGS.OL,137.6999969482422,135.0,135.0,316080
2026-09-03,tgs-xosl,TGS.OL,140.0,135.6999969482422,135.6999969482422,548368
2026-09-04,tgs-xosl,TGS.OL,135.6999969482422,135.89999389648438,135.89999389648438,525299
2026-09-07,tgs-xosl,TGS.OL,138.0,139.3000030517578,139.3000030517578,309006
2026-09-08,tgs-xosl,TGS.OL,140.0,139.89999389648438,139.89999389648438,190032
2026-09-09,tgs-xosl,TGS.OL,141.5,142.89999389648438,142.89999389648438,426228
2026-09-10,tgs-xosl,TGS.OL,141.10000610351562,139.1999969482422,139.1999969482422,394588
2026-09-11,tgs-xosl,TGS.OL,139.89999389648438,140.1999969482422,140.1999969482422,276264
2026-09-14,tgs-xosl,TGS.OL,141.0,138.60000610351562,138.60000610351562,510492
2026-09-15,tgs-xosl,TGS.OL,137.0,137.8000030517578,137.8000030517578,347431
2026-09-16,tgs-xosl,TGS.OL,140.3000030517578,148.1999969482422,148.1999969482422,824248
2026-09-17,tgs-xosl,TGS.OL,147.1999969482422,144.5,144.5,606105
2026-09-18,tgs-xosl,TGS.OL,143.1999969482422,144.39999389648438,144.39999389648438,1275939
2026-09-21,tgs-xosl,TGS.OL,143.0,145.0,145.0,263532
2026-09-22,tgs-xosl,TGS.OL,145.5,145.60000610351562,145.60000610351562,392970
2026-09-23,tgs-xosl,TGS.OL,145.1999969482422,146.60000610351562,146.60000610351562,276395
2026-09-24,tgs-xosl,TGS.OL,146.3000030517578,149.89999389648438,149.89999389648438,347368
2026-09-25,tgs-xosl,TGS.OL,148.3000030517578,143.60000610351562,143.60000610351562,335516
2026-09-28,tgs-xosl,TGS.OL,143.5,142.10000610351562,142.10000610351562,284263
2026-09-29,tgs-xosl,TGS.OL,142.0,138.0,138.0,341319
2026-09-30,tgs-xosl,TGS.OL,137.39999389648438,135.39999389648438,135.39999389648438,561982
2026-10-01,tgs-xosl,TGS.OL,135.0,134.8000030517578,134.8000030517578,310027
2026-10-02,tgs-xosl,TGS.OL,135.0,132.6999969482422,132.6999969482422,252082
2026-10-05,tgs-xosl,TGS.OL,134.39999389648438,134.8000030517578,134.8000030517578,224343
2026-10-06,tgs-xosl,TGS.OL,135.0,136.6999969482422,136.6999969482422,512987
2026-10-07,tgs-xosl,TGS.OL,136.3000030517578,137.60000610351562,137.60000610351562,451032
2026-10-08,tgs-xosl,TGS.OL,134.0,129.60000610351562,129.60000610351562,593993
2026-07-13,thor-medical-trmed-xosl,TRMED.OL,4.190000057220459,4.164999961853027,4.164999961853027,261708
2026-07-14,thor-medical-trmed-xosl,TRMED.OL,4.159999847412109,4.284999847412109,4.284999847412109,371074
2026-07-15,thor-medical-trmed-xosl,TRMED.OL,4.275000095367432,4.329999923706055,4.329999923706055,518762
2026-07-16,thor-medical-trmed-xosl,TRMED.OL,4.335000038146973,4.264999866485596,4.264999866485596,596221
2026-07-17,thor-medical-trmed-xosl,TRMED.OL,4.295000076293945,4.284999847412109,4.284999847412109,551229
2026-07-20,thor-medical-trmed-xosl,TRMED.OL,4.25,4.260000228881836,4.260000228881836,620318
2026-07-21,thor-medical-trmed-xosl,TRMED.OL,4.264999866485596,4.340000152587891,4.340000152587891,408223
2026-07-22,thor-medical-trmed-xosl,TRMED.OL,4.369999885559082,4.389999866485596,4.389999866485596,392917
2026-07-23,thor-medical-trmed-xosl,TRMED.OL,4.400000095367432,4.429999828338623,4.429999828338623,714901
2026-07-24,thor-medical-trmed-xosl,TRMED.OL,4.40500020980835,4.440000057220459,4.440000057220459,1302120
2026-07-27,thor-medical-trmed-xosl,TRMED.OL,4.400000095367432,4.440000057220459,4.440000057220459,449298
2026-07-28,thor-medical-trmed-xosl,TRMED.OL,4.409999847412109,4.480000019073486,4.480000019073486,401052
2026-07-29,thor-medical-trmed-xosl,TRMED.OL,4.5,4.449999809265137,4.449999809265137,462237
2026-07-30,thor-medical-trmed-xosl,TRMED.OL,4.465000152587891,4.519999980926514,4.519999980926514,1141622
2026-07-31,thor-medical-trmed-xosl,TRMED.OL,4.65500020980835,5.789999961853027,5.789999961853027,21931687
2026-08-03,thor-medical-trmed-xosl,TRMED.OL,5.800000190734863,5.659999847412109,5.659999847412109,10344509
2026-08-04,thor-medical-trmed-xosl,TRMED.OL,5.599999904632568,5.300000190734863,5.300000190734863,10501760
2026-08-05,thor-medical-trmed-xosl,TRMED.OL,5.420000076293945,5.550000190734863,5.550000190734863,11127461
2026-08-06,thor-medical-trmed-xosl,TRMED.OL,5.550000190734863,5.300000190734863,5.300000190734863,8496621
2026-08-07,thor-medical-trmed-xosl,TRMED.OL,5.320000171661377,5.429999828338623,5.429999828338623,2726028
2026-08-10,thor-medical-trmed-xosl,TRMED.OL,5.449999809265137,5.860000133514404,5.860000133514404,6378835
2026-08-11,thor-medical-trmed-xosl,TRMED.OL,5.900000095367432,6.099999904632568,6.099999904632568,7889660
2026-08-12,thor-medical-trmed-xosl,TRMED.OL,6.210000038146973,6.349999904632568,6.349999904632568,6913053
2026-08-13,thor-medical-trmed-xosl,TRMED.OL,6.400000095367432,6.25,6.25,6151779
2026-08-14,thor-medical-trmed-xosl,TRMED.OL,6.25,6.050000190734863,6.050000190734863,4784716
2026-08-17,thor-medical-trmed-xosl,TRMED.OL,6.010000228881836,5.809999942779541,5.809999942779541,5343827
2026-08-18,thor-medical-trmed-xosl,TRMED.OL,5.829999923706055,5.730000019073486,5.730000019073486,2319912
2026-08-19,thor-medical-trmed-xosl,TRMED.OL,5.78000020980835,5.71999979019165,5.71999979019165,2605035
2026-08-20,thor-medical-trmed-xosl,TRMED.OL,5.949999809265137,6.369999885559082,6.369999885559082,11077392
2026-08-21,thor-medical-trmed-xosl,TRMED.OL,6.46999979019165,6.690000057220459,6.690000057220459,8345714
2026-08-24,thor-medical-trmed-xosl,TRMED.OL,6.699999809265137,6.909999847412109,6.909999847412109,6490985
2026-08-25,thor-medical-trmed-xosl,TRMED.OL,6.960000038146973,6.760000228881836,6.760000228881836,4354415
2026-08-26,thor-medical-trmed-xosl,TRMED.OL,6.889999866485596,6.980000019073486,6.980000019073486,6811977
2026-08-27,thor-medical-trmed-xosl,TRMED.OL,7.070000171661377,6.789999961853027,6.789999961853027,3786024
2026-08-28,thor-medical-trmed-xosl,TRMED.OL,6.679999828338623,6.010000228881836,6.010000228881836,14572635
2026-08-31,thor-medical-trmed-xosl,TRMED.OL,5.949999809265137,5.679999828338623,5.679999828338623,5651489
2026-09-01,thor-medical-trmed-xosl,TRMED.OL,5.900000095367432,5.679999828338623,5.679999828338623,14481614
2026-09-02,thor-medical-trmed-xosl,TRMED.OL,5.699999809265137,5.550000190734863,5.550000190734863,5053201
2026-09-03,thor-medical-trmed-xosl,TRMED.OL,5.5,5.46999979019165,5.46999979019165,3530472
2026-09-04,thor-medical-trmed-xosl,TRMED.OL,4.869999885559082,4.880000114440918,4.880000114440918,86959998
2026-09-07,thor-medical-trmed-xosl,TRMED.OL,4.965000152587891,4.835000038146973,4.835000038146973,7436212
2026-09-08,thor-medical-trmed-xosl,TRMED.OL,4.800000190734863,5.079999923706055,5.079999923706055,10612380
2026-09-09,thor-medical-trmed-xosl,TRMED.OL,5.119999885559082,4.775000095367432,4.775000095367432,8808493
2026-09-10,thor-medical-trmed-xosl,TRMED.OL,4.800000190734863,4.75,4.75,5289893
2026-09-11,thor-medical-trmed-xosl,TRMED.OL,4.75,4.699999809265137,4.699999809265137,4169994
2026-09-14,thor-medical-trmed-xosl,TRMED.OL,4.730000019073486,4.75,4.75,2353836
2026-09-15,thor-medical-trmed-xosl,TRMED.OL,4.760000228881836,4.599999904632568,4.599999904632568,3638402
2026-09-16,thor-medical-trmed-xosl,TRMED.OL,4.599999904632568,4.735000133514404,4.735000133514404,5650589
2026-09-17,thor-medical-trmed-xosl,TRMED.OL,4.795000076293945,4.724999904632568,4.724999904632568,2622262
2026-09-18,thor-medical-trmed-xosl,TRMED.OL,4.715000152587891,4.605000019073486,4.605000019073486,3295870
2026-09-21,thor-medical-trmed-xosl,TRMED.OL,4.639999866485596,4.664999961853027,4.664999961853027,3133081
2026-09-22,thor-medical-trmed-xosl,TRMED.OL,4.769999980926514,4.695000171661377,4.695000171661377,4979238
2026-09-23,thor-medical-trmed-xosl,TRMED.OL,4.690000057220459,4.625,4.625,3279374
2026-09-24,thor-medical-trmed-xosl,TRMED.OL,4.650000095367432,4.59499979019165,4.59499979019165,2275305
2026-09-25,thor-medical-trmed-xosl,TRMED.OL,4.59499979019165,4.550000190734863,4.550000190734863,2734155
2026-09-28,thor-medical-trmed-xosl,TRMED.OL,4.570000171661377,4.489999771118164,4.489999771118164,6964532
2026-09-29,thor-medical-trmed-xosl,TRMED.OL,4.489999771118164,4.510000228881836,4.510000228881836,4912858
2026-09-30,thor-medical-trmed-xosl,TRMED.OL,4.550000190734863,4.46999979019165,4.46999979019165,1853927
2026-10-01,thor-medical-trmed-xosl,TRMED.OL,4.449999809265137,4.454999923706055,4.454999923706055,4048393
2026-10-02,thor-medical-trmed-xosl,TRMED.OL,4.494999885559082,4.5,4.5,1657097
2026-10-05,thor-medical-trmed-xosl,TRMED.OL,4.519999980926514,4.414999961853027,4.414999961853027,1760874
2026-10-06,thor-medical-trmed-xosl,TRMED.OL,4.449999809265137,4.420000076293945,4.420000076293945,1691647
2026-10-07,thor-medical-trmed-xosl,TRMED.OL,4.449999809265137,4.434999942779541,4.434999942779541,2689287
2026-10-08,thor-medical-trmed-xosl,TRMED.OL,4.449999809265137,4.385000228881836,4.385000228881836,1929709
2026-07-13,tomra-systems-tom-xosl,TOM.OL,95.3499984741211,95.0,95.0,378866
2026-07-14,tomra-systems-tom-xosl,TOM.OL,94.80000305175781,96.80000305175781,96.80000305175781,471926
2026-07-15,tomra-systems-tom-xosl,TOM.OL,97.1500015258789,98.5,98.5,376152
2026-07-16,tomra-systems-tom-xosl,TOM.OL,98.0,98.5999984741211,98.5999984741211,758266
2026-07-17,tomra-systems-tom-xosl,TOM.OL,108.4000015258789,110.30000305175781,110.30000305175781,2958013
2026-07-20,tomra-systems-tom-xosl,TOM.OL,109.30000305175781,106.5,106.5,806671
2026-07-21,tomra-systems-tom-xosl,TOM.OL,107.0,102.5999984741211,102.5999984741211,752955
2026-07-22,tomra-systems-tom-xosl,TOM.OL,102.9000015258789,102.5999984741211,102.5999984741211,576123
2026-07-23,tomra-systems-tom-xosl,TOM.OL,103.0,101.80000305175781,101.80000305175781,493077
2026-07-24,tomra-systems-tom-xosl,TOM.OL,101.30000305175781,100.4000015258789,100.4000015258789,379065
2026-07-27,tomra-systems-tom-xosl,TOM.OL,101.19999694824219,101.4000015258789,101.4000015258789,356109
2026-07-28,tomra-systems-tom-xosl,TOM.OL,102.0,102.0,102.0,394044
2026-07-29,tomra-systems-tom-xosl,TOM.OL,102.4000015258789,101.80000305175781,101.80000305175781,376499
2026-07-30,tomra-systems-tom-xosl,TOM.OL,101.5,105.0999984741211,105.0999984741211,527799
2026-07-31,tomra-systems-tom-xosl,TOM.OL,105.0,104.80000305175781,104.80000305175781,405356
2026-08-03,tomra-systems-tom-xosl,TOM.OL,105.0,107.9000015258789,107.9000015258789,467254
2026-08-04,tomra-systems-tom-xosl,TOM.OL,108.0,108.0999984741211,108.0999984741211,298008
2026-08-05,tomra-systems-tom-xosl,TOM.OL,109.0,109.80000305175781,109.80000305175781,516336
2026-08-06,tomra-systems-tom-xosl,TOM.OL,109.30000305175781,108.30000305175781,108.30000305175781,303718
2026-08-07,tomra-systems-tom-xosl,TOM.OL,108.5999984741211,108.5,108.5,318200
2026-08-10,tomra-systems-tom-xosl,TOM.OL,108.5,107.19999694824219,107.19999694824219,300322
2026-08-11,tomra-systems-tom-xosl,TOM.OL,106.5,108.30000305175781,108.30000305175781,281013
2026-08-12,tomra-systems-tom-xosl,TOM.OL,108.0,107.9000015258789,107.9000015258789,387867
2026-08-13,tomra-systems-tom-xosl,TOM.OL,107.9000015258789,109.0999984741211,109.0999984741211,261062
2026-08-14,tomra-systems-tom-xosl,TOM.OL,109.5,107.19999694824219,107.19999694824219,308799
2026-08-17,tomra-systems-tom-xosl,TOM.OL,106.5999984741211,105.69999694824219,105.69999694824219,439773
2026-08-18,tomra-systems-tom-xosl,TOM.OL,105.0,104.0,104.0,335978
2026-08-19,tomra-systems-tom-xosl,TOM.OL,103.80000305175781,105.80000305175781,105.80000305175781,363012
2026-08-20,tomra-systems-tom-xosl,TOM.OL,105.69999694824219,106.9000015258789,106.9000015258789,437255
2026-08-21,tomra-systems-tom-xosl,TOM.OL,107.30000305175781,108.30000305175781,108.30000305175781,595832
2026-08-24,tomra-systems-tom-xosl,TOM.OL,110.0,109.19999694824219,109.19999694824219,423223
2026-08-25,tomra-systems-tom-xosl,TOM.OL,109.0,109.69999694824219,109.69999694824219,422831
2026-08-26,tomra-systems-tom-xosl,TOM.OL,109.0,109.30000305175781,109.30000305175781,286490
2026-08-27,tomra-systems-tom-xosl,TOM.OL,110.5,109.5999984741211,109.5999984741211,320220
2026-08-28,tomra-systems-tom-xosl,TOM.OL,110.0,109.80000305175781,109.80000305175781,407531
2026-08-31,tomra-systems-tom-xosl,TOM.OL,109.80000305175781,108.19999694824219,108.19999694824219,674301
2026-09-01,tomra-systems-tom-xosl,TOM.OL,107.19999694824219,106.9000015258789,106.9000015258789,347304
2026-09-02,tomra-systems-tom-xosl,TOM.OL,106.4000015258789,106.5,106.5,449362
2026-09-03,tomra-systems-tom-xosl,TOM.OL,106.69999694824219,105.5999984741211,105.5999984741211,433441
2026-09-04,tomra-systems-tom-xosl,TOM.OL,106.5,105.9000015258789,105.9000015258789,231589
2026-09-07,tomra-systems-tom-xosl,TOM.OL,97.9000015258789,97.0999984741211,97.0999984741211,2722076
2026-09-08,tomra-systems-tom-xosl,TOM.OL,96.5999984741211,98.5,98.5,1299176
2026-09-09,tomra-systems-tom-xosl,TOM.OL,98.5,98.5,98.5,633253
2026-09-10,tomra-systems-tom-xosl,TOM.OL,98.55000305175781,94.8499984741211,94.8499984741211,1133731
2026-09-11,tomra-systems-tom-xosl,TOM.OL,94.94999694824219,94.69999694824219,94.69999694824219,583864
2026-09-14,tomra-systems-tom-xosl,TOM.OL,93.5999984741211,93.5,93.5,473420
2026-09-15,tomra-systems-tom-xosl,TOM.OL,93.0,94.1500015258789,94.1500015258789,561118
2026-09-16,tomra-systems-tom-xosl,TOM.OL,94.30000305175781,90.30000305175781,90.30000305175781,1454826
2026-09-17,tomra-systems-tom-xosl,TOM.OL,91.6500015258789,91.69999694824219,91.69999694824219,700029
2026-09-18,tomra-systems-tom-xosl,TOM.OL,91.69999694824219,91.0,91.0,1306380
2026-09-21,tomra-systems-tom-xosl,TOM.OL,91.0999984741211,91.25,91.25,468912
2026-09-22,tomra-systems-tom-xosl,TOM.OL,92.1500015258789,91.69999694824219,91.69999694824219,576597
2026-09-23,tomra-systems-tom-xosl,TOM.OL,91.3499984741211,90.94999694824219,90.94999694824219,685040
2026-09-24,tomra-systems-tom-xosl,TOM.OL,90.5999984741211,91.05000305175781,91.05000305175781,399542
2026-09-25,tomra-systems-tom-xosl,TOM.OL,91.0,91.94999694824219,91.94999694824219,354400
2026-09-28,tomra-systems-tom-xosl,TOM.OL,92.05000305175781,91.55000305175781,91.55000305175781,456966
2026-09-29,tomra-systems-tom-xosl,TOM.OL,91.5999984741211,92.94999694824219,92.94999694824219,291715
2026-09-30,tomra-systems-tom-xosl,TOM.OL,92.94999694824219,91.5999984741211,91.5999984741211,410459
2026-10-01,tomra-systems-tom-xosl,TOM.OL,91.0,90.4000015258789,90.4000015258789,607165
2026-10-02,tomra-systems-tom-xosl,TOM.OL,93.5,91.0999984741211,91.0999984741211,604830
2026-10-05,tomra-systems-tom-xosl,TOM.OL,91.0,91.80000305175781,91.80000305175781,675407
2026-10-06,tomra-systems-tom-xosl,TOM.OL,92.0,94.80000305175781,94.80000305175781,825556
2026-10-07,tomra-systems-tom-xosl,TOM.OL,94.0999984741211,92.94999694824219,92.94999694824219,584560
2026-10-08,tomra-systems-tom-xosl,TOM.OL,92.19999694824219,88.8499984741211,88.8499984741211,1627518
2026-07-13,var-energi-var-xosl,VAR.OL,42.93000030517578,43.33000183105469,42.19173049926758,5175978
2026-07-14,var-energi-var-xosl,VAR.OL,44.400001525878906,43.91999816894531,42.76622772216797,6414057
2026-07-15,var-energi-var-xosl,VAR.OL,44.0,43.560001373291016,42.415687561035156,4330477
2026-07-16,var-energi-var-xosl,VAR.OL,43.34000015258789,43.52000045776367,42.37673568725586,3859811
2026-07-17,var-energi-var-xosl,VAR.OL,43.31999969482422,44.400001525878906,43.233619689941406,5112522
2026-07-20,var-energi-var-xosl,VAR.OL,45.290000915527344,43.61000061035156,42.46437072753906,5448788
2026-07-21,var-energi-var-xosl,VAR.OL,44.970001220703125,46.70000076293945,45.47319793701172,13012614
2026-07-22,var-energi-var-xosl,VAR.OL,47.439998626708984,48.75,47.46934509277344,8193372
2026-07-23,var-energi-var-xosl,VAR.OL,48.27000045776367,49.29999923706055,48.0048942565918,9389543
2026-07-24,var-energi-var-xosl,VAR.OL,49.27000045776367,48.709999084472656,47.43039321899414,8082518
2026-07-27,var-energi-var-xosl,VAR.OL,46.5,46.75,45.52188491821289,8183841
2026-07-28,var-energi-var-xosl,VAR.OL,46.189998626708984,46.810001373291016,45.5803108215332,7030928
2026-07-29,var-energi-var-xosl,VAR.OL,47.08000183105469,47.900001525878906,46.64167404174805,5279688
2026-07-30,var-energi-var-xosl,VAR.OL,48.20000076293945,47.29999923706055,46.05743408203125,3480092
2026-07-31,var-energi-var-xosl,VAR.OL,46.97999954223633,47.20000076293945,45.96006393432617,4225949
2026-08-03,var-energi-var-xosl,VAR.OL,45.86000061035156,47.15999984741211,45.921112060546875,3988357
2026-08-04,var-energi-var-xosl,VAR.OL,47.400001525878906,46.900001525878906,45.667945861816406,8343284
2026-08-05,var-energi-var-xosl,VAR.OL,46.52000045776367,46.29999923706055,45.08370590209961,4732718
2026-08-06,var-energi-var-xosl,VAR.OL,46.54999923706055,46.36000061035156,45.14213180541992,3419267
2026-08-07,var-energi-var-xosl,VAR.OL,46.70000076293945,46.619998931884766,45.39529800415039,6409449
2026-08-10,var-energi-var-xosl,VAR.OL,46.650001525878906,47.77000045776367,46.51509094238281,6436477
2026-08-11,var-energi-var-xosl,VAR.OL,48.5,48.61000061035156,47.33302307128906,6542533
2026-08-12,var-energi-var-xosl,VAR.OL,48.70000076293945,48.81999969482422,47.537506103515625,4892801
2026-08-13,var-energi-var-xosl,VAR.OL,48.79999923706055,47.599998474121094,46.349552154541016,4288067
2026-08-14,var-energi-var-xosl,VAR.OL,48.369998931884766,48.560001373291016,47.28433609008789,4089252
2026-08-17,var-energi-var-xosl,VAR.OL,48.56999969482422,48.630001068115234,47.35249710083008,3884089
2026-08-18,var-energi-var-xosl,VAR.OL,49.099998474121094,49.38999938964844,48.092533111572266,4978297
2026-08-19,var-energi-var-xosl,VAR.OL,49.439998626708984,50.18000030517578,48.861778259277344,8188597
2026-08-20,var-energi-var-xosl,VAR.OL,50.619998931884766,51.58000183105469,50.22500228881836,9304365
2026-08-21,var-energi-var-xosl,VAR.OL,50.099998474121094,49.689998626708984,49.689998626708984,9381189
2026-08-24,var-energi-var-xosl,VAR.OL,49.400001525878906,49.04999923706055,49.04999923706055,4237530
2026-08-25,var-energi-var-xosl,VAR.OL,49.0,48.709999084472656,48.709999084472656,7127165
2026-08-26,var-energi-var-xosl,VAR.OL,47.90999984741211,48.45000076293945,48.45000076293945,7177269
2026-08-27,var-energi-var-xosl,VAR.OL,48.25,48.400001525878906,48.400001525878906,4870968
2026-08-28,var-energi-var-xosl,VAR.OL,48.5,48.529998779296875,48.529998779296875,4141058
2026-08-31,var-energi-var-xosl,VAR.OL,49.29999923706055,49.66999816894531,49.66999816894531,9497014
2026-09-01,var-energi-var-xosl,VAR.OL,49.900001525878906,50.20000076293945,50.20000076293945,6484787
2026-09-02,var-energi-var-xosl,VAR.OL,51.0,50.279998779296875,50.279998779296875,6131088
2026-09-03,var-energi-var-xosl,VAR.OL,50.08000183105469,50.47999954223633,50.47999954223633,5722779
2026-09-04,var-energi-var-xosl,VAR.OL,50.720001220703125,50.08000183105469,50.08000183105469,5148260
2026-09-07,var-energi-var-xosl,VAR.OL,50.52000045776367,50.599998474121094,50.599998474121094,4703348
2026-09-08,var-energi-var-xosl,VAR.OL,51.20000076293945,51.5,51.5,5132948
2026-09-09,var-energi-var-xosl,VAR.OL,52.02000045776367,53.060001373291016,53.060001373291016,6653721
2026-09-10,var-energi-var-xosl,VAR.OL,53.5,53.29999923706055,53.29999923706055,6667535
2026-09-11,var-energi-var-xosl,VAR.OL,53.63999938964844,53.119998931884766,53.119998931884766,4902802
2026-09-14,var-energi-var-xosl,VAR.OL,54.099998474121094,54.7400016784668,54.7400016784668,5617069
2026-09-15,var-energi-var-xosl,VAR.OL,54.380001068115234,54.47999954223633,54.47999954223633,4090362
2026-09-16,var-energi-var-xosl,VAR.OL,54.7599983215332,54.31999969482422,54.31999969482422,4325672
2026-09-17,var-energi-var-xosl,VAR.OL,53.84000015258789,53.619998931884766,53.619998931884766,6053732
2026-09-18,var-energi-var-xosl,VAR.OL,53.0,53.79999923706055,53.79999923706055,7097539
2026-09-21,var-energi-var-xosl,VAR.OL,53.13999938964844,52.099998474121094,52.099998474121094,3835406
2026-09-22,var-energi-var-xosl,VAR.OL,51.900001525878906,51.540000915527344,51.540000915527344,4907004
2026-09-23,var-energi-var-xosl,VAR.OL,51.20000076293945,52.119998931884766,52.119998931884766,5104389
2026-09-24,var-energi-var-xosl,VAR.OL,52.5,53.279998779296875,53.279998779296875,4957584
2026-09-25,var-energi-var-xosl,VAR.OL,51.79999923706055,51.099998474121094,51.099998474121094,5492130
2026-09-28,var-energi-var-xosl,VAR.OL,51.36000061035156,51.599998474121094,51.599998474121094,2501553
2026-09-29,var-energi-var-xosl,VAR.OL,51.52000045776367,51.13999938964844,51.13999938964844,4036400
2026-09-30,var-energi-var-xosl,VAR.OL,50.720001220703125,50.81999969482422,50.81999969482422,4342132
2026-10-01,var-energi-var-xosl,VAR.OL,50.58000183105469,51.52000045776367,51.52000045776367,4177159
2026-10-02,var-energi-var-xosl,VAR.OL,51.7599983215332,50.599998474121094,50.599998474121094,3801124
2026-10-05,var-energi-var-xosl,VAR.OL,51.099998474121094,51.29999923706055,51.29999923706055,4508427
2026-10-06,var-energi-var-xosl,VAR.OL,51.20000076293945,51.2400016784668,51.2400016784668,3509447
2026-10-07,var-energi-var-xosl,VAR.OL,51.400001525878906,51.540000915527344,51.540000915527344,3524155
2026-10-08,var-energi-var-xosl,VAR.OL,52.2599983215332,52.68000030517578,52.68000030517578,5331778
2026-07-13,veidekke-vei-xosl,VEI.OL,189.39999389648438,188.1999969482422,188.1999969482422,49452
2026-07-14,veidekke-vei-xosl,VEI.OL,187.60000610351562,187.1999969482422,187.1999969482422,37549
2026-07-15,veidekke-vei-xosl,VEI.OL,187.0,188.8000030517578,188.8000030517578,32870
2026-07-16,veidekke-vei-xosl,VEI.OL,187.39999389648438,187.60000610351562,187.60000610351562,32295
2026-07-17,veidekke-vei-xosl,VEI.OL,187.1999969482422,186.60000610351562,186.60000610351562,23268
2026-07-20,veidekke-vei-xosl,VEI.OL,187.1999969482422,187.39999389648438,187.39999389648438,20975
2026-07-21,veidekke-vei-xosl,VEI.OL,187.60000610351562,188.39999389648438,188.39999389648438,16831
2026-07-22,veidekke-vei-xosl,VEI.OL,188.39999389648438,188.39999389648438,188.39999389648438,14996
2026-07-23,veidekke-vei-xosl,VEI.OL,188.0,187.8000030517578,187.8000030517578,28629
2026-07-24,veidekke-vei-xosl,VEI.OL,186.1999969482422,187.39999389648438,187.39999389648438,28681
2026-07-27,veidekke-vei-xosl,VEI.OL,187.0,186.1999969482422,186.1999969482422,42991
2026-07-28,veidekke-vei-xosl,VEI.OL,186.0,187.1999969482422,187.1999969482422,28888
2026-07-29,veidekke-vei-xosl,VEI.OL,186.8000030517578,187.0,187.0,34336
2026-07-30,veidekke-vei-xosl,VEI.OL,188.60000610351562,188.39999389648438,188.39999389648438,42037
2026-07-31,veidekke-vei-xosl,VEI.OL,189.60000610351562,188.1999969482422,188.1999969482422,25662
2026-08-03,veidekke-vei-xosl,VEI.OL,188.0,187.39999389648438,187.39999389648438,30779
2026-08-04,veidekke-vei-xosl,VEI.OL,187.39999389648438,186.60000610351562,186.60000610351562,41526
2026-08-05,veidekke-vei-xosl,VEI.OL,187.60000610351562,187.60000610351562,187.60000610351562,85032
2026-08-06,veidekke-vei-xosl,VEI.OL,188.1999969482422,188.0,188.0,35516
2026-08-07,veidekke-vei-xosl,VEI.OL,188.39999389648438,188.60000610351562,188.60000610351562,38507
2026-08-10,veidekke-vei-xosl,VEI.OL,188.0,186.0,186.0,123513
2026-08-11,veidekke-vei-xosl,VEI.OL,186.0,186.1999969482422,186.1999969482422,48228
2026-08-12,veidekke-vei-xosl,VEI.OL,186.0,186.0,186.0,35656
2026-08-13,veidekke-vei-xosl,VEI.OL,186.0,188.60000610351562,188.60000610351562,46571
2026-08-14,veidekke-vei-xosl,VEI.OL,193.39999389648438,199.1999969482422,199.1999969482422,229225
2026-08-17,veidekke-vei-xosl,VEI.OL,203.0,204.0,204.0,229491
2026-08-18,veidekke-vei-xosl,VEI.OL,204.0,204.5,204.5,69936
2026-08-19,veidekke-vei-xosl,VEI.OL,204.0,202.0,202.0,50901
2026-08-20,veidekke-vei-xosl,VEI.OL,200.5,200.5,200.5,48160
2026-08-21,veidekke-vei-xosl,VEI.OL,201.0,203.0,203.0,75938
2026-08-24,veidekke-vei-xosl,VEI.OL,203.0,202.0,202.0,49957
2026-08-25,veidekke-vei-xosl,VEI.OL,202.0,203.5,203.5,193588
2026-08-26,veidekke-vei-xosl,VEI.OL,204.0,206.0,206.0,170083
2026-08-27,veidekke-vei-xosl,VEI.OL,206.0,207.5,207.5,48108
2026-08-28,veidekke-vei-xosl,VEI.OL,208.5,209.0,209.0,100468
2026-08-31,veidekke-vei-xosl,VEI.OL,209.5,210.0,210.0,83555
2026-09-01,veidekke-vei-xosl,VEI.OL,209.5,209.5,209.5,61963
2026-09-02,veidekke-vei-xosl,VEI.OL,209.0,208.0,208.0,68721
2026-09-03,veidekke-vei-xosl,VEI.OL,208.0,209.5,209.5,63437
2026-09-04,veidekke-vei-xosl,VEI.OL,208.5,211.0,211.0,45740
2026-09-07,veidekke-vei-xosl,VEI.OL,210.0,212.5,212.5,121526
2026-09-08,veidekke-vei-xosl,VEI.OL,213.0,214.0,214.0,71055
2026-09-09,veidekke-vei-xosl,VEI.OL,214.0,211.0,211.0,44778
2026-09-10,veidekke-vei-xosl,VEI.OL,210.5,205.5,205.5,54265
2026-09-11,veidekke-vei-xosl,VEI.OL,207.0,205.0,205.0,36922
2026-09-14,veidekke-vei-xosl,VEI.OL,205.0,204.5,204.5,37940
2026-09-15,veidekke-vei-xosl,VEI.OL,204.0,207.0,207.0,48840
2026-09-16,veidekke-vei-xosl,VEI.OL,208.0,210.5,210.5,69331
2026-09-17,veidekke-vei-xosl,VEI.OL,210.5,214.0,214.0,92499
2026-09-18,veidekke-vei-xosl,VEI.OL,214.0,213.5,213.5,149389
2026-09-21,veidekke-vei-xosl,VEI.OL,213.5,214.5,214.5,65413
2026-09-22,veidekke-vei-xosl,VEI.OL,215.5,216.0,216.0,95471
2026-09-23,veidekke-vei-xosl,VEI.OL,216.5,214.5,214.5,39028
2026-09-24,veidekke-vei-xosl,VEI.OL,214.5,215.5,215.5,36476
2026-09-25,veidekke-vei-xosl,VEI.OL,216.5,217.0,217.0,55745
2026-09-28,veidekke-vei-xosl,VEI.OL,217.0,218.0,218.0,87182
2026-09-29,veidekke-vei-xosl,VEI.OL,218.0,216.0,216.0,82050
2026-09-30,veidekke-vei-xosl,VEI.OL,215.5,215.0,215.0,87853
2026-10-01,veidekke-vei-xosl,VEI.OL,214.0,212.5,212.5,122303
2026-10-02,veidekke-vei-xosl,VEI.OL,213.5,214.0,214.0,61853
2026-10-05,veidekke-vei-xosl,VEI.OL,213.5,212.5,212.5,77498
2026-10-06,veidekke-vei-xosl,VEI.OL,213.0,214.0,214.0,54857
2026-10-07,veidekke-vei-xosl,VEI.OL,213.0,212.0,212.0,39277
2026-10-08,veidekke-vei-xosl,VEI.OL,210.5,201.5,201.5,157055
2026-07-13,vend-marketplaces-vend-xosl,VEND.OL,241.8000030517578,244.39999389648438,244.39999389648438,358730
2026-07-14,vend-marketplaces-vend-xosl,VEND.OL,244.1999969482422,245.8000030517578,245.8000030517578,282292
2026-07-15,vend-marketplaces-vend-xosl,VEND.OL,245.8000030517578,251.1999969482422,251.1999969482422,429471
2026-07-16,vend-marketplaces-vend-xosl,VEND.OL,251.0,252.0,252.0,351990
2026-07-17,vend-marketplaces-vend-xosl,VEND.OL,245.0,238.0,238.0,2098967
2026-07-20,vend-marketplaces-vend-xosl,VEND.OL,237.0,240.8000030517578,240.8000030517578,480855
2026-07-21,vend-marketplaces-vend-xosl,VEND.OL,241.39999389648438,242.1999969482422,242.1999969482422,448824
2026-07-22,vend-marketplaces-vend-xosl,VEND.OL,243.0,238.39999389648438,238.39999389648438,660457
2026-07-23,vend-marketplaces-vend-xosl,VEND.OL,238.0,230.0,230.0,648709
2026-07-24,vend-marketplaces-vend-xosl,VEND.OL,228.39999389648438,225.0,225.0,620803
2026-07-27,vend-marketplaces-vend-xosl,VEND.OL,225.39999389648438,227.0,227.0,725852
2026-07-28,vend-marketplaces-vend-xosl,VEND.OL,227.8000030517578,236.8000030517578,236.8000030517578,585309
2026-07-29,vend-marketplaces-vend-xosl,VEND.OL,238.0,242.8000030517578,242.8000030517578,674832
2026-07-30,vend-marketplaces-vend-xosl,VEND.OL,243.0,241.0,241.0,357089
2026-07-31,vend-marketplaces-vend-xosl,VEND.OL,240.1999969482422,239.0,239.0,492471
2026-08-03,vend-marketplaces-vend-xosl,VEND.OL,238.8000030517578,245.8000030517578,245.8000030517578,395442
2026-08-04,vend-marketplaces-vend-xosl,VEND.OL,243.8000030517578,248.60000610351562,248.60000610351562,456778
2026-08-05,vend-marketplaces-vend-xosl,VEND.OL,248.60000610351562,246.8000030517578,246.8000030517578,317981
2026-08-06,vend-marketplaces-vend-xosl,VEND.OL,247.60000610351562,240.1999969482422,240.1999969482422,372247
2026-08-07,vend-marketplaces-vend-xosl,VEND.OL,240.1999969482422,246.0,246.0,416082
2026-08-10,vend-marketplaces-vend-xosl,VEND.OL,249.0,243.60000610351562,243.60000610351562,244259
2026-08-11,vend-marketplaces-vend-xosl,VEND.OL,243.8000030517578,246.8000030517578,246.8000030517578,271869
2026-08-12,vend-marketplaces-vend-xosl,VEND.OL,245.60000610351562,242.39999389648438,242.39999389648438,455929
2026-08-13,vend-marketplaces-vend-xosl,VEND.OL,244.0,244.8000030517578,244.8000030517578,291268
2026-08-14,vend-marketplaces-vend-xosl,VEND.OL,247.8000030517578,250.0,250.0,676747
2026-08-17,vend-marketplaces-vend-xosl,VEND.OL,250.60000610351562,244.1999969482422,244.1999969482422,380384
2026-08-18,vend-marketplaces-vend-xosl,VEND.OL,243.1999969482422,249.0,249.0,548229
2026-08-19,vend-marketplaces-vend-xosl,VEND.OL,247.60000610351562,247.8000030517578,247.8000030517578,324565
2026-08-20,vend-marketplaces-vend-xosl,VEND.OL,246.8000030517578,248.60000610351562,248.60000610351562,263426
2026-08-21,vend-marketplaces-vend-xosl,VEND.OL,248.1999969482422,251.8000030517578,251.8000030517578,274979
2026-08-24,vend-marketplaces-vend-xosl,VEND.OL,253.0,252.8000030517578,252.8000030517578,299929
2026-08-25,vend-marketplaces-vend-xosl,VEND.OL,253.8000030517578,262.0,262.0,689775
2026-08-26,vend-marketplaces-vend-xosl,VEND.OL,258.79998779296875,261.6000061035156,261.6000061035156,437468
2026-08-27,vend-marketplaces-vend-xosl,VEND.OL,258.79998779296875,262.20001220703125,262.20001220703125,388955
2026-08-28,vend-marketplaces-vend-xosl,VEND.OL,263.6000061035156,259.6000061035156,259.6000061035156,303521
2026-08-31,vend-marketplaces-vend-xosl,VEND.OL,256.3999938964844,258.79998779296875,258.79998779296875,574544
2026-09-01,vend-marketplaces-vend-xosl,VEND.OL,258.20001220703125,248.0,248.0,470218
2026-09-02,vend-marketplaces-vend-xosl,VEND.OL,247.39999389648438,248.0,248.0,349505
2026-09-03,vend-marketplaces-vend-xosl,VEND.OL,247.1999969482422,251.60000610351562,251.60000610351562,226253
2026-09-04,vend-marketplaces-vend-xosl,VEND.OL,253.0,250.8000030517578,250.8000030517578,272273
2026-09-07,vend-marketplaces-vend-xosl,VEND.OL,250.0,247.60000610351562,247.60000610351562,308659
2026-09-08,vend-marketplaces-vend-xosl,VEND.OL,247.0,243.8000030517578,243.8000030517578,293265
2026-09-09,vend-marketplaces-vend-xosl,VEND.OL,238.0,238.39999389648438,238.39999389648438,760221
2026-09-10,vend-marketplaces-vend-xosl,VEND.OL,236.8000030517578,234.1999969482422,234.1999969482422,682948
2026-09-11,vend-marketplaces-vend-xosl,VEND.OL,236.0,238.0,238.0,262137
2026-09-14,vend-marketplaces-vend-xosl,VEND.OL,238.0,237.1999969482422,237.1999969482422,478043
2026-09-15,vend-marketplaces-vend-xosl,VEND.OL,236.8000030517578,236.0,236.0,592977
2026-09-16,vend-marketplaces-vend-xosl,VEND.OL,236.0,234.0,234.0,412690
2026-09-17,vend-marketplaces-vend-xosl,VEND.OL,233.8000030517578,237.8000030517578,237.8000030517578,574584
2026-09-18,vend-marketplaces-vend-xosl,VEND.OL,237.0,231.39999389648438,231.39999389648438,1167547
2026-09-21,vend-marketplaces-vend-xosl,VEND.OL,233.8000030517578,233.1999969482422,233.1999969482422,340667
2026-09-22,vend-marketplaces-vend-xosl,VEND.OL,233.1999969482422,231.8000030517578,231.8000030517578,449996
2026-09-23,vend-marketplaces-vend-xosl,VEND.OL,232.0,215.0,215.0,1155964
2026-09-24,vend-marketplaces-vend-xosl,VEND.OL,215.0,208.60000610351562,208.60000610351562,1192814
2026-09-25,vend-marketplaces-vend-xosl,VEND.OL,210.0,208.1999969482422,208.1999969482422,564059
2026-09-28,vend-marketplaces-vend-xosl,VEND.OL,209.0,204.8000030517578,204.8000030517578,620976
2026-09-29,vend-marketplaces-vend-xosl,VEND.OL,207.60000610351562,208.1999969482422,208.1999969482422,1127579
2026-09-30,vend-marketplaces-vend-xosl,VEND.OL,208.60000610351562,211.60000610351562,211.60000610351562,813121
2026-10-01,vend-marketplaces-vend-xosl,VEND.OL,210.0,207.39999389648438,207.39999389648438,634344
2026-10-02,vend-marketplaces-vend-xosl,VEND.OL,208.39999389648438,208.39999389648438,208.39999389648438,581479
2026-10-05,vend-marketplaces-vend-xosl,VEND.OL,208.0,202.1999969482422,202.1999969482422,675236
2026-10-06,vend-marketplaces-vend-xosl,VEND.OL,191.89999389648438,187.89999389648438,187.89999389648438,3542691
2026-10-07,vend-marketplaces-vend-xosl,VEND.OL,187.89999389648438,188.5,188.5,1076429
2026-10-08,vend-marketplaces-vend-xosl,VEND.OL,188.60000610351562,193.39999389648438,193.39999389648438,835939
2026-07-13,wallenius-wilhelmsen-wawi-xosl,WAWI.OL,132.60000610351562,137.60000610351562,137.10186767578125,236837
2026-07-14,wallenius-wilhelmsen-wawi-xosl,WAWI.OL,138.0,140.0,139.4931640625,300820
2026-07-15,wallenius-wilhelmsen-wawi-xosl,WAWI.OL,140.0,140.60000610351562,140.09100341796875,181702
2026-07-16,wallenius-wilhelmsen-wawi-xosl,WAWI.OL,139.1999969482422,138.89999389648438,138.3971405029297,120694
2026-07-17,wallenius-wilhelmsen-wawi-xosl,WAWI.OL,140.5,137.6999969482422,137.2014923095703,171799
2026-07-20,wallenius-wilhelmsen-wawi-xosl,WAWI.OL,137.8000030517578,137.8000030517578,137.30113220214844,169870
2026-07-21,wallenius-wilhelmsen-wawi-xosl,WAWI.OL,139.89999389648438,141.0,140.4895477294922,149405
2026-07-22,wallenius-wilhelmsen-wawi-xosl,WAWI.OL,140.5,141.3000030517578,140.78846740722656,205414
2026-07-23,wallenius-wilhelmsen-wawi-xosl,WAWI.OL,141.5,145.3000030517578,144.77398681640625,221440
2026-07-24,wallenius-wilhelmsen-wawi-xosl,WAWI.OL,144.6999969482422,145.60000610351562,145.07290649414062,143027
2026-07-27,wallenius-wilhelmsen-wawi-xosl,WAWI.OL,143.89999389648438,143.5,142.98049926757812,273628
2026-07-28,wallenius-wilhelmsen-wawi-xosl,WAWI.OL,143.5,145.1999969482422,144.67434692382812,133121
2026-07-29,wallenius-wilhelmsen-wawi-xosl,WAWI.OL,146.5,145.6999969482422,145.1725311279297,161530
2026-07-30,wallenius-wilhelmsen-wawi-xosl,WAWI.OL,147.0,147.39999389648438,146.8663787841797,202552
2026-07-31,wallenius-wilhelmsen-wawi-xosl,WAWI.OL,147.89999389648438,147.6999969482422,147.16529846191406,234250
2026-08-03,wallenius-wilhelmsen-wawi-xosl,WAWI.OL,146.5,147.10000610351562,146.56747436523438,179075
2026-08-04,wallenius-wilhelmsen-wawi-xosl,WAWI.OL,148.0,144.8000030517578,144.2758026123047,232557
2026-08-05,wallenius-wilhelmsen-wawi-xosl,WAWI.OL,145.10000610351562,143.0,142.48231506347656,226905
2026-08-06,wallenius-wilhelmsen-wawi-xosl,WAWI.OL,142.8000030517578,142.6999969482422,142.1833953857422,184492
2026-08-07,wallenius-wilhelmsen-wawi-xosl,WAWI.OL,144.89999389648438,147.60000610351562,147.06565856933594,462221
2026-08-10,wallenius-wilhelmsen-wawi-xosl,WAWI.OL,151.0,146.6999969482422,146.16891479492188,506077
2026-08-11,wallenius-wilhelmsen-wawi-xosl,WAWI.OL,145.0,149.3000030517578,148.75950622558594,578642
2026-08-12,wallenius-wilhelmsen-wawi-xosl,WAWI.OL,150.0,155.3000030517578,154.73777770996094,510809
2026-08-13,wallenius-wilhelmsen-wawi-xosl,WAWI.OL,155.1999969482422,159.60000610351562,159.022216796875,604741
2026-08-14,wallenius-wilhelmsen-wawi-xosl,WAWI.OL,159.60000610351562,162.8000030517578,162.21063232421875,472901
2026-08-17,wallenius-wilhelmsen-wawi-xosl,WAWI.OL,164.5,166.60000610351562,165.9968719482422,320929
2026-08-18,wallenius-wilhelmsen-wawi-xosl,WAWI.OL,168.6999969482422,166.1999969482422,165.5983123779297,371172
2026-08-19,wallenius-wilhelmsen-wawi-xosl,WAWI.OL,165.3000030517578,165.8000030517578,165.19976806640625,459815
2026-08-20,wallenius-wilhelmsen-wawi-xosl,WAWI.OL,165.1999969482422,159.39999389648438,158.82293701171875,729273
2026-08-21,wallenius-wilhelmsen-wawi-xosl,WAWI.OL,158.0,165.5,164.90084838867188,289776
2026-08-24,wallenius-wilhelmsen-wawi-xosl,WAWI.OL,165.0,169.6999969482422,169.0856475830078,767624
2026-08-25,wallenius-wilhelmsen-wawi-xosl,WAWI.OL,167.0,168.5,167.88999938964844,576612
2026-08-26,wallenius-wilhelmsen-wawi-xosl,WAWI.OL,161.60000610351562,157.5,157.5,655182
2026-08-27,wallenius-wilhelmsen-wawi-xosl,WAWI.OL,157.1999969482422,159.10000610351562,159.10000610351562,313539
2026-08-28,wallenius-wilhelmsen-wawi-xosl,WAWI.OL,156.89999389648438,158.89999389648438,158.89999389648438,536022
2026-08-31,wallenius-wilhelmsen-wawi-xosl,WAWI.OL,159.5,162.60000610351562,162.60000610351562,409907
2026-09-01,wallenius-wilhelmsen-wawi-xosl,WAWI.OL,161.0,163.5,163.5,579090
2026-09-02,wallenius-wilhelmsen-wawi-xosl,WAWI.OL,161.60000610351562,160.0,160.0,657692
2026-09-03,wallenius-wilhelmsen-wawi-xosl,WAWI.OL,160.0,164.10000610351562,164.10000610351562,588769
2026-09-04,wallenius-wilhelmsen-wawi-xosl,WAWI.OL,164.5,168.89999389648438,168.89999389648438,283690
2026-09-07,wallenius-wilhelmsen-wawi-xosl,WAWI.OL,169.0,165.89999389648438,165.89999389648438,339537
2026-09-08,wallenius-wilhelmsen-wawi-xosl,WAWI.OL,164.10000610351562,166.10000610351562,166.10000610351562,653185
2026-09-09,wallenius-wilhelmsen-wawi-xosl,WAWI.OL,166.0,168.89999389648438,168.89999389648438,585085
2026-09-10,wallenius-wilhelmsen-wawi-xosl,WAWI.OL,168.8000030517578,170.60000610351562,170.60000610351562,359808
2026-09-11,wallenius-wilhelmsen-wawi-xosl,WAWI.OL,167.8000030517578,171.39999389648438,171.39999389648438,246004
2026-09-14,wallenius-wilhelmsen-wawi-xosl,WAWI.OL,173.10000610351562,176.6999969482422,176.6999969482422,342401
2026-09-15,wallenius-wilhelmsen-wawi-xosl,WAWI.OL,175.3000030517578,179.39999389648438,179.39999389648438,497331
2026-09-16,wallenius-wilhelmsen-wawi-xosl,WAWI.OL,179.1999969482422,180.3000030517578,180.3000030517578,248821
2026-09-17,wallenius-wilhelmsen-wawi-xosl,WAWI.OL,179.0,183.10000610351562,183.10000610351562,412094
2026-09-18,wallenius-wilhelmsen-wawi-xosl,WAWI.OL,185.3000030517578,180.8000030517578,180.8000030517578,1123191
2026-09-21,wallenius-wilhelmsen-wawi-xosl,WAWI.OL,180.0,180.8000030517578,180.8000030517578,273181
2026-09-22,wallenius-wilhelmsen-wawi-xosl,WAWI.OL,179.39999389648438,181.5,181.5,269447
2026-09-23,wallenius-wilhelmsen-wawi-xosl,WAWI.OL,176.89999389648438,178.39999389648438,178.39999389648438,272113
2026-09-24,wallenius-wilhelmsen-wawi-xosl,WAWI.OL,179.10000610351562,180.1999969482422,180.1999969482422,215854
2026-09-25,wallenius-wilhelmsen-wawi-xosl,WAWI.OL,180.5,179.10000610351562,179.10000610351562,190745
2026-09-28,wallenius-wilhelmsen-wawi-xosl,WAWI.OL,180.3000030517578,180.1999969482422,180.1999969482422,167438
2026-09-29,wallenius-wilhelmsen-wawi-xosl,WAWI.OL,180.5,180.3000030517578,180.3000030517578,186942
2026-09-30,wallenius-wilhelmsen-wawi-xosl,WAWI.OL,180.39999389648438,182.6999969482422,182.6999969482422,260657
2026-10-01,wallenius-wilhelmsen-wawi-xosl,WAWI.OL,179.60000610351562,182.1999969482422,182.1999969482422,276280
2026-10-02,wallenius-wilhelmsen-wawi-xosl,WAWI.OL,183.3000030517578,184.1999969482422,184.1999969482422,166357
2026-10-05,wallenius-wilhelmsen-wawi-xosl,WAWI.OL,183.5,182.0,182.0,261701
2026-10-06,wallenius-wilhelmsen-wawi-xosl,WAWI.OL,180.0,178.0,178.0,185755
2026-10-07,wallenius-wilhelmsen-wawi-xosl,WAWI.OL,173.0,165.1999969482422,165.1999969482422,16234074
2026-10-08,wallenius-wilhelmsen-wawi-xosl,WAWI.OL,164.0,169.5,169.5,829254
2026-07-13,western-bulk-chartering-west-merk,WEST.OL,21.200000762939453,21.200000762939453,21.200000762939453,541
2026-07-14,western-bulk-chartering-west-merk,WEST.OL,21.200000762939453,21.899999618530273,21.899999618530273,5722
2026-07-15,western-bulk-chartering-west-merk,WEST.OL,21.100000381469727,21.100000381469727,21.100000381469727,38
2026-07-16,western-bulk-chartering-west-merk,WEST.OL,21.100000381469727,20.0,20.0,31625
2026-07-17,western-bulk-chartering-west-merk,WEST.OL,20.0,19.799999237060547,19.799999237060547,7804
2026-07-20,western-bulk-chartering-west-merk,WEST.OL,19.799999237060547,20.299999237060547,20.299999237060547,18534
2026-07-21,western-bulk-chartering-west-merk,WEST.OL,20.299999237060547,20.0,20.0,13338
2026-07-22,western-bulk-chartering-west-merk,WEST.OL,20.5,20.399999618530273,20.399999618530273,2670
2026-07-23,western-bulk-chartering-west-merk,WEST.OL,19.899999618530273,20.299999237060547,20.299999237060547,2597
2026-07-24,western-bulk-chartering-west-merk,WEST.OL,19.600000381469727,20.200000762939453,20.200000762939453,5617
2026-07-27,western-bulk-chartering-west-merk,WEST.OL,21.0,20.200000762939453,20.200000762939453,34
2026-07-28,western-bulk-chartering-west-merk,WEST.OL,20.0,20.100000381469727,20.100000381469727,17045
2026-07-29,western-bulk-chartering-west-merk,WEST.OL,19.649999618530273,19.899999618530273,19.899999618530273,487
2026-07-30,western-bulk-chartering-west-merk,WEST.OL,20.0,20.299999237060547,20.299999237060547,13625
2026-07-31,western-bulk-chartering-west-merk,WEST.OL,20.399999618530273,20.299999237060547,20.299999237060547,56747
2026-08-03,western-bulk-chartering-west-merk,WEST.OL,20.700000762939453,20.700000762939453,20.700000762939453,10594
2026-08-04,western-bulk-chartering-west-merk,WEST.OL,20.200000762939453,21.399999618530273,21.399999618530273,8870
2026-08-05,western-bulk-chartering-west-merk,WEST.OL,21.799999237060547,21.700000762939453,21.700000762939453,15278
2026-08-06,western-bulk-chartering-west-merk,WEST.OL,21.0,21.399999618530273,21.399999618530273,9873
2026-08-07,western-bulk-chartering-west-merk,WEST.OL,21.399999618530273,21.200000762939453,21.200000762939453,1405
2026-08-10,western-bulk-chartering-west-merk,WEST.OL,20.700000762939453,21.399999618530273,21.399999618530273,1002
2026-08-11,western-bulk-chartering-west-merk,WEST.OL,21.0,21.5,21.5,886
2026-08-12,western-bulk-chartering-west-merk,WEST.OL,21.600000381469727,21.200000762939453,21.200000762939453,2412
2026-08-13,western-bulk-chartering-west-merk,WEST.OL,20.600000381469727,21.0,21.0,1181
2026-08-14,western-bulk-chartering-west-merk,WEST.OL,21.299999237060547,21.100000381469727,21.100000381469727,2075
2026-08-17,western-bulk-chartering-west-merk,WEST.OL,21.0,21.299999237060547,21.299999237060547,8548
2026-08-18,western-bulk-chartering-west-merk,WEST.OL,21.899999618530273,21.399999618530273,21.399999618530273,16570
2026-08-19,western-bulk-chartering-west-merk,WEST.OL,21.600000381469727,21.399999618530273,21.399999618530273,10813
2026-08-20,western-bulk-chartering-west-merk,WEST.OL,21.899999618530273,21.799999237060547,21.799999237060547,8082
2026-08-21,western-bulk-chartering-west-merk,WEST.OL,21.799999237060547,21.700000762939453,21.700000762939453,16358
2026-08-24,western-bulk-chartering-west-merk,WEST.OL,21.5,21.5,21.5,8469
2026-08-25,western-bulk-chartering-west-merk,WEST.OL,21.399999618530273,21.600000381469727,21.600000381469727,21444
2026-08-26,western-bulk-chartering-west-merk,WEST.OL,21.799999237060547,21.399999618530273,21.399999618530273,13429
2026-08-27,western-bulk-chartering-west-merk,WEST.OL,21.799999237060547,21.399999618530273,21.399999618530273,18841
2026-08-28,western-bulk-chartering-west-merk,WEST.OL,21.799999237060547,21.200000762939453,21.200000762939453,24119
2026-08-31,western-bulk-chartering-west-merk,WEST.OL,21.200000762939453,21.299999237060547,21.299999237060547,3727
2026-09-01,western-bulk-chartering-west-merk,WEST.OL,21.799999237060547,21.700000762939453,21.700000762939453,24348
2026-09-02,western-bulk-chartering-west-merk,WEST.OL,21.799999237060547,21.5,21.5,18968
2026-09-03,western-bulk-chartering-west-merk,WEST.OL,21.5,21.600000381469727,21.600000381469727,1313
2026-09-04,western-bulk-chartering-west-merk,WEST.OL,21.299999237060547,21.399999618530273,21.399999618530273,24492
2026-09-07,western-bulk-chartering-west-merk,WEST.OL,22.0,21.399999618530273,21.399999618530273,5037
2026-09-08,western-bulk-chartering-west-merk,WEST.OL,22.0,22.399999618530273,22.399999618530273,16747
2026-09-09,western-bulk-chartering-west-merk,WEST.OL,22.700000762939453,22.700000762939453,22.700000762939453,7043
2026-09-10,western-bulk-chartering-west-merk,WEST.OL,22.799999237060547,22.299999237060547,22.299999237060547,15626
2026-09-11,western-bulk-chartering-west-merk,WEST.OL,22.299999237060547,23.200000762939453,23.200000762939453,17466
2026-09-14,western-bulk-chartering-west-merk,WEST.OL,24.700000762939453,23.5,23.5,2750
2026-09-15,western-bulk-chartering-west-merk,WEST.OL,23.200000762939453,23.0,23.0,12285
2026-09-16,western-bulk-chartering-west-merk,WEST.OL,21.799999237060547,23.299999237060547,23.299999237060547,10964
2026-09-17,western-bulk-chartering-west-merk,WEST.OL,22.700000762939453,22.799999237060547,22.799999237060547,2174
2026-09-18,western-bulk-chartering-west-merk,WEST.OL,24.0,23.799999237060547,23.799999237060547,7521
2026-09-21,western-bulk-chartering-west-merk,WEST.OL,23.799999237060547,22.700000762939453,22.700000762939453,18947
2026-09-22,western-bulk-chartering-west-merk,WEST.OL,23.700000762939453,23.700000762939453,23.700000762939453,26896
2026-09-23,western-bulk-chartering-west-merk,WEST.OL,22.5,23.299999237060547,23.299999237060547,4097
2026-09-24,western-bulk-chartering-west-merk,WEST.OL,23.100000381469727,23.0,23.0,2571
2026-09-25,western-bulk-chartering-west-merk,WEST.OL,22.399999618530273,22.399999618530273,22.399999618530273,17946
2026-09-28,western-bulk-chartering-west-merk,WEST.OL,22.299999237060547,22.399999618530273,22.399999618530273,10787
2026-09-29,western-bulk-chartering-west-merk,WEST.OL,21.700000762939453,22.0,22.0,1931
2026-09-30,western-bulk-chartering-west-merk,WEST.OL,21.299999237060547,22.399999618530273,22.399999618530273,623
2026-10-01,western-bulk-chartering-west-merk,WEST.OL,22.399999618530273,22.399999618530273,22.399999618530273,16588
2026-10-02,western-bulk-chartering-west-merk,WEST.OL,22.299999237060547,22.399999618530273,22.399999618530273,9004
2026-10-05,western-bulk-chartering-west-merk,WEST.OL,22.100000381469727,22.399999618530273,22.399999618530273,23209
2026-10-06,western-bulk-chartering-west-merk,WEST.OL,21.600000381469727,22.299999237060547,22.299999237060547,8421
2026-10-07,western-bulk-chartering-west-merk,WEST.OL,22.0,22.0,22.0,302
2026-10-08,western-bulk-chartering-west-merk,WEST.OL,21.399999618530273,22.399999618530273,22.399999618530273,11747
2026-07-13,wilh0-wilhelmsen-holding-ser0-wwi-xosl,WWI.OL,739.0,728.0,728.0,7315
2026-07-14,wilh0-wilhelmsen-holding-ser0-wwi-xosl,WWI.OL,727.0,731.0,731.0,5642
2026-07-15,wilh0-wilhelmsen-holding-ser0-wwi-xosl,WWI.OL,734.0,733.0,733.0,4561
2026-07-16,wilh0-wilhelmsen-holding-ser0-wwi-xosl,WWI.OL,739.0,736.0,736.0,7242
2026-07-17,wilh0-wilhelmsen-holding-ser0-wwi-xosl,WWI.OL,732.0,725.0,725.0,5469
2026-07-20,wilh0-wilhelmsen-holding-ser0-wwi-xosl,WWI.OL,729.0,731.0,731.0,4798
2026-07-21,wilh0-wilhelmsen-holding-ser0-wwi-xosl,WWI.OL,736.0,747.0,747.0,8641
2026-07-22,wilh0-wilhelmsen-holding-ser0-wwi-xosl,WWI.OL,747.0,756.0,756.0,8257
2026-07-23,wilh0-wilhelmsen-holding-ser0-wwi-xosl,WWI.OL,759.0,764.0,764.0,7120
2026-07-24,wilh0-wilhelmsen-holding-ser0-wwi-xosl,WWI.OL,773.0,763.0,763.0,8316
2026-07-27,wilh0-wilhelmsen-holding-ser0-wwi-xosl,WWI.OL,764.0,755.0,755.0,5705
2026-07-28,wilh0-wilhelmsen-holding-ser0-wwi-xosl,WWI.OL,755.0,767.0,767.0,8108
2026-07-29,wilh0-wilhelmsen-holding-ser0-wwi-xosl,WWI.OL,778.0,761.0,761.0,14088
2026-07-30,wilh0-wilhelmsen-holding-ser0-wwi-xosl,WWI.OL,751.0,765.0,765.0,13023
2026-07-31,wilh0-wilhelmsen-holding-ser0-wwi-xosl,WWI.OL,749.0,768.0,768.0,8165
2026-08-03,wilh0-wilhelmsen-holding-ser0-wwi-xosl,WWI.OL,770.0,769.0,769.0,7571
2026-08-04,wilh0-wilhelmsen-holding-ser0-wwi-xosl,WWI.OL,768.0,764.0,764.0,6565
2026-08-05,wilh0-wilhelmsen-holding-ser0-wwi-xosl,WWI.OL,765.0,771.0,771.0,25564
2026-08-06,wilh0-wilhelmsen-holding-ser0-wwi-xosl,WWI.OL,770.0,765.0,765.0,4687
2026-08-07,wilh0-wilhelmsen-holding-ser0-wwi-xosl,WWI.OL,775.0,768.0,768.0,19183
2026-08-10,wilh0-wilhelmsen-holding-ser0-wwi-xosl,WWI.OL,772.0,761.0,761.0,5348
2026-08-11,wilh0-wilhelmsen-holding-ser0-wwi-xosl,WWI.OL,763.0,774.0,774.0,9255
2026-08-12,wilh0-wilhelmsen-holding-ser0-wwi-xosl,WWI.OL,780.0,784.0,784.0,17307
2026-08-13,wilh0-wilhelmsen-holding-ser0-wwi-xosl,WWI.OL,785.0,799.0,799.0,32904
2026-08-14,wilh0-wilhelmsen-holding-ser0-wwi-xosl,WWI.OL,800.0,803.0,803.0,16425
2026-08-17,wilh0-wilhelmsen-holding-ser0-wwi-xosl,WWI.OL,796.0,805.0,805.0,10761
2026-08-18,wilh0-wilhelmsen-holding-ser0-wwi-xosl,WWI.OL,778.0,791.0,791.0,14275
2026-08-19,wilh0-wilhelmsen-holding-ser0-wwi-xosl,WWI.OL,787.0,793.0,793.0,10395
2026-08-20,wilh0-wilhelmsen-holding-ser0-wwi-xosl,WWI.OL,800.0,781.0,781.0,13529
2026-08-21,wilh0-wilhelmsen-holding-ser0-wwi-xosl,WWI.OL,785.0,803.0,803.0,22945
2026-08-24,wilh0-wilhelmsen-holding-ser0-wwi-xosl,WWI.OL,800.0,812.0,812.0,24395
2026-08-25,wilh0-wilhelmsen-holding-ser0-wwi-xosl,WWI.OL,812.0,823.0,823.0,12540
2026-08-26,wilh0-wilhelmsen-holding-ser0-wwi-xosl,WWI.OL,818.0,814.0,814.0,7806
2026-08-27,wilh0-wilhelmsen-holding-ser0-wwi-xosl,WWI.OL,815.0,810.0,810.0,7760
2026-08-28,wilh0-wilhelmsen-holding-ser0-wwi-xosl,WWI.OL,810.0,816.0,816.0,7795
2026-08-31,wilh0-wilhelmsen-holding-ser0-wwi-xosl,WWI.OL,820.0,816.0,816.0,19103
2026-09-01,wilh0-wilhelmsen-holding-ser0-wwi-xosl,WWI.OL,821.0,823.0,823.0,17604
2026-09-02,wilh0-wilhelmsen-holding-ser0-wwi-xosl,WWI.OL,825.0,815.0,815.0,24260
2026-09-03,wilh0-wilhelmsen-holding-ser0-wwi-xosl,WWI.OL,801.0,819.0,819.0,6091
2026-09-04,wilh0-wilhelmsen-holding-ser0-wwi-xosl,WWI.OL,825.0,836.0,836.0,21757
2026-09-07,wilh0-wilhelmsen-holding-ser0-wwi-xosl,WWI.OL,840.0,830.0,830.0,12979
2026-09-08,wilh0-wilhelmsen-holding-ser0-wwi-xosl,WWI.OL,834.0,823.0,823.0,12265
2026-09-09,wilh0-wilhelmsen-holding-ser0-wwi-xosl,WWI.OL,824.0,844.0,844.0,9980
2026-09-10,wilh0-wilhelmsen-holding-ser0-wwi-xosl,WWI.OL,844.0,842.0,842.0,9037
2026-09-11,wilh0-wilhelmsen-holding-ser0-wwi-xosl,WWI.OL,841.0,845.0,845.0,4840
2026-09-14,wilh0-wilhelmsen-holding-ser0-wwi-xosl,WWI.OL,845.0,851.0,851.0,12148
2026-09-15,wilh0-wilhelmsen-holding-ser0-wwi-xosl,WWI.OL,860.0,854.0,854.0,12800
2026-09-16,wilh0-wilhelmsen-holding-ser0-wwi-xosl,WWI.OL,850.0,860.0,860.0,10825
2026-09-17,wilh0-wilhelmsen-holding-ser0-wwi-xosl,WWI.OL,865.0,877.0,877.0,14702
2026-09-18,wilh0-wilhelmsen-holding-ser0-wwi-xosl,WWI.OL,876.0,878.0,878.0,47177
2026-09-21,wilh0-wilhelmsen-holding-ser0-wwi-xosl,WWI.OL,884.0,884.0,884.0,9353
2026-09-22,wilh0-wilhelmsen-holding-ser0-wwi-xosl,WWI.OL,884.0,886.0,886.0,15387
2026-09-23,wilh0-wilhelmsen-holding-ser0-wwi-xosl,WWI.OL,886.0,878.0,878.0,9152
2026-09-24,wilh0-wilhelmsen-holding-ser0-wwi-xosl,WWI.OL,881.0,902.0,902.0,26560
2026-09-25,wilh0-wilhelmsen-holding-ser0-wwi-xosl,WWI.OL,919.0,914.0,914.0,36891
2026-09-28,wilh0-wilhelmsen-holding-ser0-wwi-xosl,WWI.OL,918.0,918.0,918.0,15267
2026-09-29,wilh0-wilhelmsen-holding-ser0-wwi-xosl,WWI.OL,925.0,905.0,905.0,33571
2026-09-30,wilh0-wilhelmsen-holding-ser0-wwi-xosl,WWI.OL,922.0,948.0,948.0,60347
2026-10-01,wilh0-wilhelmsen-holding-ser0-wwi-xosl,WWI.OL,937.0,943.0,943.0,35929
2026-10-02,wilh0-wilhelmsen-holding-ser0-wwi-xosl,WWI.OL,945.0,942.0,942.0,24317
2026-10-05,wilh0-wilhelmsen-holding-ser0-wwi-xosl,WWI.OL,950.0,940.0,940.0,22814
2026-10-06,wilh0-wilhelmsen-holding-ser0-wwi-xosl,WWI.OL,935.0,922.0,922.0,17466
2026-10-07,wilh0-wilhelmsen-holding-ser0-wwi-xosl,WWI.OL,918.0,893.0,893.0,20778
2026-10-08,wilh0-wilhelmsen-holding-ser0-wwi-xosl,WWI.OL,875.0,894.0,894.0,69960
2026-07-13,wilh0-wilhelmsen-holding-ser0-wwib-xosl,WWIB.OL,653.0,654.0,654.0,3290
2026-07-14,wilh0-wilhelmsen-holding-ser0-wwib-xosl,WWIB.OL,650.0,660.0,660.0,4077
2026-07-15,wilh0-wilhelmsen-holding-ser0-wwib-xosl,WWIB.OL,657.0,663.0,663.0,2188
2026-07-16,wilh0-wilhelmsen-holding-ser0-wwib-xosl,WWIB.OL,662.0,661.0,661.0,2642
2026-07-17,wilh0-wilhelmsen-holding-ser0-wwib-xosl,WWIB.OL,656.0,655.0,655.0,1372
2026-07-20,wilh0-wilhelmsen-holding-ser0-wwib-xosl,WWIB.OL,650.0,660.0,660.0,3018
2026-07-21,wilh0-wilhelmsen-holding-ser0-wwib-xosl,WWIB.OL,658.0,674.0,674.0,3614
2026-07-22,wilh0-wilhelmsen-holding-ser0-wwib-xosl,WWIB.OL,674.0,680.0,680.0,5097
2026-07-23,wilh0-wilhelmsen-holding-ser0-wwib-xosl,WWIB.OL,680.0,695.0,695.0,2328
2026-07-24,wilh0-wilhelmsen-holding-ser0-wwib-xosl,WWIB.OL,700.0,691.0,691.0,6104
2026-07-27,wilh0-wilhelmsen-holding-ser0-wwib-xosl,WWIB.OL,681.0,688.0,688.0,4230
2026-07-28,wilh0-wilhelmsen-holding-ser0-wwib-xosl,WWIB.OL,699.0,707.0,707.0,6465
2026-07-29,wilh0-wilhelmsen-holding-ser0-wwib-xosl,WWIB.OL,715.0,710.0,710.0,5605
2026-07-30,wilh0-wilhelmsen-holding-ser0-wwib-xosl,WWIB.OL,708.0,704.0,704.0,5263
2026-07-31,wilh0-wilhelmsen-holding-ser0-wwib-xosl,WWIB.OL,704.0,713.0,713.0,6376
2026-08-03,wilh0-wilhelmsen-holding-ser0-wwib-xosl,WWIB.OL,697.0,713.0,713.0,11666
2026-08-04,wilh0-wilhelmsen-holding-ser0-wwib-xosl,WWIB.OL,714.0,704.0,704.0,2940
2026-08-05,wilh0-wilhelmsen-holding-ser0-wwib-xosl,WWIB.OL,708.0,705.0,705.0,2696
2026-08-06,wilh0-wilhelmsen-holding-ser0-wwib-xosl,WWIB.OL,706.0,703.0,703.0,3854
2026-08-07,wilh0-wilhelmsen-holding-ser0-wwib-xosl,WWIB.OL,709.0,703.0,703.0,5540
2026-08-10,wilh0-wilhelmsen-holding-ser0-wwib-xosl,WWIB.OL,700.0,705.0,705.0,5837
2026-08-11,wilh0-wilhelmsen-holding-ser0-wwib-xosl,WWIB.OL,706.0,710.0,710.0,12263
2026-08-12,wilh0-wilhelmsen-holding-ser0-wwib-xosl,WWIB.OL,720.0,718.0,718.0,4681
2026-08-13,wilh0-wilhelmsen-holding-ser0-wwib-xosl,WWIB.OL,723.0,743.0,743.0,8302
2026-08-14,wilh0-wilhelmsen-holding-ser0-wwib-xosl,WWIB.OL,743.0,748.0,748.0,5536
2026-08-17,wilh0-wilhelmsen-holding-ser0-wwib-xosl,WWIB.OL,750.0,754.0,754.0,5351
2026-08-18,wilh0-wilhelmsen-holding-ser0-wwib-xosl,WWIB.OL,752.0,734.0,734.0,2975
2026-08-19,wilh0-wilhelmsen-holding-ser0-wwib-xosl,WWIB.OL,740.0,740.0,740.0,3825
2026-08-20,wilh0-wilhelmsen-holding-ser0-wwib-xosl,WWIB.OL,740.0,725.0,725.0,8890
2026-08-21,wilh0-wilhelmsen-holding-ser0-wwib-xosl,WWIB.OL,725.0,745.0,745.0,2092
2026-08-24,wilh0-wilhelmsen-holding-ser0-wwib-xosl,WWIB.OL,749.0,764.0,764.0,10131
2026-08-25,wilh0-wilhelmsen-holding-ser0-wwib-xosl,WWIB.OL,766.0,777.0,777.0,4423
2026-08-26,wilh0-wilhelmsen-holding-ser0-wwib-xosl,WWIB.OL,770.0,757.0,757.0,4468
2026-08-27,wilh0-wilhelmsen-holding-ser0-wwib-xosl,WWIB.OL,762.0,755.0,755.0,1636
2026-08-28,wilh0-wilhelmsen-holding-ser0-wwib-xosl,WWIB.OL,752.0,754.0,754.0,8286
2026-08-31,wilh0-wilhelmsen-holding-ser0-wwib-xosl,WWIB.OL,759.0,753.0,753.0,6566
2026-09-01,wilh0-wilhelmsen-holding-ser0-wwib-xosl,WWIB.OL,755.0,757.0,757.0,1870
2026-09-02,wilh0-wilhelmsen-holding-ser0-wwib-xosl,WWIB.OL,757.0,753.0,753.0,794
2026-09-03,wilh0-wilhelmsen-holding-ser0-wwib-xosl,WWIB.OL,752.0,758.0,758.0,2214
2026-09-04,wilh0-wilhelmsen-holding-ser0-wwib-xosl,WWIB.OL,749.0,773.0,773.0,3783
2026-09-07,wilh0-wilhelmsen-holding-ser0-wwib-xosl,WWIB.OL,775.0,786.0,786.0,9704
2026-09-08,wilh0-wilhelmsen-holding-ser0-wwib-xosl,WWIB.OL,786.0,770.0,770.0,5346
2026-09-09,wilh0-wilhelmsen-holding-ser0-wwib-xosl,WWIB.OL,777.0,782.0,782.0,2701
2026-09-10,wilh0-wilhelmsen-holding-ser0-wwib-xosl,WWIB.OL,795.0,786.0,786.0,4012
2026-09-11,wilh0-wilhelmsen-holding-ser0-wwib-xosl,WWIB.OL,794.0,790.0,790.0,4848
2026-09-14,wilh0-wilhelmsen-holding-ser0-wwib-xosl,WWIB.OL,793.0,802.0,802.0,3550
2026-09-15,wilh0-wilhelmsen-holding-ser0-wwib-xosl,WWIB.OL,792.0,800.0,800.0,4462
2026-09-16,wilh0-wilhelmsen-holding-ser0-wwib-xosl,WWIB.OL,803.0,801.0,801.0,2642
2026-09-17,wilh0-wilhelmsen-holding-ser0-wwib-xosl,WWIB.OL,802.0,815.0,815.0,5791
2026-09-18,wilh0-wilhelmsen-holding-ser0-wwib-xosl,WWIB.OL,815.0,820.0,820.0,6941
2026-09-21,wilh0-wilhelmsen-holding-ser0-wwib-xosl,WWIB.OL,798.0,816.0,816.0,4130
2026-09-22,wilh0-wilhelmsen-holding-ser0-wwib-xosl,WWIB.OL,816.0,815.0,815.0,4389
2026-09-23,wilh0-wilhelmsen-holding-ser0-wwib-xosl,WWIB.OL,817.0,807.0,807.0,7594
2026-09-24,wilh0-wilhelmsen-holding-ser0-wwib-xosl,WWIB.OL,810.0,833.0,833.0,4962
2026-09-25,wilh0-wilhelmsen-holding-ser0-wwib-xosl,WWIB.OL,845.0,844.0,844.0,5535
2026-09-28,wilh0-wilhelmsen-holding-ser0-wwib-xosl,WWIB.OL,846.0,856.0,856.0,6631
2026-09-29,wilh0-wilhelmsen-holding-ser0-wwib-xosl,WWIB.OL,880.0,836.0,836.0,7977
2026-09-30,wilh0-wilhelmsen-holding-ser0-wwib-xosl,WWIB.OL,841.0,885.0,885.0,13334
2026-10-01,wilh0-wilhelmsen-holding-ser0-wwib-xosl,WWIB.OL,880.0,885.0,885.0,10632
2026-10-02,wilh0-wilhelmsen-holding-ser0-wwib-xosl,WWIB.OL,880.0,887.0,887.0,8585
2026-10-05,wilh0-wilhelmsen-holding-ser0-wwib-xosl,WWIB.OL,887.0,880.0,880.0,6514
2026-10-06,wilh0-wilhelmsen-holding-ser0-wwib-xosl,WWIB.OL,846.0,853.0,853.0,6917
2026-10-07,wilh0-wilhelmsen-holding-ser0-wwib-xosl,WWIB.OL,846.0,825.0,825.0,9156
2026-10-08,wilh0-wilhelmsen-holding-ser0-wwib-xosl,WWIB.OL,821.0,833.0,833.0,6881
2026-07-13,yara-international-yar-xosl,YAR.OL,450.0,456.79998779296875,456.79998779296875,434209
2026-07-14,yara-international-yar-xosl,YAR.OL,460.29998779296875,468.6000061035156,468.6000061035156,534890
2026-07-15,yara-international-yar-xosl,YAR.OL,470.6000061035156,459.0,459.0,399182
2026-07-16,yara-international-yar-xosl,YAR.OL,455.70001220703125,454.20001220703125,454.20001220703125,431539
2026-07-17,yara-international-yar-xosl,YAR.OL,432.79998779296875,451.29998779296875,451.29998779296875,696695
2026-07-20,yara-international-yar-xosl,YAR.OL,454.0,447.70001220703125,447.70001220703125,452003
2026-07-21,yara-international-yar-xosl,YAR.OL,450.0,439.70001220703125,439.70001220703125,545536
2026-07-22,yara-international-yar-xosl,YAR.OL,441.1000061035156,445.20001220703125,445.20001220703125,390035
2026-07-23,yara-international-yar-xosl,YAR.OL,453.0,462.20001220703125,462.20001220703125,936838
2026-07-24,yara-international-yar-xosl,YAR.OL,457.5,456.1000061035156,456.1000061035156,699634
2026-07-27,yara-international-yar-xosl,YAR.OL,451.70001220703125,437.79998779296875,437.79998779296875,543321
2026-07-28,yara-international-yar-xosl,YAR.OL,440.0,443.0,443.0,496492
2026-07-29,yara-international-yar-xosl,YAR.OL,444.0,450.70001220703125,450.70001220703125,373740
2026-07-30,yara-international-yar-xosl,YAR.OL,455.0,450.3999938964844,450.3999938964844,371341
2026-07-31,yara-international-yar-xosl,YAR.OL,446.5,446.70001220703125,446.70001220703125,488828
2026-08-03,yara-international-yar-xosl,YAR.OL,444.79998779296875,433.8999938964844,433.8999938964844,406434
2026-08-04,yara-international-yar-xosl,YAR.OL,435.3999938964844,424.79998779296875,424.79998779296875,519019
2026-08-05,yara-international-yar-xosl,YAR.OL,425.0,423.3999938964844,423.3999938964844,635944
2026-08-06,yara-international-yar-xosl,YAR.OL,422.0,422.8999938964844,422.8999938964844,336110
2026-08-07,yara-international-yar-xosl,YAR.OL,425.6000061035156,416.20001220703125,416.20001220703125,535235
2026-08-10,yara-international-yar-xosl,YAR.OL,420.1000061035156,425.70001220703125,425.70001220703125,395163
2026-08-11,yara-international-yar-xosl,YAR.OL,430.70001220703125,422.29998779296875,422.29998779296875,490880
2026-08-12,yara-international-yar-xosl,YAR.OL,423.0,422.20001220703125,422.20001220703125,367542
2026-08-13,yara-international-yar-xosl,YAR.OL,422.0,418.1000061035156,418.1000061035156,507137
2026-08-14,yara-international-yar-xosl,YAR.OL,418.29998779296875,418.29998779296875,418.29998779296875,324194
2026-08-17,yara-international-yar-xosl,YAR.OL,412.70001220703125,417.79998779296875,417.79998779296875,288593
2026-08-18,yara-international-yar-xosl,YAR.OL,418.20001220703125,416.3999938964844,416.3999938964844,535909
2026-08-19,yara-international-yar-xosl,YAR.OL,418.70001220703125,437.20001220703125,437.20001220703125,706789
2026-08-20,yara-international-yar-xosl,YAR.OL,429.29998779296875,433.0,433.0,466748
2026-08-21,yara-international-yar-xosl,YAR.OL,431.8999938964844,450.1000061035156,450.1000061035156,1190448
2026-08-24,yara-international-yar-xosl,YAR.OL,440.29998779296875,456.29998779296875,456.29998779296875,665913
2026-08-25,yara-international-yar-xosl,YAR.OL,460.5,453.3999938964844,453.3999938964844,516253
2026-08-26,yara-international-yar-xosl,YAR.OL,448.0,456.5,456.5,431007
2026-08-27,yara-international-yar-xosl,YAR.OL,432.0,438.20001220703125,438.20001220703125,679372
2026-08-28,yara-international-yar-xosl,YAR.OL,440.5,446.3999938964844,446.3999938964844,397844
2026-08-31,yara-international-yar-xosl,YAR.OL,450.0,456.0,456.0,977841
2026-09-01,yara-international-yar-xosl,YAR.OL,455.0,445.8999938964844,445.8999938964844,538525
2026-09-02,yara-international-yar-xosl,YAR.OL,450.0,460.0,460.0,613067
2026-09-03,yara-international-yar-xosl,YAR.OL,465.0,462.79998779296875,462.79998779296875,477161
2026-09-04,yara-international-yar-xosl,YAR.OL,456.6000061035156,457.3999938964844,457.3999938964844,555824
2026-09-07,yara-international-yar-xosl,YAR.OL,458.1000061035156,458.20001220703125,458.20001220703125,322354
2026-09-08,yara-international-yar-xosl,YAR.OL,458.0,468.8999938964844,468.8999938964844,379986
2026-09-09,yara-international-yar-xosl,YAR.OL,469.0,471.70001220703125,471.70001220703125,487109
2026-09-10,yara-international-yar-xosl,YAR.OL,463.0,461.29998779296875,461.29998779296875,569679
2026-09-11,yara-international-yar-xosl,YAR.OL,459.3999938964844,452.29998779296875,452.29998779296875,395473
2026-09-14,yara-international-yar-xosl,YAR.OL,459.0,460.8999938964844,460.8999938964844,314172
2026-09-15,yara-international-yar-xosl,YAR.OL,459.29998779296875,449.5,449.5,505276
2026-09-16,yara-international-yar-xosl,YAR.OL,452.70001220703125,453.79998779296875,453.79998779296875,479159
2026-09-17,yara-international-yar-xosl,YAR.OL,453.29998779296875,460.70001220703125,460.70001220703125,601727
2026-09-18,yara-international-yar-xosl,YAR.OL,459.20001220703125,450.6000061035156,450.6000061035156,1178615
2026-09-21,yara-international-yar-xosl,YAR.OL,450.0,452.6000061035156,452.6000061035156,487803
2026-09-22,yara-international-yar-xosl,YAR.OL,450.70001220703125,446.70001220703125,446.70001220703125,471352
2026-09-23,yara-international-yar-xosl,YAR.OL,447.70001220703125,456.6000061035156,456.6000061035156,536502
2026-09-24,yara-international-yar-xosl,YAR.OL,459.79998779296875,443.20001220703125,443.20001220703125,360278
2026-09-25,yara-international-yar-xosl,YAR.OL,441.20001220703125,433.1000061035156,433.1000061035156,577079
2026-09-28,yara-international-yar-xosl,YAR.OL,433.6000061035156,435.6000061035156,435.6000061035156,454141
2026-09-29,yara-international-yar-xosl,YAR.OL,432.5,425.0,425.0,330230
2026-09-30,yara-international-yar-xosl,YAR.OL,425.0,422.0,422.0,504990
2026-10-01,yara-international-yar-xosl,YAR.OL,420.1000061035156,414.29998779296875,414.29998779296875,434547
2026-10-02,yara-international-yar-xosl,YAR.OL,416.6000061035156,415.29998779296875,415.29998779296875,344581
2026-10-05,yara-international-yar-xosl,YAR.OL,411.5,413.70001220703125,413.70001220703125,409213
2026-10-06,yara-international-yar-xosl,YAR.OL,410.1000061035156,411.29998779296875,411.29998779296875,295428
2026-10-07,yara-international-yar-xosl,YAR.OL,410.1000061035156,412.20001220703125,412.20001220703125,666371
2026-10-08,yara-international-yar-xosl,YAR.OL,415.0,416.29998779296875,416.29998779296875,530324
2026-07-13,zalaris-zal-xosl,ZAL.OL,99.4000015258789,95.19999694824219,95.19999694824219,20
2026-07-14,zalaris-zal-xosl,ZAL.OL,95.19999694824219,96.0,96.0,73
2026-07-15,zalaris-zal-xosl,ZAL.OL,92.0,100.0,100.0,847
2026-07-16,zalaris-zal-xosl,ZAL.OL,100.0,102.0,102.0,176
2026-07-17,zalaris-zal-xosl,ZAL.OL,102.0,102.0,102.0,0
2026-07-20,zalaris-zal-xosl,ZAL.OL,99.0,104.0,104.0,1041
2026-07-21,zalaris-zal-xosl,ZAL.OL,105.0,111.0,111.0,2997
2026-07-22,zalaris-zal-xosl,ZAL.OL,111.0,101.5,101.5,2301
2026-07-23,zalaris-zal-xosl,ZAL.OL,101.5,104.0,104.0,23
2026-07-24,zalaris-zal-xosl,ZAL.OL,105.0,105.0,105.0,2225
2026-07-27,zalaris-zal-xosl,ZAL.OL,105.0,102.0,102.0,532
2026-07-28,zalaris-zal-xosl,ZAL.OL,110.5,110.0,110.0,671
2026-07-29,zalaris-zal-xosl,ZAL.OL,108.0,98.0,98.0,2216
2026-07-30,zalaris-zal-xosl,ZAL.OL,98.0,104.0,104.0,1337
2026-07-31,zalaris-zal-xosl,ZAL.OL,100.0,99.0,99.0,3530
2026-08-03,zalaris-zal-xosl,ZAL.OL,95.0,95.19999694824219,95.19999694824219,1429
2026-08-04,zalaris-zal-xosl,ZAL.OL,96.5999984741211,100.5,100.5,279
2026-08-05,zalaris-zal-xosl,ZAL.OL,102.0,99.0,99.0,1527
2026-08-06,zalaris-zal-xosl,ZAL.OL,97.0,98.0,98.0,654
2026-08-07,zalaris-zal-xosl,ZAL.OL,96.4000015258789,96.5999984741211,96.5999984741211,216
2026-08-10,zalaris-zal-xosl,ZAL.OL,100.0,96.4000015258789,96.4000015258789,1506
2026-08-11,zalaris-zal-xosl,ZAL.OL,102.0,96.80000305175781,96.80000305175781,394
2026-08-12,zalaris-zal-xosl,ZAL.OL,101.0,97.4000015258789,97.4000015258789,510
2026-08-13,zalaris-zal-xosl,ZAL.OL,97.0,98.0,98.0,232
2026-08-14,zalaris-zal-xosl,ZAL.OL,96.4000015258789,97.0,97.0,2882
2026-08-17,zalaris-zal-xosl,ZAL.OL,100.0,100.0,100.0,3441
2026-08-18,zalaris-zal-xosl,ZAL.OL,100.0,100.0,100.0,3090
2026-08-19,zalaris-zal-xosl,ZAL.OL,102.0,100.5,100.5,2626
2026-08-20,zalaris-zal-xosl,ZAL.OL,101.5,100.5,100.5,1028
2026-08-21,zalaris-zal-xosl,ZAL.OL,102.0,100.0,100.0,1145
2026-08-24,zalaris-zal-xosl,ZAL.OL,100.0,100.5,100.5,189
2026-08-25,zalaris-zal-xosl,ZAL.OL,100.5,100.5,100.5,2542
2026-08-26,zalaris-zal-xosl,ZAL.OL,100.0,100.5,100.5,487
2026-08-27,zalaris-zal-xosl,ZAL.OL,96.4000015258789,100.5,100.5,53610
2026-08-28,zalaris-zal-xosl,ZAL.OL,100.5,102.0,102.0,1415
2026-08-31,zalaris-zal-xosl,ZAL.OL,105.0,102.0,102.0,758
2026-09-01,zalaris-zal-xosl,ZAL.OL,100.0,100.0,100.0,617
2026-09-02,zalaris-zal-xosl,ZAL.OL,100.0,102.5,102.5,425
2026-09-03,zalaris-zal-xosl,ZAL.OL,102.5,100.5,100.5,2142
2026-09-04,zalaris-zal-xosl,ZAL.OL,100.5,100.5,100.5,388
2026-09-07,zalaris-zal-xosl,ZAL.OL,100.0,100.0,100.0,6
2026-09-08,zalaris-zal-xosl,ZAL.OL,100.0,100.0,100.0,698
2026-09-09,zalaris-zal-xosl,ZAL.OL,100.5,100.5,100.5,1
2026-09-10,zalaris-zal-xosl,ZAL.OL,100.5,100.5,100.5,4
2026-09-11,zalaris-zal-xosl,ZAL.OL,101.5,100.0,100.0,699
2026-09-14,zalaris-zal-xosl,ZAL.OL,100.5,100.0,100.0,1488
2026-09-15,zalaris-zal-xosl,ZAL.OL,100.0,100.0,100.0,759
2026-09-16,zalaris-zal-xosl,ZAL.OL,100.0,100.0,100.0,2808
2026-09-17,zalaris-zal-xosl,ZAL.OL,100.0,101.0,101.0,2366
2026-09-18,zalaris-zal-xosl,ZAL.OL,100.0,100.0,100.0,1438
2026-09-21,zalaris-zal-xosl,ZAL.OL,100.0,100.0,100.0,30
2026-09-22,zalaris-zal-xosl,ZAL.OL,100.0,100.0,100.0,1
2026-09-23,zalaris-zal-xosl,ZAL.OL,100.0,100.0,100.0,285
2026-09-24,zalaris-zal-xosl,ZAL.OL,100.0,100.0,100.0,0
2026-09-25,zalaris-zal-xosl,ZAL.OL,100.0,100.0,100.0,0
2026-09-28,zalaris-zal-xosl,ZAL.OL,100.0,100.0,100.0,2
2026-09-29,zalaris-zal-xosl,ZAL.OL,100.0,100.0,100.0,177
2026-09-30,zalaris-zal-xosl,ZAL.OL,100.0,100.0,100.0,0
2026-10-01,zalaris-zal-xosl,ZAL.OL,100.0,100.0,100.0,2399
2026-10-02,zalaris-zal-xosl,ZAL.OL,106.5,99.4000015258789,99.4000015258789,3338
2026-10-05,zalaris-zal-xosl,ZAL.OL,100.0,109.0,109.0,9810
2026-10-06,zalaris-zal-xosl,ZAL.OL,118.5,112.5,112.5,132
2026-10-07,zalaris-zal-xosl,ZAL.OL,118.0,106.5,106.5,702
2026-10-08,zalaris-zal-xosl,ZAL.OL,101.0,102.5,102.5,333
2026-07-13,zaptec-zap-xosl,ZAP.OL,45.5,46.0,46.0,164900
2026-07-14,zaptec-zap-xosl,ZAP.OL,46.0,46.599998474121094,46.599998474121094,139930
2026-07-15,zaptec-zap-xosl,ZAP.OL,46.95000076293945,47.599998474121094,47.599998474121094,207002
2026-07-16,zaptec-zap-xosl,ZAP.OL,47.29999923706055,46.599998474121094,46.599998474121094,227603
2026-07-17,zaptec-zap-xosl,ZAP.OL,46.150001525878906,45.54999923706055,45.54999923706055,161243
2026-07-20,zaptec-zap-xosl,ZAP.OL,45.0,45.25,45.25,99278
2026-07-21,zaptec-zap-xosl,ZAP.OL,45.5,46.29999923706055,46.29999923706055,101267
2026-07-22,zaptec-zap-xosl,ZAP.OL,46.150001525878906,45.54999923706055,45.54999923706055,144470
2026-07-23,zaptec-zap-xosl,ZAP.OL,45.099998474121094,44.95000076293945,44.95000076293945,115732
2026-07-24,zaptec-zap-xosl,ZAP.OL,44.099998474121094,44.099998474121094,44.099998474121094,203626
2026-07-27,zaptec-zap-xosl,ZAP.OL,44.400001525878906,44.45000076293945,44.45000076293945,119834
2026-07-28,zaptec-zap-xosl,ZAP.OL,44.349998474121094,44.400001525878906,44.400001525878906,160348
2026-07-29,zaptec-zap-xosl,ZAP.OL,44.400001525878906,45.25,45.25,159122
2026-07-30,zaptec-zap-xosl,ZAP.OL,45.0,45.400001525878906,45.400001525878906,208217
2026-07-31,zaptec-zap-xosl,ZAP.OL,45.599998474121094,45.20000076293945,45.20000076293945,189658
2026-08-03,zaptec-zap-xosl,ZAP.OL,47.0,46.099998474121094,46.099998474121094,260627
2026-08-04,zaptec-zap-xosl,ZAP.OL,47.0,46.5,46.5,204450
2026-08-05,zaptec-zap-xosl,ZAP.OL,46.849998474121094,46.95000076293945,46.95000076293945,147612
2026-08-06,zaptec-zap-xosl,ZAP.OL,46.900001525878906,46.70000076293945,46.70000076293945,250572
2026-08-07,zaptec-zap-xosl,ZAP.OL,46.5,46.599998474121094,46.599998474121094,201844
2026-08-10,zaptec-zap-xosl,ZAP.OL,46.29999923706055,48.150001525878906,48.150001525878906,200154
2026-08-11,zaptec-zap-xosl,ZAP.OL,48.900001525878906,48.20000076293945,48.20000076293945,253616
2026-08-12,zaptec-zap-xosl,ZAP.OL,48.849998474121094,48.25,48.25,205798
2026-08-13,zaptec-zap-xosl,ZAP.OL,48.29999923706055,48.0,48.0,339357
2026-08-14,zaptec-zap-xosl,ZAP.OL,48.900001525878906,49.599998474121094,49.599998474121094,459960
2026-08-17,zaptec-zap-xosl,ZAP.OL,49.5,47.349998474121094,47.349998474121094,704036
2026-08-18,zaptec-zap-xosl,ZAP.OL,47.20000076293945,47.5,47.5,614819
2026-08-19,zaptec-zap-xosl,ZAP.OL,50.20000076293945,48.20000076293945,48.20000076293945,2037897
2026-08-20,zaptec-zap-xosl,ZAP.OL,48.79999923706055,49.400001525878906,49.400001525878906,1161629
2026-08-21,zaptec-zap-xosl,ZAP.OL,49.349998474121094,51.79999923706055,51.79999923706055,1388696
2026-08-24,zaptec-zap-xosl,ZAP.OL,51.79999923706055,50.099998474121094,50.099998474121094,513357
2026-08-25,zaptec-zap-xosl,ZAP.OL,50.29999923706055,52.20000076293945,52.20000076293945,571868
2026-08-26,zaptec-zap-xosl,ZAP.OL,52.20000076293945,51.0,51.0,436026
2026-08-27,zaptec-zap-xosl,ZAP.OL,51.0,49.75,49.75,486815
2026-08-28,zaptec-zap-xosl,ZAP.OL,49.849998474121094,50.29999923706055,50.29999923706055,262017
2026-08-31,zaptec-zap-xosl,ZAP.OL,49.54999923706055,50.70000076293945,50.70000076293945,295859
2026-09-01,zaptec-zap-xosl,ZAP.OL,50.5,49.150001525878906,49.150001525878906,602209
2026-09-02,zaptec-zap-xosl,ZAP.OL,48.900001525878906,48.849998474121094,48.849998474121094,337235
2026-09-03,zaptec-zap-xosl,ZAP.OL,49.79999923706055,49.29999923706055,49.29999923706055,350185
2026-09-04,zaptec-zap-xosl,ZAP.OL,49.349998474121094,50.0,50.0,367639
2026-09-07,zaptec-zap-xosl,ZAP.OL,51.29999923706055,54.20000076293945,54.20000076293945,1215708
2026-09-08,zaptec-zap-xosl,ZAP.OL,53.70000076293945,56.900001525878906,56.900001525878906,1433252
2026-09-09,zaptec-zap-xosl,ZAP.OL,56.5,57.0,57.0,660761
2026-09-10,zaptec-zap-xosl,ZAP.OL,56.20000076293945,56.099998474121094,56.099998474121094,574971
2026-09-11,zaptec-zap-xosl,ZAP.OL,55.79999923706055,56.79999923706055,56.79999923706055,408955
2026-09-14,zaptec-zap-xosl,ZAP.OL,56.5,54.20000076293945,54.20000076293945,627284
2026-09-15,zaptec-zap-xosl,ZAP.OL,54.20000076293945,55.599998474121094,55.599998474121094,354203
2026-09-16,zaptec-zap-xosl,ZAP.OL,55.900001525878906,56.5,56.5,314222
2026-09-17,zaptec-zap-xosl,ZAP.OL,56.5,59.20000076293945,59.20000076293945,516245
2026-09-18,zaptec-zap-xosl,ZAP.OL,58.900001525878906,59.5,59.5,420154
2026-09-21,zaptec-zap-xosl,ZAP.OL,59.099998474121094,61.29999923706055,61.29999923706055,444780
2026-09-22,zaptec-zap-xosl,ZAP.OL,61.099998474121094,62.5,62.5,514147
2026-09-23,zaptec-zap-xosl,ZAP.OL,62.29999923706055,61.5,61.5,462905
2026-09-24,zaptec-zap-xosl,ZAP.OL,61.400001525878906,62.599998474121094,62.599998474121094,473360
2026-09-25,zaptec-zap-xosl,ZAP.OL,62.79999923706055,62.099998474121094,62.099998474121094,457412
2026-09-28,zaptec-zap-xosl,ZAP.OL,62.400001525878906,62.29999923706055,62.29999923706055,378800
2026-09-29,zaptec-zap-xosl,ZAP.OL,61.599998474121094,62.099998474121094,62.099998474121094,290456
2026-09-30,zaptec-zap-xosl,ZAP.OL,62.0,62.099998474121094,62.099998474121094,372770
2026-10-01,zaptec-zap-xosl,ZAP.OL,61.79999923706055,64.0,64.0,879557
2026-10-02,zaptec-zap-xosl,ZAP.OL,64.69999694824219,65.5,65.5,599403
2026-10-05,zaptec-zap-xosl,ZAP.OL,65.9000015258789,64.30000305175781,64.30000305175781,462428
2026-10-06,zaptec-zap-xosl,ZAP.OL,65.0,65.0,65.0,350750
2026-10-07,zaptec-zap-xosl,ZAP.OL,64.19999694824219,61.79999923706055,61.79999923706055,801682
2026-10-08,zaptec-zap-xosl,ZAP.OL,61.29999923706055,61.79999923706055,61.79999923706055,365240
