slug,day,ret_next,ret_same,sent_w,n_rel,zero,train_mean,linear_sentiment,ridge_all,gbm
2020-bulkers-2020-xosl,2026-08-27,-0.02754445674343664,-0.06675007254225784,-0.09295774647887325,9.0,0.0,,,,
akastor-akast-xosl,2026-08-27,0.011737937822989819,0.011333912883490393,0.1,3.0,0.0,,,,
aker-bp-akrbp-xosl,2026-08-27,0.002367967934953752,0.0007781858190840651,0.9,1.0,0.0,,,,
alng-xoas,2026-08-27,-0.022475459300056344,0.008132534360372201,0.5,1.0,0.0,,,,
axactor-acr-xosl,2026-08-27,0.021119682594450406,0.006223488392561594,-0.7058823529411765,2.0,0.0,,,,
b2-impact-b2i-xosl,2026-08-27,-0.004828347677950262,-0.018383912769035393,-0.007999999999999997,4.0,0.0,,,,
blue-nord-bnor-xosl,2026-08-27,-0.008518384578319216,0.0059190841441501,0.5428571428571429,2.0,0.0,,,,
borregaard-brg-xosl,2026-08-27,0.00412311785855124,-0.011656070520251194,0.5,1.0,0.0,,,,
bw-lpg-bwlpg-xosl,2026-08-27,-0.010128681846968912,0.022954696506464645,0.3129032258064517,4.0,0.0,,,,
cadeler-cadlr-xosl,2026-08-27,-0.007340936019021527,0.003053590596046263,0.38749999999999996,3.0,0.0,,,,
capital-tankers-corp-capt-merk,2026-08-27,0.020307940773231392,0.018708566981127994,-0.21666666666666665,3.0,0.0,,,,
circio-holding-crna-xosl,2026-08-27,-0.07262496127201201,0.08478418242863839,0.33934911242603555,41.0,0.0,,,,
cmb0tech-nv-cmbto-xosl,2026-08-27,-0.0036628643380398618,0.02486140536683279,0.43000000000000005,5.0,0.0,,,,
constellation-oil-services-holding-cosh-xosl,2026-08-27,0.009664405945238208,-0.004978864163870167,0.37870370370370376,14.0,0.0,,,,
dno-xosl,2026-08-27,-0.005957571362245839,-0.0005999992760395978,-0.17058823529411765,1.0,0.0,,,,
dof-group-dofg-xosl,2026-08-27,0.005272686374759417,-0.006657367941161674,0.12631578947368421,2.0,0.0,,,,
elopak-elo-xosl,2026-08-27,0.012241309450779836,-0.0020338465970478614,0.5571428571428572,4.0,0.0,,,,
frontline-fro-xosl,2026-08-27,0.018165812220459765,0.04720509959831265,0.25901639344262295,8.0,0.0,,,,
gjensidige-forsikring-gjf-xosl,2026-08-27,0.005757397080730975,-0.002700328676444763,0.30000000000000004,1.0,0.0,,,,
grieg-seafood-gsf-xosl,2026-08-27,0.02060673432431903,-0.02003593883505328,0.10150375939849623,16.0,0.0,,,,
hafnia-hafni-xosl,2026-08-27,0.008217895807338671,0.04578255640802742,0.2,1.0,0.0,,,,
hexagon-composites-hex-xosl,2026-08-27,-0.023751217635223698,-0.005726901676652907,-0.14545454545454548,4.0,0.0,,,,
himalaya-shipping-hshp-xosl,2026-08-27,0.01891828821193875,0.00486093201374449,0.22926829268292684,5.0,0.0,,,,
hoegh-autoliners-hauto-xosl,2026-08-27,-0.0077540353190092,0.010474931452153502,-0.025806451612903212,4.0,0.0,,,,
hunter-group-hunt-xoas,2026-08-27,0.042374477282349776,0.08146056110824484,0.14679245283018869,18.0,0.0,,,,
integrated-wind-solutions-iws-xosl,2026-08-27,0.012413038553158895,0.026950415097657388,0.8,1.0,0.0,,,,
jinhui-shipping-transportation-jin-xosl,2026-08-27,0.02632427021743622,-0.12550201632155733,0.4043478260869565,3.0,0.0,,,,
kitron-kit-xosl,2026-08-27,-0.002125644975247587,0.017583125219021722,0.38421052631578956,6.0,0.0,,,,
klaveness-combination-carriers-kcc-xosl,2026-08-27,-0.004828347677950262,0.00409862183364984,0.7428571428571429,3.0,0.0,,,,
kongsberg-maritime-kmar-xosl,2026-08-27,0.0011893541377645533,-0.006208620017478017,0.5471698113207547,8.0,0.0,,,,
leroy-seafood-group-lsg-xosl,2026-08-27,0.012314482636266888,-0.014638526211898095,0.6573770491803279,7.0,0.0,,,,
link-mobility-group-holding-link-xosl,2026-08-27,-0.01775611050878645,0.03764843682024588,0.5214285714285715,4.0,0.0,,,,
moreld-morld-xosl,2026-08-27,-0.019202079751321266,-0.007947221027979512,0.4132352941176471,6.0,0.0,,,,
mpc-container-ships-mpcc-xosl,2026-08-27,-0.021752536822779778,-0.009780257202908649,0.0345679012345679,8.0,0.0,,,,
napatech-napa-xosl,2026-08-27,0.03448365340628601,0.0009884052978562652,0.12708333333333333,7.0,0.0,,,,
norbit-norbt-xosl,2026-08-27,-0.0030101473642665244,0.013864637493683274,0.25000000000000006,8.0,0.0,,,,
nordic-semiconductor-nod-xosl,2026-08-27,-0.01719587456707239,0.031930415835471404,0.3025641025641026,3.0,0.0,,,,
norsk-hydro-nhy-xosl,2026-08-27,0.008429653465380937,-0.005762255136548156,0.6000000000000001,1.0,0.0,,,,
norske-skog-nskog-xosl,2026-08-27,0.020703583448421048,0.0397429917333989,0.30000000000000004,1.0,0.0,,,,
norwegian-air-shuttle-nas-xosl,2026-08-27,-0.004449407582720388,-0.012347774413823287,-0.2283333333333334,7.0,0.0,,,,
nykode-therapeutics-nykd-xosl,2026-08-27,-0.1431048230351195,0.0869979618689447,0.31898734177215193,20.0,0.0,,,,
odfjell-drilling-odl-xosl,2026-08-27,0.00931735938405498,-0.003195848502757004,-0.39000000000000007,1.0,0.0,,,,
okea-xosl,2026-08-27,0.004430972318945514,0.003539863541387911,0.4,7.0,0.0,,,,
okeanis-eco-tankers-oet-xosl,2026-08-27,0.003314974797619774,0.0553886222929334,0.008571428571428563,4.0,0.0,,,,
panoro-energy-pen-xosl,2026-08-27,0.008571962081984852,0.06449297273959931,0.445771144278607,24.0,0.0,,,,
paratus-energy-services-plsv-xosl,2026-08-27,-0.03816165501930613,0.002215380440446335,0.45000000000000007,3.0,0.0,,,,
pareto-bank-parb-xosl,2026-08-27,-0.008150619445471241,-0.0010958903854949575,0.20000000000000004,2.0,0.0,,,,
protector-forsikring-prot-xosl,2026-08-27,-0.005650703560975856,0.0034504691983556768,0.1,1.0,0.0,,,,
sal-mar-salm-xosl,2026-08-27,0.007420121263432167,-0.0090302943000381,0.6000000000000001,9.0,0.0,,,,
scatec-scatc-xosl,2026-08-27,0.016865850750930722,0.002215380440446335,0.04999999999999998,4.0,0.0,,,,
sed-energy-holdings-enh-xosl,2026-08-27,-0.00735041342315268,-0.006534641017225784,0.05384615384615388,4.0,0.0,,,,
software-one-holding-ag-swon-xosl,2026-08-27,0.02229642665649023,0.007669912023365422,0.6153846153846154,2.0,0.0,,,,
solstad-maritime-soma-xosl,2026-08-27,0.002251325346455113,0.002215380440446335,0.5750000000000001,2.0,0.0,,,,
solstad-offshore-soff-xosl,2026-08-27,-0.004828347677950262,-0.008063576445407228,0.8000000000000002,1.0,0.0,,,,
sparebank-1-nord-norge-nong-xosl,2026-08-27,-0.001546214430852677,0.005744323092188974,-0.06923076923076923,1.0,0.0,,,,
sparebank-1-smn-ming-xosl,2026-08-27,0.0001337873063707029,0.0060104612761964216,0.4285714285714286,1.0,0.0,,,,
stolt-nielsen-sni-xosl,2026-08-27,-0.000220052747074595,0.005297044539059659,0.5,1.0,0.0,,,,
storebrand-stb-xosl,2026-08-27,-0.002875252509376036,-0.0074557993007814405,0.30000000000000004,1.0,0.0,,,,
telenor-tel-xosl,2026-08-27,0.009266562214261365,-0.005148389644439977,0.4,1.0,0.0,,,,
tomra-systems-tom-xosl,2026-08-27,-0.00300348836753761,0.004960077732186097,0.0,4.0,0.0,,,,
veidekke-vei-xosl,2026-08-27,0.0024005679847003414,0.009496933838504695,0.12000000000000001,2.0,0.0,,,,
vend-marketplaces-vend-xosl,2026-08-27,-0.014744465078672109,0.004508981700066306,0.4434782608695654,3.0,0.0,,,,
wallenius-wilhelmsen-wawi-xosl,2026-08-27,-0.006085495379761885,0.012374149351656705,0.2680851063829788,6.0,0.0,,,,
zaptec-zap-xosl,2026-08-27,0.0062269133684929034,-0.022294423481122316,-0.012244897959183683,6.0,0.0,,,,
2020-bulkers-2020-xosl,2026-08-28,0.03728693701643415,-0.02754445674343664,-0.30000000000000004,4.0,0.0,,,,
ads-maritime-holding-ads-merk,2026-08-28,-0.0010621916350601612,0.0028639529605529734,-0.5,2.0,0.0,,,,
akastor-akast-xosl,2026-08-28,0.0031559770747875415,0.011737937822989819,0.6346153846153847,3.0,0.0,,,,
aker-bp-akrbp-xosl,2026-08-28,0.013024645917246058,0.002367967934953752,-0.30000000000000004,2.0,0.0,,,,
aker-solutions-akso-xosl,2026-08-28,0.0025086075931248786,-0.004828347677950262,-0.30000000000000004,1.0,0.0,,,,
alng-xoas,2026-08-28,0.030226327478328097,-0.022475459300056344,0.5,1.0,0.0,,,,
austevoll-seafood-auss-xosl,2026-08-28,-0.029667183097641714,0.00408028701220875,0.7000000000000001,2.0,0.0,,,,
autostore-auto-xosl,2026-08-28,-0.014789731993427369,7.060664414493267e-05,0.4964285714285715,5.0,0.0,,,,
axactor-acr-xosl,2026-08-28,0.0029772774475467223,0.021119682594450406,0.75,2.0,0.0,,,,
b2-impact-b2i-xosl,2026-08-28,0.0008643661107115008,-0.004828347677950262,-0.12105263157894736,3.0,0.0,,,,
bevest-bint-xosl,2026-08-28,-0.034336905835411935,0.012562940084235752,0.5,1.0,0.0,,,,
blue-nord-bnor-xosl,2026-08-28,0.011674506896112824,-0.008518384578319216,0.057142857142857155,3.0,0.0,,,,
borregaard-brg-xosl,2026-08-28,-0.0023587279821117857,0.00412311785855124,0.5,1.0,0.0,,,,
bw-lpg-bwlpg-xosl,2026-08-28,-0.006031539549271159,-0.010128681846968912,0.023999999999999983,5.0,0.0,,,,
cadeler-cadlr-xosl,2026-08-28,-0.02800732822514118,-0.007340936019021527,-0.17142857142857146,6.0,0.0,,,,
capital-tankers-corp-capt-merk,2026-08-28,0.02412710208855584,0.020307940773231392,0.07692307692307693,1.0,0.0,,,,
circio-holding-crna-xosl,2026-08-28,-0.029907964763430273,-0.07262496127201201,0.28267716535433074,15.0,0.0,,,,
cmb0tech-nv-cmbto-xosl,2026-08-28,0.0029455798579491876,-0.0036628643380398618,0.644,3.0,0.0,,,,
constellation-oil-services-holding-cosh-xosl,2026-08-28,-0.0015530063314004305,0.009664405945238208,0.41290322580645167,4.0,0.0,,,,
dno-xosl,2026-08-28,0.007697522587002847,-0.005957571362245839,0.3085714285714286,5.0,0.0,,,,
dof-group-dofg-xosl,2026-08-28,0.014381059602665447,0.005272686374759417,0.47346938775510206,6.0,0.0,,,,
elkem-elk-xosl,2026-08-28,-0.023092970254086742,0.014743498643649211,0.7407407407407408,3.0,0.0,,,,
elopak-elo-xosl,2026-08-28,0.03186359842614683,0.012241309450779836,0.6352941176470588,4.0,0.0,,,,
end-r-endur-xosl,2026-08-28,-0.003181171771209801,-0.01212757608580639,0.3428571428571429,2.0,0.0,,,,
europris-epr-xosl,2026-08-28,-0.018796890873717165,0.0008149932770278312,0.0,1.0,0.0,,,,
frontline-fro-xosl,2026-08-28,-0.024716944950522235,0.018165812220459765,0.00804597701149423,11.0,0.0,,,,
grieg-seafood-gsf-xosl,2026-08-28,-0.062220648797931766,0.02060673432431903,0.2521739130434783,9.0,0.0,,,,
hafnia-hafni-xosl,2026-08-28,0.007402073466709513,0.008217895807338671,-0.04000000000000001,3.0,0.0,,,,
hexagon-composites-hex-xosl,2026-08-28,-0.013146862582558039,-0.023751217635223698,-0.32000000000000006,2.0,0.0,,,,
himalaya-shipping-hshp-xosl,2026-08-28,0.0029021416629513297,0.01891828821193875,0.26363636363636367,6.0,0.0,,,,
hoegh-autoliners-hauto-xosl,2026-08-28,0.00010695374245695,-0.0077540353190092,0.008163265306122448,8.0,0.0,,,,
hunter-group-hunt-xoas,2026-08-28,0.0013209425320312995,0.042374477282349776,0.19019607843137257,4.0,0.0,,,,
integrated-wind-solutions-iws-xosl,2026-08-28,-0.005306044781514974,0.012413038553158895,0.5545454545454546,1.0,0.0,,,,
jinhui-shipping-transportation-jin-xosl,2026-08-28,-0.008695863474257548,0.02632427021743622,0.1962962962962963,7.0,0.0,,,,
kitron-kit-xosl,2026-08-28,-0.015703966179151374,-0.002125644975247587,0.2153846153846154,5.0,0.0,,,,
kongsberg-maritime-kmar-xosl,2026-08-28,0.0011563774087066658,0.0011893541377645533,0.45714285714285724,3.0,0.0,,,,
link-mobility-group-holding-link-xosl,2026-08-28,-0.03720124857501361,-0.01775611050878645,0.6615384615384616,3.0,0.0,,,,
moreld-morld-xosl,2026-08-28,0.01838745396450392,-0.019202079751321266,0.09999999999999996,2.0,0.0,,,,
mpc-container-ships-mpcc-xosl,2026-08-28,-0.010567107720749314,-0.021752536822779778,0.14313725490196078,6.0,0.0,,,,
napatech-napa-xosl,2026-08-28,0.01494479889066902,0.03448365340628601,0.1142857142857143,2.0,0.0,,,,
norbit-norbt-xosl,2026-08-28,-0.004461157271481442,-0.0030101473642665244,0.2740740740740741,4.0,0.0,,,,
nordic-semiconductor-nod-xosl,2026-08-28,-0.018236655804864332,-0.01719587456707239,0.2590909090909091,12.0,0.0,,,,
norske-skog-nskog-xosl,2026-08-28,0.013088352717454343,0.020703583448421048,0.44210526315789483,3.0,0.0,,,,
norwegian-air-shuttle-nas-xosl,2026-08-28,-0.026120071471206985,-0.004449407582720388,0.4,2.0,0.0,,,,
nykode-therapeutics-nykd-xosl,2026-08-28,-0.011021497994782248,-0.1431048230351195,-0.1219512195121951,11.0,0.0,,,,
odfjell-drilling-odl-xosl,2026-08-28,0.004179728458401755,0.00931735938405498,0.7200000000000001,2.0,0.0,,,,
okea-xosl,2026-08-28,0.005720891835370834,0.004430972318945514,0.47179487179487184,5.0,0.0,,,,
okeanis-eco-tankers-oet-xosl,2026-08-28,-0.0006183190477631051,0.003314974797619774,0.3121212121212122,4.0,0.0,,,,
panoro-energy-pen-xosl,2026-08-28,0.002874386886484892,0.008571962081984852,0.6746268656716419,8.0,0.0,,,,
paratus-energy-services-plsv-xosl,2026-08-28,0.01564488768239447,-0.03816165501930613,0.461842105263158,9.0,0.0,,,,
reach-subsea-reach-xosl,2026-08-28,-0.05740212881678297,0.05144181201267295,-0.035294117647058795,2.0,0.0,,,,
rogaland-sparebank-rogs-xosl,2026-08-28,-0.005395533441254319,-0.0106034156305288,0.0,1.0,0.0,,,,
sal-mar-salm-xosl,2026-08-28,-0.025117643940981815,0.007420121263432167,0.275,3.0,0.0,,,,
scatec-scatc-xosl,2026-08-28,-0.032457222805543195,0.016865850750930722,0.11818181818181815,2.0,0.0,,,,
sed-energy-holdings-enh-xosl,2026-08-28,-0.03018765608782681,-0.00735041342315268,0.09787234042553193,5.0,0.0,,,,
sentia-sntia-xosl,2026-08-28,-0.012152119709397557,0.027276344671925967,0.38965517241379316,3.0,0.0,,,,
smartoptics-group-smop-xosl,2026-08-28,-0.015392275129826771,-0.022372191183001156,0.4,1.0,0.0,,,,
software-one-holding-ag-swon-xosl,2026-08-28,-0.04038599131295817,0.02229642665649023,0.30000000000000004,1.0,0.0,,,,
sparebank-1-smn-ming-xosl,2026-08-28,-0.012692998997996918,0.0001337873063707029,0.4285714285714286,1.0,0.0,,,,
telenor-tel-xosl,2026-08-28,-0.005769680853895842,0.009266562214261365,0.4714285714285716,2.0,0.0,,,,
tomra-systems-tom-xosl,2026-08-28,-0.023267867654998664,-0.00300348836753761,0.41875,6.0,0.0,,,,
veidekke-vei-xosl,2026-08-28,-0.003911174479042323,0.0024005679847003414,0.0,1.0,0.0,,,,
wallenius-wilhelmsen-wawi-xosl,2026-08-28,0.014589299201341,-0.006085495379761885,0.6371428571428572,4.0,0.0,,,,
yara-international-yar-xosl,2026-08-28,0.012809526836616403,0.013884526491434457,0.07333333333333335,2.0,0.0,,,,
zaptec-zap-xosl,2026-08-28,-0.0007435467357677084,0.0062269133684929034,0.0,1.0,0.0,,,,
2020-bulkers-2020-xosl,2026-08-31,0.10806658749109244,0.03728693701643415,-0.4714285714285715,2.0,0.0,,,,
af-gruppen-afg-xosl,2026-08-31,-0.01354077340700055,-0.026695893991835584,0.34857142857142864,2.0,0.0,,,,
akastor-akast-xosl,2026-08-31,-0.013352946421587464,0.0031559770747875415,0.5500000000000002,3.0,0.0,,,,
aker-solutions-akso-xosl,2026-08-31,-0.00971290459982399,0.0025086075931248786,-0.075,4.0,0.0,,,,
autostore-auto-xosl,2026-08-31,-0.008896720509948497,-0.014789731993427369,0.4516129032258065,3.0,0.0,,,,
axactor-acr-xosl,2026-08-31,0.03544481414663392,0.0029772774475467223,0.7000000000000001,1.0,0.0,,,,
b2-impact-b2i-xosl,2026-08-31,-0.002929313231040953,0.0008643661107115008,-0.5,1.0,0.0,,,,
bakkafrost-bakka-xosl,2026-08-31,0.01941917063483567,-0.09303321287184796,-0.31228070175438594,7.0,0.0,,,,
bevest-bint-xosl,2026-08-31,0.007138472373440452,-0.034336905835411935,0.0,1.0,0.0,,,,
blue-nord-bnor-xosl,2026-08-31,0.008197136681269868,0.011674506896112824,0.022972972972972978,18.0,0.0,,,,
bouvet-bouv-xosl,2026-08-31,-0.0011537742596869904,0.0011660693161950064,0.43725490196078437,7.0,0.0,,,,
bw-energy-limited-bwe-xosl,2026-08-31,-0.007961767883181814,0.018827072305559023,0.15384615384615385,3.0,0.0,,,,
bw-lpg-bwlpg-xosl,2026-08-31,0.01958156312749315,-0.006031539549271159,-0.08421052631578947,3.0,0.0,,,,
cadeler-cadlr-xosl,2026-08-31,0.018163409892623328,-0.02800732822514118,0.15535714285714286,8.0,0.0,,,,
capital-tankers-corp-capt-merk,2026-08-31,-0.011190464638792363,0.02412710208855584,0.23170731707317074,5.0,0.0,,,,
circio-holding-crna-xosl,2026-08-31,-0.057619005420232905,-0.029907964763430273,0.32057245080500896,72.0,0.0,,,,
cloudberry-clean-energy-cloud-xosl,2026-08-31,0.001259990235602304,-0.01903562298069672,0.20526315789473687,3.0,0.0,,,,
cmb0tech-nv-cmbto-xosl,2026-08-31,-0.007604258669619335,0.0029455798579491876,0.34,3.0,0.0,,,,
constellation-oil-services-holding-cosh-xosl,2026-08-31,-0.01852410516141456,-0.0015530063314004305,0.5,7.0,0.0,,,,
dno-xosl,2026-08-31,0.008870433472706551,0.007697522587002847,0.25877192982456143,14.0,0.0,,,,
dof-group-dofg-xosl,2026-08-31,-0.006270042862163705,0.014381059602665447,0.6452380952380953,5.0,0.0,,,,
elkem-elk-xosl,2026-08-31,0.014316734681165899,-0.023092970254086742,0.6000000000000001,1.0,0.0,,,,
elmera-group-elmra-xosl,2026-08-31,0.0049430375882737465,-0.013057847223396868,0.3333333333333333,3.0,0.0,,,,
elopak-elo-xosl,2026-08-31,-0.003967939386430475,0.03186359842614683,0.446875,4.0,0.0,,,,
envipco-holding-envip-xosl,2026-08-31,0.0015299221262411455,-0.04860189655251945,0.0,1.0,0.0,,,,
europris-epr-xosl,2026-08-31,0.0118228202821129,-0.018796890873717165,-0.15000000000000002,4.0,0.0,,,,
frontline-fro-xosl,2026-08-31,0.02073544825744622,-0.024716944950522235,0.3704081632653062,10.0,0.0,,,,
general-oceans-geno-xosl,2026-08-31,-0.024465297288419063,-0.02894276951929997,0.6499999999999999,3.0,0.0,,,,
gjensidige-forsikring-gjf-xosl,2026-08-31,0.002046838876279433,-0.019170724032684494,-0.4166666666666667,1.0,0.0,,,,
grieg-seafood-gsf-xosl,2026-08-31,0.002062819625898271,-0.062220648797931766,-0.0264094955489614,22.0,0.0,,,,
hafnia-hafni-xosl,2026-08-31,0.027467272879341698,0.007402073466709513,0.005882352941176475,9.0,0.0,,,,
hexagon-composites-hex-xosl,2026-08-31,0.004242766587413627,-0.013146862582558039,0.12115384615384615,8.0,0.0,,,,
himalaya-shipping-hshp-xosl,2026-08-31,0.0065741684560678415,0.0029021416629513297,0.31351351351351353,5.0,0.0,,,,
hoegh-autoliners-hauto-xosl,2026-08-31,-0.00422829470381636,0.00010695374245695,-0.22142857142857147,4.0,0.0,,,,
hunter-group-hunt-xoas,2026-08-31,0.03415732364137902,0.0013209425320312995,0.26850000000000007,20.0,0.0,,,,
integrated-wind-solutions-iws-xosl,2026-08-31,0.00950922386796127,-0.005306044781514974,0.8,2.0,0.0,,,,
jinhui-shipping-transportation-jin-xosl,2026-08-31,0.008794780997845253,-0.008695863474257548,0.21481481481481488,8.0,0.0,,,,
kitron-kit-xosl,2026-08-31,-0.010276792458246087,-0.015703966179151374,0.29583333333333334,3.0,0.0,,,,
kongsberg-automotive-koa-xosl,2026-08-31,-0.005726351404086172,-0.008695863474257548,0.20357142857142863,3.0,0.0,,,,
kongsberg-maritime-kmar-xosl,2026-08-31,-0.021637779254056078,0.0011563774087066658,0.577777777777778,5.0,0.0,,,,
leroy-seafood-group-lsg-xosl,2026-08-31,-0.0007732882542429431,-0.02814265982085251,0.26000000000000006,3.0,0.0,,,,
link-mobility-group-holding-link-xosl,2026-08-31,-0.008349761078913831,-0.03720124857501361,0.23925233644859814,13.0,0.0,,,,
moreld-morld-xosl,2026-08-31,0.01492292259348238,0.01838745396450392,0.42419354838709683,7.0,0.0,,,,
mpc-container-ships-mpcc-xosl,2026-08-31,0.011376365961951018,-0.010567107720749314,0.14285714285714282,3.0,0.0,,,,
napatech-napa-xosl,2026-08-31,-0.04459160348558411,0.01494479889066902,0.13684210526315788,3.0,0.0,,,,
norbit-norbt-xosl,2026-08-31,-0.012910196787309758,-0.004461157271481442,0.43333333333333335,4.0,0.0,,,,
nordic-semiconductor-nod-xosl,2026-08-31,-0.03337032566913478,-0.018236655804864332,0.20555555555555555,5.0,0.0,,,,
norske-skog-nskog-xosl,2026-08-31,-0.028719575143851372,0.013088352717454343,0.3400000000000001,4.0,0.0,,,,
norwegian-air-shuttle-nas-xosl,2026-08-31,-0.0041866112467221495,-0.026120071471206985,0.11764705882352941,4.0,0.0,,,,
nykode-therapeutics-nykd-xosl,2026-08-31,-0.04736409554719678,-0.011021497994782248,0.08364779874213839,20.0,0.0,,,,
odfjell-drilling-odl-xosl,2026-08-31,0.030294911549072934,0.004179728458401755,0.7200000000000001,2.0,0.0,,,,
okeanis-eco-tankers-oet-xosl,2026-08-31,0.01877813160890729,-0.0006183190477631051,0.18750000000000003,4.0,0.0,,,,
orkla-ork-xosl,2026-08-31,0.004324010024594704,-0.0060698129699081615,0.4,1.0,0.0,,,,
panoro-energy-pen-xosl,2026-08-31,-0.0021494531869700184,0.002874386886484892,0.40740740740740744,3.0,0.0,,,,
paratus-energy-services-plsv-xosl,2026-08-31,0.0027524905832663205,0.01564488768239447,0.09999999999999998,11.0,0.0,,,,
pareto-bank-parb-xosl,2026-08-31,-0.014196661959106516,-0.025362530140924266,0.4,1.0,0.0,,,,
pexip-holding-pexip-xosl,2026-08-31,-0.015596152534470109,-0.029234996244230094,0.30000000000000004,1.0,0.0,,,,
protector-forsikring-prot-xosl,2026-08-31,-0.004363444919766035,-0.0255683165751448,0.5,2.0,0.0,,,,
reach-subsea-reach-xosl,2026-08-31,0.009152484479750589,-0.05740212881678297,0.7391304347826086,3.0,0.0,,,,
sal-mar-salm-xosl,2026-08-31,0.010661102182563331,-0.025117643940981815,0.4358208955223881,10.0,0.0,,,,
salmon-evolution-salme-xosl,2026-08-31,-0.018053731292100084,-0.022798444349199976,0.20000000000000004,1.0,0.0,,,,
sats-xosl,2026-08-31,-0.006116638567839061,-0.009803350740435368,-0.5,1.0,0.0,,,,
scatec-scatc-xosl,2026-08-31,0.004823924471621499,-0.032457222805543195,0.4850000000000001,4.0,0.0,,,,
sed-energy-holdings-enh-xosl,2026-08-31,0.00016851364296410765,-0.03018765608782681,0.0956521739130435,7.0,0.0,,,,
selvaag-bolig-sbo-xosl,2026-08-31,-0.0033081385967170807,0.012975987283444068,-0.8,2.0,0.0,,,,
sentia-sntia-xosl,2026-08-31,-0.012276446431274901,-0.012152119709397557,0.4736842105263159,4.0,0.0,,,,
smartoptics-group-smop-xosl,2026-08-31,-0.02870821786345079,-0.015392275129826771,0.3818181818181819,1.0,0.0,,,,
software-one-holding-ag-swon-xosl,2026-08-31,-0.013611173523622733,-0.04038599131295817,0.30000000000000004,1.0,0.0,,,,
storebrand-stb-xosl,2026-08-31,-0.006036586686927414,-0.010645151497810867,0.2,2.0,0.0,,,,
telenor-tel-xosl,2026-08-31,-0.0038121273248751253,-0.005769680853895842,0.65,2.0,0.0,,,,
tgs-xosl,2026-08-31,0.014508484506658537,0.04880226652375175,-0.7636363636363637,2.0,0.0,,,,
tomra-systems-tom-xosl,2026-08-31,-0.009262254879112475,-0.023267867654998664,0.5925925925925926,6.0,0.0,,,,
vend-marketplaces-vend-xosl,2026-08-31,-0.03897853067786439,-0.01177759803410905,0.2,2.0,0.0,,,,
wallenius-wilhelmsen-wawi-xosl,2026-08-31,0.008287508189055437,0.014589299201341,0.6333333333333334,3.0,0.0,,,,
yara-international-yar-xosl,2026-08-31,-0.01939664560865395,0.012809526836616403,0.0,2.0,0.0,,,,
zaptec-zap-xosl,2026-08-31,-0.02781948601902129,-0.0007435467357677084,0.31475409836065577,6.0,0.0,,,,
2020-bulkers-2020-xosl,2026-09-01,-0.05284786362161331,0.10806658749109244,-0.30000000000000004,1.0,0.0,,,,
af-gruppen-afg-xosl,2026-09-01,-0.0020797846378807217,-0.01354077340700055,0.48000000000000004,2.0,0.0,,,,
aker-bp-akrbp-xosl,2026-09-01,0.001987176422941994,0.011703573679857415,0.4800000000000001,3.0,0.0,,,,
aker-solutions-akso-xosl,2026-09-01,-0.013734035493990215,-0.00971290459982399,0.4321428571428572,3.0,0.0,,,,
austevoll-seafood-auss-xosl,2026-09-01,-0.0026050555935999142,-0.008521466963581359,0.7000000000000001,1.0,0.0,,,,
axactor-acr-xosl,2026-09-01,-0.030423322939497344,0.03544481414663392,0.8107142857142859,3.0,0.0,,,,
bakkafrost-bakka-xosl,2026-09-01,-0.03702460754428516,0.01941917063483567,-0.28928571428571426,8.0,0.0,,,,
blue-nord-bnor-xosl,2026-09-01,0.010316415487229613,0.008197136681269868,0.018518518518518514,7.0,0.0,,,,
borregaard-brg-xosl,2026-09-01,0.006947231184801672,-0.016139196711111192,0.3000000000000001,2.0,0.0,,,,
bw-energy-limited-bwe-xosl,2026-09-01,-0.0023190185108725725,-0.007961767883181814,0.3333333333333333,1.0,0.0,,,,
bw-lpg-bwlpg-xosl,2026-09-01,-0.0369735241217104,0.01958156312749315,0.03333333333333333,3.0,0.0,,,,
cadeler-cadlr-xosl,2026-09-01,-0.01713990193509296,0.018163409892623328,-0.056410256410256425,5.0,0.0,,,,
capital-tankers-corp-capt-merk,2026-09-01,0.022204455832948056,-0.011190464638792363,0.7054054054054054,4.0,0.0,,,,
circio-holding-crna-xosl,2026-09-01,0.0030961988807313157,-0.057619005420232905,0.4808785529715763,45.0,0.0,,,,
cloudberry-clean-energy-cloud-xosl,2026-09-01,0.012064800116359575,0.001259990235602304,0.4571428571428572,2.0,0.0,,,,
cmb0tech-nv-cmbto-xosl,2026-09-01,0.010072925323999837,-0.007604258669619335,0.3428571428571429,1.0,0.0,,,,
constellation-oil-services-holding-cosh-xosl,2026-09-01,0.02483532931551402,-0.01852410516141456,0.17640449438202246,15.0,0.0,,,,
dno-xosl,2026-09-01,0.024102233019002717,0.008870433472706551,0.16910569105691056,15.0,0.0,,,,
elmera-group-elmra-xosl,2026-09-01,0.0009104398835488858,0.0049430375882737465,0.2,2.0,0.0,,,,
elopak-elo-xosl,2026-09-01,0.00850893930860297,-0.003967939386430475,0.24651162790697675,6.0,0.0,,,,
end-r-endur-xosl,2026-09-01,0.004944670075535229,-0.008216472496252791,0.4484848484848485,4.0,0.0,,,,
envipco-holding-envip-xosl,2026-09-01,-0.005471695542638488,0.0015299221262411455,0.2741935483870968,8.0,0.0,,,,
europris-epr-xosl,2026-09-01,-0.009263334536359635,0.0118228202821129,-0.15000000000000002,2.0,0.0,,,,
frontline-fro-xosl,2026-09-01,-0.009078535512537567,0.02073544825744622,0.372093023255814,11.0,0.0,,,,
general-oceans-geno-xosl,2026-09-01,-0.012447803653967138,-0.024465297288419063,0.30400000000000005,3.0,0.0,,,,
gjensidige-forsikring-gjf-xosl,2026-09-01,-0.003965947707517792,0.002046838876279433,-0.5,2.0,0.0,,,,
grieg-seafood-gsf-xosl,2026-09-01,-0.005185366851123918,0.002062819625898271,-0.04646464646464648,6.0,0.0,,,,
hafnia-hafni-xosl,2026-09-01,-0.0037064950863202606,0.027467272879341698,-0.020000000000000004,2.0,0.0,,,,
hexagon-composites-hex-xosl,2026-09-01,-0.01773711523483401,0.004242766587413627,0.12500000000000003,4.0,0.0,,,,
himalaya-shipping-hshp-xosl,2026-09-01,0.029745902745977326,0.0065741684560678415,0.06923076923076923,4.0,0.0,,,,
hoegh-autoliners-hauto-xosl,2026-09-01,-0.009791891263225994,-0.00422829470381636,-0.41052631578947374,2.0,0.0,,,,
hunter-group-hunt-xoas,2026-09-01,-0.0033140458008789064,0.03415732364137902,0.2510204081632653,6.0,0.0,,,,
integrated-wind-solutions-iws-xosl,2026-09-01,0.0030961988807313157,0.00950922386796127,0.5,1.0,0.0,,,,
jinhui-shipping-transportation-jin-xosl,2026-09-01,0.009102199296567748,0.008794780997845253,0.3866666666666667,1.0,0.0,,,,
kitron-kit-xosl,2026-09-01,0.0025461103117715433,-0.010276792458246087,0.3625,3.0,0.0,,,,
klaveness-combination-carriers-kcc-xosl,2026-09-01,0.0050009317211331394,-0.004865222568342875,0.7000000000000001,1.0,0.0,,,,
kongsberg-automotive-koa-xosl,2026-09-01,0.004102222127861599,-0.005726351404086172,0.03488372093023256,5.0,0.0,,,,
kongsberg-gruppen-kog-xosl,2026-09-01,-0.004242626383344605,-0.010160914467176596,0.18360655737704917,8.0,0.0,,,,
kongsberg-maritime-kmar-xosl,2026-09-01,-0.006189523579334222,-0.021637779254056078,0.5836363636363638,6.0,0.0,,,,
leroy-seafood-group-lsg-xosl,2026-09-01,-0.006634062718748557,-0.0007732882542429431,0.5,3.0,0.0,,,,
link-mobility-group-holding-link-xosl,2026-09-01,-0.010536525469999614,-0.008349761078913831,-0.128125,4.0,0.0,,,,
moreld-morld-xosl,2026-09-01,0.019128247229380224,0.01492292259348238,-0.33518518518518525,7.0,0.0,,,,
mpc-container-ships-mpcc-xosl,2026-09-01,-0.01103018192237093,0.011376365961951018,-0.05000000000000001,4.0,0.0,,,,
napatech-napa-xosl,2026-09-01,-0.02599472870567965,-0.04459160348558411,0.45000000000000007,2.0,0.0,,,,
norbit-norbt-xosl,2026-09-01,-0.018935569657810958,-0.012910196787309758,0.017021276595744678,7.0,0.0,,,,
nordic-semiconductor-nod-xosl,2026-09-01,0.036825078897093744,-0.03337032566913478,-0.15121951219512195,12.0,0.0,,,,
norsk-hydro-nhy-xosl,2026-09-01,0.0007184038170617857,-0.011944046801050656,0.7578947368421054,2.0,0.0,,,,
norske-skog-nskog-xosl,2026-09-01,0.009385490961699827,-0.028719575143851372,0.475,3.0,0.0,,,,
norwegian-air-shuttle-nas-xosl,2026-09-01,0.008919165386845562,-0.0041866112467221495,-0.3692307692307693,1.0,0.0,,,,
nykode-therapeutics-nykd-xosl,2026-09-01,0.01168523590833781,-0.04736409554719678,0.10571428571428575,13.0,0.0,,,,
okea-xosl,2026-09-01,0.017180686660658417,0.0117963786251567,0.20000000000000004,1.0,0.0,,,,
okeanis-eco-tankers-oet-xosl,2026-09-01,-0.0032129493842528722,0.01877813160890729,0.3692307692307693,1.0,0.0,,,,
orkla-ork-xosl,2026-09-01,-0.01887031270545414,0.004324010024594704,0.48679245283018874,6.0,0.0,,,,
panoro-energy-pen-xosl,2026-09-01,0.0038941829103965597,-0.0021494531869700184,0.12432432432432435,11.0,0.0,,,,
paratus-energy-services-plsv-xosl,2026-09-01,-0.000864194040141153,0.0027524905832663205,0.25000000000000006,3.0,0.0,,,,
pareto-bank-parb-xosl,2026-09-01,-0.014145180429613546,-0.014196661959106516,-0.6000000000000001,2.0,0.0,,,,
pexip-holding-pexip-xosl,2026-09-01,-0.011590028778970751,-0.015596152534470109,0.5000000000000001,3.0,0.0,,,,
prosafe-prs-xosl,2026-09-01,-0.0077341157749879486,0.038266520603330134,0.66,7.0,0.0,,,,
sal-mar-salm-xosl,2026-09-01,-0.016956111494159654,0.010661102182563331,0.5285714285714286,2.0,0.0,,,,
salmon-evolution-salme-xosl,2026-09-01,0.007080227052751131,-0.018053731292100084,0.31363636363636366,5.0,0.0,,,,
sats-xosl,2026-09-01,0.016518983307584167,-0.006116638567839061,0.6000000000000001,1.0,0.0,,,,
scatec-scatc-xosl,2026-09-01,0.010848136865227453,0.004823924471621499,0.7058823529411765,2.0,0.0,,,,
sed-energy-holdings-enh-xosl,2026-09-01,-0.002085143469024664,0.00016851364296410765,-0.16206896551724143,4.0,0.0,,,,
sentia-sntia-xosl,2026-09-01,0.016007069102755733,-0.012276446431274901,-0.1448275862068966,7.0,0.0,,,,
smartoptics-group-smop-xosl,2026-09-01,0.005416437682558839,-0.02870821786345079,0.44999999999999996,3.0,0.0,,,,
storebrand-stb-xosl,2026-09-01,0.0011257855975569386,-0.006036586686927414,0.7000000000000001,2.0,0.0,,,,
telenor-tel-xosl,2026-09-01,-0.0013090203422512214,-0.0038121273248751253,0.0,1.0,0.0,,,,
tgs-xosl,2026-09-01,-0.016511622528713188,0.014508484506658537,-0.6304347826086958,3.0,0.0,,,,
thor-medical-trmed-xosl,2026-09-01,-0.019791061952476152,0.0027524905832663205,-0.0391304347826087,7.0,0.0,,,,
tomra-systems-tom-xosl,2026-09-01,-0.0006456301199172509,-0.009262254879112475,0.28571428571428575,3.0,0.0,,,,
var-energi-var-xosl,2026-09-01,0.004689784839727706,0.013422968004896507,0.2904761904761905,6.0,0.0,,,,
vend-marketplaces-vend-xosl,2026-09-01,0.0030961988807313157,-0.03897853067786439,-0.08,5.0,0.0,,,,
wallenius-wilhelmsen-wawi-xosl,2026-09-01,-0.01831052894801488,0.008287508189055437,0.7000000000000001,1.0,0.0,,,,
zaptec-zap-xosl,2026-09-01,-0.003007627008264069,-0.02781948601902129,0.2219047619047619,13.0,0.0,,,,
2020-bulkers-2020-xosl,2026-09-02,-0.048582596637723796,-0.05284786362161331,-0.6357142857142859,3.0,0.0,,,,
af-gruppen-afg-xosl,2026-09-02,-0.00933673919160205,-0.0020797846378807217,0.7200000000000001,1.0,0.0,,,,
akastor-akast-xosl,2026-09-02,-0.006059752723498901,-0.019225173621275182,0.0,1.0,0.0,,,,
aker-bp-akrbp-xosl,2026-09-02,-0.011905944180669925,0.001987176422941994,0.21875,2.0,0.0,,,,
aker-solutions-akso-xosl,2026-09-02,0.008112214702710618,-0.013734035493990215,0.27499999999999997,5.0,0.0,,,,
atea-xosl,2026-09-02,0.008302807308979032,-0.021125237659511464,0.5782608695652175,3.0,0.0,,,,
autostore-auto-xosl,2026-09-02,-0.009305618103896629,-5.608923613564798e-06,0.7,2.0,0.0,,,,
axactor-acr-xosl,2026-09-02,0.001955255848841375,-0.030423322939497344,0.6120000000000001,3.0,0.0,,,,
b2-impact-b2i-xosl,2026-09-02,0.005615099264034251,0.02595335627005413,0.4444444444444445,2.0,0.0,,,,
bakkafrost-bakka-xosl,2026-09-02,-0.011207433684107038,-0.03702460754428516,0.15357142857142858,3.0,0.0,,,,
blue-nord-bnor-xosl,2026-09-02,-0.0017635933232676981,0.010316415487229613,-0.14000000000000004,2.0,0.0,,,,
bouvet-bouv-xosl,2026-09-02,0.003040600251127845,-0.02043322784357171,0.5,1.0,0.0,,,,
bw-lpg-bwlpg-xosl,2026-09-02,0.029066695941413867,-0.0369735241217104,-0.24318181818181822,11.0,0.0,,,,
cadeler-cadlr-xosl,2026-09-02,-0.000832050716974897,-0.01713990193509296,-0.6800000000000002,1.0,0.0,,,,
capital-tankers-corp-capt-merk,2026-09-02,0.028153584741175353,0.022204455832948056,0.46625000000000005,9.0,0.0,,,,
circio-holding-crna-xosl,2026-09-02,0.0049708166147071076,0.0030961988807313157,0.2182692307692308,24.0,0.0,,,,
cmb0tech-nv-cmbto-xosl,2026-09-02,0.0173495378435482,0.010072925323999837,0.6853658536585366,7.0,0.0,,,,
constellation-oil-services-holding-cosh-xosl,2026-09-02,-0.021248074372608117,0.02483532931551402,0.0,45.0,0.0,,,,
dnb-bank-dnb-xosl,2026-09-02,-0.002785718561754247,0.00623296186156741,0.5888888888888888,5.0,0.0,,,,
dno-xosl,2026-09-02,-0.008092736024066682,0.024102233019002717,0.3385542168674699,11.0,0.0,,,,
dof-group-dofg-xosl,2026-09-02,0.020877918655796135,-0.01435450672247418,0.502,6.0,0.0,,,,
elopak-elo-xosl,2026-09-02,-0.01746815424518422,0.00850893930860297,0.5692307692307694,1.0,0.0,,,,
end-r-endur-xosl,2026-09-02,-0.007351580477527486,0.004944670075535229,0.7382978723404257,6.0,0.0,,,,
envipco-holding-envip-xosl,2026-09-02,-0.004909769070876702,-0.005471695542638488,0.3538461538461539,5.0,0.0,,,,
europris-epr-xosl,2026-09-02,-0.00452212161922616,-0.009263334536359635,-0.30000000000000004,1.0,0.0,,,,
frontline-fro-xosl,2026-09-02,0.022744840512065823,-0.009078535512537567,0.15352112676056337,9.0,0.0,,,,
general-oceans-geno-xosl,2026-09-02,-0.0031293452564736812,-0.012447803653967138,0.276923076923077,3.0,0.0,,,,
grieg-seafood-gsf-xosl,2026-09-02,-0.04520457700696623,-0.005185366851123918,0.16336633663366346,6.0,0.0,,,,
hafnia-hafni-xosl,2026-09-02,0.03365238362325029,-0.0037064950863202606,0.20000000000000004,2.0,0.0,,,,
hexagon-composites-hex-xosl,2026-09-02,0.0015483130130735656,-0.01773711523483401,0.5785714285714286,3.0,0.0,,,,
himalaya-shipping-hshp-xosl,2026-09-02,0.01856994230994613,0.029745902745977326,0.7418604651162792,7.0,0.0,,,,
hunter-group-hunt-xoas,2026-09-02,0.053254376290609695,-0.0033140458008789064,0.0952,16.0,0.0,,,,
integrated-wind-solutions-iws-xosl,2026-09-02,-0.02346139556535909,0.0030961988807313157,0.5,1.0,0.0,,,,
kid-xosl,2026-09-02,0.016502985744906162,0.03190977113394233,0.12727272727272732,3.0,0.0,,,,
kitron-kit-xosl,2026-09-02,0.0011292200600270252,0.0025461103117715433,0.6097560975609758,9.0,0.0,,,,
kongsberg-automotive-koa-xosl,2026-09-02,2.852137207276506e-05,0.004102222127861599,0.17241379310344826,4.0,0.0,,,,
kongsberg-gruppen-kog-xosl,2026-09-02,-0.012507620768620997,-0.004242626383344605,0.4168539325842697,10.0,0.0,,,,
kongsberg-maritime-kmar-xosl,2026-09-02,0.00219144373823843,-0.006189523579334222,0.39189189189189194,5.0,0.0,,,,
leroy-seafood-group-lsg-xosl,2026-09-02,-0.030788747297795793,-0.006634062718748557,0.5918367346938775,3.0,0.0,,,,
link-mobility-group-holding-link-xosl,2026-09-02,0.01872767085741822,-0.010536525469999614,-0.14594594594594598,6.0,0.0,,,,
moreld-morld-xosl,2026-09-02,-0.007861054956519564,0.019128247229380224,0.6440000000000001,5.0,0.0,,,,
mpc-container-ships-mpcc-xosl,2026-09-02,0.0117178320407052,-0.01103018192237093,-0.30588235294117644,2.0,0.0,,,,
norbit-norbt-xosl,2026-09-02,-0.01999649043725582,-0.018935569657810958,0.638235294117647,3.0,0.0,,,,
nordic-semiconductor-nod-xosl,2026-09-02,0.0018412286334492656,0.036825078897093744,0.21212121212121215,3.0,0.0,,,,
norsk-hydro-nhy-xosl,2026-09-02,0.03058106310105746,0.0007184038170617857,0.2,1.0,0.0,,,,
norske-skog-nskog-xosl,2026-09-02,-0.01663812940002196,0.009385490961699827,0.4285714285714286,2.0,0.0,,,,
norwegian-air-shuttle-nas-xosl,2026-09-02,-0.010778143556313124,0.008919165386845562,-0.007608695652173907,11.0,0.0,,,,
nykode-therapeutics-nykd-xosl,2026-09-02,-0.007270799512059889,0.01168523590833781,0.12812500000000002,10.0,0.0,,,,
odfjell-drilling-odl-xosl,2026-09-02,0.008922999584897173,-0.006182170499456574,0.6821428571428572,6.0,0.0,,,,
okea-xosl,2026-09-02,-0.026486611898619672,0.017180686660658417,0.725,1.0,0.0,,,,
okeanis-eco-tankers-oet-xosl,2026-09-02,0.034949156292707784,-0.0032129493842528722,0.3833333333333334,4.0,0.0,,,,
orkla-ork-xosl,2026-09-02,-0.010666665793702679,-0.01887031270545414,0.03191489361702128,6.0,0.0,,,,
panoro-energy-pen-xosl,2026-09-02,-0.004954854595676905,0.0038941829103965597,0.18627450980392157,7.0,0.0,,,,
paratus-energy-services-plsv-xosl,2026-09-02,-0.010334172928445406,-0.000864194040141153,0.32272727272727275,6.0,0.0,,,,
pareto-bank-parb-xosl,2026-09-02,2.852137207276506e-05,-0.014145180429613546,-0.49411764705882355,4.0,0.0,,,,
prosafe-prs-xosl,2026-09-02,-0.005445969449812682,-0.0077341157749879486,0.43333333333333335,4.0,0.0,,,,
protector-forsikring-prot-xosl,2026-09-02,0.011938294746284939,-0.005757051000147673,0.6500000000000002,2.0,0.0,,,,
reach-subsea-reach-xosl,2026-09-02,0.011157324565380655,0.0030961988807313157,0.6620689655172415,2.0,0.0,,,,
salmon-evolution-salme-xosl,2026-09-02,-0.02642648005370818,0.007080227052751131,-0.0017857142857142672,8.0,0.0,,,,
scatec-scatc-xosl,2026-09-02,0.01951571650929229,0.010848136865227453,0.44800000000000006,3.0,0.0,,,,
sed-energy-holdings-enh-xosl,2026-09-02,-0.048148548136940805,-0.002085143469024664,0.17000000000000004,5.0,0.0,,,,
sentia-sntia-xosl,2026-09-02,-0.011558963733811378,0.016007069102755733,0.05106382978723404,6.0,0.0,,,,
smartoptics-group-smop-xosl,2026-09-02,0.027806316319912483,0.005416437682558839,0.3447368421052632,4.0,0.0,,,,
solstad-maritime-soma-xosl,2026-09-02,0.005264110221199658,-0.007266534677232039,0.275,1.0,0.0,,,,
sparebank-1-helgeland-helg-xosl,2026-09-02,0.005808199879219655,0.0032118305134535285,0.2,1.0,0.0,,,,
telenor-tel-xosl,2026-09-02,-0.005871205882711394,-0.0013090203422512214,-0.25000000000000006,1.0,0.0,,,,
thor-medical-trmed-xosl,2026-09-02,-0.014385964716912447,-0.019791061952476152,0.1925449871465296,27.0,0.0,,,,
tomra-systems-tom-xosl,2026-09-02,-0.008422197180780855,-0.0006456301199172509,0.2595238095238096,6.0,0.0,,,,
var-energi-var-xosl,2026-09-02,0.0040062613839082495,0.004689784839727706,0.1375,8.0,0.0,,,,
vend-marketplaces-vend-xosl,2026-09-02,0.014544675015280895,0.0030961988807313157,0.4529411764705882,2.0,0.0,,,,
western-bulk-chartering-west-merk,2026-09-02,0.00467970190554845,-0.006120425815477226,0.7000000000000001,1.0,0.0,,,,
yara-international-yar-xosl,2026-09-02,0.0061154513567875934,0.03471765278635519,0.5,1.0,0.0,,,,
zaptec-zap-xosl,2026-09-02,0.009240410358678508,-0.003007627008264069,0.14600000000000005,6.0,0.0,,,,
2020-bulkers-2020-xosl,2026-09-03,0.0009735804560419004,-0.048582596637723796,-0.7000000000000001,1.0,0.0,,,,
aker-bp-akrbp-xosl,2026-09-03,-0.009700542557915304,-0.011905944180669925,0.4338028169014085,8.0,0.0,,,,
aker-solutions-akso-xosl,2026-09-03,0.0009735804560419004,0.008112214702710618,0.21904761904761907,3.0,0.0,,,,
akva-group-akva-xosl,2026-09-03,-0.005970794342176733,0.02859988096380328,0.4000000000000001,1.0,0.0,,,,
arendals-fossekompani-afk-xosl,2026-09-03,0.040521603054911925,0.029098288813933282,-0.1615384615384615,3.0,0.0,,,,
atea-xosl,2026-09-03,0.003318210480507733,0.008302807308979032,0.5000000000000001,4.0,0.0,,,,
austevoll-seafood-auss-xosl,2026-09-03,-0.0013932473338065243,-0.03093474746662661,0.6296296296296298,4.0,0.0,,,,
autostore-auto-xosl,2026-09-03,0.012908287312013766,-0.009305618103896629,0.5298245614035089,4.0,0.0,,,,
axactor-acr-xosl,2026-09-03,0.004819730775293629,0.001955255848841375,0.8,1.0,0.0,,,,
b2-impact-b2i-xosl,2026-09-03,0.002825404050876945,0.005615099264034251,0.36363636363636365,4.0,0.0,,,,
bakkafrost-bakka-xosl,2026-09-03,0.0009735804560419004,-0.011207433684107038,-0.23404255319148937,5.0,0.0,,,,
blue-nord-bnor-xosl,2026-09-03,-0.0008217516804033265,-0.0017635933232676981,0.00888888888888886,6.0,0.0,,,,
bouvet-bouv-xosl,2026-09-03,-0.021048487051803177,0.003040600251127845,-0.6000000000000001,1.0,0.0,,,,
bw-lpg-bwlpg-xosl,2026-09-03,0.030074036652916525,0.029066695941413867,-0.18877551020408162,11.0,0.0,,,,
cadeler-cadlr-xosl,2026-09-03,0.00011226714479850575,-0.000832050716974897,0.30344827586206896,4.0,0.0,,,,
capital-tankers-corp-capt-merk,2026-09-03,0.05228053823618828,0.028153584741175353,0.5,3.0,0.0,,,,
circio-holding-crna-xosl,2026-09-03,0.06162930034844549,0.0049708166147071076,0.11987179487179486,20.0,0.0,,,,
cmb0tech-nv-cmbto-xosl,2026-09-03,0.03616085091929533,0.0173495378435482,0.22500000000000006,3.0,0.0,,,,
constellation-oil-services-holding-cosh-xosl,2026-09-03,0.0009735804560419004,-0.021248074372608117,0.4333333333333334,2.0,0.0,,,,
dnb-bank-dnb-xosl,2026-09-03,0.005050150965381195,-0.002785718561754247,0.6133333333333334,1.0,0.0,,,,
dno-xosl,2026-09-03,0.0015194444870690882,-0.008092736024066682,0.43934426229508194,8.0,0.0,,,,
dof-group-dofg-xosl,2026-09-03,0.0055122046418695225,0.020877918655796135,0.11272727272727275,7.0,0.0,,,,
elkem-elk-xosl,2026-09-03,0.03738982877388153,0.014691278626430382,0.4173913043478261,2.0,0.0,,,,
elopak-elo-xosl,2026-09-03,0.020151683550273414,-0.01746815424518422,0.4000000000000001,3.0,0.0,,,,
end-r-endur-xosl,2026-09-03,0.012126039514164577,-0.007351580477527486,0.688165680473373,10.0,0.0,,,,
envipco-holding-envip-xosl,2026-09-03,0.0034550268756833313,-0.004909769070876702,-0.13999999999999999,2.0,0.0,,,,
frontline-fro-xosl,2026-09-03,0.029565210758106697,0.022744840512065823,0.1967391304347826,11.0,0.0,,,,
general-oceans-geno-xosl,2026-09-03,0.013645162523138521,-0.0031293452564736812,0.35000000000000003,4.0,0.0,,,,
grieg-seafood-gsf-xosl,2026-09-03,-0.017976873175264085,-0.04520457700696623,0.6000000000000001,2.0,0.0,,,,
hafnia-hafni-xosl,2026-09-03,0.022660359082944725,0.03365238362325029,0.03484848484848485,8.0,0.0,,,,
hexagon-composites-hex-xosl,2026-09-03,0.015389329771972382,0.0015483130130735656,-0.14482758620689654,3.0,0.0,,,,
himalaya-shipping-hshp-xosl,2026-09-03,0.04951733099210098,0.01856994230994613,0.6531914893617021,7.0,0.0,,,,
hoegh-autoliners-hauto-xosl,2026-09-03,0.026855897494185377,0.008930598523408051,0.0,1.0,0.0,,,,
hunter-group-hunt-xoas,2026-09-03,0.043852598903699636,0.053254376290609695,0.31891891891891894,8.0,0.0,,,,
jinhui-shipping-transportation-jin-xosl,2026-09-03,-0.008035420167712637,-0.005941622358037968,0.5151515151515151,5.0,0.0,,,,
kid-xosl,2026-09-03,-0.008750929777331495,0.016502985744906162,0.4,1.0,0.0,,,,
kitron-kit-xosl,2026-09-03,0.060896667432484564,0.0011292200600270252,-0.5260869565217392,3.0,0.0,,,,
klaveness-combination-carriers-kcc-xosl,2026-09-03,0.01635819584065723,-0.07316536809192176,0.24608695652173918,13.0,0.0,,,,
kongsberg-automotive-koa-xosl,2026-09-03,-0.0010365038111475045,2.852137207276506e-05,-0.07083333333333337,6.0,0.0,,,,
kongsberg-gruppen-kog-xosl,2026-09-03,0.004879770696179064,-0.012507620768620997,0.12318840579710146,18.0,0.0,,,,
kongsberg-maritime-kmar-xosl,2026-09-03,0.02291604905648581,0.00219144373823843,0.37051282051282053,11.0,0.0,,,,
leroy-seafood-group-lsg-xosl,2026-09-03,0.002816852657535285,-0.030788747297795793,0.5289473684210527,5.0,0.0,,,,
link-mobility-group-holding-link-xosl,2026-09-03,-0.010199555428394347,0.01872767085741822,-0.007142857142857154,7.0,0.0,,,,
medistim-medi-xosl,2026-09-03,-0.0030104832889780164,2.852137207276506e-05,0.0,1.0,0.0,,,,
moreld-morld-xosl,2026-09-03,0.012902055563776549,-0.007861054956519564,0.36181818181818187,7.0,0.0,,,,
napatech-napa-xosl,2026-09-03,0.04112420404659034,-0.004965255575478,0.6000000000000002,1.0,0.0,,,,
norbit-norbt-xosl,2026-09-03,0.031624842307180434,-0.01999649043725582,0.08095238095238096,17.0,0.0,,,,
nordic-semiconductor-nod-xosl,2026-09-03,0.014845733709500153,0.0018412286334492656,0.22173913043478258,3.0,0.0,,,,
norsk-hydro-nhy-xosl,2026-09-03,-0.011642110702354769,0.03058106310105746,0.2,1.0,0.0,,,,
norske-skog-nskog-xosl,2026-09-03,0.028515936728232494,-0.01663812940002196,0.2,1.0,0.0,,,,
norwegian-air-shuttle-nas-xosl,2026-09-03,0.008386789206686784,-0.010778143556313124,-0.2378947368421053,12.0,0.0,,,,
nykode-therapeutics-nykd-xosl,2026-09-03,0.0046500183889061075,-0.007270799512059889,0.4083333333333334,6.0,0.0,,,,
odfjell-drilling-odl-xosl,2026-09-03,0.007316059143134601,0.008922999584897173,0.11774193548387098,7.0,0.0,,,,
okea-xosl,2026-09-03,-0.018481672847283193,-0.026486611898619672,0.6076923076923078,3.0,0.0,,,,
okeanis-eco-tankers-oet-xosl,2026-09-03,0.020912230762790363,0.034949156292707784,0.11000000000000001,1.0,0.0,,,,
orkla-ork-xosl,2026-09-03,0.009081688564149926,-0.010666665793702679,-0.23577981651376145,14.0,0.0,,,,
panoro-energy-pen-xosl,2026-09-03,-0.014051486371211452,-0.004954854595676905,-0.11515151515151514,4.0,0.0,,,,
paratus-energy-services-plsv-xosl,2026-09-03,0.004114973668165489,-0.010334172928445406,0.4090909090909091,6.0,0.0,,,,
pareto-bank-parb-xosl,2026-09-03,0.009745510280603331,2.852137207276506e-05,0.15000000000000002,2.0,0.0,,,,
prosafe-prs-xosl,2026-09-03,-0.02104474794005806,-0.005445969449812682,0.16363636363636366,4.0,0.0,,,,
protector-forsikring-prot-xosl,2026-09-03,0.00013290389709574857,0.011938294746284939,0.75,2.0,0.0,,,,
reach-subsea-reach-xosl,2026-09-03,0.004118231479101175,0.011157324565380655,0.6620689655172415,2.0,0.0,,,,
salmon-evolution-salme-xosl,2026-09-03,0.0009735804560419004,-0.02642648005370818,-0.11428571428571428,3.0,0.0,,,,
scatec-scatc-xosl,2026-09-03,0.024112367046145722,0.01951571650929229,0.30000000000000004,2.0,0.0,,,,
sed-energy-holdings-enh-xosl,2026-09-03,0.00234160083362267,-0.048148548136940805,0.1679611650485437,14.0,0.0,,,,
sentia-sntia-xosl,2026-09-03,0.010352189995807781,-0.011558963733811378,0.05161290322580646,4.0,0.0,,,,
smartoptics-group-smop-xosl,2026-09-03,-0.010287680418207601,0.027806316319912483,0.5333333333333333,1.0,0.0,,,,
solstad-maritime-soma-xosl,2026-09-03,0.020070842920598575,0.005264110221199658,0.3600000000000001,2.0,0.0,,,,
sparebank-1-helgeland-helg-xosl,2026-09-03,-0.0048878391935285315,0.005808199879219655,0.2,1.0,0.0,,,,
tgs-xosl,2026-09-03,0.0024473973516935255,0.0052136839516445654,0.4000000000000001,2.0,0.0,,,,
thor-medical-trmed-xosl,2026-09-03,-0.1068874247324173,-0.014385964716912447,0.19111969111969115,16.0,0.0,,,,
tomra-systems-tom-xosl,2026-09-03,0.0038145184872232507,-0.008422197180780855,0.6522388059701494,8.0,0.0,,,,
var-energi-var-xosl,2026-09-03,-0.006950304544134589,0.0040062613839082495,0.3128205128205128,13.0,0.0,,,,
vend-marketplaces-vend-xosl,2026-09-03,-0.0022060818347000577,0.014544675015280895,0.4,2.0,0.0,,,,
western-bulk-chartering-west-merk,2026-09-03,-0.008285713960963115,0.00467970190554845,0.30625,2.0,0.0,,,,
yara-international-yar-xosl,2026-09-03,-0.01069451383721054,0.0061154513567875934,0.8,1.0,0.0,,,,
zaptec-zap-xosl,2026-09-03,0.015172379112680434,0.009240410358678508,0.2750000000000001,13.0,0.0,,,,
akastor-akast-xosl,2026-09-04,0.008667053051995333,0.01781885658819593,0.7000000000000001,1.0,0.0,,,,
aker-bp-akrbp-xosl,2026-09-04,0.00917330787028281,-0.009700542557915304,0.3627906976744186,5.0,0.0,,,,
aker-solutions-akso-xosl,2026-09-04,-0.0030174544509170564,0.0009735804560419004,0.6000000000000002,1.0,0.0,,,,
akva-group-akva-xosl,2026-09-04,0.006139430475002761,-0.005970794342176733,0.3666666666666667,4.0,0.0,,,,
alng-xoas,2026-09-04,0.01756839278535327,-0.0049611321865953295,0.20333333333333337,4.0,0.0,,,,
arendals-fossekompani-afk-xosl,2026-09-04,0.029816875333827375,0.040521603054911925,0.6000000000000001,1.0,0.0,,,,
austevoll-seafood-auss-xosl,2026-09-04,0.0026429622903491046,-0.0013932473338065243,0.4098360655737705,7.0,0.0,,,,
autostore-auto-xosl,2026-09-04,0.014436793420740224,0.012908287312013766,0.45000000000000007,4.0,0.0,,,,
axactor-acr-xosl,2026-09-04,0.004558715026704907,0.004819730775293629,0.3444444444444445,2.0,0.0,,,,
bakkafrost-bakka-xosl,2026-09-04,0.0017338852528846482,0.0009735804560419004,0.5333333333333334,1.0,0.0,,,,
blue-nord-bnor-xosl,2026-09-04,0.015232890347902983,-0.0008217516804033265,0.08823529411764704,14.0,0.0,,,,
bonheur-bonhr-xosl,2026-09-04,0.014361712290349105,0.020893899181141484,0.6000000000000001,1.0,0.0,,,,
bouvet-bouv-xosl,2026-09-04,0.010831325409558112,-0.021048487051803177,-0.43750000000000006,7.0,0.0,,,,
bw-lpg-bwlpg-xosl,2026-09-04,-0.01209408514159982,0.030074036652916525,0.2375,6.0,0.0,,,,
cadeler-cadlr-xosl,2026-09-04,0.012125707756910242,0.00011226714479850575,-0.4,1.0,0.0,,,,
capital-tankers-corp-capt-merk,2026-09-04,0.00021437732012585808,0.05228053823618828,0.5473684210526316,3.0,0.0,,,,
circio-holding-crna-xosl,2026-09-04,0.025826903593535566,0.06162930034844549,0.41657458563535915,22.0,0.0,,,,
cmb0tech-nv-cmbto-xosl,2026-09-04,-0.0028394940334571794,0.03616085091929533,0.09696969696969698,5.0,0.0,,,,
constellation-oil-services-holding-cosh-xosl,2026-09-04,-0.0046034145212451305,0.0009735804560419004,0.5333333333333333,1.0,0.0,,,,
dno-xosl,2026-09-04,0.0048252271945411485,0.0015194444870690882,-0.09999999999999999,9.0,0.0,,,,
dof-group-dofg-xosl,2026-09-04,-0.0063931591002091,0.0055122046418695225,-0.10869565217391303,6.0,0.0,,,,
elkem-elk-xosl,2026-09-04,0.013239757093680526,0.03738982877388153,0.5410256410256411,4.0,0.0,,,,
elmera-group-elmra-xosl,2026-09-04,0.0026429622903491046,0.0009735804560419004,0.24761904761904763,6.0,0.0,,,,
elopak-elo-xosl,2026-09-04,-0.008109766679414987,0.020151683550273414,0.45681818181818185,5.0,0.0,,,,
end-r-endur-xosl,2026-09-04,0.008157653993396852,0.012126039514164577,0.42111111111111116,6.0,0.0,,,,
europris-epr-xosl,2026-09-04,0.0026429622903491046,0.007830705874568689,0.08695652173913046,3.0,0.0,,,,
frontline-fro-xosl,2026-09-04,-0.021248560319635734,0.029565210758106697,0.32187499999999997,7.0,0.0,,,,
grieg-seafood-gsf-xosl,2026-09-04,-0.010730017253903656,-0.017976873175264085,-0.18490566037735845,7.0,0.0,,,,
hafnia-hafni-xosl,2026-09-04,-0.06496937257520385,0.022660359082944725,0.41428571428571437,4.0,0.0,,,,
hexagon-composites-hex-xosl,2026-09-04,0.008626501885772853,0.015389329771972382,0.03333333333333334,7.0,0.0,,,,
himalaya-shipping-hshp-xosl,2026-09-04,-0.02513488426706878,0.04951733099210098,0.6454545454545456,4.0,0.0,,,,
hoegh-autoliners-hauto-xosl,2026-09-04,-0.02086616034849753,0.026855897494185377,0.14210526315789476,3.0,0.0,,,,
hunter-group-hunt-xoas,2026-09-04,0.056974781874351454,0.043852598903699636,0.43666666666666676,15.0,0.0,,,,
jinhui-shipping-transportation-jin-xosl,2026-09-04,0.008703562658684105,-0.008035420167712637,0.5,1.0,0.0,,,,
kitron-kit-xosl,2026-09-04,0.023389849928759587,0.060896667432484564,0.2802631578947369,8.0,0.0,,,,
klaveness-combination-carriers-kcc-xosl,2026-09-04,0.0006227910959833993,0.01635819584065723,0.24901960784313723,12.0,0.0,,,,
kongsberg-automotive-koa-xosl,2026-09-04,-0.0013851833478722986,-0.0010365038111475045,-0.11176470588235296,2.0,0.0,,,,
kongsberg-gruppen-kog-xosl,2026-09-04,-0.031079456977840536,0.004879770696179064,-0.06129032258064517,3.0,0.0,,,,
kongsberg-maritime-kmar-xosl,2026-09-04,-0.0001729449301974828,0.02291604905648581,0.44000000000000006,4.0,0.0,,,,
leroy-seafood-group-lsg-xosl,2026-09-04,0.004482930825237763,0.002816852657535285,-0.42549019607843147,7.0,0.0,,,,
link-mobility-group-holding-link-xosl,2026-09-04,-0.006235214247462206,-0.010199555428394347,-0.28181818181818186,3.0,0.0,,,,
medistim-medi-xosl,2026-09-04,-0.001357037709650899,-0.0030104832889780164,0.0,1.0,0.0,,,,
moreld-morld-xosl,2026-09-04,-0.020932690498764117,0.012902055563776549,0.5537037037037037,6.0,0.0,,,,
mpc-container-ships-mpcc-xosl,2026-09-04,-0.010107543232501737,0.024082079370410958,0.28181818181818186,4.0,0.0,,,,
napatech-napa-xosl,2026-09-04,0.011086833645691185,0.04112420404659034,0.4777777777777778,4.0,0.0,,,,
norbit-norbt-xosl,2026-09-04,-0.0016940697710717822,0.031624842307180434,0.18099173553719008,15.0,0.0,,,,
nordic-semiconductor-nod-xosl,2026-09-04,0.02584340104632854,0.014845733709500153,-0.2555555555555556,2.0,0.0,,,,
norske-skog-nskog-xosl,2026-09-04,-0.015913770201999577,0.028515936728232494,0.01935483870967741,4.0,0.0,,,,
norwegian-air-shuttle-nas-xosl,2026-09-04,-0.008975908376046893,0.008386789206686784,0.08850574712643682,12.0,0.0,,,,
nykode-therapeutics-nykd-xosl,2026-09-04,-0.014450981155480158,0.0046500183889061075,0.5866666666666668,3.0,0.0,,,,
odfjell-drilling-odl-xosl,2026-09-04,-0.009962048074247942,0.007316059143134601,0.35954198473282445,7.0,0.0,,,,
okea-xosl,2026-09-04,0.0026429622903491046,-0.018481672847283193,0.175,3.0,0.0,,,,
okeanis-eco-tankers-oet-xosl,2026-09-04,-0.01840966928859822,0.020912230762790363,0.2696969696969697,3.0,0.0,,,,
orkla-ork-xosl,2026-09-04,-0.007544672543347453,0.009081688564149926,0.319327731092437,15.0,0.0,,,,
panoro-energy-pen-xosl,2026-09-04,0.0060328057300008675,-0.014051486371211452,0.12000000000000002,2.0,0.0,,,,
paratus-energy-services-plsv-xosl,2026-09-04,-0.01092700650240197,0.004114973668165489,0.33939393939393947,4.0,0.0,,,,
pareto-bank-parb-xosl,2026-09-04,-0.021704890333631988,0.009745510280603331,0.0,1.0,0.0,,,,
pexip-holding-pexip-xosl,2026-09-04,-0.006665508143818277,0.0076670211578727665,0.5750000000000001,1.0,0.0,,,,
prosafe-prs-xosl,2026-09-04,-0.014242620050393562,-0.02104474794005806,-0.09999999999999998,4.0,0.0,,,,
sal-mar-salm-xosl,2026-09-04,0.0026429622903491046,-0.006246636150456286,0.0,2.0,0.0,,,,
salmon-evolution-salme-xosl,2026-09-04,-0.019096211805680108,0.0009735804560419004,-0.1859154929577465,9.0,0.0,,,,
scatec-scatc-xosl,2026-09-04,0.015425686880000788,0.024112367046145722,0.4200000000000001,7.0,0.0,,,,
sed-energy-holdings-enh-xosl,2026-09-04,-0.009652140233871731,0.00234160083362267,0.2738255033557047,19.0,0.0,,,,
smartoptics-group-smop-xosl,2026-09-04,0.05047891675798499,-0.010287680418207601,0.7555555555555558,2.0,0.0,,,,
stolt-nielsen-sni-xosl,2026-09-04,-0.021025676762905343,0.01904586961266841,0.0,1.0,0.0,,,,
telenor-tel-xosl,2026-09-04,-0.0011164362058915245,-0.012379557607810288,0.18400000000000005,9.0,0.0,,,,
tgs-xosl,2026-09-04,0.027661426661019006,0.0024473973516935255,0.4391304347826088,3.0,0.0,,,,
thor-medical-trmed-xosl,2026-09-04,-0.006578364602816467,-0.1068874247324173,-0.06657142857142857,44.0,0.0,,,,
tomra-systems-tom-xosl,2026-09-04,-0.08045432689719967,0.0038145184872232507,0.611111111111111,1.0,0.0,,,,
var-energi-var-xosl,2026-09-04,0.013026281460755906,-0.006950304544134589,0.33584905660377357,5.0,0.0,,,,
vend-marketplaces-vend-xosl,2026-09-04,-0.010116196040210523,-0.0022060818347000577,0.6,4.0,0.0,,,,
western-bulk-chartering-west-merk,2026-09-04,0.0026429622903491046,-0.008285713960963115,-0.2,1.0,0.0,,,,
wilh0-wilhelmsen-holding-ser0-wwi-xosl,2026-09-04,-0.004534071202473844,0.021730601213062584,0.5,2.0,0.0,,,,
wilh0-wilhelmsen-holding-ser0-wwib-xosl,2026-09-04,0.019460556080776015,0.02076249866184654,0.6000000000000002,1.0,0.0,,,,
yara-international-yar-xosl,2026-09-04,0.004392018523891594,-0.01069451383721054,-0.4428571428571429,1.0,0.0,,,,
zaptec-zap-xosl,2026-09-04,0.08664297754913808,0.015172379112680434,0.14629629629629629,7.0,0.0,,,,
akastor-akast-xosl,2026-09-07,0.02155509622265739,0.008667053051995333,0.5,1.0,0.0,,,,
aker-bp-akrbp-xosl,2026-09-07,0.013031229177530523,0.00917330787028281,0.20909090909090908,1.0,0.0,,,,
aker-solutions-akso-xosl,2026-09-07,-0.011484143265266034,-0.0030174544509170564,0.6000000000000001,2.0,0.0,,,,
akva-group-akva-xosl,2026-09-07,-0.0038940176489856704,0.006139430475002761,0.20000000000000004,1.0,0.0,,,,
alng-xoas,2026-09-07,-0.027423476437423933,0.01756839278535327,0.0,2.0,0.0,,,,
austevoll-seafood-auss-xosl,2026-09-07,0.004409623192075829,0.0026429622903491046,0.7000000000000001,1.0,0.0,,,,
autostore-auto-xosl,2026-09-07,0.021259348400253897,0.014436793420740224,0.6468750000000001,4.0,0.0,,,,
axactor-acr-xosl,2026-09-07,-0.007718105766304051,0.004558715026704907,0.5333333333333334,1.0,0.0,,,,
bakkafrost-bakka-xosl,2026-09-07,0.01976383892992306,0.0017338852528846482,0.6000000000000001,1.0,0.0,,,,
bonheur-bonhr-xosl,2026-09-07,0.0018974881425202206,0.014361712290349105,0.46274509803921576,6.0,0.0,,,,
borregaard-brg-xosl,2026-09-07,-0.0025851371238037046,-0.01786983865992131,0.04651162790697675,5.0,0.0,,,,
bouvet-bouv-xosl,2026-09-07,-0.017092018174445833,0.010831325409558112,0.17948717948717952,5.0,0.0,,,,
bw-lpg-bwlpg-xosl,2026-09-07,-0.012031463745691306,-0.01209408514159982,0.5722222222222223,2.0,0.0,,,,
cadeler-cadlr-xosl,2026-09-07,-0.004747975594537546,0.012125707756910242,0.16097560975609762,6.0,0.0,,,,
capital-tankers-corp-capt-merk,2026-09-07,-0.0057489327646181865,0.00021437732012585808,0.39545454545454545,9.0,0.0,,,,
circio-holding-crna-xosl,2026-09-07,0.002148272765593484,0.025826903593535566,0.35077720207253893,44.0,0.0,,,,
cmb0tech-nv-cmbto-xosl,2026-09-07,-0.013816773181138164,-0.0028394940334571794,0.3490196078431373,7.0,0.0,,,,
constellation-oil-services-holding-cosh-xosl,2026-09-07,0.0034052524240071325,-0.0046034145212451305,0.8000000000000002,1.0,0.0,,,,
dno-xosl,2026-09-07,0.00318269192246734,0.0048252271945411485,0.407843137254902,7.0,0.0,,,,
dof-group-dofg-xosl,2026-09-07,0.005224499771889546,-0.0063931591002091,-0.09818181818181819,8.0,0.0,,,,
elkem-elk-xosl,2026-09-07,0.007695335261968195,0.013239757093680526,0.5259740259740261,5.0,0.0,,,,
elopak-elo-xosl,2026-09-07,-0.005252692597277342,-0.008109766679414987,0.5580645161290323,8.0,0.0,,,,
end-r-endur-xosl,2026-09-07,-0.005722213031500334,0.008157653993396852,0.8,1.0,0.0,,,,
envipco-holding-envip-xosl,2026-09-07,-0.019278611692637337,-0.11245608103271287,0.045045045045045036,13.0,0.0,,,,
europris-epr-xosl,2026-09-07,-0.015244755643535668,0.0026429622903491046,0.38604651162790704,5.0,0.0,,,,
frontline-fro-xosl,2026-09-07,0.0010483306595567843,-0.021248560319635734,0.16341463414634147,10.0,0.0,,,,
general-oceans-geno-xosl,2026-09-07,-0.030921044676012643,-0.0328106505540825,0.2916666666666667,3.0,0.0,,,,
gjensidige-forsikring-gjf-xosl,2026-09-07,-0.007480818379918874,-0.00940531647289955,-0.6000000000000001,1.0,0.0,,,,
grieg-seafood-gsf-xosl,2026-09-07,0.01267226785195441,-0.010730017253903656,0.4294117647058824,10.0,0.0,,,,
hafnia-hafni-xosl,2026-09-07,0.018370613826499405,-0.06496937257520385,0.16794871794871796,12.0,0.0,,,,
hexagon-composites-hex-xosl,2026-09-07,-0.007611504001693414,0.008626501885772853,0.03571428571428572,8.0,0.0,,,,
himalaya-shipping-hshp-xosl,2026-09-07,0.010391687540971528,-0.02513488426706878,-0.15,3.0,0.0,,,,
hoegh-autoliners-hauto-xosl,2026-09-07,-0.0015452572889356198,-0.02086616034849753,0.30000000000000004,1.0,0.0,,,,
hunter-group-hunt-xoas,2026-09-07,-0.020607078767004627,0.056974781874351454,0.12252252252252253,14.0,0.0,,,,
kitron-kit-xosl,2026-09-07,-0.03692247242136959,0.023389849928759587,0.4809917355371902,14.0,0.0,,,,
klaveness-combination-carriers-kcc-xosl,2026-09-07,0.002178841213243299,0.0006227910959833993,0.48000000000000004,2.0,0.0,,,,
kongsberg-automotive-koa-xosl,2026-09-07,-0.014005291502670603,-0.0013851833478722986,0.35652173913043483,3.0,0.0,,,,
kongsberg-gruppen-kog-xosl,2026-09-07,0.006844278347763577,-0.031079456977840536,0.28268041237113406,28.0,0.0,,,,
kongsberg-maritime-kmar-xosl,2026-09-07,0.011990230997372509,-0.0001729449301974828,0.28965517241379307,4.0,0.0,,,,
leroy-seafood-group-lsg-xosl,2026-09-07,0.008043549875576206,0.004482930825237763,-0.4529411764705882,2.0,0.0,,,,
link-mobility-group-holding-link-xosl,2026-09-07,-0.01855194561442164,-0.006235214247462206,0.3379310344827587,3.0,0.0,,,,
mpc-container-ships-mpcc-xosl,2026-09-07,-0.01828517406183805,-0.010107543232501737,0.4050847457627119,5.0,0.0,,,,
multiconsult-multi-xosl,2026-09-07,-0.02727068065882743,0.06617885147782177,-0.06666666666666668,2.0,0.0,,,,
napatech-napa-xosl,2026-09-07,-0.02064044769003759,0.011086833645691185,0.21600000000000003,7.0,0.0,,,,
norbit-norbt-xosl,2026-09-07,0.004195609460195371,-0.0016940697710717822,0.3187500000000001,6.0,0.0,,,,
norconsult-norco-xosl,2026-09-07,-0.005150279910769551,-0.006074404472209083,0.49411764705882355,5.0,0.0,,,,
nordic-semiconductor-nod-xosl,2026-09-07,-0.00796376734806814,0.02584340104632854,0.4526315789473685,2.0,0.0,,,,
norsk-hydro-nhy-xosl,2026-09-07,-0.008342208467564394,0.007966642121566614,0.6000000000000002,1.0,0.0,,,,
norske-skog-nskog-xosl,2026-09-07,-0.008095634343383562,-0.015913770201999577,0.29090909090909095,2.0,0.0,,,,
norwegian-air-shuttle-nas-xosl,2026-09-07,-0.004677734631936881,-0.008975908376046893,0.21621621621621626,3.0,0.0,,,,
nykode-therapeutics-nykd-xosl,2026-09-07,-0.010105221319814284,-0.014450981155480158,0.3040540540540541,9.0,0.0,,,,
odfjell-drilling-odl-xosl,2026-09-07,0.031212397795246316,-0.009962048074247942,0.39999999999999997,6.0,0.0,,,,
okea-xosl,2026-09-07,0.03711125400035509,0.0026429622903491046,-0.13333333333333336,1.0,0.0,,,,
okeanis-eco-tankers-oet-xosl,2026-09-07,-0.0038940176489856704,-0.01840966928859822,0.07976190476190477,12.0,0.0,,,,
orkla-ork-xosl,2026-09-07,0.0004396105553394758,-0.007544672543347453,0.04117647058823528,6.0,0.0,,,,
panoro-energy-pen-xosl,2026-09-07,-0.00051562642665548,0.0060328057300008675,-0.00789473684210527,5.0,0.0,,,,
paratus-energy-services-plsv-xosl,2026-09-07,0.011978998224030146,-0.01092700650240197,0.5764705882352942,2.0,0.0,,,,
pareto-bank-parb-xosl,2026-09-07,-0.005676521692496772,-0.021704890333631988,-0.2571428571428572,4.0,0.0,,,,
pexip-holding-pexip-xosl,2026-09-07,-0.022685984439306583,-0.006665508143818277,0.42857142857142866,3.0,0.0,,,,
prosafe-prs-xosl,2026-09-07,0.009464794320282799,-0.014242620050393562,0.47187500000000004,4.0,0.0,,,,
protector-forsikring-prot-xosl,2026-09-07,-0.016627463838634227,-0.00619166485179512,-0.4,2.0,0.0,,,,
sal-mar-salm-xosl,2026-09-07,0.017924164169196066,0.0026429622903491046,0.0,2.0,0.0,,,,
salmon-evolution-salme-xosl,2026-09-07,-0.04000509527847462,-0.019096211805680108,-0.19176470588235298,11.0,0.0,,,,
scatec-scatc-xosl,2026-09-07,0.011639948119180232,0.015425686880000788,0.44074074074074077,7.0,0.0,,,,
sed-energy-holdings-enh-xosl,2026-09-07,0.008554136203083651,-0.009652140233871731,0.028888888888888877,6.0,0.0,,,,
sentia-sntia-xosl,2026-09-07,-0.008470694066553763,0.017741720418069096,0.0,3.0,0.0,,,,
smartoptics-group-smop-xosl,2026-09-07,-0.01693746273857466,0.05047891675798499,0.9,1.0,0.0,,,,
stolt-nielsen-sni-xosl,2026-09-07,-0.012984926739894709,-0.021025676762905343,0.0,1.0,0.0,,,,
telenor-tel-xosl,2026-09-07,0.009690911043526151,-0.0011164362058915245,0.1525773195876289,13.0,0.0,,,,
tgs-xosl,2026-09-07,0.00041316707163230326,0.027661426661019006,0.6000000000000002,1.0,0.0,,,,
thor-medical-trmed-xosl,2026-09-07,0.04677814028815863,-0.006578364602816467,0.04719101123595506,54.0,0.0,,,,
tomra-systems-tom-xosl,2026-09-07,0.010524123935764518,-0.08045432689719967,0.3525641025641026,10.0,0.0,,,,
var-energi-var-xosl,2026-09-07,0.013892574307913463,0.013026281460755906,0.355,4.0,0.0,,,,
vend-marketplaces-vend-xosl,2026-09-07,-0.019241364006356454,-0.010116196040210523,0.5290322580645163,2.0,0.0,,,,
wallenius-wilhelmsen-wawi-xosl,2026-09-07,-0.002688398514629098,-0.015119027694319831,0.9,2.0,0.0,,,,
wilh0-wilhelmsen-holding-ser0-wwi-xosl,2026-09-07,-0.012327752588744745,-0.004534071202473844,0.23529411764705882,5.0,0.0,,,,
wilh0-wilhelmsen-holding-ser0-wwib-xosl,2026-09-07,-0.024250251745677742,0.019460556080776015,0.6000000000000002,1.0,0.0,,,,
yara-international-yar-xosl,2026-09-07,0.01945818969364188,0.004392018523891594,0.026666666666666655,5.0,0.0,,,,
zaptec-zap-xosl,2026-09-07,0.04592149388114786,0.08664297754913808,0.6107692307692308,15.0,0.0,,,,
akastor-akast-xosl,2026-09-08,-0.023118443718271764,0.02155509622265739,0.5342857142857144,4.0,0.0,,,,
aker-bp-akrbp-xosl,2026-09-08,0.0032035269033081626,0.013031229177530523,0.3628571428571429,4.0,0.0,,,,
alng-xoas,2026-09-08,0.0019761062995045098,-0.027423476437423933,0.596875,4.0,0.0,,,,
austevoll-seafood-auss-xosl,2026-09-08,0.004704676039388289,0.004409623192075829,0.6000000000000001,2.0,0.0,,,,
autostore-auto-xosl,2026-09-08,-0.07827479297330853,0.021259348400253897,0.49459459459459465,8.0,0.0,,,,
axactor-acr-xosl,2026-09-08,-0.026253869363191407,-0.007718105766304051,-0.05000000000000002,2.0,0.0,,,,
blue-nord-bnor-xosl,2026-09-08,0.017330214059474436,0.015644170628101417,0.12941176470588237,7.0,0.0,,,,
bonheur-bonhr-xosl,2026-09-08,-0.00706002984296461,0.0018974881425202206,0.22727272727272727,4.0,0.0,,,,
borregaard-brg-xosl,2026-09-08,-0.017517586075092906,-0.0025851371238037046,-0.10000000000000002,4.0,0.0,,,,
bouvet-bouv-xosl,2026-09-08,-0.005002369514608418,-0.017092018174445833,-0.5,2.0,0.0,,,,
bw-lpg-bwlpg-xosl,2026-09-08,0.004790499673195336,-0.012031463745691306,0.16666666666666666,2.0,0.0,,,,
capital-tankers-corp-capt-merk,2026-09-08,0.013032982024536066,-0.0057489327646181865,0.18750000000000003,3.0,0.0,,,,
circio-holding-crna-xosl,2026-09-08,-0.032585567408855654,0.002148272765593484,0.4946428571428573,21.0,0.0,,,,
constellation-oil-services-holding-cosh-xosl,2026-09-08,-0.00706002984296461,0.0034052524240071325,0.6000000000000002,1.0,0.0,,,,
dno-xosl,2026-09-08,0.018885891358999096,0.00318269192246734,0.3071428571428572,6.0,0.0,,,,
elkem-elk-xosl,2026-09-08,-0.0021500378646508445,0.007695335261968195,0.16129032258064518,4.0,0.0,,,,
elmera-group-elmra-xosl,2026-09-08,-0.00706002984296461,-0.00282099075209441,0.0,1.0,0.0,,,,
end-r-endur-xosl,2026-09-08,-0.019880487128764335,-0.005722213031500334,0.2428571428571429,2.0,0.0,,,,
envipco-holding-envip-xosl,2026-09-08,-0.002798731322210868,-0.019278611692637337,-0.2172185430463576,7.0,0.0,,,,
frontline-fro-xosl,2026-09-08,0.0011367062133558203,0.0010483306595567843,0.2681818181818182,13.0,0.0,,,,
general-oceans-geno-xosl,2026-09-08,0.0029399871112454345,-0.030921044676012643,0.08225806451612903,10.0,0.0,,,,
grieg-seafood-gsf-xosl,2026-09-08,-0.005578514453062899,0.01267226785195441,0.4328947368421053,10.0,0.0,,,,
hafnia-hafni-xosl,2026-09-08,0.025920699170146833,0.018370613826499405,0.0,1.0,0.0,,,,
hexagon-composites-hex-xosl,2026-09-08,-0.008552530190628627,-0.007611504001693414,-0.05151515151515154,4.0,0.0,,,,
himalaya-shipping-hshp-xosl,2026-09-08,-0.03288156503972739,0.010391687540971528,0.5225000000000001,4.0,0.0,,,,
hunter-group-hunt-xoas,2026-09-08,0.011353588506070267,-0.020607078767004627,0.03181818181818183,11.0,0.0,,,,
jinhui-shipping-transportation-jin-xosl,2026-09-08,0.0017118914203471114,0.026226507972071378,0.6571428571428573,2.0,0.0,,,,
kid-xosl,2026-09-08,-0.023507398470404506,-0.0005936749431214583,0.6000000000000002,2.0,0.0,,,,
kitron-kit-xosl,2026-09-08,-0.004432599512004476,-0.03692247242136959,0.2566666666666667,3.0,0.0,,,,
klaveness-combination-carriers-kcc-xosl,2026-09-08,0.015072735896172862,0.002178841213243299,0.5069444444444445,9.0,0.0,,,,
kongsberg-automotive-koa-xosl,2026-09-08,-0.00808146718070335,-0.014005291502670603,-0.060000000000000026,6.0,0.0,,,,
kongsberg-gruppen-kog-xosl,2026-09-08,-0.013700135815554293,0.006844278347763577,0.09999999999999999,19.0,0.0,,,,
kongsberg-maritime-kmar-xosl,2026-09-08,-0.01852632295737655,0.011990230997372509,0.5682926829268293,6.0,0.0,,,,
leroy-seafood-group-lsg-xosl,2026-09-08,0.0070052810946581445,0.008043549875576206,0.44600000000000006,6.0,0.0,,,,
link-mobility-group-holding-link-xosl,2026-09-08,-0.02028323612744176,-0.01855194561442164,0.33684210526315794,4.0,0.0,,,,
moreld-morld-xosl,2026-09-08,-0.019132510317970364,-0.0038940176489856704,-0.03703703703703705,4.0,0.0,,,,
mpc-container-ships-mpcc-xosl,2026-09-08,0.0037973662099295424,-0.01828517406183805,0.062068965517241385,4.0,0.0,,,,
multiconsult-multi-xosl,2026-09-08,-0.012379097831221042,-0.02727068065882743,-0.08000000000000002,5.0,0.0,,,,
napatech-napa-xosl,2026-09-08,0.042818391759620544,-0.02064044769003759,0.0,1.0,0.0,,,,
norbit-norbt-xosl,2026-09-08,-0.016936610728863544,0.004195609460195371,0.5760000000000001,3.0,0.0,,,,
norconsult-norco-xosl,2026-09-08,-0.0120914955772905,-0.005150279910769551,0.08571428571428573,2.0,0.0,,,,
nordic-semiconductor-nod-xosl,2026-09-08,0.012788153670827196,-0.00796376734806814,0.07222222222222219,2.0,0.0,,,,
norsk-hydro-nhy-xosl,2026-09-08,-0.019825954824264636,-0.008342208467564394,0.13571428571428581,2.0,0.0,,,,
norwegian-air-shuttle-nas-xosl,2026-09-08,-0.00706002984296461,-0.004677734631936881,0.09444444444444448,7.0,0.0,,,,
nykode-therapeutics-nykd-xosl,2026-09-08,0.04293992247331957,-0.010105221319814284,-0.05000000000000007,2.0,0.0,,,,
odfjell-drilling-odl-xosl,2026-09-08,-0.011171042312985935,0.031212397795246316,0.8,2.0,0.0,,,,
okea-xosl,2026-09-08,0.005646450954711391,0.03711125400035509,0.0,3.0,0.0,,,,
okeanis-eco-tankers-oet-xosl,2026-09-08,-0.00706002984296461,-0.0038940176489856704,0.4133333333333334,4.0,0.0,,,,
orkla-ork-xosl,2026-09-08,-0.02270185288479043,0.0004396105553394758,-0.3717948717948718,4.0,0.0,,,,
panoro-energy-pen-xosl,2026-09-08,0.035027511163424396,-0.00051562642665548,0.2983606557377049,7.0,0.0,,,,
paratus-energy-services-plsv-xosl,2026-09-08,-0.009143331387154063,0.011978998224030146,0.34473684210526323,6.0,0.0,,,,
pareto-bank-parb-xosl,2026-09-08,-0.01063147203831194,-0.005676521692496772,-0.56,3.0,0.0,,,,
prosafe-prs-xosl,2026-09-08,0.032488000366061476,0.009464794320282799,0.24893617021276604,6.0,0.0,,,,
protector-forsikring-prot-xosl,2026-09-08,-0.007919927529047355,-0.016627463838634227,0.021052631578947385,2.0,0.0,,,,
reach-subsea-reach-xosl,2026-09-08,-0.024247550448476263,-0.007009279438524363,-0.29090909090909095,3.0,0.0,,,,
salmon-evolution-salme-xosl,2026-09-08,-0.02723292110107578,-0.04000509527847462,0.044067796610169484,14.0,0.0,,,,
scatec-scatc-xosl,2026-09-08,-0.013752161376937577,0.011639948119180232,0.5181818181818182,3.0,0.0,,,,
sed-energy-holdings-enh-xosl,2026-09-08,0.010699483074403826,0.008554136203083651,0.16975308641975312,20.0,0.0,,,,
smartoptics-group-smop-xosl,2026-09-08,0.04139805108877592,-0.01693746273857466,0.7000000000000001,2.0,0.0,,,,
solstad-maritime-soma-xosl,2026-09-08,-0.03450425788858014,-0.0004516636353526504,0.5,1.0,0.0,,,,
storebrand-stb-xosl,2026-09-08,-0.0030878199323278732,-0.017606079811589348,0.55,2.0,0.0,,,,
telenor-tel-xosl,2026-09-08,-0.006315496392075293,0.009690911043526151,-0.07878787878787878,9.0,0.0,,,,
tgs-xosl,2026-09-08,0.014383859584362835,0.00041316707163230326,0.7000000000000001,1.0,0.0,,,,
thor-medical-trmed-xosl,2026-09-08,-0.06709936703179553,0.04677814028815863,-0.05200000000000001,16.0,0.0,,,,
tomra-systems-tom-xosl,2026-09-08,-0.00706002984296461,0.010524123935764518,0.1588709677419355,14.0,0.0,,,,
var-energi-var-xosl,2026-09-08,0.023231258958802625,0.013892574307913463,0.3787500000000001,9.0,0.0,,,,
veidekke-vei-xosl,2026-09-08,-0.021078721431749603,0.0031648058804261137,0.6000000000000001,1.0,0.0,,,,
vend-marketplaces-vend-xosl,2026-09-08,-0.029209369825241027,-0.019241364006356454,0.6000000000000002,2.0,0.0,,,,
western-bulk-chartering-west-merk,2026-09-08,0.0063328786176677365,0.04283495514660718,0.6000000000000001,1.0,0.0,,,,
yara-international-yar-xosl,2026-09-08,-0.0010885682370915806,0.01945818969364188,0.22499999999999998,3.0,0.0,,,,
zaptec-zap-xosl,2026-09-08,-0.005302587462657993,0.04592149388114786,0.39931034482758626,20.0,0.0,,,,
akastor-akast-xosl,2026-09-09,0.00046291297419998045,-0.023118443718271764,0.6071428571428571,7.0,0.0,,,,
aker-bp-akrbp-xosl,2026-09-09,0.0014552361324469132,0.0032035269033081626,0.16000000000000003,3.0,0.0,,,,
atea-xosl,2026-09-09,0.006397625616837432,-0.009490219031547453,0.7000000000000001,1.0,0.0,,,,
austevoll-seafood-auss-xosl,2026-09-09,-0.0005791008264310893,0.004704676039388289,0.6000000000000001,2.0,0.0,,,,
autostore-auto-xosl,2026-09-09,-0.002623014795110512,-0.07827479297330853,-0.13121951219512196,27.0,0.0,,,,
blue-nord-bnor-xosl,2026-09-09,0.006397625616837432,0.017330214059474436,0.13508771929824565,8.0,0.0,,,,
bonheur-bonhr-xosl,2026-09-09,0.0044782398202922735,-0.00706002984296461,0.13333333333333333,4.0,0.0,,,,
borregaard-brg-xosl,2026-09-09,-0.0068124145458289265,-0.017517586075092906,-0.5,1.0,0.0,,,,
bouvet-bouv-xosl,2026-09-09,0.0012641554713862524,-0.005002369514608418,0.7000000000000001,1.0,0.0,,,,
bw-lpg-bwlpg-xosl,2026-09-09,0.04783905331162197,0.004790499673195336,0.30566037735849055,7.0,0.0,,,,
capital-tankers-corp-capt-merk,2026-09-09,-0.003216666210457797,0.013032982024536066,0.02380952380952383,4.0,0.0,,,,
circio-holding-crna-xosl,2026-09-09,0.0033159643484476087,-0.032585567408855654,0.22479338842975205,26.0,0.0,,,,
cmb0tech-nv-cmbto-xosl,2026-09-09,0.02110345593271945,-0.02265024675055194,0.10350877192982458,5.0,0.0,,,,
constellation-oil-services-holding-cosh-xosl,2026-09-09,-0.0008487511947568027,-0.00706002984296461,0.6000000000000002,1.0,0.0,,,,
dno-xosl,2026-09-09,0.010612584817865311,0.018885891358999096,0.32592592592592595,12.0,0.0,,,,
elkem-elk-xosl,2026-09-09,0.0036832262219701484,-0.0021500378646508445,0.4071428571428572,8.0,0.0,,,,
elmera-group-elmra-xosl,2026-09-09,0.005325748872523017,-0.00706002984296461,0.05581395348837209,6.0,0.0,,,,
elopak-elo-xosl,2026-09-09,-0.01252131392206668,-0.0002573087545292285,0.0,3.0,0.0,,,,
end-r-endur-xosl,2026-09-09,-0.008444731138453121,-0.019880487128764335,0.5666666666666667,2.0,0.0,,,,
envipco-holding-envip-xosl,2026-09-09,-0.02471973001547967,-0.002798731322210868,0.11282051282051282,5.0,0.0,,,,
frontline-fro-xosl,2026-09-09,0.029858677665437483,0.0011367062133558203,0.3020833333333333,11.0,0.0,,,,
general-oceans-geno-xosl,2026-09-09,-0.00130311075820988,0.0029399871112454345,-0.27575757575757576,5.0,0.0,,,,
hafnia-hafni-xosl,2026-09-09,0.030494011159006185,0.025920699170146833,0.37272727272727274,2.0,0.0,,,,
himalaya-shipping-hshp-xosl,2026-09-09,0.013626490261918534,-0.03288156503972739,0.5088235294117649,3.0,0.0,,,,
hoegh-autoliners-hauto-xosl,2026-09-09,0.01502823536172504,0.011100521761822968,-0.23076923076923075,2.0,0.0,,,,
hunter-group-hunt-xoas,2026-09-09,0.08706517492549026,0.011353588506070267,0.12666666666666668,17.0,0.0,,,,
jinhui-shipping-transportation-jin-xosl,2026-09-09,0.00929617353713974,0.0017118914203471114,0.7375,4.0,0.0,,,,
kitron-kit-xosl,2026-09-09,-0.005132756527052917,-0.004432599512004476,0.28441558441558445,9.0,0.0,,,,
klaveness-combination-carriers-kcc-xosl,2026-09-09,0.0024606026652005397,0.015072735896172862,0.7487804878048782,5.0,0.0,,,,
kongsberg-automotive-koa-xosl,2026-09-09,0.009465131778574332,-0.00808146718070335,0.3703703703703704,3.0,0.0,,,,
kongsberg-gruppen-kog-xosl,2026-09-09,0.015755873206183546,-0.013700135815554293,0.23880597014925378,16.0,0.0,,,,
kongsberg-maritime-kmar-xosl,2026-09-09,0.017645417751910752,-0.01852632295737655,0.411904761904762,6.0,0.0,,,,
leroy-seafood-group-lsg-xosl,2026-09-09,-0.01597373865457208,0.0070052810946581445,0.35000000000000003,2.0,0.0,,,,
link-mobility-group-holding-link-xosl,2026-09-09,-0.016215398970948036,-0.02028323612744176,-0.3090909090909091,5.0,0.0,,,,
moreld-morld-xosl,2026-09-09,-0.009895638373429105,-0.019132510317970364,-0.04999999999999999,2.0,0.0,,,,
mpc-container-ships-mpcc-xosl,2026-09-09,0.01676800839579684,0.0037973662099295424,0.37391304347826093,4.0,0.0,,,,
multiconsult-multi-xosl,2026-09-09,0.007734503558565642,-0.012379097831221042,0.26666666666666666,1.0,0.0,,,,
napatech-napa-xosl,2026-09-09,0.03652506921103704,0.042818391759620544,0.0,1.0,0.0,,,,
norbit-norbt-xosl,2026-09-09,-0.01230561699011723,-0.016936610728863544,0.6133333333333334,3.0,0.0,,,,
norconsult-norco-xosl,2026-09-09,-0.02647214080890692,-0.0120914955772905,0.23636363636363641,1.0,0.0,,,,
nordic-semiconductor-nod-xosl,2026-09-09,-0.035960668749227986,0.012788153670827196,0.45108695652173914,11.0,0.0,,,,
norsk-hydro-nhy-xosl,2026-09-09,-0.012998958354758727,-0.019825954824264636,-0.7000000000000001,1.0,0.0,,,,
norske-skog-nskog-xosl,2026-09-09,0.0183975950992592,0.04779225687482325,0.16142857142857145,9.0,0.0,,,,
norwegian-air-shuttle-nas-xosl,2026-09-09,-0.020661218856010355,-0.00706002984296461,0.12105263157894737,7.0,0.0,,,,
nykode-therapeutics-nykd-xosl,2026-09-09,-0.03169757787797034,0.04293992247331957,0.28253968253968254,5.0,0.0,,,,
odfjell-drilling-odl-xosl,2026-09-09,0.03322939479309195,-0.011171042312985935,0.7083333333333333,3.0,0.0,,,,
okea-xosl,2026-09-09,0.008907093437352076,0.005646450954711391,0.42631578947368426,2.0,0.0,,,,
okeanis-eco-tankers-oet-xosl,2026-09-09,0.03404739520209099,-0.00706002984296461,0.34651162790697676,3.0,0.0,,,,
orkla-ork-xosl,2026-09-09,0.015164782348429773,-0.02270185288479043,-0.0040816326530612275,6.0,0.0,,,,
panoro-energy-pen-xosl,2026-09-09,0.014475169844214486,0.035027511163424396,0.37500000000000006,3.0,0.0,,,,
paratus-energy-services-plsv-xosl,2026-09-09,0.0011784191025133728,-0.009143331387154063,-0.2,2.0,0.0,,,,
pareto-bank-parb-xosl,2026-09-09,0.015358199216055635,-0.01063147203831194,0.0,2.0,0.0,,,,
pexip-holding-pexip-xosl,2026-09-09,0.007790361966012904,-0.02484382532174978,0.2666666666666667,3.0,0.0,,,,
prosafe-prs-xosl,2026-09-09,-0.028022674723194085,0.032488000366061476,0.2761904761904762,10.0,0.0,,,,
reach-subsea-reach-xosl,2026-09-09,0.022295861743870438,-0.024247550448476263,-0.2461538461538462,2.0,0.0,,,,
sal-mar-salm-xosl,2026-09-09,-0.013654684758053537,0.013402603608992703,-0.09545454545454547,4.0,0.0,,,,
salmon-evolution-salme-xosl,2026-09-09,0.0034564520336711757,-0.02723292110107578,-0.01823899371069183,22.0,0.0,,,,
scatec-scatc-xosl,2026-09-09,-0.02343874039465854,-0.013752161376937577,0.27209302325581397,5.0,0.0,,,,
sed-energy-holdings-enh-xosl,2026-09-09,-0.008367429348727251,0.010699483074403826,0.15208333333333332,6.0,0.0,,,,
selvaag-bolig-sbo-xosl,2026-09-09,-0.0027070551150055744,0.0036762371877288036,-0.25000000000000006,2.0,0.0,,,,
smartoptics-group-smop-xosl,2026-09-09,-0.01671158676515727,0.04139805108877592,0.6000000000000001,1.0,0.0,,,,
solstad-maritime-soma-xosl,2026-09-09,0.001106633852748562,-0.03450425788858014,-0.1606060606060606,4.0,0.0,,,,
storebrand-stb-xosl,2026-09-09,0.004419416405554544,-0.0030878199323278732,0.6720000000000002,3.0,0.0,,,,
telenor-tel-xosl,2026-09-09,0.004909553017695578,-0.006315496392075293,0.5739130434782609,3.0,0.0,,,,
tgs-xosl,2026-09-09,-0.019494586463468466,0.014383859584362835,0.7000000000000001,1.0,0.0,,,,
thor-medical-trmed-xosl,2026-09-09,0.001162003654926691,-0.06709936703179553,0.276530612244898,13.0,0.0,,,,
tomra-systems-tom-xosl,2026-09-09,-0.030658227437770802,-0.00706002984296461,-0.029411764705882353,2.0,0.0,,,,
var-energi-var-xosl,2026-09-09,0.010920766543296878,0.023231258958802625,0.32820512820512826,5.0,0.0,,,,
veidekke-vei-xosl,2026-09-09,-0.019668725094063033,-0.021078721431749603,0.6000000000000001,1.0,0.0,,,,
vend-marketplaces-vend-xosl,2026-09-09,-0.011219811697636195,-0.029209369825241027,0.39793814432989694,7.0,0.0,,,,
wallenius-wilhelmsen-wawi-xosl,2026-09-09,0.01646282554853884,0.009797210916098198,0.7000000000000001,2.0,0.0,,,,
western-bulk-chartering-west-merk,2026-09-09,-0.011223586384703887,0.0063328786176677365,0.6000000000000001,2.0,0.0,,,,
yara-international-yar-xosl,2026-09-09,-0.01565033737854593,-0.0010885682370915806,-0.2,1.0,0.0,,,,
zaptec-zap-xosl,2026-09-09,-0.009391874837178626,-0.005302587462657993,0.20654205607476636,14.0,0.0,,,,
af-gruppen-afg-xosl,2026-09-10,-0.000347050678896732,-0.003197273067571782,0.4428571428571429,2.0,0.0,-0.0006346231943506758,-0.0007058534808682196,-0.0005872506277670724,0.00223590718448252
akastor-akast-xosl,2026-09-10,-0.0059010327137757335,0.00046291297419998045,0.7000000000000001,1.0,0.0,-0.0006346231943506758,-0.0008009205210203596,-0.0007430899396490066,-0.0021728499226000802
aker-bp-akrbp-xosl,2026-09-10,-0.006942224390912521,0.0014552361324469132,0.5125000000000001,7.0,0.0,-0.0006346231943506758,-0.0007316008042427575,-0.0009399529607243037,0.002767619386587572
aker-solutions-akso-xosl,2026-09-10,-0.006266094075731754,-0.010269059215054277,-0.007999999999999997,3.0,0.0,-0.0006346231943506758,-0.0005391692704681344,-0.001528590987252148,-0.0017323463690161569
autostore-auto-xosl,2026-09-10,0.006378872702206051,-0.002623014795110512,0.26406250000000003,8.0,0.0,-0.0006346231943506758,-0.0006397521795124349,-0.0003119742385746567,0.011326323206078542
axactor-acr-xosl,2026-09-10,-0.023034488048565782,0.0024837351268270913,-0.38000000000000006,4.0,0.0,-0.0006346231943506758,-0.00040163895238137207,-0.00027334920694186055,0.0038169206010250263
b2-impact-b2i-xosl,2026-09-10,-0.014782253297918047,0.025852877957569742,0.2,1.0,0.0,-0.0006346231943506758,-0.0006160679429467542,-0.002176229261036496,-0.0003043124551081033
blue-nord-bnor-xosl,2026-09-10,-0.004824821045274041,0.006397625616837432,0.035454545454545454,14.0,0.0,-0.0006346231943506758,-0.0005552346399807132,0.000375191801289871,-0.004889690054093532
bonheur-bonhr-xosl,2026-09-10,-0.0014234605010563506,0.0044782398202922735,0.3333333333333333,2.0,0.0,-0.0006346231943506758,-0.0006653619637663823,-0.00013163948365978238,-0.0019566827928634207
bouvet-bouv-xosl,2026-09-10,0.011992384719710536,0.0012641554713862524,0.7000000000000001,1.0,0.0,-0.0006346231943506758,-0.0008009205210203596,0.0009459257319959597,0.0036255877708802073
bw-lpg-bwlpg-xosl,2026-09-10,0.009822240787156433,0.04783905331162197,0.5606060606060607,4.0,0.0,-0.0006346231943506758,-0.0007493858628907483,-0.0017544153689717954,0.0016228606141905448
cadeler-cadlr-xosl,2026-09-10,0.0010954568423640065,0.0013851069082486678,0.6133333333333335,3.0,0.0,-0.0006346231943506758,-0.0007688794074876013,0.0003354141703474573,0.002079751433092294
capital-tankers-corp-capt-merk,2026-09-10,0.025126207838901626,-0.003216666210457797,0.04999999999999998,3.0,0.0,-0.0006346231943506758,-0.0005606121695246726,0.00023099632380310046,0.010368104424708657
circio-holding-crna-xosl,2026-09-10,-0.015333766323194054,0.0033159643484476087,0.26419213973799127,29.0,0.0,-0.0006346231943506758,-0.0006398001079920119,-0.0018206523497743307,-0.0021528505197991616
cmb0tech-nv-cmbto-xosl,2026-09-10,0.00749519143846844,0.02110345593271945,-0.02816901408450705,8.0,0.0,-0.0006346231943506758,-0.0005317126819666864,0.0004694160564523075,-0.0034753997358692255
dno-xosl,2026-09-10,0.001199894473245866,0.010612584817865311,0.5951807228915663,10.0,0.0,-0.0006346231943506758,-0.0007621682938097483,-0.001860409350159854,-0.005282742713431395
dof-group-dofg-xosl,2026-09-10,0.021600330210662433,-0.01390310331731437,-0.7000000000000001,1.0,0.0,-0.0006346231943506758,-0.00028333330241426467,-0.0006663414001914856,0.0047220893377289035
elkem-elk-xosl,2026-09-10,-0.007411517405040313,0.0036832262219701484,0.5983870967741935,8.0,0.0,-0.0006346231943506758,-0.0007633537067666913,-0.00211837281194223,-0.002760651712463288
elmera-group-elmra-xosl,2026-09-10,-0.0014234605010563506,0.005325748872523017,0.10434782608695653,3.0,0.0,-0.0006346231943506758,-0.0005807048410544123,-0.0005829906007714532,0.0068723754889580095
elopak-elo-xosl,2026-09-10,-0.012442681426363178,-0.01252131392206668,0.0,1.0,0.0,-0.0006346231943506758,-0.0005421269117173121,-0.0007842384311809552,0.0034797165648909278
end-r-endur-xosl,2026-09-10,-0.02213906324551218,-0.008444731138453121,0.0666666666666667,3.0,0.0,-0.0006346231943506758,-0.0005667739221271261,-7.586085120886389e-05,0.0002852097389008239
envipco-holding-envip-xosl,2026-09-10,0.005875809571936452,-0.02471973001547967,-0.31875000000000003,2.0,0.0,-0.0006346231943506758,-0.0004242833931953887,-0.00026941991920332534,0.005293326335101468
frontline-fro-xosl,2026-09-10,0.0389759887412684,0.029858677665437483,0.09847328244274808,18.0,0.0,-0.0006346231943506758,-0.0005785329919791366,-0.0002855506509200466,0.012242408456439225
general-oceans-geno-xosl,2026-09-10,0.0007937793076333577,-0.00130311075820988,0.3428571428571429,2.0,0.0,-0.0006346231943506758,-0.0006688829652534986,-0.0007014391953880862,-0.0038027712828528465
gjensidige-forsikring-gjf-xosl,2026-09-10,-0.005007689891737388,0.015804304925554735,-0.30000000000000004,1.0,0.0,-0.0006346231943506758,-0.00043121536487314893,-0.0006635154837092219,0.002242100461557074
grieg-seafood-gsf-xosl,2026-09-10,-0.007353773700714994,0.004178639993336231,0.7333333333333334,3.0,0.0,-0.0006346231943506758,-0.0008132440262252665,0.0005075780805702073,0.0024698354444196552
hafnia-hafni-xosl,2026-09-10,0.041517733921048405,0.030494011159006185,0.3775510204081633,8.0,0.0,-0.0006346231943506758,-0.0006817094706708508,-0.0005600772381064291,0.005778912067998386
hoegh-autoliners-hauto-xosl,2026-09-10,0.02196496376221102,0.01502823536172504,0.062499999999999986,2.0,0.0,-0.0006346231943506758,-0.0005652334839765128,-0.0010888897073650565,-0.0034751469878566052
hunter-group-hunt-xoas,2026-09-10,0.07965762058002479,0.08706517492549026,0.2277777777777778,11.0,0.0,-0.0006346231943506758,-0.00062633753061751,-0.0012942339683454937,0.015084814445706928
jinhui-shipping-transportation-jin-xosl,2026-09-10,-0.0014234605010563506,0.00929617353713974,0.047058823529411736,2.0,0.0,-0.0006346231943506758,-0.0005595248014183573,-0.0019436189797668953,-0.004153298808446333
kitron-kit-xosl,2026-09-10,0.014483219790106583,-0.005132756527052917,0.576923076923077,8.0,0.0,-0.0006346231943506758,-0.0007554183479560874,1.4346672789672106e-05,0.007042882934271175
klaveness-combination-carriers-kcc-xosl,2026-09-10,0.01833938594470874,0.0024606026652005397,0.8,3.0,0.0,-0.0006346231943506758,-0.0008378910366350805,0.0002738138560540394,0.004386577149216156
kongsberg-automotive-koa-xosl,2026-09-10,0.006731499908639638,0.009465131778574332,0.2715686274509804,7.0,0.0,-0.0006346231943506758,-0.0006425272335337604,-0.0008839881893397996,0.00021102298290856964
kongsberg-gruppen-kog-xosl,2026-09-10,0.0018877977770892507,0.015755873206183546,0.11904761904761904,7.0,0.0,-0.0006346231943506758,-0.0005861394303062657,0.0003490834061337087,0.002100471906121729
kongsberg-maritime-kmar-xosl,2026-09-10,0.006918554351202699,0.017645417751910752,0.2535714285714286,13.0,0.0,-0.0006346231943506758,-0.0006358735763117834,-0.002534381059425172,0.001023837908766413
link-mobility-group-holding-link-xosl,2026-09-10,0.007145552422333834,-0.016215398970948036,-0.9000000000000001,1.0,0.0,-0.0006346231943506758,-0.0002093922711848225,-0.0009325573606191607,0.0047220893377289035
moreld-morld-xosl,2026-09-10,0.013069309146905406,-0.009895638373429105,0.34800000000000003,6.0,0.0,-0.0006346231943506758,-0.0006707843060565413,-0.0003964305388472893,0.0007184100676166566
mpc-container-ships-mpcc-xosl,2026-09-10,-0.002523173609210172,0.01676800839579684,-0.2147058823529412,5.0,0.0,-0.0006346231943506758,-0.00046274903995629336,-0.00031085865328308964,0.0006855785441795033
multiconsult-multi-xosl,2026-09-10,-0.006763934703058916,0.007734503558565642,0.5,1.0,0.0,-0.0006346231943506758,-0.0007269794897909173,-0.0011793384206070056,-0.004416370934409452
napatech-napa-xosl,2026-09-10,0.0356968473248398,0.03652506921103704,0.0,1.0,0.0,-0.0006346231943506758,-0.0005421269117173121,-0.0014527620174367068,0.008504814660369057
norbit-norbt-xosl,2026-09-10,0.027801484110700603,-0.01230561699011723,-0.021428571428571408,4.0,0.0,-0.0006346231943506758,-0.0005342046583713004,0.0010415265939261243,-0.0013187682796114146
norconsult-norco-xosl,2026-09-10,-0.007959408213474628,-0.02647214080890692,0.21333333333333337,2.0,0.0,-0.0006346231943506758,-0.000620997345028717,-0.0007632842770248121,-0.0006472036000530068
nordic-semiconductor-nod-xosl,2026-09-10,0.04579706402003603,-0.035960668749227986,0.166,5.0,0.0,-0.0006346231943506758,-0.000603497967637749,0.000693363994110074,0.0015281929181314778
norske-skog-nskog-xosl,2026-09-10,0.0005528693770859849,0.0183975950992592,0.3810526315789474,13.0,0.0,-0.0006346231943506758,-0.0006830040343755123,-0.002271620494029461,0.0023660636802608002
norwegian-air-shuttle-nas-xosl,2026-09-10,-0.00021424295606253807,-0.020661218856010355,-0.12135922330097086,13.0,0.0,-0.0006346231943506758,-0.0004972597811169224,0.0013096030184821398,-0.006321381241924447
nykode-therapeutics-nykd-xosl,2026-09-10,-0.023700667188957247,-0.03169757787797034,0.4113821138211382,8.0,0.0,-0.0006346231943506758,-0.0006942170003437255,-2.1741079503859802e-05,0.004574804395884501
odfjell-drilling-odl-xosl,2026-09-10,0.029732303057949716,0.03322939479309195,0.5437500000000001,4.0,0.0,-0.0006346231943506758,-0.0007431540903723578,-0.0008992404189719532,0.002695578042914135
okea-xosl,2026-09-10,0.009840638481312336,0.008907093437352076,0.06000000000000002,4.0,0.0,-0.0006346231943506758,-0.0005643092210861448,7.660378910323833e-05,0.0050280906741100575
okeanis-eco-tankers-oet-xosl,2026-09-10,0.04341958882629782,0.03404739520209099,0.5436170212765957,12.0,0.0,-0.0006346231943506758,-0.0007431049274526574,-0.0028649305710584574,-0.004016268013994248
orkla-ork-xosl,2026-09-10,-0.011743987889877183,0.015164782348429773,0.13870967741935483,9.0,0.0,-0.0006346231943506758,-0.0005934085946667639,0.00023327649766351384,0.0033774676176463714
panoro-energy-pen-xosl,2026-09-10,0.0017816187193222532,0.014475169844214486,0.3714285714285715,2.0,0.0,-0.0006346231943506758,-0.0006794459697148475,-0.0001651750069913277,-0.006055052418632866
paratus-energy-services-plsv-xosl,2026-09-10,0.005921732844446748,0.0011784191025133728,0.6000000000000001,1.0,0.0,-0.0006346231943506758,-0.0007639500054056384,0.0008086664794772387,-0.002183452899817839
pareto-bank-parb-xosl,2026-09-10,-0.0067520438247852255,0.015358199216055635,-0.12812500000000002,5.0,0.0,-0.0006346231943506758,-0.0004947584385859507,0.0001799028023033993,-0.009517904501059639
pexip-holding-pexip-xosl,2026-09-10,0.002748937496116266,0.007790361966012904,0.6000000000000001,1.0,0.0,-0.0006346231943506758,-0.0007639500054056384,0.00025703637400430125,-0.0031457997766098176
prosafe-prs-xosl,2026-09-10,-0.0032995866150928865,-0.028022674723194085,0.44337349397590364,10.0,0.0,-0.0006346231943506758,-0.0007060443785392079,-0.001471893860616965,-0.00556410264066402
protector-forsikring-prot-xosl,2026-09-10,-0.021047995332563407,0.015003477822198574,-0.2,2.0,0.0,-0.0006346231943506758,-0.00046818588048787,-0.002642058418924875,0.004487871595551327
reach-subsea-reach-xosl,2026-09-10,0.00014152057731342538,0.022295861743870438,0.0,1.0,0.0,-0.0006346231943506758,-0.0005421269117173121,-0.0013144809577759543,0.0026082667842189673
sal-mar-salm-xosl,2026-09-10,0.033274048395740774,-0.013654684758053537,0.4083333333333334,2.0,0.0,-0.0006346231943506758,-0.0006930898504774231,0.0005571187335468475,-0.005065555430968441
salmon-evolution-salme-xosl,2026-09-10,-0.00879811967326849,0.0034564520336711757,0.22133333333333333,10.0,0.0,-0.0006346231943506758,-0.0006239549862778947,-8.133697240853119e-05,0.004262249474994329
scatec-scatc-xosl,2026-09-10,-0.01729653644425888,-0.02343874039465854,0.22941176470588234,2.0,0.0,-0.0006346231943506758,-0.0006269416240099074,-0.0009224308664335652,0.0063919446133349185
sed-energy-holdings-enh-xosl,2026-09-10,-0.01232263244151588,-0.008367429348727251,0.03333333333333333,1.0,0.0,-0.0006346231943506758,-0.0005544504169222191,-0.0019306290731327367,0.006608619981438058
selvaag-bolig-sbo-xosl,2026-09-10,0.009296247240570432,-0.0027070551150055744,-0.2333333333333333,3.0,0.0,-0.0006346231943506758,-0.00045586237528296293,-0.0004803748986673081,-0.005692370046671902
sentia-sntia-xosl,2026-09-10,0.0009406598446184411,0.0016917253123797105,-0.4,2.0,0.0,-0.0006346231943506758,-0.0003942448492584279,-7.223876490785068e-05,0.007110919148221524
smartoptics-group-smop-xosl,2026-09-10,0.03943678736730716,-0.01671158676515727,0.6000000000000002,1.0,0.0,-0.0006346231943506758,-0.0007639500054056385,-0.0009629858811050189,-0.0015518293661275701
solstad-maritime-soma-xosl,2026-09-10,-0.010288708488161102,0.001106633852748562,-0.4000000000000001,3.0,0.0,-0.0006346231943506758,-0.0003942448492584278,-0.0008606157074280733,0.0044684100360493076
solstad-offshore-soff-xosl,2026-09-10,-0.002877037522563075,-0.006514769446145041,0.4000000000000001,1.0,0.0,-0.0006346231943506758,-0.0006900089741761963,-0.0007095411744014341,-0.005659921087832923
storebrand-stb-xosl,2026-09-10,-0.0053877966737997385,0.004419416405554544,0.6076923076923079,1.0,0.0,-0.0006346231943506758,-0.0007667938912221555,-0.002409824950412913,-0.00254948197329354
telenor-tel-xosl,2026-09-10,-0.004404041019539062,0.004909553017695578,0.4444444444444445,4.0,0.0,-0.0006346231943506758,-0.0007064403144494057,0.0002142930732025437,0.00011858096046275137
tgs-xosl,2026-09-10,0.005760447702417348,-0.019494586463468466,-0.09047619047619049,3.0,0.0,-0.0006346231943506758,-0.0005086773975897073,-0.001137575759451369,-0.010466542245314327
thor-medical-trmed-xosl,2026-09-10,-0.01194981644523807,0.001162003654926691,0.07581967213114756,32.0,0.0,-0.0006346231943506758,-0.0005701578354415883,0.0009179270039577452,0.008997931387415397
tomra-systems-tom-xosl,2026-09-10,-0.0030049209996542148,-0.030658227437770802,0.20451127819548873,17.0,0.0,-0.0006346231943506758,-0.0006177357857564408,-0.0003144658251130456,0.0011923841068693427
var-energi-var-xosl,2026-09-10,-0.004800576969204884,0.010920766543296878,0.3416666666666667,11.0,0.0,-0.0006346231943506758,-0.000668442840067609,-0.0011870674363247138,0.0034226865974316813
vend-marketplaces-vend-xosl,2026-09-10,0.014802001075689963,-0.011219811697636195,0.5333333333333333,7.0,0.0,-0.0006346231943506758,-0.0007393029949958244,-0.0018094048675991437,0.0028808762230326432
yara-international-yar-xosl,2026-09-10,-0.02093354122544433,-0.01565033737854593,-0.2,1.0,0.0,-0.0006346231943506758,-0.00046818588048787,-0.0009393236035357814,0.005060141851406835
zaptec-zap-xosl,2026-09-10,0.011054271798033977,-0.009391874837178626,0.3787234042553192,6.0,0.0,-0.0006346231943506758,-0.0006821429070241281,-0.00042149039829722767,0.004078735759945884
af-gruppen-afg-xosl,2026-09-11,0.0024253530170775806,-0.000347050678896732,0.18750000000000003,3.0,0.0,-0.0006346231943506758,-0.0006114466284949141,-0.000686727256505585,-0.004029320132855822
aker-bp-akrbp-xosl,2026-09-11,0.022749893260233356,-0.006942224390912521,0.412280701754386,4.0,0.0,-0.0006346231943506758,-0.000694549212935899,-0.0023656427955597277,-0.0030847005798793964
aker-solutions-akso-xosl,2026-09-11,-0.006537774422976983,-0.006266094075731754,-0.08235294117647059,2.0,0.0,-0.0006346231943506758,-0.000511680604740483,-0.0013357331082862406,-0.003903524894460907
austevoll-seafood-auss-xosl,2026-09-11,-0.007912250612581273,-0.00025251820205896003,0.0,1.0,0.0,-0.0006346231943506758,-0.0005421269117173121,-0.0012480502102373684,-0.0006123949023777521
autostore-auto-xosl,2026-09-11,-0.03972514441944608,0.006378872702206051,0.09420289855072467,9.0,0.0,-0.0006346231943506758,-0.0005769542090355276,-0.0009238783418227444,0.011799123605223661
axactor-acr-xosl,2026-09-11,-0.040889794959538706,-0.023034488048565782,-0.2909090909090909,10.0,0.0,-0.0006346231943506758,-0.00043457632083812353,0.0011622920284362587,-0.0002497314115097128
b2-impact-b2i-xosl,2026-09-11,-0.022935997938726915,-0.014782253297918047,0.3,4.0,0.0,-0.0006346231943506758,-0.0006530384585614752,-4.3654426090572506e-06,-0.0060068952113711644
blue-nord-bnor-xosl,2026-09-11,0.02757860246348043,-0.004824821045274041,0.10999999999999999,6.0,0.0,-0.0006346231943506758,-0.0005827944788935052,0.0008797237988844193,-7.133105660161798e-05
bw-lpg-bwlpg-xosl,2026-09-11,-0.007424052693503769,0.009822240787156433,0.6789473684210526,2.0,0.0,-0.0006346231943506758,-0.000793137254575155,-0.00034463646415416166,0.002789057825186289
cadeler-cadlr-xosl,2026-09-11,-0.014800554053606918,0.0010954568423640065,-0.005925925925925914,9.0,0.0,-0.0006346231943506758,-0.0005399360663475508,0.0005602394063700918,-0.004337653935498747
capital-tankers-corp-capt-merk,2026-09-11,-0.001662011497925664,0.025126207838901626,0.26666666666666666,4.0,0.0,-0.0006346231943506758,-0.0006407149533565683,-0.0011582614964672092,-0.012578827623900984
circio-holding-crna-xosl,2026-09-11,0.050431539276303394,-0.015333766323194054,0.12378640776699029,26.0,0.0,-0.0006346231943506758,-0.0005878913849297095,0.0007923640309225289,0.013521409616463117
constellation-oil-services-holding-cosh-xosl,2026-09-11,0.02947192848923963,-0.0014234605010563506,0.14,1.0,0.0,-0.0006346231943506758,-0.0005938856335779216,-0.0010497436340431148,0.0031867645648692993
dno-xosl,2026-09-11,0.028532252223002375,0.001199894473245866,0.30147058823529416,8.0,0.0,-0.0006346231943506758,-0.000653582142614633,-0.0007077048748808313,0.005230820315466022
dof-group-dofg-xosl,2026-09-11,-0.019230073363056155,0.021600330210662433,0.13703703703703704,7.0,0.0,-0.0006346231943506758,-0.0005927902108930409,-0.00033427265841065216,0.004135608180992135
elkem-elk-xosl,2026-09-11,-0.03970322042737928,-0.007411517405040313,0.5850000000000001,5.0,0.0,-0.0006346231943506758,-0.0007584044280634303,-0.0011736367313367516,-0.001258444382527669
elmera-group-elmra-xosl,2026-09-11,-0.0007980968391629872,-0.0014234605010563506,0.0,1.0,0.0,-0.0006346231943506758,-0.0005421269117173121,-0.0011463517801019046,0.00015770032332628899
end-r-endur-xosl,2026-09-11,-0.0324174741669514,-0.02213906324551218,0.3794871794871795,5.0,0.0,-0.0006346231943506758,-0.0006824252786654843,0.00024308448560915919,0.005444918934978605
envipco-holding-envip-xosl,2026-09-11,-0.025812152552844414,0.005875809571936452,0.34776119402985073,7.0,0.0,-0.0006346231943506758,-0.0006706960182580584,-0.0009175167613935289,0.0024551397723791787
frontline-fro-xosl,2026-09-11,0.022089868094272602,0.0389759887412684,0.3611111111111111,14.0,0.0,-0.0006346231943506758,-0.0006756315514371381,-0.002214226285125115,0.004504150701837182
general-oceans-geno-xosl,2026-09-11,-0.03512334828221686,0.0007937793076333577,0.15000000000000002,4.0,0.0,-0.0006346231943506758,-0.0005975826851393937,-0.0014927545610496685,0.002303133417846708
gjensidige-forsikring-gjf-xosl,2026-09-11,-0.003322274104889389,-0.005007689891737388,-0.30000000000000004,1.0,0.0,-0.0006346231943506758,-0.00043121536487314893,-0.00040589706813134725,0.001702096235617809
grieg-seafood-gsf-xosl,2026-09-11,-0.011656535041559946,-0.007353773700714994,0.32500000000000007,2.0,0.0,-0.0006346231943506758,-0.0006622810874651556,0.0001788627085927934,0.004507633216310238
hafnia-hafni-xosl,2026-09-11,-0.019465704198425526,0.041517733921048405,0.3432432432432433,6.0,0.0,-0.0006346231943506758,-0.0006690257085570303,-0.00027123658135398297,0.002555626466345018
hexagon-composites-hex-xosl,2026-09-11,-0.019379239440450613,-0.04575104382091333,0.24107142857142858,9.0,0.0,-0.0006346231943506758,-0.0006312522618599432,0.000573332775070068,0.001798473771405437
himalaya-shipping-hshp-xosl,2026-09-11,-0.011601583987552067,0.0057535227038763015,0.5,1.0,0.0,-0.0006346231943506758,-0.0007269794897909173,-0.0007845304364372074,-0.005240774010179524
hoegh-autoliners-hauto-xosl,2026-09-11,0.024801098503677843,0.02196496376221102,0.4,1.0,0.0,-0.0006346231943506758,-0.0006900089741761963,-0.0014261864325454316,-0.0016375834916023792
hunter-group-hunt-xoas,2026-09-11,0.030036744133313253,0.07965762058002479,0.17560137457044678,20.0,0.0,-0.0006346231943506758,-0.000607047645322544,-0.0014595704111816687,-0.004791841909187531
jinhui-shipping-transportation-jin-xosl,2026-09-11,0.011835530686292617,-0.0014234605010563506,0.5,2.0,0.0,-0.0006346231943506758,-0.0007269794897909173,0.0004781091435614247,-0.006114749908095099
kid-xosl,2026-09-11,0.007020236578807348,-0.011440192947367422,-0.4,1.0,0.0,-0.0006346231943506758,-0.0003942448492584279,-0.0008670239947548661,0.0011813408483843323
kitron-kit-xosl,2026-09-11,-0.021645882873909006,0.014483219790106583,0.135,6.0,0.0,-0.0006346231943506758,-0.0005920371077971855,0.0002292913985587708,0.011041658663065208
klaveness-combination-carriers-kcc-xosl,2026-09-11,-0.015229013444544526,0.01833938594470874,0.7200000000000002,3.0,0.0,-0.0006346231943506758,-0.0008083146241433037,-0.00010711455324406618,0.0030391803221716945
kongsberg-automotive-koa-xosl,2026-09-11,-0.007814146778644449,0.006731499908639638,0.11531531531531532,7.0,0.0,-0.0006346231943506758,-0.0005847595783721256,-0.0004511537546045938,0.009760066562814878
kongsberg-gruppen-kog-xosl,2026-09-11,0.006545455116359178,0.0018877977770892507,0.16617647058823531,9.0,0.0,-0.0006346231943506758,-0.0006035632097241279,0.0005737820748372945,0.0047347675868052354
leroy-seafood-group-lsg-xosl,2026-09-11,-0.007024414889191921,0.0017801868033886503,0.64,3.0,0.0,-0.0006346231943506758,-0.0007787382116515269,0.0008890365525479962,0.001792339483065261
link-mobility-group-holding-link-xosl,2026-09-11,-0.001424425973147958,0.007145552422333834,0.18461538461538463,9.0,0.0,-0.0006346231943506758,-0.0006103801713137201,0.00025790912529564545,0.015846728227375845
moreld-morld-xosl,2026-09-11,-0.020133315068037283,0.013069309146905406,0.3693877551020409,6.0,0.0,-0.0006346231943506758,-0.0006786914693961797,2.5269719196787267e-05,0.001758625391276809
mpc-container-ships-mpcc-xosl,2026-09-11,0.01532071233840504,-0.002523173609210172,0.4333333333333334,4.0,0.0,-0.0006346231943506758,-0.0007023324793811033,0.00016636001400482513,-0.0023304564192902773
multiconsult-multi-xosl,2026-09-11,-0.0010674132003296588,-0.006763934703058916,0.5,1.0,0.0,-0.0006346231943506758,-0.0007269794897909173,-0.001090350887166323,-0.0005180578200229517
napatech-napa-xosl,2026-09-11,-0.06371641093255964,0.0356968473248398,0.38636363636363635,5.0,0.0,-0.0006346231943506758,-0.0006849675402287343,-0.0009176929131317202,0.0028667089906585213
norbit-norbt-xosl,2026-09-11,-0.020712768447696428,0.027801484110700603,0.07500000000000001,6.0,0.0,-0.0006346231943506758,-0.0005698547984283529,0.0005101372094696406,0.00803895935249104
norconsult-norco-xosl,2026-09-11,-0.0036725603784920624,-0.007959408213474628,-0.34782608695652173,3.0,0.0,-0.0006346231943506758,-0.000413533813926978,-0.0004033774835188787,-0.004356523867888548
nordic-semiconductor-nod-xosl,2026-09-11,-0.033971727741728075,0.04579706402003603,0.20800000000000005,3.0,0.0,-0.0006346231943506758,-0.0006190255841959319,-0.00031555116340938744,0.004546540612153175
norsk-hydro-nhy-xosl,2026-09-11,-0.01640323118590936,-0.039445428462294374,0.21176470588235297,2.0,0.0,-0.0006346231943506758,-0.0006204174153720155,-0.0009856874625336191,-0.008338131805879693
norske-skog-nskog-xosl,2026-09-11,0.0022472046591289763,0.0005528693770859849,0.3102564102564102,4.0,0.0,-0.0006346231943506758,-0.0006568303063168312,-0.00019713366047706936,0.005774536754720743
norwegian-air-shuttle-nas-xosl,2026-09-11,-0.03434675426121425,-0.00021424295606253807,-0.3744444444444445,11.0,0.0,-0.0006346231943506758,-0.00040369286991552317,0.002765625198404102,-0.0005265593078113519
nykode-therapeutics-nykd-xosl,2026-09-11,-0.022510000284104437,-0.023700667188957247,-0.2846153846153846,3.0,0.0,-0.0006346231943506758,-0.0004369031365061829,-0.0008640958121307481,0.005486397678746164
odfjell-drilling-odl-xosl,2026-09-11,-0.017268967096425447,0.029732303057949716,0.756521739130435,3.0,0.0,-0.0006346231943506758,-0.0008218168994112889,-0.000592913047147638,0.008567741504008545
okea-xosl,2026-09-11,0.023789623255721426,0.009840638481312336,0.55625,2.0,0.0,-0.0006346231943506758,-0.000747775404824198,-0.0001498615925589696,-0.005594337848981664
okeanis-eco-tankers-oet-xosl,2026-09-11,0.014580999842476294,0.04341958882629782,0.39375000000000004,7.0,0.0,-0.0006346231943506758,-0.0006876983169502763,-0.002221822941107371,0.0010208676364529537
orkla-ork-xosl,2026-09-11,0.010154118679743918,-0.011743987889877183,0.20724637681159422,9.0,0.0,-0.0006346231943506758,-0.0006187469658173861,0.00025694955220358713,0.0029729891324339398
panoro-energy-pen-xosl,2026-09-11,0.03382115051849388,0.0017816187193222532,0.4560975609756098,3.0,0.0,-0.0006346231943506758,-0.0007107485317161617,-0.0007419458312333908,0.0005064056462528778
paratus-energy-services-plsv-xosl,2026-09-11,-0.02264178668025396,0.005921732844446748,0.32000000000000006,2.0,0.0,-0.0006346231943506758,-0.0006604325616844195,-0.0001903035385259933,-0.0013125908586372839
pareto-bank-parb-xosl,2026-09-11,-0.015796607621997416,-0.0067520438247852255,-0.6000000000000001,1.0,0.0,-0.0006346231943506758,-0.0003203038180289857,-0.000507776621406091,0.003977772189754464
pexip-holding-pexip-xosl,2026-09-11,0.018280431392649565,0.002748937496116266,0.42682926829268303,5.0,0.0,-0.0006346231943506758,-0.0006999278929996581,-0.0018477769424880403,7.201425014921581e-05
prosafe-prs-xosl,2026-09-11,-0.02228161017193553,-0.0032995866150928865,-0.01846153846153846,9.0,0.0,-0.0006346231943506758,-0.0005353015857576713,0.0008519663838242712,-0.0034782716058764864
protector-forsikring-prot-xosl,2026-09-11,-0.021048080828845128,-0.021047995332563407,-0.2,1.0,0.0,-0.0006346231943506758,-0.00046818588048787,-0.0024753747649567588,0.00039316097276831965
sal-mar-salm-xosl,2026-09-11,-0.016062211132051862,0.033274048395740774,0.5375,4.0,0.0,-0.0006346231943506758,-0.0007408434331464377,-0.0012551935805950349,0.002647769723989741
salmon-evolution-salme-xosl,2026-09-11,-0.04875931566169134,-0.00879811967326849,0.0,10.0,0.0,-0.0006346231943506758,-0.0005421269117173121,0.001670506920595001,-0.004536892350511441
scatec-scatc-xosl,2026-09-11,-0.022910590241437157,-0.01729653644425888,0.45,4.0,0.0,-0.0006346231943506758,-0.0007084942319835569,-0.0006057337003960559,0.0009070015718298969
sed-energy-holdings-enh-xosl,2026-09-11,0.018181133804064387,-0.01232263244151588,0.20914285714285719,23.0,0.0,-0.0006346231943506758,-0.0006194481043743859,-0.0010101415455834254,-0.010905595312214382
solstad-offshore-soff-xosl,2026-09-11,-0.01282550022286888,-0.002877037522563075,0.4000000000000001,1.0,0.0,-0.0006346231943506758,-0.0006900089741761963,-0.0005650284178847363,-0.0034741567977385566
storebrand-stb-xosl,2026-09-11,-0.005197818984400748,-0.0053877966737997385,0.0,1.0,0.0,-0.0006346231943506758,-0.0005421269117173121,-0.001403414050333709,-0.0017989320212621015
telenor-tel-xosl,2026-09-11,0.015222530965454895,-0.004404041019539062,0.10666666666666667,2.0,0.0,-0.0006346231943506758,-0.0005815621283730146,-0.0008274172681692113,0.009300370602445082
tgs-xosl,2026-09-11,-0.011137354937922561,0.005760447702417348,-0.06470588235294118,3.0,0.0,-0.0006346231943506758,-0.0005182048133783749,-0.0009692331566799381,-0.007025130622077885
thor-medical-trmed-xosl,2026-09-11,0.010913187083218978,-0.01194981644523807,0.1837696335078534,25.0,0.0,-0.0006346231943506758,-0.0006100674927684487,7.047884221237494e-05,-0.004973420095144642
tomra-systems-tom-xosl,2026-09-11,-0.012396714494523509,-0.0030049209996542148,0.03525179856115108,19.0,0.0,-0.0006346231943506758,-0.0005551596834088325,0.0012519859366359797,-0.0023792571542649277
var-energi-var-xosl,2026-09-11,0.030771888467532205,-0.004800576969204884,0.36474820143884895,17.0,0.0,-0.0006346231943506758,-0.000676976202484676,-0.0020972489480956813,-0.0021602188393892857
veidekke-vei-xosl,2026-09-11,-0.0021641761929750425,-0.003856550525387248,-0.20909090909090913,4.0,0.0,-0.0006346231943506758,-0.0004648249245228953,-0.0010121313394992476,-0.0005942582902259075
vend-marketplaces-vend-xosl,2026-09-11,-0.003086509163058082,0.014802001075689963,0.37894736842105264,5.0,0.0,-0.0006346231943506758,-0.0006822257077309919,-0.0009159467022025981,0.003716725128772361
wilh0-wilhelmsen-holding-ser0-wwib-xosl,2026-09-11,0.015464721614990462,0.003665598023116612,0.4000000000000001,1.0,0.0,-0.0006346231943506758,-0.0006900089741761963,-0.0009326288327222428,-0.0010366054848433314
yara-international-yar-xosl,2026-09-11,0.01928879101314196,-0.02093354122544433,0.30000000000000004,1.0,0.0,-0.0006346231943506758,-0.0006530384585614752,-0.0008515670289238207,-0.00021045873192751532
zaptec-zap-xosl,2026-09-11,-0.045499773440836,0.011054271798033977,0.39615384615384625,4.0,0.0,-0.0006346231943506758,-0.0006885870312679378,0.00012975639448697864,0.0006957744290264413
aker-bp-akrbp-xosl,2026-09-14,0.002872674817111953,0.022749893260233356,0.46842105263157896,2.0,0.0,-0.0006346231943506758,-0.0007153045901231107,-0.0007106168531362929,-3.541421285015035e-05
atea-xosl,2026-09-14,0.004447891287303163,0.01834713735389537,-0.3000000000000001,2.0,0.0,-0.0006346231943506758,-0.0004312153648731489,-0.0007029281862974707,0.003212556257175373
austevoll-seafood-auss-xosl,2026-09-14,-0.019157947084718407,-0.007912250612581273,0.4800000000000001,1.0,0.0,-0.0006346231943506758,-0.0007195853866679732,-0.0014295069236029809,2.080865073972336e-05
autostore-auto-xosl,2026-09-14,0.008611350971344134,-0.03972514441944608,0.2353448275862069,15.0,0.0,-0.0006346231943506758,-0.000629135107948509,-0.0006433687015916813,0.0004254733704475885
axactor-acr-xosl,2026-09-14,0.017378830781212162,-0.040889794959538706,-0.43483146067415734,6.0,0.0,-0.0006346231943506758,-0.0003813674786510531,0.0014203580013492777,0.0015779875353771652
b2-impact-b2i-xosl,2026-09-14,0.02625353401664121,-0.022935997938726915,0.0,1.0,0.0,-0.0006346231943506758,-0.0005421269117173121,-0.0005784375658657319,0.006864642756135807
blue-nord-bnor-xosl,2026-09-14,-0.0014692684760104768,0.02757860246348043,0.45818181818181825,8.0,0.0,-0.0006346231943506758,-0.0007115190923520341,-0.0008177487713379574,0.0016395695639620255
borregaard-brg-xosl,2026-09-14,-0.0028391105872583866,-0.02378936274283361,0.390909090909091,3.0,0.0,-0.0006346231943506758,-0.0006866480182112217,-0.0004736845395299785,-0.003792551047022911
bouvet-bouv-xosl,2026-09-14,-0.030099155637424935,-0.0037984095309893107,-0.4793103448275863,3.0,0.0,-0.0006346231943506758,-0.00036492340583985593,0.0008000151509529152,0.002555026838711214
bw-lpg-bwlpg-xosl,2026-09-14,0.026979033694315424,-0.007424052693503769,-0.06666666666666667,1.0,0.0,-0.0006346231943506758,-0.0005174799013074981,-0.0022567137173772405,-0.001589194578216816
cadeler-cadlr-xosl,2026-09-14,-0.01932639858969165,-0.014800554053606918,0.26666666666666666,2.0,0.0,-0.0006346231943506758,-0.0006407149533565683,-0.0014767839641826237,-0.0075682958302338765
capital-tankers-corp-capt-merk,2026-09-14,0.03985496451072246,-0.001662011497925664,0.048837209302325574,4.0,0.0,-0.0006346231943506758,-0.0005601822798082224,-0.0017162053351380353,-0.0021391682394637738
circio-holding-crna-xosl,2026-09-14,-0.1283349294954541,0.050431539276303394,0.18793650793650796,36.0,0.0,-0.0006346231943506758,-0.0006116080077297403,-0.0026792371685049445,0.004161798962000474
cmb0tech-nv-cmbto-xosl,2026-09-14,0.007399945258185658,-0.0030401026508836138,0.38125000000000003,5.0,0.0,-0.0006346231943506758,-0.0006830770024984362,-0.0007048636989229609,0.0015737853293141992
constellation-oil-services-holding-cosh-xosl,2026-09-14,-0.00856146705757077,0.02947192848923963,0.23571428571428574,7.0,0.0,-0.0006346231943506758,-0.0006292716985234403,0.0003298757119116147,0.007464234569308812
dno-xosl,2026-09-14,-0.008593919487016932,0.028532252223002375,0.20357142857142857,12.0,0.0,-0.0006346231943506758,-0.0006173883185044228,-0.0017840182572219302,-4.582205759772734e-05
dof-group-dofg-xosl,2026-09-14,0.0054168002025514195,-0.019230073363056155,-0.15294117647058827,12.0,0.0,-0.0006346231943506758,-0.0004855837701889152,0.0014067113715760082,-0.008591882819301688
elkem-elk-xosl,2026-09-14,-0.01516007062760405,-0.03970322042737928,0.2529411764705882,2.0,0.0,-0.0006346231943506758,-0.00063564056886043,0.0005994065478414003,0.005294457902945994
elmera-group-elmra-xosl,2026-09-14,-0.003617463444002711,-0.0007980968391629872,-0.37058823529411766,4.0,0.0,-0.0006346231943506758,-0.00040511853032158113,-0.0007327254838796996,-0.004316029281738309
elopak-elo-xosl,2026-09-14,0.018221330060197438,-0.009474518764904016,0.05106382978723404,5.0,0.0,-0.0006346231943506758,-0.000561005472882276,-0.0006973215275043389,0.003464023866929447
end-r-endur-xosl,2026-09-14,0.006483048262479363,-0.0324174741669514,-0.09324324324324328,9.0,0.0,-0.0006346231943506758,-0.0005076544039143965,0.0006210614585666515,-0.0036135801821132536
envipco-holding-envip-xosl,2026-09-14,0.016387943311677144,-0.025812152552844414,0.2339285714285714,6.0,0.0,-0.0006346231943506758,-0.000628611510744606,0.0001835039720912415,0.0010909526570684874
europris-epr-xosl,2026-09-14,-0.018076640661030985,-0.007960410017345154,-0.2,2.0,0.0,-0.0006346231943506758,-0.00046818588048787,-0.0006435027945318266,-0.0019026784447964767
frontline-fro-xosl,2026-09-14,0.04891500697489981,0.022089868094272602,0.3317610062893082,38.0,0.0,-0.0006346231943506758,-0.0006647806663510565,-0.006814232062403523,-0.017654239700639646
general-oceans-geno-xosl,2026-09-14,-0.02096468947235297,-0.03512334828221686,-0.20750000000000005,5.0,0.0,-0.0006346231943506758,-0.00046541309181676586,0.0005365898364002211,-0.006849541654286277
grieg-seafood-gsf-xosl,2026-09-14,-0.01958245874907949,-0.011656535041559946,-0.3291666666666667,3.0,0.0,-0.0006346231943506758,-0.0004204322978188553,-0.0004074843327431059,0.007207179128790062
hafnia-hafni-xosl,2026-09-14,0.008887480776875067,-0.019465704198425526,0.1,4.0,0.0,-0.0006346231943506758,-0.0005790974273320331,0.0005029808887334105,0.00695925645808805
hexagon-composites-hex-xosl,2026-09-14,-0.021517383523851352,-0.019379239440450613,0.4758426966292135,10.0,0.0,-0.0006346231943506758,-0.0007180484101761253,-0.0022131832941865506,-0.006440851020877983
himalaya-shipping-hshp-xosl,2026-09-14,0.014155790353968856,-0.011601583987552067,0.5210526315789475,2.0,0.0,-0.0006346231943506758,-0.0007347627562361218,-0.0008083835481235638,-0.0011306784954713993
hoegh-autoliners-hauto-xosl,2026-09-14,-0.005821842134741795,0.024801098503677843,0.25,3.0,0.0,-0.0006346231943506758,-0.0006345532007541148,-0.0011118519558174296,-0.00626426360265088
hunter-group-hunt-xoas,2026-09-14,-0.01418602302000549,0.030036744133313253,0.29694501018329944,31.0,0.0,-0.0006346231943506758,-0.0006519090130742639,-0.004069017165881414,-0.01114404455732451
kid-xosl,2026-09-14,-0.0014692684760104768,0.007020236578807348,-0.4,1.0,0.0,-0.0006346231943506758,-0.0003942448492584279,-0.0009494970719480524,0.004258510109201201
kitron-kit-xosl,2026-09-14,-0.0009356179596138325,-0.021645882873909006,0.016666666666666666,7.0,0.0,-0.0006346231943506758,-0.0005482886643197656,0.0004624993989567792,0.0020724145288485304
klaveness-combination-carriers-kcc-xosl,2026-09-14,-0.01524881126050659,-0.015229013444544526,0.6000000000000001,1.0,0.0,-0.0006346231943506758,-0.0007639500054056384,-0.0009497559994243767,-0.0015518293661275701
kongsberg-automotive-koa-xosl,2026-09-14,-0.00554674868085836,-0.007814146778644449,0.34725274725274735,11.0,0.0,-0.0006346231943506758,-0.0006705080428629369,-0.0014607729741694846,0.006161072134853191
kongsberg-gruppen-kog-xosl,2026-09-14,0.0070581377409877355,0.006545455116359178,0.33974358974358976,10.0,0.0,-0.0006346231943506758,-0.0006677318686134797,-0.0002592578028858591,0.0016516749250590642
kongsberg-maritime-kmar-xosl,2026-09-14,0.0016203352033847818,0.004411315999337195,0.4353658536585366,11.0,0.0,-0.0006346231943506758,-0.0007030839126253049,-0.0011991454577837584,0.00038495397787435424
link-mobility-group-holding-link-xosl,2026-09-14,-0.009128855930298996,-0.001424425973147958,0.39696969696969703,8.0,0.0,-0.0006346231943506758,-0.0006888886555212047,-0.00037602703132781927,0.004981093753426906
moreld-morld-xosl,2026-09-14,0.004780715629417731,-0.020133315068037283,0.28913043478260875,5.0,0.0,-0.0006346231943506758,-0.0006490199242555274,-0.0005678471827539768,-0.0057525076296959365
mpc-container-ships-mpcc-xosl,2026-09-14,-0.002553943345032783,0.01532071233840504,0.2066666666666667,5.0,0.0,-0.0006346231943506758,-0.0006185326439877356,-0.000443548877823202,0.003020583356498577
napatech-napa-xosl,2026-09-14,-0.07099417911131534,-0.06371641093255964,-0.04444444444444445,7.0,0.0,-0.0006346231943506758,-0.0005256955714441027,0.0006510034538257049,-0.0066465983603411025
norbit-norbt-xosl,2026-09-14,0.0035747905541425595,-0.020712768447696428,0.48,8.0,0.0,-0.0006346231943506758,-0.0007195853866679732,0.0002073558207879992,0.003431144319259657
nordic-semiconductor-nod-xosl,2026-09-14,0.009169047624600468,-0.033971727741728075,0.11250000000000003,13.0,0.0,-0.0006346231943506758,-0.0005837187417838733,-4.5122789823961095e-05,0.0077941151294632595
norsk-hydro-nhy-xosl,2026-09-14,-0.019824307944477093,-0.01640323118590936,0.2,5.0,0.0,-0.0006346231943506758,-0.0006160679429467542,-0.0022084174368522777,-0.00752194242003414
norwegian-air-shuttle-nas-xosl,2026-09-14,-0.0068904179025411905,-0.03434675426121425,-0.2754966887417219,19.0,0.0,-0.0006346231943506758,-0.0004402743653880143,0.003963531662204361,0.001885799167661837
nykode-therapeutics-nykd-xosl,2026-09-14,-0.014422624350400426,-0.022510000284104437,-0.6000000000000001,2.0,0.0,-0.0006346231943506758,-0.0003203038180289857,0.0001426231302541711,0.008236419159913995
odfjell-drilling-odl-xosl,2026-09-14,0.006467193807155436,-0.017268967096425447,0.5129032258064516,7.0,0.0,-0.0006346231943506758,-0.0007317498789024943,-0.0022297402621127317,0.00040227427894653513
okea-xosl,2026-09-14,-0.03411735853497344,0.023789623255721426,0.43111111111111117,6.0,0.0,-0.0006346231943506758,-0.0007015109123674429,-0.002277755726191043,-0.00010894940503751005
okeanis-eco-tankers-oet-xosl,2026-09-14,0.07892565394994167,0.014580999842476294,0.3238095238095239,12.0,0.0,-0.0006346231943506758,-0.0006618409622792661,-0.002487057335586308,-0.009012313340517048
orkla-ork-xosl,2026-09-14,-0.015599736429899536,0.010154118679743918,-0.13523809523809524,10.0,0.0,-0.0006346231943506758,-0.0004921286906002608,0.00048183914755515534,0.002129367908955108
panoro-energy-pen-xosl,2026-09-14,-0.010742815654089521,0.03382115051849388,0.32333333333333336,6.0,0.0,-0.0006346231943506758,-0.0006616649122049102,-0.0018153779184197697,0.0009369153871741392
paratus-energy-services-plsv-xosl,2026-09-14,0.00492730353465376,-0.02264178668025396,0.010714285714285713,4.0,0.0,-0.0006346231943506758,-0.000546088038390318,-0.0007072617654428697,0.00015086327190049357
pareto-bank-parb-xosl,2026-09-14,-0.008728755268364918,-0.015796607621997416,0.6000000000000001,2.0,0.0,-0.0006346231943506758,-0.0007639500054056384,0.0013788940367762033,-0.003931737133634614
pexip-holding-pexip-xosl,2026-09-14,-0.004190315390870225,0.018280431392649565,-0.016129032258064516,9.0,0.0,-0.0006346231943506758,-0.0005361639253278409,-0.001028224308946145,-0.0032128600492458146
prosafe-prs-xosl,2026-09-14,-0.02646919970141781,-0.02228161017193553,0.30307692307692313,8.0,0.0,-0.0006346231943506758,-0.0006541760128880821,-0.0010431014999643618,-0.005000522644284166
protector-forsikring-prot-xosl,2026-09-14,0.0038664907040613095,-0.021048080828845128,0.10465116279069767,7.0,0.0,-0.0006346231943506758,-0.0005808169861978342,-0.0005019812837342701,-0.0009269609881821447
sal-mar-salm-xosl,2026-09-14,-0.02070003770677975,-0.016062211132051862,0.5486486486486487,5.0,0.0,-0.0006346231943506758,-0.0007449651460359169,3.1224646067058736e-05,-0.00041285990573662753
salmon-evolution-salme-xosl,2026-09-14,-0.03740677092073219,-0.04875931566169134,-0.0014184397163120735,18.0,0.0,-0.0006346231943506758,-0.0005416025072405075,0.0018471713867704422,-0.008673083609254582
sats-xosl,2026-09-14,-0.008413695137176491,-0.020133263873523433,0.6000000000000002,1.0,0.0,-0.0006346231943506758,-0.0007639500054056385,-0.0014524742824965336,-0.004042194824367151
scatec-scatc-xosl,2026-09-14,7.873486265652652e-05,-0.022910590241437157,0.1947368421052632,8.0,0.0,-0.0006346231943506758,-0.0006141221263354531,-0.0003485888515606411,0.0018697298392332654
sed-energy-holdings-enh-xosl,2026-09-14,-0.005528772334358778,0.018181133804064387,0.26327683615819214,22.0,0.0,-0.0006346231943506758,-0.0006394617155391201,-0.0017437585400396237,-0.008407568728376549
smartoptics-group-smop-xosl,2026-09-14,-0.0036865296180139673,-0.06790703088786598,-0.2,2.0,0.0,-0.0006346231943506758,-0.00046818588048787,-5.499956888884686e-05,-0.0030368485809849654
solstad-offshore-soff-xosl,2026-09-14,0.025079335378611622,-0.01282550022286888,0.8000000000000002,2.0,0.0,-0.0006346231943506758,-0.0008378910366350806,-0.0016046524375274405,-0.0015545744311979222
storebrand-stb-xosl,2026-09-14,-0.004971004191943962,-0.005197818984400748,0.32941176470588235,2.0,0.0,-0.0006346231943506758,-0.0006639121396246285,-0.0013441948421593051,-0.0015461923561482583
telenor-tel-xosl,2026-09-14,0.0007398850218982567,0.015222530965454895,0.49411764705882355,2.0,0.0,-0.0006346231943506758,-0.0007248047535782867,-0.00038485649735515407,-0.005757810561341718
tgs-xosl,2026-09-14,-0.007241296012288623,-0.011137354937922561,0.476923076923077,1.0,0.0,-0.0006346231943506758,-0.0007184478323413664,8.79478940265415e-06,0.0005793340242912779
thor-medical-trmed-xosl,2026-09-14,-0.03304823592178552,0.010913187083218978,-0.008396946564885478,16.0,0.0,-0.0006346231943506758,-0.0005390225172763813,0.001482596707719206,0.001815422692454166
tomra-systems-tom-xosl,2026-09-14,0.00548261950130402,-0.012396714494523509,0.19491525423728817,9.0,0.0,-0.0006346231943506758,-0.000614188086220582,0.000644819447838886,0.005380692921980884
var-energi-var-xosl,2026-09-14,-0.006219033332754087,0.030771888467532205,0.2691176470588235,15.0,0.0,-0.0006346231943506758,-0.0006416210934451644,-0.0019649856807311943,-0.007801344462683217
veidekke-vei-xosl,2026-09-14,0.010755670399295036,-0.0021641761929750425,-0.22,4.0,0.0,-0.0006346231943506758,-0.00046079177736492574,-0.0015886296861649973,-0.007876306257045988
vend-marketplaces-vend-xosl,2026-09-14,-0.00652827759776875,-0.003086509163058082,0.48837209302325596,5.0,0.0,-0.0006346231943506758,-0.000722680592626415,-0.0008247683238353459,-0.003216503771332136
wallenius-wilhelmsen-wawi-xosl,2026-09-14,0.013810850340477465,0.031196687406660595,0.7000000000000001,1.0,0.0,-0.0006346231943506758,-0.0008009205210203596,-0.0018142375246992045,0.003261369689755598
wilh0-wilhelmsen-holding-ser0-wwib-xosl,2026-09-14,-0.003963034062045345,0.015464721614990462,0.4000000000000001,1.0,0.0,-0.0006346231943506758,-0.0006900089741761963,-0.0009095594118316754,-0.002591300283853813
yara-international-yar-xosl,2026-09-14,-0.02620347122595612,0.01928879101314196,0.30000000000000004,1.0,0.0,-0.0006346231943506758,-0.0006530384585614752,-0.0014531393494399273,0.003168948673871021
zaptec-zap-xosl,2026-09-14,0.024360947233855734,-0.045499773440836,0.2731958762886598,14.0,0.0,-0.0006346231943506758,-0.000643128835819385,0.00022277781375249785,0.003309434496171256
ads-maritime-holding-ads-merk,2026-09-15,0.003289198721820652,-0.08417604348031504,0.6000000000000002,1.0,0.0,-0.0006346231943506758,-0.0007639500054056385,-9.093040444079056e-05,-0.004042194824367151
alng-xoas,2026-09-15,-0.0018210977798684969,0.004741905669582991,0.2,1.0,0.0,-0.0006346231943506758,-0.0006160679429467542,-0.0024094288224473315,0.004109617386350941
austevoll-seafood-auss-xosl,2026-09-15,-0.004907514580430927,-0.019157947084718407,0.6000000000000001,1.0,0.0,-0.0006346231943506758,-0.0007639500054056384,-0.0009188728627952342,-0.0032435208810013914
autostore-auto-xosl,2026-09-15,0.019044622262381683,0.008611350971344134,0.36000000000000004,9.0,0.0,-0.0006346231943506758,-0.0006752207679303079,-0.0011320201798302532,0.008645423635370962
axactor-acr-xosl,2026-09-15,-0.011073955357939202,0.017378830781212162,-0.08780487804878048,8.0,0.0,-0.0006346231943506758,-0.0005096649955678009,0.0008169414403338029,-0.006875823071427909
blue-nord-bnor-xosl,2026-09-15,-0.009890903284749841,-0.0014692684760104768,0.02777777777777778,4.0,0.0,-0.0006346231943506758,-0.0005523964993880679,-0.00014982368442645946,-0.0015684423089203639
borregaard-brg-xosl,2026-09-15,0.003322916991070457,-0.0028391105872583866,0.5117647058823529,1.0,0.0,-0.0006346231943506758,-0.0007313289622161786,-0.0002005950311893969,-0.005700779812649932
bouvet-bouv-xosl,2026-09-15,-0.0080654414410396,-0.030099155637424935,0.4,1.0,0.0,-0.0006346231943506758,-0.0006900089741761963,0.0007317958649491882,-0.0035939560493072915
bw-energy-limited-bwe-xosl,2026-09-15,0.00023826999909681845,0.012443761733738068,0.9,1.0,0.0,-0.0006346231943506758,-0.0008748615522498017,-0.0010024791488721567,0.004003004564081822
bw-lpg-bwlpg-xosl,2026-09-15,0.006827555500640514,0.026979033694315424,0.23157894736842108,3.0,0.0,-0.0006346231943506758,-0.0006277428426145608,0.00013125426253178833,0.002020001899808552
cadeler-cadlr-xosl,2026-09-15,0.01327429039031447,-0.01932639858969165,-0.049999999999999996,4.0,0.0,-0.0006346231943506758,-0.0005236416539099516,-2.6097748043174595e-05,-0.010553067070592915
capital-tankers-corp-capt-merk,2026-09-15,0.022279458609131053,0.03985496451072246,0.0,2.0,0.0,-0.0006346231943506758,-0.0005421269117173121,-0.0006223678507723074,0.008769396536524948
circio-holding-crna-xosl,2026-09-15,-0.027129756727472976,-0.1283349294954541,0.14179104477611942,45.0,0.0,-0.0006346231943506758,-0.0005945477920665434,0.000976235625611321,0.0055682255421623476
cmb0tech-nv-cmbto-xosl,2026-09-15,0.01487273873558892,0.007399945258185658,0.15000000000000002,2.0,0.0,-0.0006346231943506758,-0.0005975826851393937,-0.0007017004628208514,0.011210346049432154
constellation-oil-services-holding-cosh-xosl,2026-09-15,-0.004907514580430927,-0.00856146705757077,0.23763440860215057,11.0,0.0,-0.0006346231943506758,-0.0006299815778555202,-0.0009372733416203999,0.002002346160809517
dnb-bank-dnb-xosl,2026-09-15,-0.005224994274131367,0.005885984812070477,0.7000000000000001,1.0,0.0,-0.0006346231943506758,-0.0008009205210203596,-0.0012734441209765828,0.00040939890070721395
dno-xosl,2026-09-15,0.007393857449430774,-0.008593919487016932,0.2772727272727273,4.0,0.0,-0.0006346231943506758,-0.0006446360686490387,-0.0003362720069279629,0.005034580837435902
dof-group-dofg-xosl,2026-09-15,0.021688228866928227,0.0054168002025514195,0.434375,4.0,0.0,-0.0006346231943506758,-0.0007027175889187567,-0.000528307035986458,0.0009396601553875659
elkem-elk-xosl,2026-09-15,0.001454469062042163,-0.01516007062760405,0.38,3.0,0.0,-0.0006346231943506758,-0.0006826148710532521,-0.0010486028602134149,-0.0005868690769399479
elmera-group-elmra-xosl,2026-09-15,-0.004907514580430927,-0.003617463444002711,0.0,1.0,0.0,-0.0006346231943506758,-0.0005421269117173121,-0.0008268873334770129,-0.0013324693975294909
end-r-endur-xosl,2026-09-15,-0.004907514580430927,0.006483048262479363,-0.23913043478260873,3.0,0.0,-0.0006346231943506758,-0.00045371915698645736,0.00010944130363617225,0.004763831044681837
envipco-holding-envip-xosl,2026-09-15,-0.04438126483488347,0.016387943311677144,0.19130434782608702,3.0,0.0,-0.0006346231943506758,-0.0006128531155019959,-0.0003041039479927286,0.0011319413705904108
europris-epr-xosl,2026-09-15,-8.24057925374877e-05,-0.018076640661030985,-0.5,2.0,0.0,-0.0006346231943506758,-0.00035727433364370683,0.00015266176147744654,-0.0015350425996168136
frontline-fro-xosl,2026-09-15,0.02314128151952799,0.04891500697489981,0.2783333333333334,20.0,0.0,-0.0006346231943506758,-0.0006450281801782857,-0.0028852110527589885,-0.01739773345936731
general-oceans-geno-xosl,2026-09-15,0.05123278150476396,-0.02096468947235297,-0.35263157894736846,3.0,0.0,-0.0006346231943506758,-0.0004117571987601378,0.0009179204807623993,0.005787101733339416
grieg-seafood-gsf-xosl,2026-09-15,-0.018743048939314777,-0.01958245874907949,-0.5,1.0,0.0,-0.0006346231943506758,-0.00035727433364370683,-0.0018890492721426783,0.004415214985076458
hafnia-hafni-xosl,2026-09-15,0.029261049152209173,0.008887480776875067,0.015384615384615377,4.0,0.0,-0.0006346231943506758,-0.0005478146833503461,0.0001553535261996661,0.004965236343248621
hexagon-composites-hex-xosl,2026-09-15,0.005730792424494258,-0.021517383523851352,0.2005102040816327,14.0,0.0,-0.0006346231943506758,-0.0006162565680264212,-0.00032326063118430417,-0.003086130539679937
himalaya-shipping-hshp-xosl,2026-09-15,0.018761107887024675,0.014155790353968856,-0.4,1.0,0.0,-0.0006346231943506758,-0.0003942448492584279,-0.0019596865508009773,0.009647746119848349
hoegh-autoliners-hauto-xosl,2026-09-15,0.0005569662938860187,-0.005821842134741795,0.8,2.0,0.0,-0.0006346231943506758,-0.0008378910366350805,-0.0007879017987229577,0.004922576081325775
hunter-group-hunt-xoas,2026-09-15,0.02553748501546038,-0.01418602302000549,0.35937500000000006,22.0,0.0,-0.0006346231943506758,-0.0006749897022077159,-0.0018876530496654033,-0.0020441806195077333
kitron-kit-xosl,2026-09-15,0.012692501695610758,-0.0009356179596138325,-0.021428571428571422,5.0,0.0,-0.0006346231943506758,-0.0005342046583713004,-0.0005752688131335911,-0.00032680452696953754
klaveness-combination-carriers-kcc-xosl,2026-09-15,0.01106061069148967,-0.01524881126050659,0.6761904761904762,3.0,0.0,-0.0006346231943506758,-0.0007921180173025687,-0.00030880326756894754,-0.0012536306431511484
kongsberg-automotive-koa-xosl,2026-09-15,-0.0038839863026940424,-0.00554674868085836,-0.13333333333333336,2.0,0.0,-0.0006346231943506758,-0.000492832890897684,3.346285402543213e-05,-0.0031919615207156742
kongsberg-gruppen-kog-xosl,2026-09-15,0.025336348160930777,0.0070581377409877355,0.12500000000000003,6.0,0.0,-0.0006346231943506758,-0.0005883400562357134,-0.00016298211895569376,0.00760899364019133
kongsberg-maritime-kmar-xosl,2026-09-15,0.0026216170373984937,0.0016203352033847818,0.5230769230769231,4.0,0.0,-0.0006346231943506758,-0.0007355111472404684,-0.0006105111561874605,0.000443526659167341
link-mobility-group-holding-link-xosl,2026-09-15,-0.011768571591834753,-0.009128855930298996,0.7,3.0,0.0,-0.0006346231943506758,-0.0008009205210203594,0.0012221313315302245,0.005676061858355162
medistim-medi-xosl,2026-09-15,0.01175915208623568,-0.025859512378449523,0.8,2.0,0.0,-0.0006346231943506758,-0.0008378910366350805,-0.001661303607048628,-0.0008902610063393429
moreld-morld-xosl,2026-09-15,0.005444452456793147,0.004780715629417731,-0.3928571428571429,2.0,0.0,-0.0006346231943506758,-0.00039688560037376506,0.00033448642570807637,0.010460733327230938
mpc-container-ships-mpcc-xosl,2026-09-15,0.0041406280357745295,-0.002553943345032783,0.07142857142857144,2.0,0.0,-0.0006346231943506758,-0.0005685344228706843,-0.0008028055238999905,0.008220885112782525
napatech-napa-xosl,2026-09-15,0.018753678748038904,-0.07099417911131534,-0.13506493506493508,10.0,0.0,-0.0006346231943506758,-0.0004921927088091174,0.0019588245356843004,-0.00065732979296767
norbit-norbt-xosl,2026-09-15,-0.008044277561267021,0.0035747905541425595,0.13414634146341461,6.0,0.0,-0.0006346231943506758,-0.0005917215058346208,0.0007592445710521026,0.010968188129050347
norconsult-norco-xosl,2026-09-15,-0.004907514580430927,0.015703824049299264,0.7000000000000001,1.0,0.0,-0.0006346231943506758,-0.0008009205210203596,-0.0010920780212454219,0.001921939511051058
nordic-semiconductor-nod-xosl,2026-09-15,-0.004907514580430927,0.009169047624600468,0.17142857142857143,7.0,0.0,-0.0006346231943506758,-0.0006055049384854054,-0.0006823271380691501,0.007831173614544244
norsk-hydro-nhy-xosl,2026-09-15,-0.0008838892799500897,-0.019824307944477093,0.1230769230769231,1.0,0.0,-0.0006346231943506758,-0.0005876290847815842,-0.002302004204695182,-0.003845726835187393
norske-skog-nskog-xosl,2026-09-15,0.0007422605679436867,0.043806307736648176,0.37272727272727274,3.0,0.0,-0.0006346231943506758,-0.0006799261062812724,-0.00045768861035050173,0.002287597637229687
norwegian-air-shuttle-nas-xosl,2026-09-15,-0.0028111105443373585,-0.0068904179025411905,0.10077519379844962,18.0,0.0,-0.0006346231943506758,-0.0005793840204763334,0.0004486428015907345,0.00025408316006881053
nykode-therapeutics-nykd-xosl,2026-09-15,0.025276215410086067,-0.014422624350400426,0.21600000000000005,3.0,0.0,-0.0006346231943506758,-0.0006219832254451096,-0.0007186138588741113,-0.0003087940963250571
okea-xosl,2026-09-15,0.015092466346082745,-0.03411735853497344,-0.07647058823529415,2.0,0.0,-0.0006346231943506758,-0.0005138553409531136,-0.00031215644319003053,-0.006407238489331334
okeanis-eco-tankers-oet-xosl,2026-09-15,0.04339535748223233,0.07892565394994167,0.3441176470588236,14.0,0.0,-0.0006346231943506758,-0.0006693489801562052,-0.0020502574198746643,-0.007298957740807104
orkla-ork-xosl,2026-09-15,5.394730245633639e-05,-0.015599736429899536,-0.19534883720930232,6.0,0.0,-0.0006346231943506758,-0.00046990543935367097,0.0008297907780190391,-0.0009066579718329633
panoro-energy-pen-xosl,2026-09-15,-0.0017873182871741555,-0.010742815654089521,0.29255319148936176,12.0,0.0,-0.0006346231943506758,-0.0006502853350582513,-0.0006887030499992013,0.004657189463698687
paratus-energy-services-plsv-xosl,2026-09-15,0.028990757628441166,0.00492730353465376,0.6545454545454545,1.0,0.0,-0.0006346231943506758,-0.0007841157411954862,0.0005879865596221711,-0.0002969974230520228
pareto-bank-parb-xosl,2026-09-15,0.0024050577340586354,-0.008728755268364918,-0.7454545454545455,4.0,0.0,-0.0006346231943506758,-0.00026652852258939145,0.0010377321723157244,0.0013082971700936702
prosafe-prs-xosl,2026-09-15,0.0010095923141357765,-0.02646919970141781,0.32542372881355935,8.0,0.0,-0.0006346231943506758,-0.0006624377421923365,-0.0001696592436709742,0.008484939851348246
protector-forsikring-prot-xosl,2026-09-15,-0.0075612345597260155,0.0038664907040613095,0.11904761904761907,6.0,0.0,-0.0006346231943506758,-0.0005861394303062657,-0.00023983523217395512,0.0010134034734772229
reach-subsea-reach-xosl,2026-09-15,0.03584479692128473,0.01607461252064457,0.5424242424242425,3.0,0.0,-0.0006346231943506758,-0.000742663950960799,-0.0022461897487328283,-0.002871382406325576
sal-mar-salm-xosl,2026-09-15,-0.009363842566170733,-0.02070003770677975,0.12363636363636364,3.0,0.0,-0.0006346231943506758,-0.0005878359128409672,-0.0003886487740775459,0.003144053977708846
salmon-evolution-salme-xosl,2026-09-15,0.01940368371983392,-0.03740677092073219,0.05706214689265538,23.0,0.0,-0.0006346231943506758,-0.0005632230816443563,0.000869189616962536,0.0024304474631965584
sats-xosl,2026-09-15,0.028891946880368558,-0.008413695137176491,0.6000000000000002,1.0,0.0,-0.0006346231943506758,-0.0007639500054056385,-0.0016001084792820332,-0.0018385518856103198
scatec-scatc-xosl,2026-09-15,-0.01933308368764941,7.873486265652652e-05,0.5548387096774194,3.0,0.0,-0.0006346231943506758,-0.0007472536435151193,-0.0012958639322336997,-0.004318543658961706
sed-energy-holdings-enh-xosl,2026-09-15,0.016831594727942045,-0.005528772334358778,0.5107142857142857,3.0,0.0,-0.0006346231943506758,-0.0007309406164639232,-0.001216987827148863,5.9496778654729034e-05
smartoptics-group-smop-xosl,2026-09-15,0.026203630439100234,-0.0036865296180139673,0.5333333333333334,1.0,0.0,-0.0006346231943506758,-0.0007393029949958244,2.272276549675949e-06,-0.0018576034588687227
solstad-offshore-soff-xosl,2026-09-15,0.01233393087855017,0.025079335378611622,-0.30000000000000004,1.0,0.0,-0.0006346231943506758,-0.00043121536487314893,-0.0023441700362309414,0.0018271846286286968
storebrand-stb-xosl,2026-09-15,0.00011256581776208918,-0.004971004191943962,0.2935483870967742,4.0,0.0,-0.0006346231943506758,-0.0006506532640056868,-0.0011773087714964353,0.001530210780960308
telenor-tel-xosl,2026-09-15,-0.011520366269716753,0.0007398850218982567,-0.2838235294117647,9.0,0.0,-0.0006346231943506758,-0.0004371958894578832,0.0011555067433291649,-0.002548356310998244
tgs-xosl,2026-09-15,0.07056413756879376,-0.007241296012288623,0.476923076923077,1.0,0.0,-0.0006346231943506758,-0.0007184478323413664,-7.00534522235282e-05,-0.0004226141019385753
thor-medical-trmed-xosl,2026-09-15,0.024440361871888028,-0.03304823592178552,0.16942148760330578,16.0,0.0,-0.0006346231943506758,-0.000604762909246385,0.001159245324965768,0.003621513854917887
tomra-systems-tom-xosl,2026-09-15,-0.04579969101935388,0.00548261950130402,0.4721311475409836,7.0,0.0,-0.0006346231943506758,-0.0007166762313409131,-0.00096041496832798,0.0015263783427793658
var-energi-var-xosl,2026-09-15,-0.00784436936671018,-0.006219033332754087,0.14651162790697675,3.0,0.0,-0.0006346231943506758,-0.000596293015990043,-0.0010678435735816465,0.004447941580071354
vend-marketplaces-vend-xosl,2026-09-15,-0.013382090851617345,-0.00652827759776875,0.5425925925925926,5.0,0.0,-0.0006346231943506758,-0.0007427261908860763,-0.0024578894414199063,-0.002398340525030613
wallenius-wilhelmsen-wawi-xosl,2026-09-15,0.00010925903101499657,0.013810850340477465,0.034375,5.0,0.0,-0.0006346231943506758,-0.0005548355264598725,-0.0011552220894161902,-0.001222909738645117
yara-international-yar-xosl,2026-09-15,0.004658642912269473,-0.02620347122595612,-0.6000000000000001,1.0,0.0,-0.0006346231943506758,-0.0003203038180289857,-0.000546403131488464,0.006046054354870031
zaptec-zap-xosl,2026-09-15,0.011279563667382586,0.024360947233855734,0.34666666666666673,5.0,0.0,-0.0006346231943506758,-0.000670291365848345,-0.0006296693992239601,-0.00815393349218685
2020-bulkers-2020-xosl,2026-09-16,0.437031018780784,,0.20824742268041235,11.0,0.0,-0.0006346231943506758,-0.0006191170576366281,-0.0009575467114583138,0.002696697027027797
ads-maritime-holding-ads-merk,2026-09-16,-0.006178737989891214,0.003289198721820652,0.6000000000000002,1.0,0.0,-0.0006346231943506758,-0.0007639500054056385,-0.001481892430879795,-0.004521690907995841
aker-bp-akrbp-xosl,2026-09-16,-0.02328644660274115,0.0059003750008548295,0.5644444444444445,6.0,0.0,-0.0006346231943506758,-0.000750804933187071,-0.0011629779315362053,-0.003046825919215912
aker-solutions-akso-xosl,2026-09-16,-0.0028737477247535725,0.03231090980949536,0.7000000000000001,1.0,0.0,-0.0006346231943506758,-0.0008009205210203596,0.00034626382192067353,0.006294440833281871
alng-xoas,2026-09-16,-0.006178737989891214,-0.0018210977798684969,0.2,1.0,0.0,-0.0006346231943506758,-0.0006160679429467542,-0.0022870366333020316,-0.000449872542239139
autostore-auto-xosl,2026-09-16,-0.003579650208169305,0.019044622262381683,0.43030303030303035,3.0,0.0,-0.0006346231943506758,-0.0007012121607261118,-0.0017054902095041268,0.0005672831339659651
axactor-acr-xosl,2026-09-16,-0.005144588165388875,-0.011073955357939202,-0.00975609756097563,6.0,0.0,-0.0006346231943506758,-0.0005385200321451442,0.0003372954208107411,-0.007993934608544603
b2-impact-b2i-xosl,2026-09-16,0.026218670751302353,-0.112807362830455,0.32272727272727275,27.0,0.0,-0.0006346231943506758,-0.0006614408484739119,-0.0020425657531684465,-0.010290613145776107
bakkafrost-bakka-xosl,2026-09-16,-0.010778554126390949,0.0034412226274174174,0.41600000000000004,3.0,0.0,-0.0006346231943506758,-0.0006959242566745517,-0.0002781199101490154,-0.004080141471088647
bevest-bint-xosl,2026-09-16,-0.04671934587047122,0.032475717133108706,0.6000000000000001,1.0,0.0,-0.0006346231943506758,-0.0007639500054056384,-0.0008086290340862268,0.0021190803699825704
blue-nord-bnor-xosl,2026-09-16,-0.017864881562512203,-0.009890903284749841,0.105,8.0,0.0,-0.0006346231943506758,-0.0005809459531127692,0.00031852658504898275,0.007977458695195092
borregaard-brg-xosl,2026-09-16,0.006066180729549675,0.003322916991070457,0.6692307692307693,1.0,0.0,-0.0006346231943506758,-0.0007895449777542915,0.0002453780200799751,0.0017077692523835262
bouvet-bouv-xosl,2026-09-16,0.006492905265732096,-0.0080654414410396,0.28214285714285714,4.0,0.0,-0.0006346231943506758,-0.0006464365807731322,0.00017788797761073287,-0.0006214447138686349
bw-energy-limited-bwe-xosl,2026-09-16,-0.021537061106215005,0.00023826999909681845,0.5,2.0,0.0,-0.0006346231943506758,-0.0007269794897909173,-0.002883146016358553,-0.009021865518035056
bw-lpg-bwlpg-xosl,2026-09-16,0.00707731954092794,0.006827555500640514,0.25227272727272726,7.0,0.0,-0.0006346231943506758,-0.0006353934397453583,0.0003993091220611596,0.007559523711858313
cadeler-cadlr-xosl,2026-09-16,0.014229438515374948,0.01327429039031447,0.3090909090909091,1.0,0.0,-0.0006346231943506758,-0.0006563994145264498,-0.0016887001134954572,-0.00010252199251705937
capital-tankers-corp-capt-merk,2026-09-16,-0.005538341085487897,0.022279458609131053,0.28684210526315795,6.0,0.0,-0.0006346231943506758,-0.0006481739170332225,-0.001156108202980755,-0.011096575482086443
circio-holding-crna-xosl,2026-09-16,0.03228284856576802,-0.027129756727472976,-0.058865248226950356,34.0,0.0,-0.0006346231943506758,-0.0005203641259299231,0.004253504022027293,0.0024421402913915743
cloudberry-clean-energy-cloud-xosl,2026-09-16,-0.03421616836943875,0.01091525471014032,0.7250000000000001,4.0,0.0,-0.0006346231943506758,-0.0008101631499240398,-0.0024382147553160495,0.0011984237621474258
cmb0tech-nv-cmbto-xosl,2026-09-16,0.04339020945459904,0.01487273873558892,0.3315789473684211,2.0,0.0,-0.0006346231943506758,-0.0006647133582292819,-0.0016259252395155544,-0.007802550178900091
constellation-oil-services-holding-cosh-xosl,2026-09-16,-0.006178737989891214,-0.004907514580430927,0.38648648648648654,4.0,0.0,-0.0006346231943506758,-0.0006850129585525854,-0.0005812730253815717,-0.0014454613392376533
dnb-bank-dnb-xosl,2026-09-16,0.005571062831786655,-0.005224994274131367,0.7000000000000001,1.0,0.0,-0.0006346231943506758,-0.0008009205210203596,-0.0011648320706123963,0.0017044592299868006
dno-xosl,2026-09-16,-0.024912957697911353,0.007393857449430774,0.26315789473684215,9.0,0.0,-0.0006346231943506758,-0.0006394177422823675,-9.140497487934891e-06,0.010180357584338374
dof-group-dofg-xosl,2026-09-16,-0.00913957542291799,0.021688228866928227,0.20952380952380953,1.0,0.0,-0.0006346231943506758,-0.0006195889444338705,-0.002808560171510821,-0.0026466292863743606
elkem-elk-xosl,2026-09-16,0.008763804227462924,0.001454469062042163,0.3289473684210526,4.0,0.0,-0.0006346231943506758,-0.0006637404499236313,-0.0014635285142937976,0.002651978036394997
elopak-elo-xosl,2026-09-16,-0.015702505993186233,0.008885588867844962,0.23333333333333336,2.0,0.0,-0.0006346231943506758,-0.0006283914481516612,7.466198327641294e-05,0.004556431854818262
end-r-endur-xosl,2026-09-16,0.005655551262421454,-0.004907514580430927,0.32765957446808514,6.0,0.0,-0.0006346231943506758,-0.0006632643458591641,-0.0005022018287766179,0.004227408563888288
envipco-holding-envip-xosl,2026-09-16,-0.003134528143210691,-0.04438126483488347,0.23750000000000004,12.0,0.0,-0.0006346231943506758,-0.0006299318863022747,4.084035346763352e-05,-0.00920106055173082
europris-epr-xosl,2026-09-16,-0.00978021506992699,-8.24057925374877e-05,-0.39999999999999997,1.0,0.0,-0.0006346231943506758,-0.0003942448492584279,-0.0006247321098770897,5.111715284940573e-05
frontline-fro-xosl,2026-09-16,-0.0606981054057133,0.02314128151952799,0.2971014492753623,29.0,0.0,-0.0006346231943506758,-0.0006519668494132225,-0.0026556578762936423,-0.01895464221053121
general-oceans-geno-xosl,2026-09-16,0.05029969434268944,0.05123278150476396,0.17500000000000002,4.0,0.0,-0.0006346231943506758,-0.000606825314043074,-0.0002974508374675135,-0.004068655409633513
grieg-seafood-gsf-xosl,2026-09-16,-0.010075869013444705,-0.018743048939314777,-0.6000000000000001,3.0,0.0,-0.0006346231943506758,-0.0003203038180289857,5.277749502874472e-05,0.004695290532111154
hafnia-hafni-xosl,2026-09-16,0.0009797848585484381,0.029261049152209173,0.42499999999999993,3.0,0.0,-0.0006346231943506758,-0.0006992516030798765,-0.0006108721210924031,0.0033989125445219306
hexagon-composites-hex-xosl,2026-09-16,0.0067767148416872924,0.005730792424494258,0.37721518987341773,11.0,0.0,-0.0006346231943506758,-0.0006815853123905637,-0.0009793281983265997,0.0019476570773334309
himalaya-shipping-hshp-xosl,2026-09-16,0.023054275334321916,0.018761107887024675,0.13548387096774198,2.0,0.0,-0.0006346231943506758,-0.0005922159973888696,-0.00159459697544659,0.00295405279559695
hunter-group-hunt-xoas,2026-09-16,0.041548533129032617,0.02553748501546038,0.12827586206896552,17.0,0.0,-0.0006346231943506758,-0.0005895511593334371,-0.00015811757335371145,0.015089075639955471
klaveness-combination-carriers-kcc-xosl,2026-09-16,0.005609050932198434,0.01106061069148967,0.6000000000000001,1.0,0.0,-0.0006346231943506758,-0.0007639500054056384,0.0002578095026282588,-0.0031688817711927725
kongsberg-automotive-koa-xosl,2026-09-16,0.03676604354719837,-0.0038839863026940424,0.13882352941176473,11.0,0.0,-0.0006346231943506758,-0.0005934506863353954,-8.611117602459663e-05,0.0069920880899249915
kongsberg-gruppen-kog-xosl,2026-09-16,0.01528596710028296,0.025336348160930777,0.24705882352941178,13.0,0.0,-0.0006346231943506758,-0.0006334658326477994,-0.0005665410274757644,-0.002655711941029975
kongsberg-maritime-kmar-xosl,2026-09-16,0.022014193689775974,0.0026216170373984937,0.362962962962963,3.0,0.0,-0.0006346231943506758,-0.0006763161906151885,-0.0004840381634367212,0.00569458982300518
leroy-seafood-group-lsg-xosl,2026-09-16,-0.0014817689987736138,-0.009582525191674351,0.009999999999999995,2.0,0.0,-0.0006346231943506758,-0.0005458239632787842,-0.0005443197305260357,-0.002020447053367405
link-mobility-group-holding-link-xosl,2026-09-16,0.01713736387043263,-0.011768571591834753,-0.050000000000000044,2.0,0.0,-0.0006346231943506758,-0.0005236416539099515,0.0012793655147131206,0.002601628317492402
moreld-morld-xosl,2026-09-16,-0.01027711434370826,0.005444452456793147,0.25576923076923075,7.0,0.0,-0.0006346231943506758,-0.0006366861151165025,-0.0006527582919608076,0.0002472510875026768
mpc-container-ships-mpcc-xosl,2026-09-16,0.018570261912910224,0.0041406280357745295,0.38571428571428573,5.0,0.0,-0.0006346231943506758,-0.0006847274719455219,0.00024496685757110213,-0.00018579642004502495
napatech-napa-xosl,2026-09-16,0.013286057179421107,0.018753678748038904,0.23076923076923078,2.0,0.0,-0.0006346231943506758,-0.0006274434862128223,0.00044120385985417445,0.0011096358126424224
norbit-norbt-xosl,2026-09-16,0.01647705962996815,-0.008044277561267021,0.2790697674418605,6.0,0.0,-0.0006346231943506758,-0.0006453004436653708,0.00024403082497002578,-0.0005337826746111264
norconsult-norco-xosl,2026-09-16,-0.0022825944605688875,-0.004907514580430927,0.8,1.0,0.0,-0.0006346231943506758,-0.0008378910366350805,-0.0006664637426251222,0.002413481819624756
nordic-semiconductor-nod-xosl,2026-09-16,0.03475693452472872,-0.004907514580430927,0.3595744680851064,6.0,0.0,-0.0006346231943506758,-0.0006750634465872666,0.00011426378814423247,0.0025119413804121677
norsk-hydro-nhy-xosl,2026-09-16,0.013859034888671129,-0.0008838892799500897,-0.29375,5.0,0.0,-0.0006346231943506758,-0.000433526022099069,7.89686594604498e-06,0.00010517556225520943
norske-skog-nskog-xosl,2026-09-16,-0.0005607749095875025,0.0007422605679436867,0.43749999999999994,6.0,0.0,-0.0006346231943506758,-0.0007038729175317168,-0.000855113364457233,0.0007988078601068592
norwegian-air-shuttle-nas-xosl,2026-09-16,0.019762720132672884,-0.0028111105443373585,-0.041333333333333326,10.0,0.0,-0.0006346231943506758,-0.0005268457652632274,0.0010256657719711728,-0.0098288082708393
nykode-therapeutics-nykd-xosl,2026-09-16,0.018025091249435743,0.025276215410086067,0.46153846153846156,7.0,0.0,-0.0006346231943506758,-0.0007127600607083323,-2.5136402159563502e-05,0.006787639894701835
odfjell-drilling-odl-xosl,2026-09-16,-0.004284755219752023,0.03446256475100573,0.7181818181818181,3.0,0.0,-0.0006346231943506758,-0.0008076424329503088,0.0001434154794390059,0.006228871395761935
okea-xosl,2026-09-16,-0.014757132123859096,0.015092466346082745,0.23432835820895523,8.0,0.0,-0.0006346231943506758,-0.0006287593139786734,-0.002040648240430575,0.006814320093145169
okeanis-eco-tankers-oet-xosl,2026-09-16,-0.002442747952531299,0.04339535748223233,0.25588235294117645,14.0,0.0,-0.0006346231943506758,-0.0006367279369667454,-0.001284346532497634,0.0034203326181201543
orkla-ork-xosl,2026-09-16,-0.0006932745600518597,5.394730245633639e-05,-0.05319148936170216,6.0,0.0,-0.0006346231943506758,-0.0005224617438371413,0.0009133273909099125,-0.008791643066657787
panoro-energy-pen-xosl,2026-09-16,-0.023286082260667085,-0.0017873182871741555,-0.20606060606060606,4.0,0.0,-0.0006346231943506758,-0.0004659452431778869,0.000239451324504768,0.002657283509441263
pareto-bank-parb-xosl,2026-09-16,-0.007993592379915482,0.0024050577340586354,0.23529411764705882,4.0,0.0,-0.0006346231943506758,-0.0006291163602225381,-0.0010107582685067778,-0.0017926555994473648
prosafe-prs-xosl,2026-09-16,0.01146835108282418,0.0010095923141357765,-0.10421052631578948,12.0,0.0,-0.0006346231943506758,-0.0005035997428135501,0.0014280803302771773,-0.0009718946056941027
protector-forsikring-prot-xosl,2026-09-16,-0.01460443154414548,-0.0075612345597260155,-0.9,1.0,0.0,-0.0006346231943506758,-0.00020939227118482257,-0.002593893902514712,0.001977748591742072
reach-subsea-reach-xosl,2026-09-16,-0.0031666926090681002,0.03584479692128473,0.478688524590164,4.0,0.0,-0.0006346231943506758,-0.0007191005274467965,-0.0010674895848637191,0.00217566393095109
sal-mar-salm-xosl,2026-09-16,0.000983303191845586,-0.009363842566170733,-0.02500000000000001,3.0,0.0,-0.0006346231943506758,-0.0005328842828136319,-0.000947423518691895,-0.002627277560107978
salmon-evolution-salme-xosl,2026-09-16,0.04761867759805094,0.01940368371983392,0.06338028169014083,8.0,0.0,-0.0006346231943506758,-0.0005655589286562198,-0.00011918018326409333,-0.009694622275756813
scatec-scatc-xosl,2026-09-16,0.02466283964922722,-0.01933308368764941,0.22380952380952385,2.0,0.0,-0.0006346231943506758,-0.0006248704466645449,-0.00017790631481197236,0.0035716325670865317
sed-energy-holdings-enh-xosl,2026-09-16,-0.014157453805279885,0.016831594727942045,-0.25714285714285723,3.0,0.0,-0.0006346231943506758,-0.0004470598715651722,-0.0011270172068516605,0.004736385587167753
solstad-offshore-soff-xosl,2026-09-16,0.0037082241297354823,0.01233393087855017,0.7111111111111112,2.0,0.0,-0.0006346231943506758,-0.0008050283560886619,-0.002631212650491194,0.0019363721290200947
storebrand-stb-xosl,2026-09-16,-0.0011837329187447398,0.00011256581776208918,0.6142857142857143,3.0,0.0,-0.0006346231943506758,-0.0007692315076363129,-0.0007858569152520879,-0.002269976434952647
telenor-tel-xosl,2026-09-16,0.001217711881204675,-0.011520366269716753,0.15925925925925927,3.0,0.0,-0.0006346231943506758,-0.0006010058810296457,0.00022388298368817834,0.0022307117901337005
tgs-xosl,2026-09-16,-0.03114497972020913,0.07056413756879376,0.308,3.0,0.0,-0.0006346231943506758,-0.000655996099810653,-0.0019331216183276294,-0.003389854479631635
thor-medical-trmed-xosl,2026-09-16,-0.008290718686798537,0.024440361871888028,0.10514285714285716,21.0,0.0,-0.0006346231943506758,-0.0005809987681350759,0.0005921117816597599,0.013130976626622378
tomra-systems-tom-xosl,2026-09-16,0.009325069863603153,-0.04579969101935388,0.36226415094339626,14.0,0.0,-0.0006346231943506758,-0.000676057836208377,-0.0008665785005151844,-0.0032716592226763068
var-energi-var-xosl,2026-09-16,-0.019065350045711082,-0.00784436936671018,0.3560975609756098,2.0,0.0,-0.0006346231943506758,-0.0006737780161014408,-0.0019103961934257099,0.0037427897125991913
vend-marketplaces-vend-xosl,2026-09-16,0.010060591291125132,-0.013382090851617345,0.1804878048780488,5.0,0.0,-0.0006346231943506758,-0.0006088541838024184,0.00010989293270074823,-0.0012425449431716768
wallenius-wilhelmsen-wawi-xosl,2026-09-16,0.009350951440862731,0.00010925903101499657,0.2583333333333334,3.0,0.0,-0.0006346231943506758,-0.0006376340770553415,-0.0008564771114933242,-0.004554964826810362
yara-international-yar-xosl,2026-09-16,0.009026252313480976,0.004658642912269473,0.06666666666666667,3.0,0.0,-0.0006346231943506758,-0.0005667739221271261,-0.0005537898585090466,0.005190411817331715
zaptec-zap-xosl,2026-09-16,0.0416088861329309,0.011279563667382586,0.33333333333333337,3.0,0.0,-0.0006346231943506758,-0.0006653619637663823,0.00027959768452570904,-0.0024886719379176516
2020-bulkers-2020-xosl,2026-09-17,-0.3562736346816383,0.437031018780784,-0.056650246305418726,27.0,0.0,0.00020230106261114102,-9.1360802264071e-05,0.009909041442895443,0.012305719979965383
akastor-akast-xosl,2026-09-17,0.004544797977598325,0.0012950607350790122,0.08181818181818183,6.0,0.0,0.00020230106261114102,4.7526378007501255e-05,-0.002316798085022442,-0.0030693426654627353
aker-bp-akrbp-xosl,2026-09-17,-0.025543261346007484,-0.02328644660274115,-0.20000000000000004,1.0,0.0,0.00020230106261114102,-0.00023514407006785588,-0.00595840640362306,0.0019513091411084591
aker-solutions-akso-xosl,2026-09-17,-0.007004210094707752,-0.0028737477247535725,0.7000000000000001,1.0,0.0,0.00020230106261114102,0.0006675776834631233,0.0016039068319588633,0.0014104007468758201
autostore-auto-xosl,2026-09-17,-0.004614056056912119,-0.003579650208169305,-0.18767123287671234,11.0,0.0,0.00020230106261114102,-0.00022277801864962327,-0.0006125784482593427,0.001548397151739165
axactor-acr-xosl,2026-09-17,0.0162271702901734,-0.005144588165388875,-0.18333333333333338,2.0,0.0,0.00020230106261114102,-0.00021842700055802293,0.001323458608837177,0.0033988009672537645
b2-impact-b2i-xosl,2026-09-17,0.03410041595813207,0.026218670751302353,0.48098591549295777,19.0,0.0,0.00020230106261114102,0.00044790126300292413,0.0027070028857589658,-0.001332988513076456
bakkafrost-bakka-xosl,2026-09-17,-0.006253684827429273,-0.010778554126390949,0.0,2.0,0.0,0.00020230106261114102,-3.4539235949860496e-05,-0.0021374407601051503,-0.0023876922410289163
bevest-bint-xosl,2026-09-17,0.027775212119066084,-0.04671934587047122,0.0,1.0,0.0,0.00020230106261114102,-3.4539235949860496e-05,-0.00048184333380424664,-0.005590938679753589
blue-nord-bnor-xosl,2026-09-17,0.01744174303184487,-0.017864881562512203,0.06938775510204082,8.0,0.0,0.00020230106261114102,3.5058359560464426e-05,0.0004344680151418635,-0.0014865271387741615
borregaard-brg-xosl,2026-09-17,0.0009313016313874378,0.006066180729549675,-0.2740740740740741,3.0,0.0,0.00020230106261114102,-0.0003094421567782245,0.0014962123040025616,-0.0039038392552695634
bouvet-bouv-xosl,2026-09-17,-0.01915857762397155,0.006492905265732096,-0.008333333333333363,2.0,0.0,0.00020230106261114102,-4.2897770704776995e-05,-0.0019777501473237143,-0.0028369521510539972
bw-energy-limited-bwe-xosl,2026-09-17,0.012462014768653495,-0.021537061106215005,0.2,1.0,0.0,0.00020230106261114102,0.00016606559816813486,-0.002814281476974739,-0.0027069047687451418
bw-lpg-bwlpg-xosl,2026-09-17,0.006542787729628907,0.00707731954092794,0.16,3.0,0.0,0.00020230106261114102,0.0001259446313445358,-0.001392862768293846,0.005927657835745335
capital-tankers-corp-capt-merk,2026-09-17,-0.0016697316813364393,-0.005538341085487897,0.5096774193548388,4.0,0.0,0.00020230106261114102,0.00047667953486696645,0.0015539725560130963,-0.005122641181540055
circio-holding-crna-xosl,2026-09-17,0.003945256762775129,0.03228284856576802,-0.11666666666666667,18.0,0.0,0.00020230106261114102,-0.00015155872251869113,0.0018557664768567553,0.005643229727081887
cmb0tech-nv-cmbto-xosl,2026-09-17,-0.006404613350454724,0.04339020945459904,0.5,5.0,0.0,0.00020230106261114102,0.0004669728493451279,0.0013309620192865853,0.0001467252159572878
constellation-oil-services-holding-cosh-xosl,2026-09-17,0.008995797085898816,-0.006178737989891214,0.6000000000000001,1.0,0.0,0.00020230106261114102,0.0005672752664041257,0.0012664442913439598,0.0005232923997021509
dno-xosl,2026-09-17,0.021379785159162723,-0.024912957697911353,0.13821138211382114,14.0,0.0,0.00020230106261114102,0.0001040901209609493,0.0003677328076573752,0.013138503458205879
dof-group-dofg-xosl,2026-09-17,0.01716213805425315,-0.00913957542291799,0.09767441860465118,6.0,0.0,0.00020230106261114102,6.343056675892794e-05,0.0007871596560099302,-0.002097594557970533
elopak-elo-xosl,2026-09-17,-0.0033668607183741095,-0.015702505993186233,0.23333333333333336,1.0,0.0,0.00020230106261114102,0.00019949973718780078,-0.00030135084159033424,0.00429679588394673
end-r-endur-xosl,2026-09-17,0.03433691319494925,0.005655551262421454,0.3285714285714286,5.0,0.0,0.00020230106261114102,0.0002950258486725605,0.0016531990984496542,-0.0005400477435940398
envipco-holding-envip-xosl,2026-09-17,-0.00010888364594419109,-0.003134528143210691,0.013513513513513495,3.0,0.0,0.00020230106261114102,-2.0984855266212182e-05,-0.00038248005762039775,-0.0012652032333509548
frontline-fro-xosl,2026-09-17,0.030890521078497435,-0.0606981054057133,0.4236000000000001,30.0,0.0,0.00020230106261114102,0.0003903418027120537,0.0002848928459536558,-0.005415900112255837
general-oceans-geno-xosl,2026-09-17,0.021574401492494233,0.05029969434268944,0.2090909090909091,2.0,0.0,0.00020230106261114102,0.00017518399971895284,0.0025655859489805122,-0.0035082461334380232
grieg-seafood-gsf-xosl,2026-09-17,-0.013695906193629037,-0.010075869013444705,-0.2,1.0,0.0,0.00020230106261114102,-0.00023514407006785585,-0.0004661113204473765,0.004200431894599071
hexagon-composites-hex-xosl,2026-09-17,0.016190053755863354,0.0067767148416872924,0.5724137931034483,2.0,0.0,0.00020230106261114102,0.0005396056341119883,0.0005139682195959107,-9.88248268583853e-05
himalaya-shipping-hshp-xosl,2026-09-17,0.014620093952243063,0.023054275334321916,0.38181818181818183,1.0,0.0,0.00020230106261114102,0.00034843362918449426,-0.0023871019909391744,0.0010776343935440834
hoegh-autoliners-hauto-xosl,2026-09-17,0.001926803958576806,-0.006722249422041249,0.0,1.0,0.0,0.00020230106261114102,-3.4539235949860496e-05,-0.0010623945723105578,0.004530263224497849
hunter-group-hunt-xoas,2026-09-17,0.04587216773002123,0.041548533129032617,0.38632478632478634,15.0,0.0,0.00020230106261114102,0.0003529538624319083,0.0005584457560527629,0.0023070734253517336
kid-xosl,2026-09-17,0.010651400920250631,0.010656278412664477,0.7000000000000001,1.0,0.0,0.00020230106261114102,0.0006675776834631233,0.0015103974662477055,0.007428287479620803
kitron-kit-xosl,2026-09-17,0.003927373444072124,0.027888347419099846,0.026229508196721343,7.0,0.0,0.00020230106261114102,-8.230405245861073e-06,-0.0005539251925628086,-0.0030776707466528904
kongsberg-automotive-koa-xosl,2026-09-17,-0.003259034980933384,0.03676604354719837,0.5271428571428571,8.0,0.0,0.00020230106261114102,0.0004941977911182844,0.002791783117763428,-0.002092910396361075
kongsberg-gruppen-kog-xosl,2026-09-17,0.005596519945082701,0.01528596710028296,0.33359375,15.0,0.0,0.00020230106261114102,0.0003000633584578896,0.0009830207071907305,0.0035281612380443257
kongsberg-maritime-kmar-xosl,2026-09-17,0.0076743264905099196,0.022014193689775974,0.3853658536585366,9.0,0.0,0.00020230106261114102,0.0003519920297896915,0.0014941537100702353,0.001655802197063914
leroy-seafood-group-lsg-xosl,2026-09-17,-0.026067317519095412,-0.0014817689987736138,0.007692307692307691,3.0,0.0,0.00020230106261114102,-2.6823665406860678e-05,0.0009752565172910343,-0.0035755688353828977
link-mobility-group-holding-link-xosl,2026-09-17,-0.0011308556879735532,0.01713736387043263,0.26,5.0,0.0,0.00020230106261114102,0.00022624704840353346,1.8801037595787606e-05,-0.002817856466002522
moreld-morld-xosl,2026-09-17,0.006938215249258639,-0.01027711434370826,0.07407407407407407,3.0,0.0,0.00020230106261114102,3.975885076050815e-05,-0.0003965925227371695,0.0003510143441341788
mpc-container-ships-mpcc-xosl,2026-09-17,0.00759569641666491,0.018570261912910224,0.15222222222222223,11.0,0.0,0.00020230106261114102,0.00011814333223994709,0.002123502337564767,0.010129506028364658
norbit-norbt-xosl,2026-09-17,-0.008850319200158885,0.01647705962996815,0.37361111111111117,9.0,0.0,0.00020230106261114102,0.0003402017388955614,0.0012890737931700437,0.0017256982858837445
nordic-semiconductor-nod-xosl,2026-09-17,0.0061868083218539205,0.03475693452472872,0.44418604651162796,5.0,0.0,0.00020230106261114102,0.000410990104940106,0.0005591414991614973,0.00028112790803991664
norsk-hydro-nhy-xosl,2026-09-17,0.0032181220834678337,0.013859034888671129,0.057142857142857106,4.0,0.0,0.00020230106261114102,2.2776430940995284e-05,0.0025747585286031785,-0.00255971480843625
norske-skog-nskog-xosl,2026-09-17,0.018306783918231706,-0.0005607749095875025,0.5536082474226806,5.0,0.0,0.00020230106261114102,0.0005207432172530443,-0.0007401398364282498,-0.0015711013543222468
norwegian-air-shuttle-nas-xosl,2026-09-17,-0.0105800403233679,0.019762720132672884,0.13267326732673268,14.0,0.0,0.00020230106261114102,9.853525796999781e-05,0.002996073800247951,0.014389630350246436
nykode-therapeutics-nykd-xosl,2026-09-17,0.016458535879602887,0.018025091249435743,0.40625,4.0,0.0,0.00020230106261114102,0.00037293933335231757,0.001107513773441025,0.00045810117318410165
odfjell-drilling-odl-xosl,2026-09-17,0.003324662055571137,-0.004284755219752023,0.6838709677419355,4.0,0.0,0.00020230106261114102,0.0006513998742600591,-0.0005177826776511546,0.0009620760583884464
okea-xosl,2026-09-17,-0.004601217170883576,-0.014757132123859096,0.09545454545454547,6.0,0.0,0.00020230106261114102,6.120398033372821e-05,0.0007974493178969574,-0.0020174193428568158
okeanis-eco-tankers-oet-xosl,2026-09-17,0.013958576242226406,-0.002442747952531299,0.3767741935483871,10.0,0.0,0.00020230106261114102,0.0003433743870337178,-0.000903020555123949,0.0008244104570417154
orkla-ork-xosl,2026-09-17,-0.0030063682802469183,-0.0006932745600518597,0.3218750000000001,4.0,0.0,0.00020230106261114102,0.00028830916895878836,0.002130581794386295,0.004947727399116046
panoro-energy-pen-xosl,2026-09-17,0.01532487471806554,-0.023286082260667085,0.35072463768115947,8.0,0.0,0.00020230106261114102,0.0003172460528657546,8.69207158562822e-05,-0.001673641132250066
paratus-energy-services-plsv-xosl,2026-09-17,0.02932100002275051,0.0020180147177426555,0.4600000000000001,10.0,0.0,0.00020230106261114102,0.0004268518825215289,0.0023103627850881714,0.0010705881179047052
pareto-bank-parb-xosl,2026-09-17,0.04354127937460628,-0.007993592379915482,0.1806451612903226,4.0,0.0,0.00020230106261114102,0.0001466522271244579,0.0018943067595082552,-0.004075771927990257
prosafe-prs-xosl,2026-09-17,-0.01605239424505478,0.01146835108282418,0.3146341463414634,6.0,0.0,0.00020230106261114102,0.0002810464177235712,0.0011104494037932403,-0.005298020293309965
protector-forsikring-prot-xosl,2026-09-17,0.01302081440216718,-0.01460443154414548,0.30000000000000004,1.0,0.0,0.00020230106261114102,0.00026636801522713255,0.0029640372367289703,0.011988768116017814
reach-subsea-reach-xosl,2026-09-17,-1.3203537855721592e-05,-0.0031666926090681002,0.4692307692307693,7.0,0.0,0.00020230106261114102,0.00043611056717312864,0.003771489803691873,-0.0034489537458672515
sal-mar-salm-xosl,2026-09-17,-0.013226425136323439,0.000983303191845586,0.47826086956521735,3.0,0.0,0.00020230106261114102,0.0004451679760714327,0.00010724661602383388,-0.002364074251140319
salmon-evolution-salme-xosl,2026-09-17,-0.004517668051146728,0.04761867759805094,-0.07205882352941179,9.0,0.0,0.00020230106261114102,-0.00010681597765413826,0.0011371137110130411,-0.0023655866515713128
scatec-scatc-xosl,2026-09-17,0.025222962388959602,0.02466283964922722,-0.015384615384615398,3.0,0.0,0.00020230106261114102,-4.997037703586015e-05,-0.0012338124851996495,0.001269496647575842
sed-energy-holdings-enh-xosl,2026-09-17,0.019719647393804052,-0.014157453805279885,0.40697674418604657,11.0,0.0,0.00020230106261114102,0.000373668275336758,0.0014287409686495852,0.011943402047828997
smartoptics-group-smop-xosl,2026-09-17,0.04086827616566613,0.07571779459839223,0.41081081081081083,5.0,0.0,0.00020230106261114102,0.0003775139368330489,0.001531475830782538,-0.00024788267707907623
solstad-maritime-soma-xosl,2026-09-17,0.017557440697816173,0.011242864334442215,0.41212121212121217,5.0,0.0,0.00020230106261114102,0.0003788283010205542,0.004574060081008534,0.0026337123776526456
solstad-offshore-soff-xosl,2026-09-17,0.03556924500028902,0.0037082241297354823,0.2,2.0,0.0,0.00020230106261114102,0.00016606559816813486,-0.0022431064507360014,-0.0015017916172555795
storebrand-stb-xosl,2026-09-17,-0.003926622815506153,-0.0011837329187447398,0.32272727272727275,2.0,0.0,0.00020230106261114102,0.0002891640191041775,0.0008727078265755232,0.0010300922974166356
telenor-tel-xosl,2026-09-17,-0.0218411856038897,0.001217711881204675,0.5076923076923078,3.0,0.0,0.00020230106261114102,0.0004746884198881278,0.0021499115424513816,0.002482412635219443
tgs-xosl,2026-09-17,0.008303713324545048,-0.03114497972020913,0.2081081081081081,4.0,0.0,0.00020230106261114102,0.00017419822657832384,0.0006750908171047723,-0.004992856963717323
thor-medical-trmed-xosl,2026-09-17,-0.01640100460322491,-0.008290718686798537,-0.26888888888888896,11.0,0.0,0.00020230106261114102,-0.00030424129070849874,0.0002882906848708888,0.005529552948183334
tomra-systems-tom-xosl,2026-09-17,0.0013622423253976113,0.009325069863603153,0.29925373134328365,17.0,0.0,0.00020230106261114102,0.00026561948972669234,0.0003299797238519624,0.003524510793995781
var-energi-var-xosl,2026-09-17,0.012352759203791419,-0.019065350045711082,0.26410256410256416,3.0,0.0,0.00020230106261114102,0.00023036201935980007,-0.00021572322891728925,-0.0007450088035793266
vend-marketplaces-vend-xosl,2026-09-17,-0.017917613650603292,0.010060591291125132,0.01666666666666668,3.0,0.0,0.00020230106261114102,-1.7822166440027535e-05,-0.0027003882744133356,0.0006432630913437136
wallenius-wilhelmsen-wawi-xosl,2026-09-17,-0.0035656609976004727,0.009350951440862731,0.21363636363636365,8.0,0.0,0.00020230106261114102,0.00017974320049436184,0.0014237173619984704,-0.0035915214259790796
western-bulk-chartering-west-merk,2026-09-17,0.052855447676348644,-0.02763796616036729,0.5,1.0,0.0,0.00020230106261114102,0.0004669728493451279,-0.0017870065956860992,-0.0034097817881971336
zaptec-zap-xosl,2026-09-17,0.014063351700667526,0.0416088861329309,0.1129032258064516,4.0,0.0,0.00020230106261114102,7.870542847158848e-05,-0.0021376002985573853,0.0029962496615603606
2020-bulkers-2020-xosl,2026-09-18,-0.25409852899531105,-0.3562736346816383,-0.29558823529411765,18.0,0.0,0.00020230106261114102,-0.00033102138049189773,0.004628294463416929,-0.0009863645952063148
akastor-akast-xosl,2026-09-18,-0.019183398132653018,0.004544797977598325,0.0,2.0,0.0,0.00020230106261114102,-3.4539235949860496e-05,-0.0032466055924282007,-0.0019641273450251013
aker-bp-akrbp-xosl,2026-09-18,-0.0046341538189044185,-0.025543261346007484,0.16196319018404912,22.0,0.0,0.00020230106261114102,0.00012791375855060203,0.0029184358530427636,0.01296202378968762
alng-xoas,2026-09-18,0.004661586442979426,0.005918876943358242,-0.4,1.0,0.0,0.00020230106261114102,-0.0004357489041858512,-0.0010633730414790904,7.337818829568959e-05
austevoll-seafood-auss-xosl,2026-09-18,-0.011096026305600137,-0.012356551509541513,0.37368421052631584,3.0,0.0,0.00020230106261114102,0.0003402750593758677,0.00013501217060272257,0.0006287939809687268
autostore-auto-xosl,2026-09-18,0.036199006535944434,-0.004614056056912119,0.13636363636363638,9.0,0.0,0.00020230106261114102,0.00010223678731240908,0.000655669988968088,0.0006601255657190024
b2-impact-b2i-xosl,2026-09-18,0.0005799382197254621,0.03410041595813207,-0.1176470588235294,7.0,0.0,0.00020230106261114102,-0.00015254207954868126,-5.883184641603415e-05,-0.0033420487433223033
bakkafrost-bakka-xosl,2026-09-18,-0.006131482472469529,-0.006253684827429273,0.3411764705882353,4.0,0.0,0.00020230106261114102,0.00030766901048671983,0.0010399795467275436,-0.0011473523429705126
bevest-bint-xosl,2026-09-18,-0.018379887401294814,0.027775212119066084,0.0,1.0,0.0,0.00020230106261114102,-3.4539235949860496e-05,0.00027638318297368866,-0.002596825831338106
blue-nord-bnor-xosl,2026-09-18,-0.02381412544981787,0.01744174303184487,0.125,10.0,0.0,0.00020230106261114102,9.08387853738866e-05,-0.0006891380928165419,-0.0014083505233997914
borregaard-brg-xosl,2026-09-18,0.010081557715932443,0.0009313016313874378,-0.19523809523809524,1.0,0.0,0.00020230106261114102,-0.00023036776449361786,0.0021766140026042227,-0.0026001709834505803
bw-lpg-bwlpg-xosl,2026-09-18,-0.004354794492439362,0.006542787729628907,0.21590909090909094,5.0,0.0,0.00020230106261114102,0.00018202280088206634,0.0005286343980320841,0.0008890926165384326
cadeler-cadlr-xosl,2026-09-18,0.022176168990068246,0.00816247646822299,0.0,2.0,0.0,0.00020230106261114102,-3.4539235949860496e-05,-0.0004970549634700852,0.0037881319288838294
capital-tankers-corp-capt-merk,2026-09-18,-0.019271155790496874,-0.0016697316813364393,0.4538461538461538,18.0,0.0,0.00020230106261114102,0.0004206794260871289,0.0039053517804956243,0.007966707339324162
circio-holding-crna-xosl,2026-09-18,-0.0697885097635591,0.003945256762775129,0.010000000000000005,27.0,0.0,0.00020230106261114102,-2.4508994243960724e-05,0.0013753638844586184,0.0008966686194761689
cloudberry-clean-energy-cloud-xosl,2026-09-18,0.001271759222092217,-0.04549133243683301,0.5090909090909091,1.0,0.0,0.00020230106261114102,0.0004760912508959459,-0.002194309048537707,-0.003403025507654061
cmb0tech-nv-cmbto-xosl,2026-09-18,-0.004723205126977326,-0.006404613350454724,0.2792452830188679,4.0,0.0,0.00020230106261114102,0.00024555053244130283,0.0016866870158316004,-0.002305260480043086
constellation-oil-services-holding-cosh-xosl,2026-09-18,-0.0024812706998776912,0.008995797085898816,0.12,2.0,0.0,0.00020230106261114102,8.582366452093671e-05,0.00024214540691065134,0.004804116352936252
dnb-bank-dnb-xosl,2026-09-18,0.012598094379487335,-0.002303656883182237,0.18181818181818182,3.0,0.0,0.00020230106261114102,0.0001478287950664989,-0.0011554241696510453,-0.002513113781145103
dno-xosl,2026-09-18,-0.026938862726910817,0.021379785159162723,0.27428571428571435,4.0,0.0,0.00020230106261114102,0.0002405759651262475,9.407761161670363e-05,0.0035681180601154013
dof-group-dofg-xosl,2026-09-18,-0.005647759093190041,0.01716213805425315,0.1285714285714286,2.0,0.0,0.00020230106261114102,9.44210145545651e-05,-0.002709082664410326,0.0035423074535831894
elkem-elk-xosl,2026-09-18,0.030449485349352767,-0.002895430903179008,-0.6000000000000002,1.0,0.0,0.00020230106261114102,-0.0006363537383038468,-0.0041572042941826785,0.004774942136736818
elmera-group-elmra-xosl,2026-09-18,0.006802881357056756,0.020913439965111524,-0.1764705882352941,7.0,0.0,0.00020230106261114102,-0.00021154350134809167,0.0033465491334576684,-0.002099597516945501
elopak-elo-xosl,2026-09-18,0.0004890823346195283,-0.0033668607183741095,-0.2631578947368421,3.0,0.0,0.00020230106261114102,-0.0002984929650524859,-0.000950998353328303,-0.0001699608646304023
end-r-endur-xosl,2026-09-18,0.01987077037767848,0.03433691319494925,-0.00909090909090915,2.0,0.0,0.00020230106261114102,-4.365763750067853e-05,0.0015237803701152975,0.005587647806820692
envipco-holding-envip-xosl,2026-09-18,0.03222659927975646,-0.00010888364594419109,0.13636363636363638,3.0,0.0,0.00020230106261114102,0.00010223678731240908,-0.0002659780184784227,0.005788107440517075
europris-epr-xosl,2026-09-18,0.022865469601026533,0.001766899807331468,-0.17142857142857149,1.0,0.0,0.00020230106261114102,-0.000206486236622428,0.0008309623246875893,-0.0016404990272902266
frontline-fro-xosl,2026-09-18,0.017434582497761864,0.030890521078497435,0.25214723926380367,19.0,0.0,0.00020230106261114102,0.0002183705395792686,-0.00039287591199922765,-0.01308211540056034
general-oceans-geno-xosl,2026-09-18,0.052798248961919536,0.021574401492494233,-0.16744186046511633,5.0,0.0,0.00020230106261114102,-0.00020248746916492642,0.0004577701757703138,-0.0009944822782968527
grieg-seafood-gsf-xosl,2026-09-18,-0.008949308625814001,-0.013695906193629037,-0.1927536231884058,9.0,0.0,0.00020230106261114102,-0.00022787577897662414,0.0036094757252995275,-0.0028025771008314986
hafnia-hafni-xosl,2026-09-18,0.013181239364846609,0.035786443990166394,0.5466666666666667,4.0,0.0,0.00020230106261114102,0.0005137806439726603,-0.0005588495718036883,-0.00027163324095835317
hexagon-composites-hex-xosl,2026-09-18,0.02053458669774655,0.016190053755863354,0.5000000000000001,9.0,0.0,0.00020230106261114102,0.000466972849345128,0.0004895420382253359,0.002128106848543175
himalaya-shipping-hshp-xosl,2026-09-18,0.023677211937684572,0.014620093952243063,0.41081081081081083,5.0,0.0,0.00020230106261114102,0.0003775139368330489,-0.00020427640952945988,-0.0013833661406982567
hoegh-autoliners-hauto-xosl,2026-09-18,0.009590358986251935,0.001926803958576806,0.0,2.0,0.0,0.00020230106261114102,-3.4539235949860496e-05,-0.0007122953725071039,-0.0007886878166920255
hunter-group-hunt-xoas,2026-09-18,0.0899125858492148,0.04587216773002123,0.24575163398692815,19.0,0.0,0.00020230106261114102,0.00021195559290100965,0.0001639847261670564,-0.014166855367368086
kid-xosl,2026-09-18,0.014578916593741442,0.010651400920250631,0.7000000000000001,1.0,0.0,0.00020230106261114102,0.0006675776834631233,0.0007728100040076569,0.007428287479620803
kitron-kit-xosl,2026-09-18,0.006189875017069135,0.003927373444072124,0.4190476190476191,9.0,0.0,0.00020230106261114102,0.0003857756545830822,0.002075546008606958,0.000936402568336741
klaveness-combination-carriers-kcc-xosl,2026-09-18,0.014408175281888869,0.005112287125909387,0.3428571428571429,2.0,0.0,0.00020230106261114102,0.00030935476539527447,-0.003521580142709567,0.0014998865466867078
kongsberg-automotive-koa-xosl,2026-09-18,0.002180140199503522,-0.003259034980933384,0.43780487804878054,11.0,0.0,0.00020230106261114102,0.00040458963873526353,0.0017117648907386184,0.007438240670440254
kongsberg-gruppen-kog-xosl,2026-09-18,0.0028011024010705654,0.005596519945082701,0.3120967741935484,17.0,0.0,0.00020230106261114102,0.0002785013721294307,0.0007852297493175088,0.0023076949124356005
kongsberg-maritime-kmar-xosl,2026-09-18,0.040387684360947085,0.0076743264905099196,0.41304347826086957,5.0,0.0,0.00020230106261114102,0.0003797533562503473,-0.0007513552197656772,-0.00013395390849837895
leroy-seafood-group-lsg-xosl,2026-09-18,-0.008904246288454987,-0.026067317519095412,0.5,1.0,0.0,0.00020230106261114102,0.0004669728493451279,-0.00201672195515702,-0.0015134439092801368
link-mobility-group-holding-link-xosl,2026-09-18,0.012334234021850077,-0.0011308556879735532,0.16363636363636366,8.0,0.0,0.00020230106261114102,0.000129591991964863,0.00045921419338386556,-0.0008906058843085671
moreld-morld-xosl,2026-09-18,0.0005378593720629654,0.006938215249258639,0.2416666666666667,3.0,0.0,0.00020230106261114102,0.00020785827194271726,0.000238081772215615,0.004646448059532086
mpc-container-ships-mpcc-xosl,2026-09-18,0.018755866504102436,0.00759569641666491,0.06315789473684211,2.0,0.0,0.00020230106261114102,2.8809659034769616e-05,-0.0021193973797929157,0.0041499550761224845
napatech-napa-xosl,2026-09-18,0.010621061900745299,0.010189096256297714,-0.037500000000000026,3.0,0.0,0.00020230106261114102,-7.215264234698465e-05,-0.0017085651567072808,0.0012475157142190184
norbit-norbt-xosl,2026-09-18,0.0059147001058478255,-0.008850319200158885,0.38392857142857145,7.0,0.0,0.00020230106261114102,0.00035055040097307704,0.0011997528641217066,-0.0009252512096352462
nordic-semiconductor-nod-xosl,2026-09-18,0.03001369911903573,0.0061868083218539205,0.1784313725490196,6.0,0.0,0.00020230106261114102,0.00014443174350835104,0.0003039497581167445,-0.0006310837022818983
norsk-hydro-nhy-xosl,2026-09-18,-0.010215200698777571,0.0032181220834678337,0.425,2.0,0.0,0.00020230106261114102,0.0003917460365508796,0.0010934803306728701,-0.0011444385944621575
norske-skog-nskog-xosl,2026-09-18,-0.06913915052555386,0.018306783918231706,0.5470588235294118,2.0,0.0,0.00020230106261114102,0.0005141739867846563,-0.00039193404201298015,-0.0008665082331275827
norwegian-air-shuttle-nas-xosl,2026-09-18,0.017972721328067043,-0.0105800403233679,0.09350649350649352,9.0,0.0,0.00020230106261114102,5.925003714426721e-05,0.00211500104754144,-0.002294740907360299
nykode-therapeutics-nykd-xosl,2026-09-18,-0.015091539077273453,0.016458535879602887,-0.07111111111111111,6.0,0.0,0.00020230106261114102,-0.0001058653991918144,0.0018807940518368277,-0.0015462921592287
odfjell-drilling-odl-xosl,2026-09-18,-0.018152044413542234,0.003324662055571137,0.21600000000000005,3.0,0.0,0.00020230106261114102,0.00018211398489757454,-0.005137996153871654,-0.0007053028196350018
okeanis-eco-tankers-oet-xosl,2026-09-18,-0.0015112530631934407,0.013958576242226406,0.031666666666666655,18.0,0.0,0.00020230106261114102,-2.7768038811779077e-06,0.0007522773884879849,0.000992698277287606
orkla-ork-xosl,2026-09-18,0.030061866341905996,-0.0030063682802469183,-0.5428571428571429,2.0,0.0,0.00020230106261114102,-0.0005790380714129908,-0.0005747962857723904,0.004036190211651404
panoro-energy-pen-xosl,2026-09-18,-0.036218893690664555,0.01532487471806554,0.35161290322580646,3.0,0.0,0.00020230106261114102,0.0003181370046769378,-0.001985342997140054,0.0015945067742117835
paratus-energy-services-plsv-xosl,2026-09-18,-0.008286650927542216,0.02932100002275051,0.38974358974358975,8.0,0.0,0.00020230106261114102,0.0003563830048954638,-0.00014004250310099784,0.0003587080054390856
pareto-bank-parb-xosl,2026-09-18,-0.01115566314829819,0.04354127937460628,-0.5,2.0,0.0,0.00020230106261114102,-0.0005360513212448489,0.0005156089155493159,0.004710495467208395
prosafe-prs-xosl,2026-09-18,-0.04968625910588231,-0.01605239424505478,0.29266055045871564,14.0,0.0,0.00020230106261114102,0.0002590063699383988,0.0012590076904794158,0.010479544680160796
protector-forsikring-prot-xosl,2026-09-18,-0.012710324009066687,0.01302081440216718,-0.057692307692307696,4.0,0.0,0.00020230106261114102,-9.240601502235915e-05,0.002782475652737529,-0.006487938122035808
reach-subsea-reach-xosl,2026-09-18,0.004661586442979426,-1.3203537855721592e-05,0.48333333333333334,7.0,0.0,0.00020230106261114102,0.00045025577983529496,0.0025086128630750987,-0.0023620568882150635
salmon-evolution-salme-xosl,2026-09-18,0.009227755725682019,-0.004517668051146728,-0.12203389830508475,5.0,0.0,0.00020230106261114102,-0.00015694218558117969,0.0008982061874194538,-0.0006641987291826231
sats-xosl,2026-09-18,0.009233032453023982,-6.425981227464739e-05,0.6000000000000002,1.0,0.0,0.00020230106261114102,0.0005672752664041257,0.0010425915938037673,-0.0027496029102858617
scatec-scatc-xosl,2026-09-18,-0.003821432519188539,0.025222962388959602,0.41153846153846163,7.0,0.0,0.00020230106261114102,0.00037824378810063,0.0010831851126833463,-0.0013263128457892909
sed-energy-holdings-enh-xosl,2026-09-18,-0.015232325510113998,0.019719647393804052,0.0896551724137931,7.0,0.0,0.00020230106261114102,5.53870689995857e-05,0.0003587369333786575,0.00392786192382767
smartoptics-group-smop-xosl,2026-09-18,0.020105587385901846,0.04086827616566613,0.22400000000000003,6.0,0.0,0.00020230106261114102,0.00019013817826229432,0.0013806700206173454,0.0029979110529683986
sparebank-1-smn-ming-xosl,2026-09-18,0.006276378154700724,0.007843723353179954,0.0,1.0,0.0,0.00020230106261114102,-3.4539235949860496e-05,-0.0012784645435726348,-0.003442376090983537
sparebanken-norge-sbnor-xosl,2026-09-18,0.01706612255469364,0.001890160152546727,0.025000000000000005,4.0,0.0,0.00020230106261114102,-9.463631685111073e-06,0.0012425300322050524,-0.003897916116740022
storebrand-stb-xosl,2026-09-18,0.021781394056239134,-0.003926622815506153,0.2285714285714286,1.0,0.0,0.00020230106261114102,0.0001947234316135628,0.00028836206555544233,-0.0007249125806275121
telenor-tel-xosl,2026-09-18,0.005419208439309986,-0.0218411856038897,-0.09605263157894739,10.0,0.0,0.00020230106261114102,-0.00013088234707231883,0.0023821488209190807,-0.00809899004853112
thor-medical-trmed-xosl,2026-09-18,0.017690889924201314,-0.01640100460322491,0.03670886075949368,9.0,0.0,0.00020230106261114102,2.2806386667335925e-06,0.0011537655654563302,-0.004741920954408913
tomra-systems-tom-xosl,2026-09-18,0.007408839190232164,0.0013622423253976113,0.32375000000000004,11.0,0.0,0.00020230106261114102,0.0002901898392786445,0.0004136460718373087,0.007424353642695405
var-energi-var-xosl,2026-09-18,-0.0269369411973035,0.012352759203791419,0.2451612903225807,2.0,0.0,0.00020230106261114102,0.00021136346393671451,6.4301306553232e-05,0.00478863795270018
veidekke-vei-xosl,2026-09-18,0.009345427192393951,0.0066593484877679465,0.2,1.0,0.0,0.00020230106261114102,0.00016606559816813486,-0.001372018183282909,-0.003373248413543184
vend-marketplaces-vend-xosl,2026-09-18,0.012440337952208114,-0.017917613650603292,0.11086956521739134,6.0,0.0,0.00020230106261114102,7.666561774598479e-05,4.393639280395167e-05,8.209494552260116e-05
wallenius-wilhelmsen-wawi-xosl,2026-09-18,0.004661586442979426,-0.0035656609976004727,0.3233333333333334,4.0,0.0,0.00020230106261114102,0.0002897719125408987,0.001253097532468319,-0.0009715060887252576
western-bulk-chartering-west-merk,2026-09-18,-0.0415568383210102,0.052855447676348644,0.5,1.0,0.0,0.00020230106261114102,0.0004669728493451279,-0.0011943942012899726,-0.0017081971647343434
yara-international-yar-xosl,2026-09-18,0.009100112792090331,-0.012927375989635892,0.5,1.0,0.0,0.00020230106261114102,0.0004669728493451279,0.0029411861107584408,0.011380833039405692
zaptec-zap-xosl,2026-09-18,0.034913674460803734,0.014063351700667526,0.024074074074074067,5.0,0.0,0.00020230106261114102,-1.039235776899069e-05,0.0009338044092089693,-0.0012164608293299237
2020-bulkers-2020-xosl,2026-09-21,0.2558847625456535,-0.25409852899531105,-0.12500000000000003,9.0,0.0,0.00020230106261114102,-0.00015991725727360762,0.0022827806592263895,-0.006819395543076054
aker-bp-akrbp-xosl,2026-09-21,-0.007306790034878108,-0.0046341538189044185,0.14,5.0,0.0,0.00020230106261114102,0.00010588414793273626,-8.696010310814951e-05,0.0005230535719694144
aker-solutions-akso-xosl,2026-09-21,-0.0025685933265529037,0.013748173503912997,0.0,2.0,0.0,0.00020230106261114102,-3.4539235949860496e-05,-0.002943387859750701,-0.0029587517343164197
arendals-fossekompani-afk-xosl,2026-09-21,-0.009160974114920784,0.0073141063368785675,0.4000000000000001,1.0,0.0,0.00020230106261114102,0.00036667043228613027,0.00162367529734527,-0.0021501287717646967
austevoll-seafood-auss-xosl,2026-09-21,0.015150302163132734,-0.011096026305600137,0.4318181818181819,6.0,0.0,0.00020230106261114102,0.0003985848377139932,0.002346333923129402,-0.0022776685362772588
autostore-auto-xosl,2026-09-21,0.02572266079366159,0.036199006535944434,-0.07500000000000002,8.0,0.0,0.00020230106261114102,-0.00010976604874410877,0.001094208833540899,-0.0011027828316746888
axactor-acr-xosl,2026-09-21,0.02686449514632705,-0.005594862938530953,0.4250000000000001,2.0,0.0,0.00020230106261114102,0.0003917460365508797,0.0032368536286723143,0.009900241879234556
b2-impact-b2i-xosl,2026-09-21,0.014312440912121138,0.0005799382197254621,0.24545454545454545,9.0,0.0,0.00020230106261114102,0.0002116576059222247,0.0009433858897851342,6.481578379802217e-05
bakkafrost-bakka-xosl,2026-09-21,0.03442704102830163,-0.006131482472469529,0.38000000000000006,4.0,0.0,0.00020230106261114102,0.0003466099488743307,0.0006214224437740653,-0.001270211645781418
blue-nord-bnor-xosl,2026-09-21,-0.008002426404648877,-0.02381412544981787,-0.07142857142857144,2.0,0.0,0.00020230106261114102,-0.00010618381956343027,-0.0024320219700283002,0.003638634332540954
borregaard-brg-xosl,2026-09-21,0.014848251843872617,0.010081557715932443,-0.30000000000000004,1.0,0.0,0.00020230106261114102,-0.00033544648712685354,-0.0007454303577689723,-0.001883929791704716
bw-lpg-bwlpg-xosl,2026-09-21,-0.024055888372663814,-0.004354794492439362,0.10714285714285716,1.0,0.0,0.00020230106261114102,7.292763947049418e-05,-0.0007688779718259068,0.0063568964950861135
cadeler-cadlr-xosl,2026-09-21,-0.005769501446769687,0.022176168990068246,0.18055555555555558,3.0,0.0,0.00020230106261114102,0.00014656235040666311,0.001617393420640673,-0.0020713622602405056
capital-tankers-corp-capt-merk,2026-09-21,-0.03260233278107738,-0.019271155790496874,0.28863636363636364,5.0,0.0,0.00020230106261114102,0.00025497001328861005,0.0007809699169005393,0.0009898232195794652
circio-holding-crna-xosl,2026-09-21,-0.037980997979804365,-0.0697885097635591,-0.05563218390804599,55.0,0.0,0.00020230106261114102,-9.033966107233738e-05,0.003542722492155456,-0.005918874431658535
cloudberry-clean-energy-cloud-xosl,2026-09-21,-0.004436894520353563,0.001271759222092217,0.13516483516483516,11.0,0.0,0.00020230106261114102,0.00010103436073427921,0.0022435737071859214,0.012920424627997657
cmb0tech-nv-cmbto-xosl,2026-09-21,-0.02435448139522023,-0.004723205126977326,0.2147058823529412,4.0,0.0,0.00020230106261114102,0.00018081595361798747,-0.00019743677847515616,-0.00028016558009463744
constellation-oil-services-holding-cosh-xosl,2026-09-21,0.004066539112592471,-0.0024812706998776912,0.37222222222222223,14.0,0.0,0.00020230106261114102,0.000338808649769742,0.0011929740099101871,0.0037845944042474754
dnb-bank-dnb-xosl,2026-09-21,0.005641342262198812,0.012598094379487335,0.4155172413793104,8.0,0.0,0.00020230106261114102,0.0003822346004504575,0.0001991284227707895,0.0051968850950223425
dno-xosl,2026-09-21,-0.001196638859498167,-0.026938862726910817,0.3156626506024096,12.0,0.0,0.00020230106261114102,0.00028207803235685505,0.00043096154132641826,0.004051342637847916
dof-group-dofg-xosl,2026-09-21,-0.010814413944149615,-0.005647759093190041,0.30000000000000004,5.0,0.0,0.00020230106261114102,0.00026636801522713255,0.0016448149821653517,-0.0023868899969489593
elkem-elk-xosl,2026-09-21,-0.0015200744963935753,0.030449485349352767,-0.3250000000000001,4.0,0.0,0.00020230106261114102,-0.00036052209139160305,-0.001434159510106192,-0.0032678704411092264
elmera-group-elmra-xosl,2026-09-21,0.004066539112592471,0.006802881357056756,0.21944444444444447,9.0,0.0,0.00020230106261114102,0.00018556884592960666,0.00479059223852278,0.005482041035888869
elopak-elo-xosl,2026-09-21,0.01803301985716166,0.0004890823346195283,0.18000000000000002,4.0,0.0,0.00020230106261114102,0.00014600511475633534,0.0005259056389055048,-0.0024937691441419296
end-r-endur-xosl,2026-09-21,0.026538391433807318,0.01987077037767848,0.2806451612903226,8.0,0.0,0.00020230106261114102,0.00024695464418345557,0.004255906199665278,0.007440449696808138
envipco-holding-envip-xosl,2026-09-21,-0.012326881142779578,0.03222659927975646,-0.1556962025316456,10.0,0.0,0.00020230106261114102,-0.00019070629035817336,0.0008967534495564677,-0.003886593941347972
europris-epr-xosl,2026-09-21,0.00764216982662469,0.022865469601026533,0.6000000000000001,2.0,0.0,0.00020230106261114102,0.0005672752664041257,0.005304760702940204,0.009478269266339217
frontline-fro-xosl,2026-09-21,-0.060213374864588554,0.017434582497761864,0.18118279569892476,22.0,0.0,0.00020230106261114102,0.00014719148743122672,0.00021863306107960763,0.009281288881336756
general-oceans-geno-xosl,2026-09-21,-0.0008717513303567737,0.052798248961919536,-0.012500000000000002,3.0,0.0,0.00020230106261114102,-4.707703808223521e-05,0.0015920899130824318,-0.004812473239358321
gjensidige-forsikring-gjf-xosl,2026-09-21,-0.013350072658976142,0.003212333194847594,-0.5,1.0,0.0,0.00020230106261114102,-0.0005360513212448489,0.002901051097161766,0.00035339818543803406
grieg-seafood-gsf-xosl,2026-09-21,0.022735410996353123,-0.008949308625814001,0.0679245283018868,12.0,0.0,0.00020230106261114102,3.359070771285492e-05,0.00444405017630482,0.009857173965442998
hafnia-hafni-xosl,2026-09-21,-0.060347385604374804,0.013181239364846609,0.23725490196078433,6.0,0.0,0.00020230106261114102,0.00020343316530776145,-0.0003601390831157132,-0.0020587572752926125
hexagon-composites-hex-xosl,2026-09-21,0.04469149976421449,0.02053458669774655,0.24300000000000005,12.0,0.0,0.00020230106261114102,0.00020919563750350392,0.00028361539479063787,0.00792922772802878
himalaya-shipping-hshp-xosl,2026-09-21,-0.049720525738685795,0.023677211937684572,0.4,3.0,0.0,0.00020230106261114102,0.0003666704322861302,-0.0005511995537574143,0.00043017436896839747
hoegh-autoliners-hauto-xosl,2026-09-21,0.018780418939525312,0.009590358986251935,0.5,1.0,0.0,0.00020230106261114102,0.0004669728493451279,-0.0018589966125853548,-0.002356773565466602
hunter-group-hunt-xoas,2026-09-21,-0.10436716328383999,0.0899125858492148,0.07952380952380952,25.0,0.0,0.00020230106261114102,4.522506713991384e-05,0.0018510850679036707,0.010163430007963568
kitron-kit-xosl,2026-09-21,0.005083817556301717,0.006189875017069135,0.18245614035087723,8.0,0.0,0.00020230106261114102,0.00014846868289462652,0.0019437070052223469,-0.0030728950042035958
klaveness-combination-carriers-kcc-xosl,2026-09-21,-0.021029971625007193,0.014408175281888869,0.362962962962963,4.0,0.0,0.00020230106261114102,0.0003295213889309459,-0.0011153168556404399,0.0003630112246014942
kongsberg-automotive-koa-xosl,2026-09-21,-0.0009085805444738471,0.002180140199503522,0.30104166666666676,14.0,0.0,0.00020230106261114102,0.0002674128320714972,0.0011510176286516052,0.007036887078085759
kongsberg-gruppen-kog-xosl,2026-09-21,0.0025132616677945308,0.0028011024010705654,0.3964285714285714,15.0,0.0,0.00020230106261114102,0.0003630882031054517,0.0006867220166472687,0.0027230453840976746
kongsberg-maritime-kmar-xosl,2026-09-21,0.02674303237135467,0.040387684360947085,-0.0188888888888889,10.0,0.0,0.00020230106261114102,-5.348524806100451e-05,-0.0003207067250524569,-0.007457535190859868
leroy-seafood-group-lsg-xosl,2026-09-21,0.020765956715508738,-0.008904246288454987,0.0413793103448276,4.0,0.0,0.00020230106261114102,6.965212488345453e-06,-0.0018519841847013693,-0.0001971837801512943
link-mobility-group-holding-link-xosl,2026-09-21,-0.00608573573151161,0.012334234021850077,0.016666666666666656,7.0,0.0,0.00020230106261114102,-1.7822166440027562e-05,-0.00045114574826251946,-0.00024949049282974934
moreld-morld-xosl,2026-09-21,-0.020778197572593693,0.0005378593720629654,0.2266666666666667,4.0,0.0,0.00020230106261114102,0.0001928129093838676,0.0003653528945402676,0.00031909027823923044
mpc-container-ships-mpcc-xosl,2026-09-21,0.00791945026114238,0.018755866504102436,0.18888888888888888,4.0,0.0,0.00020230106261114102,0.00015492088516157955,-0.00040092449376387103,0.0018186301082827637
napatech-napa-xosl,2026-09-21,0.004066539112592471,0.010621061900745299,0.36000000000000004,2.0,0.0,0.00020230106261114102,0.0003265494654625312,0.00042532440430549233,0.0012541974185644135
norbit-norbt-xosl,2026-09-21,0.025343096256231323,0.0059147001058478255,0.2631578947368421,3.0,0.0,0.00020230106261114102,0.00022941449315276493,-0.0018544188940563993,0.0006840977588843795
nordic-semiconductor-nod-xosl,2026-09-21,0.017253318763605696,0.03001369911903573,0.30500000000000005,3.0,0.0,0.00020230106261114102,0.00027138313608008246,-0.00027840617170355657,0.001719363509005314
norsk-hydro-nhy-xosl,2026-09-21,0.013268978466513426,-0.010215200698777571,-0.029411764705882342,2.0,0.0,0.00020230106261114102,-6.403994684956569e-05,-0.0004884690130442838,-0.0008112148749853536
norske-skog-nskog-xosl,2026-09-21,0.0020744616763667123,-0.06913915052555386,0.6354166666666667,5.0,0.0,0.00020230106261114102,0.0006027990391125207,-0.0009455650958248968,0.0011122351547043585
norwegian-air-shuttle-nas-xosl,2026-09-21,0.05127506085793243,0.017972721328067043,0.05866666666666668,12.0,0.0,0.00020230106261114102,2.4304848724751486e-05,0.0011961608492940745,0.006299486269629501
okea-xosl,2026-09-21,0.025973815028373037,-0.02290739217234483,-0.06279069767441864,5.0,0.0,0.00020230106261114102,-9.751982340551024e-05,-0.0005980269731863295,-0.0034724042056273998
okeanis-eco-tankers-oet-xosl,2026-09-21,-0.07170985840293553,-0.0015112530631934407,0.11483870967741937,17.0,0.0,0.00020230106261114102,8.06467655759562e-05,0.000986541048835794,0.014273019578247604
orkla-ork-xosl,2026-09-21,0.019683174561874184,0.030061866341905996,0.0030927835051546585,12.0,0.0,0.00020230106261114102,-3.1437099339788386e-05,0.0022434208609124163,-0.000966321967303992
panoro-energy-pen-xosl,2026-09-21,-0.027081026885422355,-0.036218893690664555,0.2275862068965518,3.0,0.0,0.00020230106261114102,0.0001937352304602722,-0.0001967161103455141,0.0035989114059594694
paratus-energy-services-plsv-xosl,2026-09-21,-0.01813322861814759,-0.008286650927542216,0.5175438596491229,14.0,0.0,0.00020230106261114102,0.00048456976461863627,0.0012906439834738815,0.006761516529341583
pareto-bank-parb-xosl,2026-09-21,-0.004862032315978926,-0.01115566314829819,0.4125000000000001,4.0,0.0,0.00020230106261114102,0.000379208234418505,0.003964166572325457,-0.004304710679184306
pexip-holding-pexip-xosl,2026-09-21,0.01215287507206897,0.033787779488251846,0.49166666666666664,3.0,0.0,0.00020230106261114102,0.00045861431459021134,0.0004866473315410949,-6.877455751044391e-05
prosafe-prs-xosl,2026-09-21,0.007201407200595922,-0.04968625910588231,0.22142857142857142,5.0,0.0,0.00020230106261114102,0.00018755897325220576,0.0004201705204468769,-0.0025828019504224053
protector-forsikring-prot-xosl,2026-09-21,-0.00953273521649467,-0.012710324009066687,0.2760000000000001,3.0,0.0,0.00020230106261114102,0.00024229543513297317,0.004687781575393906,-0.0055837469953502914
reach-subsea-reach-xosl,2026-09-21,0.017702926065374047,0.004661586442979426,0.6000000000000001,1.0,0.0,0.00020230106261114102,0.0005672752664041257,0.0008878953567902847,-0.00039971276956390336
sal-mar-salm-xosl,2026-09-21,0.031425029678630256,-0.03170204992065695,-0.13125,2.0,0.0,0.00020230106261114102,-0.00016618615833979494,-0.003050296664292348,-0.0037111872016798394
salmon-evolution-salme-xosl,2026-09-21,0.008612025512871435,0.009227755725682019,0.04177215189873417,10.0,0.0,0.00020230106261114102,7.359242062125866e-06,0.0013551485449932973,-0.006427621067859306
sats-xosl,2026-09-21,0.0029289000638417217,0.009233032453023982,0.47567567567567576,5.0,0.0,0.00020230106261114102,0.00044257496411456097,0.0034413416438802127,0.003449774149056692
scatec-scatc-xosl,2026-09-21,0.015641793702842577,-0.003821432519188539,0.48750000000000016,4.0,0.0,0.00020230106261114102,0.0004544350472127533,0.0002915365674290134,0.004207877727388195
sed-energy-holdings-enh-xosl,2026-09-21,-0.1231323883844776,-0.015232325510113998,-0.037681159420289864,17.0,0.0,0.00020230106261114102,-7.233434962426543e-05,0.0014506938390738918,0.0033111790198813084
smartoptics-group-smop-xosl,2026-09-21,-0.011142572299342901,0.020105587385901846,-0.0342857142857143,5.0,0.0,0.00020230106261114102,-6.8928636084374e-05,-0.0008652336153702049,-0.00474401622738864
solstad-offshore-soff-xosl,2026-09-21,-0.023107374494256705,0.007386340449580753,0.7000000000000001,2.0,0.0,0.00020230106261114102,0.0006675776834631233,0.0026520615960854495,-0.0011399264107541435
sparebank-1-smn-ming-xosl,2026-09-21,0.014891001473989585,0.006276378154700724,0.0,1.0,0.0,0.00020230106261114102,-3.4539235949860496e-05,-0.0003946765628218406,-0.0027490586116289926
sparebanken-norge-sbnor-xosl,2026-09-21,-0.003944756705931196,0.01706612255469364,0.5842105263157895,3.0,0.0,0.00020230106261114102,0.0005514380426579681,0.004747892339159758,0.005571311261112249
storebrand-stb-xosl,2026-09-21,-0.006329530706791653,0.021781394056239134,0.1744186046511628,8.0,0.0,0.00020230106261114102,0.00014040684031583312,0.002362160110252933,0.00255888798328586
telenor-tel-xosl,2026-09-21,-0.001989501877526112,0.005419208439309986,0.34588235294117653,11.0,0.0,0.00020230106261114102,0.0003123891242306727,0.0028398121812034413,0.011001589643904285
thor-medical-trmed-xosl,2026-09-21,0.010497452307376864,0.017690889924201314,0.045810055865921795,25.0,0.0,0.00020230106261114102,1.140935733973621e-05,0.0020678021937101812,-0.0076094031859002065
tomra-systems-tom-xosl,2026-09-21,0.008998012517986487,0.007408839190232164,0.15726495726495726,15.0,0.0,0.00020230106261114102,0.0001232013173736914,-8.055412714253079e-05,0.015170935547500129
var-energi-var-xosl,2026-09-21,-0.006681974802852375,-0.0269369411973035,0.26197183098591553,5.0,0.0,0.00020230106261114102,0.000228224842542725,0.0001700609312497454,0.0059261865343754275
veidekke-vei-xosl,2026-09-21,0.01105954610559956,0.009345427192393951,0.07142857142857144,2.0,0.0,0.00020230106261114102,3.710534766370928e-05,-0.0004020573403818842,-0.001057877153684101
vend-marketplaces-vend-xosl,2026-09-21,-0.0019368653248230672,0.012440337952208114,0.3518518518518519,3.0,0.0,0.00020230106261114102,0.00031837667592439067,-0.0009046110806687094,0.0004802700851299419
wallenius-wilhelmsen-wawi-xosl,2026-09-21,0.007938203583979675,0.004661586442979426,0.03142857142857144,5.0,0.0,0.00020230106261114102,-3.015619159889792e-06,5.8344567394320624e-05,-0.0035774231625389534
yara-international-yar-xosl,2026-09-21,-0.008969240421035973,0.009100112792090331,0.5,1.0,0.0,0.00020230106261114102,0.0004669728493451279,0.0021495898168007953,0.00020594033212307866
zaptec-zap-xosl,2026-09-21,0.023642408245947433,0.034913674460803734,0.3709923664122138,17.0,0.0,0.00020230106261114102,0.000337575074665963,0.0012131047923973528,0.004208601685784603
2020-bulkers-2020-xosl,2026-09-22,-0.10130084461950417,0.2558847625456535,-0.1825,7.0,0.0,0.00020230106261114102,-0.00021759114708253124,0.004306846496848007,-0.002133606487924003
akastor-akast-xosl,2026-09-22,0.004186911574345253,-0.008147262141394718,-0.5,2.0,0.0,0.00020230106261114102,-0.0005360513212448489,-0.0023961547203219112,7.337818829568959e-05
aker-bp-akrbp-xosl,2026-09-22,0.012312272371317712,-0.007306790034878108,0.2607843137254902,6.0,0.0,0.00020230106261114102,0.00022703373402752563,0.0016681108520202065,0.004532114225558882
aker-solutions-akso-xosl,2026-09-22,0.005389624911185442,-0.0025685933265529037,-0.2647058823529412,1.0,0.0,0.00020230106261114102,-0.0003000456340472073,-0.00472406113027836,0.00011818590142853835
alng-xoas,2026-09-22,-0.010809026609278738,0.0411035407193423,0.4260869565217392,4.0,0.0,0.00020230106261114102,0.0003928362802145645,0.0034832930256432446,-0.0037888451786462912
arendals-fossekompani-afk-xosl,2026-09-22,-0.006947171128457774,-0.009160974114920784,0.4000000000000001,1.0,0.0,0.00020230106261114102,0.00036667043228613027,0.0011433030477480217,-0.0019692548981126608
austevoll-seafood-auss-xosl,2026-09-22,0.015712101901471986,0.015150302163132734,0.5913043478260871,6.0,0.0,0.00020230106261114102,0.0005585533170946477,0.0030123501539743966,-0.002648939843013593
autostore-auto-xosl,2026-09-22,-0.006385624338468898,0.02572266079366159,0.40888888888888897,4.0,0.0,0.00020230106261114102,0.0003755862026913745,-0.0009187236663075946,-0.0018155007239681771
axactor-acr-xosl,2026-09-22,0.011227475340164328,0.02686449514632705,0.7000000000000001,1.0,0.0,0.00020230106261114102,0.0006675776834631233,0.004308000531087835,0.010457827870139639
b2-impact-b2i-xosl,2026-09-22,0.011237712300467773,0.014312440912121138,0.16785714285714287,7.0,0.0,0.00020230106261114102,0.00013382553554202846,0.0001344972331693903,-0.0004436448285126453
bakkafrost-bakka-xosl,2026-09-22,0.035165748527745566,0.03442704102830163,0.7000000000000001,1.0,0.0,0.00020230106261114102,0.0006675776834631233,-0.0005881609902671733,-0.0014696652182929354
blue-nord-bnor-xosl,2026-09-22,0.015057329898543803,-0.008002426404648877,-0.007692307692307691,8.0,0.0,0.00020230106261114102,-4.2254806492860314e-05,0.0006645563839895682,-0.0026519061803914373
borregaard-brg-xosl,2026-09-22,0.00642907799228698,0.014848251843872617,-0.4,1.0,0.0,0.00020230106261114102,-0.0004357489041858512,-0.00032486855143974746,0.004032810841122801
bw-energy-limited-bwe-xosl,2026-09-22,-0.002437790767969461,0.011183936012085116,-0.4,2.0,0.0,0.00020230106261114102,-0.0004357489041858512,-0.0011102190225717968,-0.0018869926066412785
bw-lpg-bwlpg-xosl,2026-09-22,-0.014223450594675557,-0.024055888372663814,0.3105263157894737,4.0,0.0,0.00020230106261114102,0.0002769261643912376,0.000944477401355346,0.004356938572976992
cadeler-cadlr-xosl,2026-09-22,-0.025394379136391088,-0.005769501446769687,0.03260869565217394,7.0,0.0,0.00020230106261114102,-1.8319260393177478e-06,0.0009259325141921736,-0.003362208995731409
capital-tankers-corp-capt-merk,2026-09-22,0.004305983146487002,-0.03260233278107738,-0.32592592592592595,5.0,0.0,0.00020230106261114102,-0.0003614508174754826,-0.0022792454242316447,-0.002279077202776208
circio-holding-crna-xosl,2026-09-22,0.008729396153098867,-0.037980997979804365,0.08041958041958043,18.0,0.0,0.00020230106261114102,4.61235469996831e-05,0.0013467780024493017,0.010908250050140447
cmb0tech-nv-cmbto-xosl,2026-09-22,-0.01732252618911767,-0.02435448139522023,0.296551724137931,7.0,0.0,0.00020230106261114102,0.00026290931119061535,-0.0005352439560963187,-0.0031634780205601104
constellation-oil-services-holding-cosh-xosl,2026-09-22,-0.0060985202904150215,0.004066539112592471,-0.16000000000000003,1.0,0.0,0.00020230106261114102,-0.00019502310324425682,-0.0025888593426720346,0.002147596026881765
dnb-bank-dnb-xosl,2026-09-22,-0.010225049596525038,0.005641342262198812,0.37500000000000006,4.0,0.0,0.00020230106261114102,0.00034159482802138087,-6.135538682464382e-05,-0.001506380636586258
dno-xosl,2026-09-22,0.016968801058042993,-0.001196638859498167,0.35000000000000003,5.0,0.0,0.00020230106261114102,0.0003165192237566314,0.0012263139309659516,0.008912304116548614
dof-group-dofg-xosl,2026-09-22,-0.005701812981969034,-0.010814413944149615,-0.4000000000000001,1.0,0.0,0.00020230106261114102,-0.00043574890418585126,-0.0018903769118602779,0.004774942136736818
elkem-elk-xosl,2026-09-22,-0.004522167731447091,-0.0015200744963935753,0.38450704225352117,9.0,0.0,0.00020230106261114102,0.0003511306211924827,0.002313052802821844,-0.004380244854470091
elmera-group-elmra-xosl,2026-09-22,0.004300885175530733,0.004066539112592471,0.3000000000000001,1.0,0.0,0.00020230106261114102,0.0002663680152271326,-0.0005802694208830864,-0.0013798696629648273
elopak-elo-xosl,2026-09-22,0.0010957243139014805,0.01803301985716166,0.05999999999999998,4.0,0.0,0.00020230106261114102,2.5642214285538088e-05,0.0006374419189755345,2.16476349727172e-05
end-r-endur-xosl,2026-09-22,0.0139162514659531,0.026538391433807318,0.6000000000000001,1.0,0.0,0.00020230106261114102,0.0005672752664041257,0.0023498839650554107,0.0003433242422018663
envipco-holding-envip-xosl,2026-09-22,0.09048968682721814,-0.012326881142779578,-0.4692307692307693,3.0,0.0,0.00020230106261114102,-0.0005051890390728496,-0.0008365541950641278,0.0033910014873323067
frontline-fro-xosl,2026-09-22,-0.02216517178834021,-0.060213374864588554,0.042361111111111106,18.0,0.0,0.00020230106261114102,7.949982387631571e-06,-0.0004668095132370311,-0.002748317282667718
general-oceans-geno-xosl,2026-09-22,0.01598411885924389,-0.0008717513303567737,0.6500000000000001,1.0,0.0,0.00020230106261114102,0.0006174264749336245,0.004341623059051479,0.011199959165753658
grieg-seafood-gsf-xosl,2026-09-22,0.022609628695248518,0.022735410996353123,0.391304347826087,3.0,0.0,0.00020230106261114102,0.0003579484829766522,0.003516614675998764,0.008031873489050661
hafnia-hafni-xosl,2026-09-22,-0.01752731805963592,-0.060347385604374804,-0.18333333333333332,3.0,0.0,0.00020230106261114102,-0.00021842700055802288,0.00035916886985016975,-0.0034823806790060335
hexagon-composites-hex-xosl,2026-09-22,-0.037192510437762394,0.04469149976421449,0.4512195121951219,5.0,0.0,0.00020230106261114102,0.00041804484102366554,0.0002672525876433416,0.003934963015337157
himalaya-shipping-hshp-xosl,2026-09-22,-0.010505204171054716,-0.049720525738685795,0.26250000000000007,1.0,0.0,0.00020230106261114102,0.00022875460883000845,-0.00046540791990172243,0.003829926413653362
hoegh-autoliners-hauto-xosl,2026-09-22,-0.015552991559001028,0.018780418939525312,0.14545454545454548,1.0,0.0,0.00020230106261114102,0.00011135518886322705,-0.0029156166562847932,0.0037733344567932774
hunter-group-hunt-xoas,2026-09-22,-0.03998541923957022,-0.10436716328383999,0.14404761904761906,18.0,0.0,0.00020230106261114102,0.00010994400767083855,0.0005061414165331216,0.012245639611797629
kitron-kit-xosl,2026-09-22,0.016339626516540195,0.005083817556301717,0.09344262295081968,8.0,0.0,0.00020230106261114102,5.918597343313733e-05,0.00045548558459900673,0.0004365194168054904
klaveness-combination-carriers-kcc-xosl,2026-09-22,-0.02860724598312825,-0.021029971625007193,0.7000000000000001,1.0,0.0,0.00020230106261114102,0.0006675776834631233,-0.0020073960382648473,-0.0006263355621064674
kongsberg-automotive-koa-xosl,2026-09-22,-0.013904261380983884,-0.0009085805444738471,0.40392156862745104,6.0,0.0,0.00020230106261114102,0.00037060386040609094,0.0007649690485000947,-0.000764569258581133
kongsberg-gruppen-kog-xosl,2026-09-22,0.02847599337943596,0.0025132616677945308,0.372566371681416,13.0,0.0,0.00020230106261114102,0.0003391538399956088,-0.00022949576717379275,0.003281362008522683
kongsberg-maritime-kmar-xosl,2026-09-22,-0.024201007782010175,0.02674303237135467,0.23524590163934428,17.0,0.0,0.00020230106261114102,0.00020141808942663404,0.0021562911638548965,0.007616089141975937
leroy-seafood-group-lsg-xosl,2026-09-22,0.02718263196008419,0.020765956715508738,0.20370370370370372,4.0,0.0,0.00020230106261114102,0.00016978050250365332,-0.0006458509597771708,-0.0002967425834127812
medistim-medi-xosl,2026-09-22,-0.02280865815621802,0.012098667626648796,0.6000000000000001,1.0,0.0,0.00020230106261114102,0.0005672752664041257,0.002324982694939549,-0.0012388212592039439
moreld-morld-xosl,2026-09-22,-0.015889398042314595,-0.020778197572593693,0.4,1.0,0.0,0.00020230106261114102,0.0003666704322861302,-0.0016264992114509722,0.0019209640497305487
mpc-container-ships-mpcc-xosl,2026-09-22,-0.01425670193872286,0.00791945026114238,0.3350000000000001,2.0,0.0,0.00020230106261114102,0.0003014738611977818,-0.0010037851373019117,0.003232236517970365
multiconsult-multi-xosl,2026-09-22,0.013290763057371202,0.0262272894054576,0.8,1.0,0.0,0.00020230106261114102,0.0007678801005221209,0.0010559656488142422,0.007237005996490019
norbit-norbt-xosl,2026-09-22,0.00415944986138761,0.025343096256231323,0.24893617021276598,11.0,0.0,0.00020230106261114102,0.00021514975970764438,0.0007511560274230202,0.005623059875635493
nordic-semiconductor-nod-xosl,2026-09-22,0.013568626308946619,0.017253318763605696,0.00975609756097561,5.0,0.0,0.00020230106261114102,-2.475363428556804e-05,-0.0015455695819147066,0.0018907957854361582
norsk-hydro-nhy-xosl,2026-09-22,-0.012932853717349091,0.013268978466513426,-0.5,1.0,0.0,0.00020230106261114102,-0.0005360513212448489,-0.0009608923590218536,0.004032810841122801
norske-skog-nskog-xosl,2026-09-22,-0.027846331422710313,0.0020744616763667123,0.2800000000000001,5.0,0.0,0.00020230106261114102,0.00024630753181533306,0.00020982486355767462,-0.0005861327380296221
norwegian-air-shuttle-nas-xosl,2026-09-22,-0.036536615286566376,0.05127506085793243,0.27261904761904765,9.0,0.0,0.00020230106261114102,0.00023890425817526417,0.002860153774584999,0.00034751453807714257
nykode-therapeutics-nykd-xosl,2026-09-22,-0.02247754171164207,0.019179934771464513,0.28235294117647064,7.0,0.0,0.00020230106261114102,0.00024866758868730945,-4.492504714788368e-05,-0.0015172032006047801
odfjell-drilling-odl-xosl,2026-09-22,0.008938891487997647,-0.0037155915100595127,0.46229508196721314,7.0,0.0,0.00020230106261114102,0.00042915390520812877,-0.00019324979164091712,0.0012309534527025882
okea-xosl,2026-09-22,0.006139783344054295,0.025973815028373037,0.6214285714285716,2.0,0.0,0.00020230106261114102,0.0005887686414881967,7.302646979875338e-05,-0.008452050413044202
okeanis-eco-tankers-oet-xosl,2026-09-22,-0.016377393965668396,-0.07170985840293553,0.13863636363636364,12.0,0.0,0.00020230106261114102,0.00010451638770011355,-0.0001521762464958631,0.00958156552839749
orkla-ork-xosl,2026-09-22,-0.01003898425213634,0.019683174561874184,0.04605263157894738,9.0,0.0,0.00020230106261114102,1.1652666643098969e-05,0.0017958526318718345,-0.005800403915819194
panoro-energy-pen-xosl,2026-09-22,0.02816852177799911,-0.027081026885422355,0.04736842105263159,10.0,0.0,0.00020230106261114102,1.2972435288612098e-05,0.0009603907319932208,-0.005090722671279585
paratus-energy-services-plsv-xosl,2026-09-22,0.004191652256514966,-0.01813322861814759,0.10000000000000002,3.0,0.0,0.00020230106261114102,6.57631811091372e-05,-0.0012935687296540292,-0.0015984484640028601
pareto-bank-parb-xosl,2026-09-22,-0.013318676353856085,-0.004862032315978926,-0.4862068965517242,3.0,0.0,0.00020230106261114102,-0.0005222165050987803,0.0014910730796033353,-0.0016384406764169955
pexip-holding-pexip-xosl,2026-09-22,0.007780216019791175,0.01215287507206897,0.6470588235294118,2.0,0.0,0.00020230106261114102,0.0006144764038436539,-0.000597604815336704,-0.0018140643596087239
prosafe-prs-xosl,2026-09-22,-0.00723760074100932,0.007201407200595922,0.43593750000000003,7.0,0.0,0.00020230106261114102,0.0004027166134167075,0.0025879396762686535,0.0002424352154594326
protector-forsikring-prot-xosl,2026-09-22,-0.02463959713113395,-0.00953273521649467,-0.050980392156862744,7.0,0.0,0.00020230106261114102,-8.567380150934951e-05,0.004077852145206989,-0.006651529567000243
sal-mar-salm-xosl,2026-09-22,0.03139875461693176,0.031425029678630256,0.18666666666666673,2.0,0.0,0.00020230106261114102,0.00015269194256026857,-0.001155646640446284,-0.0038083957136828234
salmon-evolution-salme-xosl,2026-09-22,0.013162077605782252,0.008612025512871435,0.5333333333333333,3.0,0.0,0.00020230106261114102,0.0005004069883647938,0.001258157961822139,0.002743846277888138
sed-energy-holdings-enh-xosl,2026-09-22,0.013498887555595807,-0.1231323883844776,-0.4051612903225807,20.0,0.0,0.00020230106261114102,-0.00044092580313083175,0.001536451731938168,-0.006994700198860357
smartoptics-group-smop-xosl,2026-09-22,0.004956742960333549,-0.011142572299342901,0.0,1.0,0.0,0.00020230106261114102,-3.4539235949860496e-05,-0.0007738867390184906,0.004530263224497849
stolt-nielsen-sni-xosl,2026-09-22,-0.0086535793072684,-0.0014736270923936257,-0.6000000000000001,1.0,0.0,0.00020230106261114102,-0.0006363537383038465,-0.0015590624721293416,-0.0009573063866652527
storebrand-stb-xosl,2026-09-22,-0.0234165020297461,-0.006329530706791653,-0.4461538461538463,1.0,0.0,0.00020230106261114102,-0.00048204232744385026,-0.004393272577176148,-0.000785364480012048
telenor-tel-xosl,2026-09-22,-0.029368859898051936,-0.001989501877526112,-0.004166666666666676,3.0,0.0,0.00020230106261114102,-3.871850332731874e-05,0.001589942292672156,0.0012210160850584127
tgs-xosl,2026-09-22,0.007963855894122962,0.00820451224028651,0.45,1.0,0.0,0.00020230106261114102,0.0004168216408156291,-0.0012400275307152325,-0.0033770508732913164
thor-medical-trmed-xosl,2026-09-22,-0.013813789871825688,0.010497452307376864,0.20699300699300702,19.0,0.0,0.00020230106261114102,0.00017307975320722562,0.0017582598063159954,0.0073324072630109914
tomra-systems-tom-xosl,2026-09-22,-0.007083120014995448,0.008998012517986487,0.011111111111111084,2.0,0.0,0.00020230106261114102,-2.3394522943305226e-05,-0.0031838085743170074,0.0008315588187480775
var-energi-var-xosl,2026-09-22,0.01234908104759691,-0.006681974802852375,0.09761904761904762,9.0,0.0,0.00020230106261114102,6.337502832201819e-05,0.0014529457469933606,-5.594470384187311e-06
veidekke-vei-xosl,2026-09-22,-0.005848720130542939,0.01105954610559956,0.0,1.0,0.0,0.00020230106261114102,-3.4539235949860496e-05,0.0006660624117003042,-0.0009813009882299892
vend-marketplaces-vend-xosl,2026-09-22,-0.07138056054622688,-0.0019368653248230672,0.45952380952380956,6.0,0.0,0.00020230106261114102,0.00042637425196410505,0.0004942712450974235,-0.0013807039212379486
wallenius-wilhelmsen-wawi-xosl,2026-09-22,-0.01598419912144633,0.007938203583979675,0.5,1.0,0.0,0.00020230106261114102,0.0004669728493451279,0.001580149199011503,-0.00039971276956390336
yara-international-yar-xosl,2026-09-22,0.02325823522938364,-0.008969240421035973,0.21176470588235294,2.0,0.0,0.00020230106261114102,0.00017786588252801693,-0.00035991529240982003,-0.0035488258336146953
zaptec-zap-xosl,2026-09-22,-0.014904275686098534,0.023642408245947433,0.2,9.0,0.0,0.00020230106261114102,0.00016606559816813486,0.0018805384597469165,0.004582636826319749
2020-bulkers-2020-xosl,2026-09-23,0.05983730675954546,-0.10130084461950417,-0.19583333333333333,21.0,0.0,0.00020230106261114102,-0.0002309648026903976,0.0033760080994759507,-0.006095297410213007
af-gruppen-afg-xosl,2026-09-23,-3.330370545651107e-05,0.005136143767223822,0.5,2.0,0.0,0.00020230106261114102,0.0004669728493451279,0.0009680624863441547,-0.0016742567473241306
akastor-akast-xosl,2026-09-23,0.004589224933428282,0.004186911574345253,0.41538461538461546,1.0,0.0,0.00020230106261114102,0.0003821015733721299,-0.001126368135066525,-0.0017218586068992023
aker-bp-akrbp-xosl,2026-09-23,0.02499510255224391,0.012312272371317712,-0.10322580645161289,4.0,0.0,0.00020230106261114102,-0.000138077214849471,7.427207321823181e-05,0.0021236316161578435
aker-solutions-akso-xosl,2026-09-23,0.0023420476589821604,0.005389624911185442,-0.2,1.0,0.0,0.00020230106261114102,-0.00023514407006785585,-0.002081914171778712,0.002147596026881765
alng-xoas,2026-09-23,0.015026923198658837,-0.010809026609278738,0.5333333333333334,1.0,0.0,0.00020230106261114102,0.0005004069883647938,-0.00034599281872557544,-0.002441267046529747
axactor-acr-xosl,2026-09-23,-0.04717475349890521,0.011227475340164328,0.7000000000000001,1.0,0.0,0.00020230106261114102,0.0006675776834631233,0.0028112795641201827,0.010457827870139639
b2-impact-b2i-xosl,2026-09-23,-0.014089544140466925,0.011237712300467773,0.36000000000000004,2.0,0.0,0.00020230106261114102,0.0003265494654625312,-0.0004866260203332843,-0.0008988225242419302
bakkafrost-bakka-xosl,2026-09-23,-0.017842742224155606,0.035165748527745566,0.6000000000000001,1.0,0.0,0.00020230106261114102,0.0005672752664041257,-0.001303869201332468,-0.002356773565466602
bonheur-bonhr-xosl,2026-09-23,0.00390370416855923,-0.02385629104118492,0.5529411764705883,2.0,0.0,0.00020230106261114102,0.0005200741289645972,0.00017126708353344978,-0.002019631839946537
bw-lpg-bwlpg-xosl,2026-09-23,0.002559635444680186,-0.014223450594675557,-0.13333333333333333,1.0,0.0,0.00020230106261114102,-0.00016827579202852405,-0.003004467920866255,0.0023607411598216806
cadeler-cadlr-xosl,2026-09-23,-0.054455086094231775,-0.025394379136391088,0.010526315789473684,5.0,0.0,0.00020230106261114102,-2.398108678575548e-05,0.0014658423785624253,-0.0024923115693281767
capital-tankers-corp-capt-merk,2026-09-23,-0.014319017991170746,0.004305983146487002,-0.33333333333333337,1.0,0.0,0.00020230106261114102,-0.00036888062614651943,-0.00330201437188344,0.0031740681728150617
circio-holding-crna-xosl,2026-09-23,-0.020866661497765615,0.008729396153098867,0.017543859649122816,28.0,0.0,0.00020230106261114102,-1.6942320676352122e-05,0.0024989983594223553,-0.006086438928369864
cmb0tech-nv-cmbto-xosl,2026-09-23,0.012107960010296237,-0.01732252618911767,-0.034782608695652174,3.0,0.0,0.00020230106261114102,-6.942703318777273e-05,-0.0008538965639831603,0.002976741639709265
constellation-oil-services-holding-cosh-xosl,2026-09-23,-0.007279680517050746,-0.0060985202904150215,0.0,1.0,0.0,0.00020230106261114102,-3.4539235949860496e-05,-0.0011300234674799633,0.004530263224497849
dnb-bank-dnb-xosl,2026-09-23,0.0021931982685279294,-0.010225049596525038,0.09565217391304348,2.0,0.0,0.00020230106261114102,6.140220645439815e-05,-0.0019451175394256427,-0.0023685817257873883
dno-xosl,2026-09-23,0.02600836192640732,0.016968801058042993,0.6314285714285715,5.0,0.0,0.00020230106261114102,0.0005987988831940962,-0.00010661574477960716,-0.0013573142985079877
dof-group-dofg-xosl,2026-09-23,-3.330370545651107e-05,-0.005701812981969034,0.24102564102564106,5.0,0.0,0.00020230106261114102,0.0002072153077308006,0.000801228940284388,-0.0031385695037794976
elkem-elk-xosl,2026-09-23,-0.023197135894129306,-0.004522167731447091,0.30000000000000004,2.0,0.0,0.00020230106261114102,0.00026636801522713255,0.00029214395094890157,0.001018343556945709
elmera-group-elmra-xosl,2026-09-23,-0.0032282243325358895,0.004300885175530733,0.0,2.0,0.0,0.00020230106261114102,-3.4539235949860496e-05,0.0011355537987287826,-0.001325844752775859
elopak-elo-xosl,2026-09-23,-0.016562187637457426,0.0010957243139014805,-0.1294117647058824,2.0,0.0,0.00020230106261114102,-0.0001643423639085634,-0.002580162604558161,0.00351372845412657
envipco-holding-envip-xosl,2026-09-23,-0.019504812692490492,0.09048968682721814,0.3956284153005465,11.0,0.0,0.00020230106261114102,0.000362285627168797,0.0029671912368710663,0.006120958353233026
europris-epr-xosl,2026-09-23,-0.0012498301997829753,-0.022657245668144976,0.8000000000000002,1.0,0.0,0.00020230106261114102,0.0007678801005221211,0.005576941743545396,0.010590974292526966
frontline-fro-xosl,2026-09-23,0.026674909795607382,-0.02216517178834021,0.1668604651162791,20.0,0.0,0.00020230106261114102,0.00013282584367765312,0.0005719311974952993,-0.0022045457380018554
gjensidige-forsikring-gjf-xosl,2026-09-23,-0.003107931964544841,-0.03804746646807655,0.14098360655737704,8.0,0.0,0.00020230106261114102,0.00010687072908413623,0.007820201403390353,0.031173237230377297
grieg-seafood-gsf-xosl,2026-09-23,-0.006273547512822164,0.022609628695248518,0.4960000000000001,3.0,0.0,0.00020230106261114102,0.0004629607526627681,0.0025292590044357416,0.0032994932569315595
hafnia-hafni-xosl,2026-09-23,-0.043161539836761076,-0.01752731805963592,0.2538461538461539,4.0,0.0,0.00020230106261114102,0.00022007459196913366,-0.0005554335518264011,-0.0016501017920897904
hexagon-composites-hex-xosl,2026-09-23,-0.017207406736078568,-0.037192510437762394,0.09047619047619047,2.0,0.0,0.00020230106261114102,5.6210569960661206e-05,-0.0036485511329108233,0.003680818881247869
himalaya-shipping-hshp-xosl,2026-09-23,0.0034878589999842724,-0.010505204171054716,0.3642857142857143,2.0,0.0,0.00020230106261114102,0.00033084814047934535,-0.0027304162195702095,0.0026905038547931563
hunter-group-hunt-xoas,2026-09-23,-0.011307210997912098,-0.03998541923957022,0.22248520710059172,21.0,0.0,0.00020230106261114102,0.0001886188043707497,0.0010329042331076047,-0.0014550430630565537
jinhui-shipping-transportation-jin-xosl,2026-09-23,0.027075176534777423,-0.0252972816457937,0.4400000000000001,2.0,0.0,0.00020230106261114102,0.0004067913991097294,-0.002237495831102777,-0.0025713706715293394
kitron-kit-xosl,2026-09-23,-0.02055385446067115,0.016339626516540195,0.5352112676056339,10.0,0.0,0.00020230106261114102,0.0005022906018306906,0.001961448296789297,0.0005485917994772446
klaveness-combination-carriers-kcc-xosl,2026-09-23,0.00506873711086997,-0.02860724598312825,0.7000000000000001,1.0,0.0,0.00020230106261114102,0.0006675776834631233,-0.0021535406535818317,-0.0006263355621064674
kongsberg-automotive-koa-xosl,2026-09-23,-0.00815514745802437,-0.013904261380983884,0.0,2.0,0.0,0.00020230106261114102,-3.4539235949860496e-05,-0.0011438349760820327,0.003793447551622799
kongsberg-gruppen-kog-xosl,2026-09-23,-0.042431848473595934,0.02847599337943596,0.16285714285714287,10.0,0.0,0.00020230106261114102,0.00012881041468907858,-0.0007008235904524613,0.00629620015942879
kongsberg-maritime-kmar-xosl,2026-09-23,-0.016053810423406256,-0.024201007782010175,0.28604651162790706,8.0,0.0,0.00020230106261114102,0.0002523723291258771,0.0011252313027297822,-0.0017669232771465734
leroy-seafood-group-lsg-xosl,2026-09-23,-0.007095432714244954,0.02718263196008419,0.32173913043478264,4.0,0.0,0.00020230106261114102,0.0002881728885008277,-0.0005076070144102796,-0.004200721152680296
link-mobility-group-holding-link-xosl,2026-09-23,0.026082991375038,0.015625645601534566,0.4134615384615385,7.0,0.0,0.00020230106261114102,0.00038017268073637994,0.0013990313672025058,-0.0003067906206270268
medistim-medi-xosl,2026-09-23,0.01629322690678836,-0.02280865815621802,0.6000000000000001,1.0,0.0,0.00020230106261114102,0.0005672752664041257,0.0016338552898679277,-0.0020264621272192947
moreld-morld-xosl,2026-09-23,-0.0021930979985211874,-0.015889398042314595,0.09333333333333334,5.0,0.0,0.00020230106261114102,5.907635330520401e-05,-0.0017521236875903692,0.004272723563987143
mpc-container-ships-mpcc-xosl,2026-09-23,0.01910209419201281,-0.01425670193872286,0.295,8.0,0.0,0.00020230106261114102,0.00026135289437418264,0.0019023526407103784,0.004043942484135814
multiconsult-multi-xosl,2026-09-23,-0.030823069653598267,0.013290763057371202,0.8,1.0,0.0,0.00020230106261114102,0.0007678801005221209,-0.00011199051281607909,-0.0024557926021767343
napatech-napa-xosl,2026-09-23,-0.03374116887399581,0.05559807491765867,0.41904761904761906,3.0,0.0,0.00020230106261114102,0.00038577565458308217,0.00022747420165416358,0.0015640375364989
norbit-norbt-xosl,2026-09-23,-0.01591596035296161,0.00415944986138761,0.6151515151515152,3.0,0.0,0.00020230106261114102,0.0005824726023221556,-0.0003012958816230667,0.0002484919492678199
nordic-semiconductor-nod-xosl,2026-09-23,-0.0075319320898612485,0.013568626308946619,0.6727272727272728,2.0,0.0,0.00020230106261114102,0.0006402224788106695,0.0020426395560730333,-7.212062707256852e-05
norske-skog-nskog-xosl,2026-09-23,-0.03394905856933261,-0.027846331422710313,0.06060606060606061,4.0,0.0,0.00020230106261114102,2.625010772225931e-05,-0.0023835641918665057,-0.0019282049696364952
norwegian-air-shuttle-nas-xosl,2026-09-23,-0.016733909007030978,-0.036536615286566376,-0.11538461538461539,8.0,0.0,0.00020230106261114102,-0.0001502727940948578,0.0006617967291771577,-0.0028100494984274913
odfjell-drilling-odl-xosl,2026-09-23,-0.007815434328108495,0.008938891487997647,0.4,1.0,0.0,0.00020230106261114102,0.0003666704322861302,-0.0015319967817747963,0.00282018767596367
okea-xosl,2026-09-23,0.02882495400879992,0.006139783344054295,0.30000000000000004,4.0,0.0,0.00020230106261114102,0.00026636801522713255,0.0006163131710507993,-0.0032407473710154414
okeanis-eco-tankers-oet-xosl,2026-09-23,0.02732647741629446,-0.016377393965668396,0.33684210526315794,6.0,0.0,0.00020230106261114102,0.0003033215373015001,0.0006076944721531801,-0.0005944857898987256
orkla-ork-xosl,2026-09-23,0.005328626589449659,-0.01003898425213634,0.40625,6.0,0.0,0.00020230106261114102,0.00037293933335231757,0.002105142063091621,0.001953634933726456
panoro-energy-pen-xosl,2026-09-23,0.013146255223791314,0.02816852177799911,0.12352941176470589,1.0,0.0,0.00020230106261114102,8.936374982890135e-05,-0.003048807932389478,0.0034768305299173637
paratus-energy-services-plsv-xosl,2026-09-23,-3.330370545651107e-05,0.004191652256514966,-0.4000000000000001,1.0,0.0,0.00020230106261114102,-0.00043574890418585126,-0.002958646510606909,0.004032810841122801
pareto-bank-parb-xosl,2026-09-23,0.0036230173210498595,-0.013318676353856085,0.0,1.0,0.0,0.00020230106261114102,-3.4539235949860496e-05,-0.0021107800965918504,0.0015995322734146033
pexip-holding-pexip-xosl,2026-09-23,-0.01995362162322567,0.007780216019791175,0.8000000000000002,1.0,0.0,0.00020230106261114102,0.0007678801005221211,0.00207095753757645,0.00014916974647211217
prosafe-prs-xosl,2026-09-23,-0.0063358684881891225,-0.00723760074100932,0.48064516129032264,4.0,0.0,0.00020230106261114102,0.00044755947830145095,0.0008575078034589874,0.002523316176861799
protector-forsikring-prot-xosl,2026-09-23,0.01883462082284537,-0.02463959713113395,0.16875,13.0,0.0,0.00020230106261114102,0.00013472109283719808,0.005764354968978908,0.018492454853766806
salmon-evolution-salme-xosl,2026-09-23,0.014869811654314002,0.013162077605782252,0.14,6.0,0.0,0.00020230106261114102,0.00010588414793273626,0.0002975461576958969,0.004945153034747993
sed-energy-holdings-enh-xosl,2026-09-23,-0.04291235436578833,0.013498887555595807,0.23640350877192984,28.0,0.0,0.00020230106261114102,0.00020257919736066472,0.0033297622977485884,-0.005686935624703437
selvaag-bolig-sbo-xosl,2026-09-23,-0.022397484940387402,-0.00996273968888528,0.19166666666666668,2.0,0.0,0.00020230106261114102,0.0001577070634132184,0.008065357510375439,0.02925383335856577
solstad-maritime-soma-xosl,2026-09-23,0.01732780786556698,0.00283482821165959,0.15000000000000002,2.0,0.0,0.00020230106261114102,0.00011591438963863603,0.0002124568704096133,-0.0014504632736445388
storebrand-stb-xosl,2026-09-23,-0.011315339337467756,-0.0234165020297461,-0.0642857142857143,2.0,0.0,0.00020230106261114102,-9.901936120207329e-05,-0.0013359332628715337,-0.00276176910877468
telenor-tel-xosl,2026-09-23,0.010178817430387177,-0.029368859898051936,0.5792452830188679,3.0,0.0,0.00020230106261114102,0.0005464577836182959,0.0007265840878997497,-0.007142133691491528
tgs-xosl,2026-09-23,0.022476844013354702,0.007963855894122962,0.23125,2.0,0.0,0.00020230106261114102,0.00019741010349907164,-0.001475224748315606,-0.002095329500526861
thor-medical-trmed-xosl,2026-09-23,-0.006519835555910514,-0.013813789871825688,0.4894366197183099,17.0,0.0,0.00020230106261114102,0.0004563775235994591,0.001597277660394892,0.0049526845242609755
tomra-systems-tom-xosl,2026-09-23,0.0010662686625613205,-0.007083120014995448,0.2196078431372549,6.0,0.0,0.00020230106261114102,0.00018573273876793832,0.0012369169632705014,0.0030824838067424936
var-energi-var-xosl,2026-09-23,0.02222302536561882,0.01234908104759691,0.32592592592592595,2.0,0.0,0.00020230106261114102,0.0002923723455757616,-0.0010476749847723764,0.0032577640178661237
vend-marketplaces-vend-xosl,2026-09-23,-0.02980071717747701,-0.07138056054622688,0.326530612244898,6.0,0.0,0.00020230106261114102,0.0002929788605693156,0.0029381920532460973,0.0007261189112214198
zaptec-zap-xosl,2026-09-23,0.017852850345292826,-0.014904275686098534,0.4100000000000001,14.0,0.0,0.00020230106261114102,0.00037670067399203004,0.0016521674780892032,0.003005158696887822
2020-bulkers-2020-xosl,2026-09-24,-0.039191105569513995,0.05983730675954546,-0.6666666666666667,10.0,0.0,4.208992765853912e-06,-0.0016330418199510454,-0.01754327713657626,-0.017707909955328137
af-gruppen-afg-xosl,2026-09-24,-0.0014378713825341505,-3.330370545651107e-05,-0.16666666666666666,3.0,0.0,4.208992765853912e-06,-0.0007180778406169193,-0.002231634741495251,-0.0025149734457186735
aker-bp-akrbp-xosl,2026-09-24,-0.026130916195736487,0.02499510255224391,0.4285714285714286,1.0,0.0,4.208992765853912e-06,0.00037116499192370685,-0.0007664210578735614,-0.0016186653324700279
aker-solutions-akso-xosl,2026-09-24,-0.0004985375975418149,0.0023420476589821604,-0.2,1.0,0.0,4.208992765853912e-06,-0.0007790754392391944,0.0008581880155949706,-0.0003876346518549868
alng-xoas,2026-09-24,-0.005258976351138145,0.015026923198658837,0.5,1.0,0.0,4.208992765853912e-06,0.0005018741318285819,-0.0008702913314254798,-0.001470092278019601
austevoll-seafood-auss-xosl,2026-09-24,0.023559620262723402,-0.008436719695750994,0.0,2.0,0.0,4.208992765853912e-06,-0.00041308984750554404,-0.00031303273733735294,-0.0006669703555003285
bakkafrost-bakka-xosl,2026-09-24,0.026556023615669555,-0.017842742224155606,0.5272727272727273,1.0,0.0,4.208992765853912e-06,0.0005517812579740799,0.0029964553851126365,-0.0015927596505863272
bevest-bint-xosl,2026-09-24,0.04847089630763779,-0.01829812678754572,0.0,2.0,0.0,4.208992765853912e-06,-0.00041308984750554404,0.0007174973112264997,-0.005960016151905317
bonheur-bonhr-xosl,2026-09-24,0.024257507757665775,0.00390370416855923,0.5529411764705883,2.0,0.0,4.208992765853912e-06,0.0005987526708169013,0.0003146102381426555,-0.0007822738485847364
bouvet-bouv-xosl,2026-09-24,0.00983628820034943,-0.006443543918088435,0.13846153846153847,1.0,0.0,4.208992765853912e-06,-0.0001597152070745553,0.002228099366779691,0.00035211093986106456
cadeler-cadlr-xosl,2026-09-24,0.0021140459330398764,-0.054455086094231775,-0.16904761904761909,6.0,0.0,4.208992765853912e-06,-0.0007224348119470819,0.004434713950761857,0.004124446556056985
capital-tankers-corp-capt-merk,2026-09-24,-0.016577956862965038,-0.014319017991170746,0.015384615384615398,2.0,0.0,4.208992765853912e-06,-0.0003849371096798786,0.002816479449582698,-0.0009860528913280893
circio-holding-crna-xosl,2026-09-24,-0.010797704114171913,-0.020866661497765615,0.269672131147541,15.0,0.0,4.208992765853912e-06,8.039072495499285e-05,0.004350708362260637,-0.0034546463873172412
cmb0tech-nv-cmbto-xosl,2026-09-24,-0.009747239723657541,0.012107960010296237,0.4,1.0,0.0,4.208992765853912e-06,0.00031888133596175687,-0.0006703501182974984,-0.0002934310144421383
dnb-bank-dnb-xosl,2026-09-24,0.012957640179010466,0.0021931982685279294,0.17142857142857143,1.0,0.0,4.208992765853912e-06,-9.938791173384368e-05,0.00132891148025655,0.0005068591644594526
dno-xosl,2026-09-24,-0.014709351067296539,0.02600836192640732,0.7097560975609757,3.0,0.0,4.208992765853912e-06,0.0008857126792565569,-0.0012576691011944084,-0.0003347778581056027
elopak-elo-xosl,2026-09-24,0.002408725609955864,-0.016562187637457426,0.5760000000000001,3.0,0.0,4.208992765853912e-06,0.0006409486566873693,0.0036445112493605912,-0.002938784619395404
end-r-endur-xosl,2026-09-24,0.010314166766348554,-0.02354142766559797,0.8,1.0,0.0,4.208992765853912e-06,0.0010508525194290578,0.005340348135713639,-0.0028611784574175255
envipco-holding-envip-xosl,2026-09-24,0.04490827798721686,-0.019504812692490492,0.43529411764705883,2.0,0.0,4.208992765853912e-06,0.00038346702862063626,0.005305911350598154,-0.0016741105125608546
europris-epr-xosl,2026-09-24,-0.003133709862839118,-0.0012498301997829753,0.4142857142857143,2.0,0.0,4.208992765853912e-06,0.0003450231639427318,0.002642681232410351,-0.00151022014385064
frontline-fro-xosl,2026-09-24,-0.004445210551868972,0.026674909795607382,0.28,12.0,0.0,4.208992765853912e-06,9.92899809215666e-05,-0.003982610135549846,0.010031637366063228
general-oceans-geno-xosl,2026-09-24,-0.02931186938697472,0.007301640692301659,0.7000000000000001,1.0,0.0,4.208992765853912e-06,0.0008678597235622326,0.0020292179132861666,-0.0013885626788077263
gjensidige-forsikring-gjf-xosl,2026-09-24,0.006610448934136426,-0.003107931964544841,0.13776223776223778,8.0,0.0,4.208992765853912e-06,-0.00016099487697572188,0.0002454869713611254,0.012317014819405756
grieg-seafood-gsf-xosl,2026-09-24,0.01681453973291569,-0.006273547512822164,0.8,1.0,0.0,4.208992765853912e-06,0.0010508525194290578,0.0037729452390192902,0.010835194437911675
hafnia-hafni-xosl,2026-09-24,0.017427775363111908,-0.043161539836761076,0.11250000000000002,13.0,0.0,4.208992765853912e-06,-0.00020722295215536566,0.002543077494519414,0.004943287164849393
hexagon-composites-hex-xosl,2026-09-24,-0.005303814003640994,-0.017207406736078568,0.0,1.0,0.0,4.208992765853912e-06,-0.00041308984750554404,0.002695691739416831,0.0009969240893394759
himalaya-shipping-hshp-xosl,2026-09-24,-0.015611791134622743,0.0034878589999842724,0.5,1.0,0.0,4.208992765853912e-06,0.0005018741318285819,0.00025953166972773103,-8.613054144535111e-05
hunter-group-hunt-xoas,2026-09-24,-0.024176340282182296,-0.011307210997912098,0.018518518518518504,14.0,0.0,4.208992765853912e-06,-0.00037920229271539124,-0.0021399594796646768,-0.00524328120586609
jinhui-shipping-transportation-jin-xosl,2026-09-24,-0.04324294461864775,0.027075176534777423,0.37142857142857155,3.0,0.0,4.208992765853912e-06,0.000266597679999807,-0.003917640126769119,-0.0009799237150280929
klaveness-combination-carriers-kcc-xosl,2026-09-24,0.0005190938669171752,0.00506873711086997,0.05000000000000001,5.0,0.0,4.208992765853912e-06,-0.00032159344957213143,-0.002980489312266676,0.0011663529605115733
kongsberg-gruppen-kog-xosl,2026-09-24,-0.004458494345057296,-0.042431848473595934,0.2701030927835052,11.0,0.0,4.208992765853912e-06,8.117935370175708e-05,0.005699749147309551,0.0018817083061010494
kongsberg-maritime-kmar-xosl,2026-09-24,-0.0034839657576283267,-0.016053810423406256,-0.2947368421052632,1.0,0.0,4.208992765853912e-06,-0.0009524370353235553,0.003027290928829171,-0.00032036704938763456
leroy-seafood-group-lsg-xosl,2026-09-24,0.023680179031193238,-0.007095432714244954,0.7466666666666667,2.0,0.0,4.208992765853912e-06,0.0009532563616334176,0.003284668414164221,-0.0009476408089808033
link-mobility-group-holding-link-xosl,2026-09-24,0.002505343065328458,0.026082991375038,0.6022727272727273,6.0,0.0,4.208992765853912e-06,0.0006890258548741988,-0.0014057532865039302,-0.00027939691047962367
moreld-morld-xosl,2026-09-24,0.04773593983901481,-0.0021930979985211874,0.1,2.0,0.0,4.208992765853912e-06,-0.00023009705163871882,0.0013290324858300563,0.0029732917260827194
mpc-container-ships-mpcc-xosl,2026-09-24,-0.007297743532725498,0.01910209419201281,0.6000000000000001,1.0,0.0,4.208992765853912e-06,0.0006848669276954074,0.0005106685324548865,-0.0008783207446268815
nordic-semiconductor-nod-xosl,2026-09-24,0.0028328076135009095,-0.0075319320898612485,0.37647058823529417,2.0,0.0,4.208992765853912e-06,0.00027582420752250394,0.0020840608427887125,0.00014927833777513355
norsk-hydro-nhy-xosl,2026-09-24,-0.0003808943331665704,-0.016395614748123566,0.6000000000000001,1.0,0.0,4.208992765853912e-06,0.0006848669276954074,0.00468065204970471,0.009649851426844947
norske-skog-nskog-xosl,2026-09-24,-0.011474624983333626,-0.03394905856933261,-0.692857142857143,2.0,0.0,4.208992765853912e-06,-0.0016809685045828331,0.002052804003770301,0.004394106539747432
norwegian-air-shuttle-nas-xosl,2026-09-24,0.02690870011504909,-0.016733909007030978,0.09642857142857142,4.0,0.0,4.208992765853912e-06,-0.0002366325086339626,0.0033170890388700565,0.002398478199291543
okea-xosl,2026-09-24,-0.01656030138146003,0.02882495400879992,0.65,2.0,0.0,4.208992765853912e-06,0.0007763633256288199,-0.001853490234730793,-0.0011777434626431046
okeanis-eco-tankers-oet-xosl,2026-09-24,-0.006705130293560013,0.02732647741629446,0.04571428571428572,4.0,0.0,4.208992765853912e-06,-0.00032943599796642396,-0.0040655313561846,0.0015165619360828415
orkla-ork-xosl,2026-09-24,0.0023437659914280484,0.005328626589449659,0.6000000000000001,3.0,0.0,4.208992765853912e-06,0.0006848669276954074,0.001620432150526966,-0.0012354269245541656
panoro-energy-pen-xosl,2026-09-24,-0.016153803519179166,0.013146255223791314,0.5857142857142857,2.0,0.0,4.208992765853912e-06,0.0006587250997144322,0.0007825724820928111,-0.0008312443944456181
paratus-energy-services-plsv-xosl,2026-09-24,0.0004376249325002135,-3.330370545651107e-05,0.6136363636363636,3.0,0.0,4.208992765853912e-06,0.0007098204907681563,0.001753714257897012,-0.002032346488025628
pexip-holding-pexip-xosl,2026-09-24,0.017450494859368004,-0.01995362162322567,0.8000000000000002,1.0,0.0,4.208992765853912e-06,0.001050852519429058,0.00501908130649276,-0.0025270748886063463
prosafe-prs-xosl,2026-09-24,0.05206502646498501,-0.0063358684881891225,0.6695652173913044,2.0,0.0,4.208992765853912e-06,0.0008121662639505901,0.0025794627224728487,3.9854044276189135e-05
protector-forsikring-prot-xosl,2026-09-24,-0.0026488103251228745,0.01883462082284537,-0.14705882352941174,5.0,0.0,4.208992765853912e-06,-0.0006821969002508752,-0.004770803649422951,0.0018968810796509094
sal-mar-salm-xosl,2026-09-24,0.044143960998479614,-0.002707100496900372,0.2700000000000001,1.0,0.0,4.208992765853912e-06,8.099070133488418e-05,0.0009098728616095357,-0.0021524406953295793
salmon-evolution-salme-xosl,2026-09-24,-0.00954228740047025,0.014869811654314002,0.34545454545454546,3.0,0.0,4.208992765853912e-06,0.00021906708367076122,-0.0003169520699432167,-0.00013319020034222308
sed-energy-holdings-enh-xosl,2026-09-24,0.014610479451714453,-0.04291235436578833,0.0888888888888889,8.0,0.0,4.208992765853912e-06,-0.0002504295845128105,0.004311185462890677,-1.9981457724412318e-05
smartoptics-group-smop-xosl,2026-09-24,-0.0014867476958952963,-0.05003327436163141,0.8,3.0,0.0,4.208992765853912e-06,0.0010508525194290578,0.00910985451015861,-0.0014082756276520563
solstad-offshore-soff-xosl,2026-09-24,0.0038594591592046035,0.028255240655643776,0.5714285714285715,3.0,0.0,4.208992765853912e-06,0.0006325832717334573,-0.003702686755946614,-0.0016700763327769737
storebrand-stb-xosl,2026-09-24,0.01439053179854033,-0.011315339337467756,0.3,4.0,0.0,4.208992765853912e-06,0.00013588854009493153,0.0016188588126190492,-0.0026318940027105944
telenor-tel-xosl,2026-09-24,0.005832796533131623,0.010178817430387177,0.12500000000000003,11.0,0.0,4.208992765853912e-06,-0.00018434885267201248,-0.0032065075335518563,0.01206544534668355
tgs-xosl,2026-09-24,-0.03541749002174699,0.022476844013354702,-0.5,1.0,0.0,4.208992765853912e-06,-0.0013280538268396701,-0.001777199534302361,0.00023915028307491142
thor-medical-trmed-xosl,2026-09-24,-0.0031827178801128175,-0.006519835555910514,0.1839622641509434,14.0,0.0,4.208992765853912e-06,-7.645215699581838e-05,0.00030138241902365735,0.0056793182226499974
tomra-systems-tom-xosl,2026-09-24,0.01649506031600312,0.0010662686625613205,0.5,1.0,0.0,4.208992765853912e-06,0.0005018741318285819,0.001440095440087352,-8.613054144535111e-05
var-energi-var-xosl,2026-09-24,-0.034305473646982,0.02222302536561882,0.4307692307692308,3.0,0.0,4.208992765853912e-06,0.00037518681161308767,-0.0019758535385568862,-0.0008890335931898379
vend-marketplaces-vend-xosl,2026-09-24,0.004692859559403129,-0.02980071717747701,0.12913385826771653,16.0,0.0,4.208992765853912e-06,-0.00017678418985074613,-0.00015210793159091299,0.005495895681753587
wallenius-wilhelmsen-wawi-xosl,2026-09-24,0.0005061711130746049,0.010056399844658337,0.41428571428571437,1.0,0.0,4.208992765853912e-06,0.0003450231639427319,4.559810889172192e-05,-0.0008121659497472444
yara-international-yar-xosl,2026-09-24,-0.016178372873922764,-0.02938063992394624,0.03333333333333333,3.0,0.0,4.208992765853912e-06,-0.00035209224888326895,0.0025963018756997233,0.00045647489536242543
zaptec-zap-xosl,2026-09-24,-0.001376771707836899,0.017852850345292826,0.37500000000000006,1.0,0.0,4.208992765853912e-06,0.0002731331369950506,-0.001394758118880396,-0.0005210347328739723
2020-bulkers-2020-xosl,2026-09-25,-0.03441258110542833,-0.039191105569513995,0.0,1.0,0.0,4.208992765853912e-06,-0.00041308984750554404,0.008637888028427177,-0.0003789241550616781
alng-xoas,2026-09-25,0.006399392260424186,-0.005258976351138145,0.5,1.0,0.0,4.208992765853912e-06,0.0005018741318285819,0.0015133748377755445,-0.0012627918050228141
autostore-auto-xosl,2026-09-25,-0.008791199703835573,0.007246535132461207,0.4846153846153846,3.0,0.0,4.208992765853912e-06,0.0004737213940029166,0.0013345148314502522,-0.0011521835958646113
axactor-acr-xosl,2026-09-25,-0.0024580625934176314,0.007663104605908688,0.6000000000000001,1.0,0.0,4.208992765853912e-06,0.0006848669276954074,0.0011321135969884954,-0.00036037364148344225
b2-impact-b2i-xosl,2026-09-25,0.010882221058865937,-0.005609479635460879,0.5,1.0,0.0,4.208992765853912e-06,0.0005018741318285819,0.002924064722444478,-0.00036037364148344225
bakkafrost-bakka-xosl,2026-09-25,-0.002501511023505598,0.026556023615669555,0.4,1.0,0.0,4.208992765853912e-06,0.00031888133596175687,-0.0038630114953344175,-4.185858864150439e-05
bouvet-bouv-xosl,2026-09-25,0.0008182430310630373,0.00983628820034943,0.16363636363636364,2.0,0.0,4.208992765853912e-06,-0.00011364709063255737,-0.0002155308287711021,-0.0017701642532646602
elkem-elk-xosl,2026-09-25,-0.036200870792641116,-0.010162304112215748,-0.07142857142857141,2.0,0.0,4.208992765853912e-06,-0.0005437989874104191,0.0019131590672157117,0.0016970960283237075
europris-epr-xosl,2026-09-25,0.0017674461839660704,-0.003133709862839118,-0.1,2.0,0.0,4.208992765853912e-06,-0.0005960826433723692,0.00034802796931441323,-3.73886143943313e-05
general-oceans-geno-xosl,2026-09-25,-0.025753671692385294,-0.02931186938697472,0.8000000000000002,2.0,0.0,4.208992765853912e-06,0.001050852519429058,0.006941405758113272,-0.0026256945938592383
gjensidige-forsikring-gjf-xosl,2026-09-25,0.005181602594632295,0.006610448934136426,-0.55625,2.0,0.0,4.208992765853912e-06,-0.0014309872745147593,-0.0007638651579141066,0.004478001465513017
leroy-seafood-group-lsg-xosl,2026-09-25,0.002778924828514384,0.023680179031193238,0.0,1.0,0.0,4.208992765853912e-06,-0.00041308984750554404,-0.0016003734994456016,0.001422123388268515
norske-skog-nskog-xosl,2026-09-25,-0.021863962313445895,-0.011474624983333626,0.0,2.0,0.0,4.208992765853912e-06,-0.00041308984750554404,0.002010480309945513,0.0007257476547161502
paratus-energy-services-plsv-xosl,2026-09-25,-0.009753411181986582,0.0004376249325002135,0.6400000000000001,2.0,0.0,4.208992765853912e-06,0.0007580640460421375,0.0024099971670468634,-0.0018992248902791862
pareto-bank-parb-xosl,2026-09-25,-0.009248986079238741,0.008431914714496336,-0.8,1.0,0.0,4.208992765853912e-06,-0.0018770322144401458,6.382231707354587e-05,0.004168962290847046
pexip-holding-pexip-xosl,2026-09-25,-0.014995945870980854,0.017450494859368004,0.8,1.0,0.0,4.208992765853912e-06,0.0010508525194290578,-0.000985937288142033,-0.0021839688145742207
salmon-evolution-salme-xosl,2026-09-25,0.007820250406364027,-0.00954228740047025,-0.6000000000000001,1.0,0.0,4.208992765853912e-06,-0.0015110466227064954,0.0025723971548489324,0.001096652437237494
sats-xosl,2026-09-25,-0.0008956995843443227,0.0019156847227321805,-0.02173913043478263,3.0,0.0,4.208992765853912e-06,-0.0004528708900852887,-0.0023557168831205674,-0.004824702388433123
scatec-scatc-xosl,2026-09-25,-0.023914545025644607,0.009670065589170496,-0.21250000000000005,1.0,0.0,4.208992765853912e-06,-0.0008019495387225476,0.0009521195838618015,-0.0003876346518549868
selvaag-bolig-sbo-xosl,2026-09-25,0.007290604929728106,0.01968233172968359,-0.4307692307692308,1.0,0.0,4.208992765853912e-06,-0.0012013665066241757,-0.0009316848247010823,0.001237336294696406
skue-sparebank-skue-xosl,2026-09-25,0.003322760992793272,0.006913451834346662,0.0,1.0,0.0,4.208992765853912e-06,-0.00041308984750554404,0.0014808929333389785,-0.0015564832123885844
smartoptics-group-smop-xosl,2026-09-25,-0.023979986650410123,-0.0014867476958952963,0.8000000000000002,2.0,0.0,4.208992765853912e-06,0.001050852519429058,0.0027506569120527885,-0.001076793681136956
solstad-offshore-soff-xosl,2026-09-25,-9.53461453327975e-05,0.0038594591592046035,0.0,1.0,0.0,4.208992765853912e-06,-0.00041308984750554404,-0.0004935367274272192,0.000640744220268659
sparebank-1-smn-ming-xosl,2026-09-25,-0.005612608571248678,0.019943754205329012,0.4000000000000001,1.0,0.0,4.208992765853912e-06,0.000318881335961757,-0.002384500792759974,-0.0013886050524205076
storebrand-stb-xosl,2026-09-25,-0.003553967859967644,0.01439053179854033,0.41875000000000007,4.0,0.0,4.208992765853912e-06,0.00035319248518678664,-0.0009397476459741792,-0.00264385721894506
wallenius-wilhelmsen-wawi-xosl,2026-09-25,0.0005291603133976697,0.0005061711130746049,-0.30000000000000004,1.0,0.0,4.208992765853912e-06,-0.0009620682351060197,0.0020563593849034834,0.0006489840718462257
wilh0-wilhelmsen-holding-ser0-wwi-xosl,2026-09-25,-0.0012362409563690946,0.019914218335466694,0.6000000000000002,1.0,0.0,4.208992765853912e-06,0.0006848669276954076,-0.0006843042201192335,-0.0012470701411758651
2020-bulkers-2020-xosl,2026-09-28,-0.0024798487681380044,-0.03441258110542833,-0.8000000000000002,2.0,0.0,4.208992765853912e-06,-0.001877032214440146,0.003526158050954419,-0.0006312890913977872
aker-solutions-akso-xosl,2026-09-28,-0.01689114488238197,0.006320565218522756,0.4,1.0,0.0,4.208992765853912e-06,0.00031888133596175687,0.000493045189955585,-0.0016484359357146871
alng-xoas,2026-09-28,0.0031175917493156957,0.006399392260424186,0.025000000000000005,1.0,0.0,4.208992765853912e-06,-0.00036734164853883774,0.00036884778421137883,0.0011741172037414795
arendals-fossekompani-afk-xosl,2026-09-28,0.003830372277070393,0.02119704290328217,0.0,1.0,0.0,4.208992765853912e-06,-0.00041308984750554404,-0.0027011013952196153,0.00041268451831101425
axactor-acr-xosl,2026-09-28,0.017438040663016463,-0.0024580625934176314,-0.5,1.0,0.0,4.208992765853912e-06,-0.0013280538268396701,0.0008564024099772174,0.00015150631162802794
b2-impact-b2i-xosl,2026-09-28,-0.013260038227602244,0.010882221058865937,0.4000000000000001,1.0,0.0,4.208992765853912e-06,0.000318881335961757,0.00030559275038454393,-0.0005676741144802295
blue-nord-bnor-xosl,2026-09-28,0.0038529976328541826,0.006668093183137325,-0.30000000000000004,2.0,0.0,4.208992765853912e-06,-0.0009620682351060197,-0.0006183422154973921,0.001999775200030983
bouvet-bouv-xosl,2026-09-28,0.005857383764873547,0.0008182430310630373,0.6000000000000002,1.0,0.0,4.208992765853912e-06,0.0006848669276954076,0.0015679764454723814,-0.0012519340776981486
bw-energy-limited-bwe-xosl,2026-09-28,-0.0045531249862896805,0.008180481722898758,0.0,1.0,0.0,4.208992765853912e-06,-0.00041308984750554404,-0.0008712784665270871,0.0004204670499728528
capital-tankers-corp-capt-merk,2026-09-28,0.0006129592250905258,0.02109362288275718,0.4000000000000001,2.0,0.0,4.208992765853912e-06,0.000318881335961757,-0.0018045262893090716,-0.002569612945266095
cloudberry-clean-energy-cloud-xosl,2026-09-28,0.042444229753949014,-0.0177654156684397,0.3076923076923077,2.0,0.0,4.208992765853912e-06,0.00014996490900776434,0.002826570648122835,-0.0013329228045186473
cmb0tech-nv-cmbto-xosl,2026-09-28,-0.0018528213799097193,0.011017103743051315,0.1,1.0,0.0,4.208992765853912e-06,-0.00023009705163871882,-0.00012009893310449547,0.0026832926048191486
dnb-bank-dnb-xosl,2026-09-28,-0.0011581479159293862,0.013624244112772743,0.2666666666666667,1.0,0.0,4.208992765853912e-06,7.48909414726566e-05,-0.0007678678784586938,-0.001920353280722988
elmera-group-elmra-xosl,2026-09-28,0.007983944608285443,-0.006679828180405245,0.0,2.0,0.0,4.208992765853912e-06,-0.00041308984750554404,0.0015332285209540052,0.0004750653636507472
elopak-elo-xosl,2026-09-28,0.013283551442826114,-0.00842550523136576,0.8,1.0,0.0,4.208992765853912e-06,0.0010508525194290578,0.005260929610674544,0.011070678301469959
end-r-endur-xosl,2026-09-28,0.023650830818929935,0.005457473821284475,0.5,2.0,0.0,4.208992765853912e-06,0.0005018741318285819,-0.0005646708080212835,-0.0015175494851776027
europris-epr-xosl,2026-09-28,0.007831321824699922,0.0017674461839660704,0.34736842105263155,3.0,0.0,4.208992765853912e-06,0.00022256933813711183,0.0007837051217413413,-0.0015107299744358327
general-oceans-geno-xosl,2026-09-28,0.015218843183269937,-0.025753671692385294,0.8,1.0,0.0,4.208992765853912e-06,0.0010508525194290578,0.00538382554980005,-0.001916032331808059
gjensidige-forsikring-gjf-xosl,2026-09-28,0.0006617166550838549,0.005181602594632295,-0.035714285714285705,2.0,0.0,4.208992765853912e-06,-0.0004784444174579816,0.00021373608486357294,0.001747841300509335
grieg-seafood-gsf-xosl,2026-09-28,-0.0025937026633119364,-0.004835590003201995,0.7500000000000001,2.0,0.0,4.208992765853912e-06,0.0009593561214956453,0.0032888575577496534,-0.0018992248902791862
hexagon-composites-hex-xosl,2026-09-28,0.025116546346101276,-0.004808731624371232,0.4038461538461539,3.0,0.0,4.208992765853912e-06,0.00032591952041817327,0.0016487545681300615,-0.0004541294017612164
himalaya-shipping-hshp-xosl,2026-09-28,0.016325013169178226,-0.01877048529611014,-0.2142857142857143,2.0,0.0,4.208992765853912e-06,-0.0008052172672201695,0.0020617806302963932,-0.0006675617337276642
hoegh-autoliners-hauto-xosl,2026-09-28,0.014437334098112431,0.0036265052778936546,0.0,1.0,0.0,4.208992765853912e-06,-0.00041308984750554404,0.0011170262242318424,0.0009118814540876699
klaveness-combination-carriers-kcc-xosl,2026-09-28,0.015004670026436462,0.024009469883084167,-0.6000000000000002,1.0,0.0,4.208992765853912e-06,-0.0015110466227064956,-0.004004230252102786,0.00018175315443944354
kongsberg-automotive-koa-xosl,2026-09-28,0.025148856239328166,-0.004605512136873102,0.49166666666666675,5.0,0.0,4.208992765853912e-06,0.0004866247321730134,0.0013658755571491971,0.0024754274699116314
leroy-seafood-group-lsg-xosl,2026-09-28,-0.0038926234934234527,0.002778924828514384,0.6000000000000001,1.0,0.0,4.208992765853912e-06,0.0006848669276954074,0.0010039546488001694,-0.0003731549668843322
moreld-morld-xosl,2026-09-28,-0.009815651823640192,-0.013928569566483362,0.5666666666666668,1.0,0.0,4.208992765853912e-06,0.0006238693290731324,0.003676911078186039,-0.0015858974885871696
norconsult-norco-xosl,2026-09-28,0.014378556509211493,-0.0251948543921382,0.0,1.0,0.0,4.208992765853912e-06,-0.00041308984750554404,0.004486734262518726,0.0015252620806077834
norsk-hydro-nhy-xosl,2026-09-28,0.0039810876509129844,-0.0002714765479892023,0.11515151515151517,4.0,0.0,4.208992765853912e-06,-0.0002023708704467756,9.83202741158552e-05,-0.00022721364840804038
norske-skog-nskog-xosl,2026-09-28,0.026673432369328176,-0.021863962313445895,-0.3866666666666667,2.0,0.0,4.208992765853912e-06,-0.001120661991523935,0.002439233494685918,0.002286676089387045
odfjell-drilling-odl-xosl,2026-09-28,-0.012348517712391205,0.0022305586028474877,0.45,2.0,0.0,4.208992765853912e-06,0.00041037773389516937,-0.0001762420350012284,-8.664612977093346e-05
okea-xosl,2026-09-28,-0.0032781520669222797,0.006871786173441308,0.8,2.0,0.0,4.208992765853912e-06,0.0010508525194290578,0.00125093484536983,-0.002032346488025628
pexip-holding-pexip-xosl,2026-09-28,0.01717136341404213,-0.014995945870980854,0.8,1.0,0.0,4.208992765853912e-06,0.0010508525194290578,0.002701057955177191,-0.0024755343267256528
protector-forsikring-prot-xosl,2026-09-28,-0.001114040387588,0.005602316178678457,0.6000000000000001,1.0,0.0,4.208992765853912e-06,0.0006848669276954074,0.002292940218337041,-0.0013370159686294518
reach-subsea-reach-xosl,2026-09-28,0.012059820277621314,0.001963178013197675,0.6000000000000001,1.0,0.0,4.208992765853912e-06,0.0006848669276954074,0.00019504916750068637,-0.0010312766670548168
salmon-evolution-salme-xosl,2026-09-28,-0.001256999297980177,0.007820250406364027,0.15454545454545462,2.0,0.0,4.208992765853912e-06,-0.00013028279934772311,0.0011920904434860001,0.0023306438209847757
sats-xosl,2026-09-28,0.010226084991691642,-0.0008956995843443227,0.5750000000000001,1.0,0.0,4.208992765853912e-06,0.000639118728728701,0.0006653167805886045,-0.0011409166791958934
smartoptics-group-smop-xosl,2026-09-28,0.03607939572247043,-0.023979986650410123,0.4,1.0,0.0,4.208992765853912e-06,0.00031888133596175687,0.00324514843013392,-0.0017577463706348684
sparebanken-norge-sbnor-xosl,2026-09-28,-0.004414187705007677,0.0011663173212546063,0.5375,1.0,0.0,4.208992765853912e-06,0.0005704964302786415,0.0009744312256797106,-0.0032313818256418936
storebrand-stb-xosl,2026-09-28,0.005457045228038915,-0.003553967859967644,0.1954545454545455,3.0,0.0,4.208992765853912e-06,-5.5422110129476514e-05,0.0013695099971367728,0.0006263028665804024
tgs-xosl,2026-09-28,-0.019800657799539767,-0.01605829057852315,0.8000000000000002,1.0,0.0,4.208992765853912e-06,0.001050852519429058,0.005833689198569485,0.009399062472280445
wilh0-wilhelmsen-holding-ser0-wwi-xosl,2026-09-28,-0.005108915651620083,-0.0012362409563690946,0.1777777777777778,1.0,0.0,4.208992765853912e-06,-8.776932152007697e-05,0.00030221421605114884,0.0009860862358528819
yara-international-yar-xosl,2026-09-28,-0.015281960885804358,0.00015973029914717607,-0.16500000000000004,3.0,0.0,4.208992765853912e-06,-0.0007150279606858057,-0.0009542491564358017,-0.0016005892343067887
zaptec-zap-xosl,2026-09-28,0.005842019233225582,-0.0023919842901900523,0.0,1.0,0.0,4.208992765853912e-06,-0.00041308984750554404,0.0022107229015972158,0.001359549819478938
2020-bulkers-2020-xosl,2026-09-29,-0.014831346755840302,-0.0024798487681380044,-0.5375,4.0,0.0,4.208992765853912e-06,-0.0013966761252897295,-0.0021742169797541676,-0.002205177754072095
abg-sundal-collier-holding-abg-xosl,2026-09-29,-0.006634003575744174,-0.004370501942646432,0.0,2.0,0.0,4.208992765853912e-06,-0.00041308984750554404,0.0008405292253488406,-0.002227386237959959
af-gruppen-afg-xosl,2026-09-29,-0.007912160231169696,0.003028223234190719,0.6000000000000001,2.0,0.0,4.208992765853912e-06,0.0006848669276954074,-6.86431719011359e-05,-0.0011409166791958934
aker-solutions-akso-xosl,2026-09-29,-0.009032315879852981,-0.01689114488238197,0.5076923076923077,4.0,0.0,4.208992765853912e-06,0.0005159505007414147,0.004712263783435784,-0.0034105367392688298
alng-xoas,2026-09-29,0.030019468495755652,0.0031175917493156957,0.30000000000000004,2.0,0.0,4.208992765853912e-06,0.00013588854009493164,-0.000980387381951717,-0.0010718393484519953
blue-nord-bnor-xosl,2026-09-29,-0.010284282996999128,0.0038529976328541826,0.42857142857142866,2.0,0.0,4.208992765853912e-06,0.00037116499192370696,0.0017034905411498582,-0.00044341655319826066
bonheur-bonhr-xosl,2026-09-29,0.005904816342778729,-0.0022898506174988675,0.7000000000000001,2.0,0.0,4.208992765853912e-06,0.0008678597235622326,0.0023745933849106805,-0.0020208823553221
borregaard-brg-xosl,2026-09-29,0.024072999384811777,0.003768368954572887,0.6529411764705884,4.0,0.0,4.208992765853912e-06,0.0007817454666837267,0.001994349161366977,0.013304105266484487
bw-lpg-bwlpg-xosl,2026-09-29,0.02222125238600514,0.009052304391952926,0.4,1.0,0.0,4.208992765853912e-06,0.00031888133596175687,0.00092894438546735,0.0005847724841260233
cmb0tech-nv-cmbto-xosl,2026-09-29,0.015604197671994613,-0.0018528213799097193,0.0,1.0,0.0,4.208992765853912e-06,-0.00041308984750554404,0.0022754231356277976,0.001359549819478938
constellation-oil-services-holding-cosh-xosl,2026-09-29,-0.007294007891689436,0.0016448969845455075,0.0,2.0,0.0,4.208992765853912e-06,-0.00041308984750554404,0.00010234029512149607,0.001452435766721639
dnb-bank-dnb-xosl,2026-09-29,-0.012647845806367908,-0.0011581479159293862,0.575,4.0,0.0,4.208992765853912e-06,0.0006391187287287008,0.002195787949202383,0.0002504138904482413
elkem-elk-xosl,2026-09-29,0.02303264627946977,0.017547528960270564,0.0625,6.0,0.0,4.208992765853912e-06,-0.0002987193500887783,-0.003132150360256542,-0.000790163335643966
elmera-group-elmra-xosl,2026-09-29,-0.03084738042483437,0.007983944608285443,0.0,5.0,0.0,4.208992765853912e-06,-0.00041308984750554404,-0.0020841706871732395,-0.0003774936267566874
end-r-endur-xosl,2026-09-29,-0.021414000842056802,0.023650830818929935,0.5516129032258065,8.0,0.0,4.208992765853912e-06,0.0005963220264695241,-0.0021444904906732236,0.002110426006954023
envipco-holding-envip-xosl,2026-09-29,0.012923780468041879,0.027234142390380245,0.3173913043478261,6.0,0.0,4.208992765853912e-06,0.00016771337415872727,-0.002588182148152727,-0.000886636657954781
europris-epr-xosl,2026-09-29,0.002613629051768096,0.007831321824699922,0.5,2.0,0.0,4.208992765853912e-06,0.0005018741318285819,-0.0011753694087296913,-0.001969341793441406
general-oceans-geno-xosl,2026-09-29,0.036940860297537514,0.015218843183269937,0.7263157894736844,5.0,0.0,4.208992765853912e-06,0.0009160157224745551,-0.0005384596725677535,0.00014028736854995532
gjensidige-forsikring-gjf-xosl,2026-09-29,-0.004446752890030048,0.0006617166550838549,-0.27142857142857146,4.0,0.0,4.208992765853912e-06,-0.0009097845791440696,-0.0011074832476013017,0.002941175176752901
grieg-seafood-gsf-xosl,2026-09-29,0.01273747732747521,-0.0025937026633119364,-0.04000000000000001,1.0,0.0,4.208992765853912e-06,-0.00048628696585227414,-0.00014865324504356357,-0.00043545521753233135
hexagon-composites-hex-xosl,2026-09-29,0.008864379360748242,0.025116546346101276,0.11111111111111112,5.0,0.0,4.208992765853912e-06,-0.00020976451876462713,-0.005033445313594226,0.0008541832124117843
himalaya-shipping-hshp-xosl,2026-09-29,0.024236067805726624,0.016325013169178226,0.2555555555555556,5.0,0.0,4.208992765853912e-06,5.455840859856488e-05,-0.0030582639465042702,-0.003198882522529411
kid-xosl,2026-09-29,-0.00979813662708795,0.022520304669899294,0.7000000000000001,2.0,0.0,4.208992765853912e-06,0.0008678597235622326,-0.0015387742294678995,-0.0024920371392031632
kongsberg-automotive-koa-xosl,2026-09-29,0.0026439828775198793,0.025148856239328166,0.7000000000000001,1.0,0.0,4.208992765853912e-06,0.0008678597235622326,-0.0015378718614595156,-0.0009333924637675232
moreld-morld-xosl,2026-09-29,-0.023335562607717852,-0.009815651823640192,0.26400000000000007,4.0,0.0,4.208992765853912e-06,7.001113358287461e-05,0.0014116857264434063,-0.0017483644706796635
norbit-norbt-xosl,2026-09-29,-0.0010867949240906949,0.017280171808141565,0.6000000000000002,2.0,0.0,4.208992765853912e-06,0.0006848669276954076,-0.0013164176041952872,-0.0010073075509967578
nordic-semiconductor-nod-xosl,2026-09-29,-0.0063530438693197855,0.01837757548237373,0.0,1.0,0.0,4.208992765853912e-06,-0.00041308984750554404,-0.0006434206883877446,0.001422123388268515
norsk-hydro-nhy-xosl,2026-09-29,0.003081274055635741,0.0039810876509129844,0.6625,3.0,0.0,4.208992765853912e-06,0.0007992374251121731,0.0018332808115709162,-0.0010348289180659965
nykode-therapeutics-nykd-xosl,2026-09-29,-0.005402346785438494,0.003512143309487681,0.0,1.0,0.0,4.208992765853912e-06,-0.00041308984750554404,0.0013353841547654156,0.0018570275796971362
odfjell-drilling-odl-xosl,2026-09-29,-0.003807479693770044,-0.012348517712391205,0.5,1.0,0.0,4.208992765853912e-06,0.0005018741318285819,0.0020551871070925505,-0.0010312766670548168
okea-xosl,2026-09-29,-0.007321939121664678,-0.0032781520669222797,0.4,2.0,0.0,4.208992765853912e-06,0.00031888133596175687,0.0006813464582800312,-0.00011653823093344193
paratus-energy-services-plsv-xosl,2026-09-29,-0.010368728952778072,-0.004461161965667593,0.5,1.0,0.0,4.208992765853912e-06,0.0005018741318285819,0.002576244757054053,-0.00036037364148344225
pareto-bank-parb-xosl,2026-09-29,0.0001686786754747649,-0.005546222035024084,-0.6000000000000001,1.0,0.0,4.208992765853912e-06,-0.0015110466227064954,0.002435178188894265,0.0006521040581246091
protector-forsikring-prot-xosl,2026-09-29,-0.006367240635591576,-0.001114040387588,0.1565217391304348,2.0,0.0,4.208992765853912e-06,-0.00012666634093138284,0.000443668811560403,0.0010885427447858188
reach-subsea-reach-xosl,2026-09-29,-0.02232009098744503,0.012059820277621314,0.5,2.0,0.0,4.208992765853912e-06,0.0005018741318285819,-0.0021694407350100627,-0.0012797064513620435
sal-mar-salm-xosl,2026-09-29,-0.017013451908717725,-0.002832245692936719,0.1,1.0,0.0,4.208992765853912e-06,-0.00023009705163871882,0.002617889285046206,0.0006632942531813389
scatec-scatc-xosl,2026-09-29,0.013474749221684568,0.020963167780200798,0.20000000000000004,1.0,0.0,4.208992765853912e-06,-4.7104255771893535e-05,-0.0008176511712551975,-0.00121216184020664
stolt-nielsen-sni-xosl,2026-09-29,0.010979489486285465,0.013122860701315298,0.14942528735632185,10.0,0.0,4.208992765853912e-06,-0.00013965233644017301,-0.004055769840582827,0.0098915015511969
telenor-tel-xosl,2026-09-29,-0.006032895369159408,-0.0009246950041362778,0.0,1.0,0.0,4.208992765853912e-06,-0.00041308984750554404,0.0010764281900750158,0.0013199277236279243
wilh0-wilhelmsen-holding-ser0-wwi-xosl,2026-09-29,0.04768249083017084,-0.005108915651620083,0.20000000000000004,1.0,0.0,4.208992765853912e-06,-4.7104255771893535e-05,0.0014241469391271275,0.0003205838368685803
yara-international-yar-xosl,2026-09-29,-0.006890144853937019,-0.015281960885804358,-0.1,4.0,0.0,4.208992765853912e-06,-0.0005960826433723692,0.00035056051302721444,-0.0024591198139409793
zaptec-zap-xosl,2026-09-29,0.0001686786754747649,0.005842019233225582,0.025000000000000057,2.0,0.0,4.208992765853912e-06,-0.00036734164853883763,-0.0008520098381337938,0.0026213725479312232
2020-bulkers-2020-xosl,2026-09-30,-0.008246511431314052,-0.014831346755840302,0.0,3.0,0.0,4.208992765853912e-06,-0.00041308984750554404,0.0038448348944823494,-0.0014825461475096594
akastor-akast-xosl,2026-09-30,-0.014617993425300235,-0.0013816705245844885,-0.17500000000000004,4.0,0.0,4.208992765853912e-06,-0.0007333272402724883,-0.0004679359758834945,-0.0017047366301678833
aker-bp-akrbp-xosl,2026-09-30,0.011318743722262159,-0.013740386017810358,0.24210526315789477,5.0,0.0,4.208992765853912e-06,2.9945342487822308e-05,0.0009276816066073246,-0.002464921331182011
aker-solutions-akso-xosl,2026-09-30,-0.003056247974497439,-0.009032315879852981,0.7111111111111112,2.0,0.0,4.208992765853912e-06,0.0008881922564363243,0.004153966745662263,0.009324853744277826
alng-xoas,2026-09-30,-2.1697118714469887e-05,0.030019468495755652,0.0,1.0,0.0,4.208992765853912e-06,-0.00041308984750554404,-0.0026857718071335844,0.0012192932554640926
arendals-fossekompani-afk-xosl,2026-09-30,-0.020121864876131768,0.002793350591485333,0.8,2.0,0.0,4.208992765853912e-06,0.0010508525194290578,0.0012072754017568156,-0.00304878528211621
autostore-auto-xosl,2026-09-30,0.032529515958696686,-0.006237434713043832,0.08750000000000001,2.0,0.0,4.208992765853912e-06,-0.00025297115112207194,0.0014224927038592637,0.001199591687103576
axactor-acr-xosl,2026-09-30,-0.0612412945389208,-0.018542371981187467,-0.15000000000000002,2.0,0.0,4.208992765853912e-06,-0.0006875790413057819,0.0025804055908926066,-0.0005189723444531156
b2-impact-b2i-xosl,2026-09-30,-0.007889184821517792,0.0022433357820778044,-0.1238095238095238,9.0,0.0,4.208992765853912e-06,-0.0006396523566739943,-0.004787169662561032,0.0025641530139930454
bakkafrost-bakka-xosl,2026-09-30,-0.0068511396431238936,-0.023024885191712197,0.35263157894736846,2.0,0.0,4.208992765853912e-06,0.00023220053791957646,0.0024705215679819053,-0.0006478656507003289
blue-nord-bnor-xosl,2026-09-30,0.013955636783037795,-0.010284282996999128,0.0,1.0,0.0,4.208992765853912e-06,-0.00041308984750554404,0.003970924712733665,0.001514638383885845
bonheur-bonhr-xosl,2026-09-30,-0.012238600886324336,0.005904816342778729,0.7085714285714287,4.0,0.0,4.208992765853912e-06,0.0008835448203508179,0.0002224738083733542,-0.00031011198898319353
borregaard-brg-xosl,2026-09-30,-0.012078303757113495,0.024072999384811777,-0.15000000000000002,2.0,0.0,4.208992765853912e-06,-0.0006875790413057819,-0.001959490723823874,0.0005376389324403243
bw-lpg-bwlpg-xosl,2026-09-30,0.021951942278052528,0.02222125238600514,0.32758620689655177,4.0,0.0,4.208992765853912e-06,0.00018636931136853857,-0.0030947688371395794,-0.002649355062087622
capital-tankers-corp-capt-merk,2026-09-30,0.03538359065004393,0.012877131630430916,0.2837837837837838,4.0,0.0,4.208992765853912e-06,0.00010621403265706806,-0.00014974457986629305,-0.0011157997088755848
circio-holding-crna-xosl,2026-09-30,-0.05089282700010833,-0.0016331643043742128,0.7176470588235294,2.0,0.0,4.208992765853912e-06,0.0009001525698916722,0.0039796831277458125,0.011070678301469959
cloudberry-clean-energy-cloud-xosl,2026-09-30,0.008673946642192787,0.006971393143930249,0.6000000000000002,1.0,0.0,4.208992765853912e-06,0.0006848669276954076,-0.00014169431255082706,-0.0008662899470062757
cmb0tech-nv-cmbto-xosl,2026-09-30,0.022789072302298985,0.015604197671994613,0.23125,8.0,0.0,4.208992765853912e-06,1.0080992936489254e-05,-0.0021442847083620216,0.0027744930791383103
dnb-bank-dnb-xosl,2026-09-30,-0.012225280213586265,-0.012647845806367908,-0.125,3.0,0.0,4.208992765853912e-06,-0.0006418308423390756,0.0011052394024622474,-1.2779811168869902e-05
dno-xosl,2026-09-30,0.014451189169173428,-0.010226272362468869,0.4648854961832062,7.0,0.0,4.208992765853912e-06,0.00043761711953946796,0.002924393453347206,0.0008771402350140426
dof-group-dofg-xosl,2026-09-30,0.0015928959995199499,-0.022139025369747545,0.24000000000000005,1.0,0.0,4.208992765853912e-06,2.6092862574836556e-05,0.004426207692237897,-0.0022080073733382554
elmera-group-elmra-xosl,2026-09-30,0.03516403015543301,-0.03084738042483437,0.2,1.0,0.0,4.208992765853912e-06,-4.710425577189359e-05,0.006979854266941961,-0.0015064092349268993
end-r-endur-xosl,2026-09-30,0.017865122854975546,-0.021414000842056802,0.23750000000000002,1.0,0.0,4.208992765853912e-06,2.1518042678165844e-05,0.004425141591906139,-0.0015276454625380766
envipco-holding-envip-xosl,2026-09-30,-0.01777439635231759,0.012923780468041879,0.6148148148148148,3.0,0.0,4.208992765853912e-06,0.0007119769715275294,0.0008517190797606842,-0.0007903370827989804
frontline-fro-xosl,2026-09-30,0.03051349647396151,0.017690072280242553,0.5333333333333333,1.0,0.0,4.208992765853912e-06,0.0005628717304508571,-0.00031863579289100074,-0.0012943319764357388
grieg-seafood-gsf-xosl,2026-09-30,-0.013824110311176696,0.01273747732747521,0.37142857142857144,1.0,0.0,4.208992765853912e-06,0.00026659767999980677,-0.0009775328558341526,2.056568787502413e-05
hafnia-hafni-xosl,2026-09-30,-0.007949414127896515,0.056120388919529085,0.41600000000000004,3.0,0.0,4.208992765853912e-06,0.0003481601833004489,-0.006865437243008209,-0.01680966806739488
hexagon-composites-hex-xosl,2026-09-30,-0.025025136231057288,0.008864379360748242,-0.25,1.0,0.0,4.208992765853912e-06,-0.0008705718371726071,0.0014616956034579711,-0.0003876346518549868
himalaya-shipping-hshp-xosl,2026-09-30,0.006323806197677917,0.024236067805726624,0.0,1.0,0.0,4.208992765853912e-06,-0.00041308984750554404,-0.0022489194423032676,-0.001828874576133268
hunter-group-hunt-xoas,2026-09-30,-0.04983661286637675,0.06351703345784931,0.35000000000000003,2.0,0.0,4.208992765853912e-06,0.00022738493802834425,-0.00798301157861575,-0.016323395249272087
integrated-wind-solutions-iws-xosl,2026-09-30,0.028944229538720778,0.042422227233851584,0.9,1.0,0.0,4.208992765853912e-06,0.0012338453152958828,-0.0053402501175485355,0.008198551339538875
jinhui-shipping-transportation-jin-xosl,2026-09-30,0.008673946642192787,0.01240108298322451,-0.4000000000000001,2.0,0.0,4.208992765853912e-06,-0.0011450610309728451,-0.0023212169888342507,-6.939110673773581e-07
kitron-kit-xosl,2026-09-30,0.04691973841458541,0.005294255142496707,0.4360000000000001,3.0,0.0,4.208992765853912e-06,0.00038475874247381406,0.0006781424604596991,-0.0004541294017612164
klaveness-combination-carriers-kcc-xosl,2026-09-30,0.008673946642192787,0.008058179763491213,0.0,4.0,0.0,4.208992765853912e-06,-0.00041308984750554404,-0.002615082485129637,0.000640744220268659
kongsberg-automotive-koa-xosl,2026-09-30,-0.010585387533042834,0.0026439828775198793,0.486764705882353,4.0,0.0,4.208992765853912e-06,0.0004776544970815023,0.0005452243451807854,0.0005688002889623736
kongsberg-gruppen-kog-xosl,2026-09-30,-0.017584240468628165,0.047990515188014116,0.0,2.0,0.0,4.208992765853912e-06,-0.00041308984750554404,-0.005389783740931909,-0.012937641644446614
kongsberg-maritime-kmar-xosl,2026-09-30,0.025132143278541408,-0.007669390295421019,0.27878787878787886,4.0,0.0,4.208992765853912e-06,9.707188642621125e-05,0.0011523034184063692,-0.0009862593210822953
leroy-seafood-group-lsg-xosl,2026-09-30,-0.010833720004304825,0.008599606167729479,0.7000000000000001,1.0,0.0,4.208992765853912e-06,0.0008678597235622326,0.0002020595223011061,-0.001318301092493798
link-mobility-group-holding-link-xosl,2026-09-30,0.059535944875922286,-0.022577699310411647,0.004615384615384628,8.0,0.0,4.208992765853912e-06,-0.0004046440261578444,-9.561256447347437e-05,0.003055062579719676
moreld-morld-xosl,2026-09-30,-0.0022669722123529468,-0.023335562607717852,0.24545454545454537,4.0,0.0,4.208992765853912e-06,3.607428780393583e-05,0.00269276230440656,-0.0023256304811783367
mpc-container-ships-mpcc-xosl,2026-09-30,0.0011137673356929056,0.016940150658743325,0.4692307692307693,3.0,0.0,4.208992765853912e-06,0.0004455686561772513,-0.0011133180044661255,-0.0021839688145742207
napatech-napa-xosl,2026-09-30,0.03130323980018823,-0.004123101470253077,0.26097560975609757,6.0,0.0,4.208992765853912e-06,6.447671731763395e-05,0.0004509738072832223,-0.0015737319905816858
norbit-norbt-xosl,2026-09-30,0.009930998437100103,-0.0010867949240906949,0.4138888888888889,8.0,0.0,4.208992765853912e-06,0.0003442970020543714,0.0011862480068358188,0.0022023439404868918
nordic-semiconductor-nod-xosl,2026-09-30,0.02672647944671036,-0.0063530438693197855,0.1073170731707317,5.0,0.0,4.208992765853912e-06,-0.00021670733486797554,-0.0012060697131352533,0.0008176415594723307
norske-skog-nskog-xosl,2026-09-30,-0.03833461743481892,0.013155658420340832,0.7038461538461539,3.0,0.0,4.208992765853912e-06,0.0008748979080186489,0.0021612118733413768,0.011002904845372712
norwegian-air-shuttle-nas-xosl,2026-09-30,0.010326194351404805,-0.018875130679931074,-0.3538461538461538,2.0,0.0,4.208992765853912e-06,-0.0010606028174958485,0.0033792695165430833,0.001314203115583014
nykode-therapeutics-nykd-xosl,2026-09-30,-0.02493946730823282,-0.005402346785438494,-0.04871794871794873,4.0,0.0,4.208992765853912e-06,-0.0005022401839534845,-0.0008161392980872756,-0.00194514489490205
odfjell-drilling-odl-xosl,2026-09-30,-0.00030802864618262316,-0.003807479693770044,-0.18888888888888894,4.0,0.0,4.208992765853912e-06,-0.0007587429063651028,-0.002487535740157734,0.00493235191138024
okea-xosl,2026-09-30,0.0023846384660921593,-0.007321939121664678,-0.3826086956521739,3.0,0.0,4.208992765853912e-06,-0.0011132361969090493,-0.001999779512101742,0.003130330323606645
okeanis-eco-tankers-oet-xosl,2026-09-30,0.03563158463962535,0.01713995804884283,0.3333333333333333,1.0,0.0,4.208992765853912e-06,0.00019688613871720657,-0.0010676093691907571,-0.0005210347328739723
orkla-ork-xosl,2026-09-30,-0.0123390330292531,0.007769162814824537,-0.12000000000000002,8.0,0.0,4.208992765853912e-06,-0.0006326812025457344,-0.003736634128235841,0.007805065675079458
panoro-energy-pen-xosl,2026-09-30,0.0019625754773877624,-0.009798136627088061,0.384375,4.0,0.0,4.208992765853912e-06,0.00029028871160756534,0.0007940144116763136,-0.0015175494851776027
paratus-energy-services-plsv-xosl,2026-09-30,0.01186878601906538,-0.010368728952778072,0.34571428571428575,4.0,0.0,4.208992765853912e-06,0.00021954238963405173,0.0019074268170795087,-0.00101355293804721
pareto-bank-parb-xosl,2026-09-30,-0.019103831135585003,0.0001686786754747649,-0.6200000000000001,5.0,0.0,4.208992765853912e-06,-0.0015476451818798604,-0.00437326231983196,-0.0020810319128679
pexip-holding-pexip-xosl,2026-09-30,0.04115028596998638,-0.007884992118097012,0.25,2.0,0.0,4.208992765853912e-06,4.439214216151897e-05,-0.0009064755589889366,-0.0019746719167727505
prosafe-prs-xosl,2026-09-30,0.004445620881967649,0.0086974550859239,0.3163265306122449,6.0,0.0,4.208992765853912e-06,0.00016576491493033163,-0.0016921949422049004,0.0002875916608734604
protector-forsikring-prot-xosl,2026-09-30,-0.012002787813507498,-0.006367240635591576,0.6500000000000001,2.0,0.0,4.208992765853912e-06,0.0007763633256288201,0.0027983158457459733,-0.002263861625993627
sal-mar-salm-xosl,2026-09-30,-0.00531206734382117,-0.017013451908717725,0.6185185185185186,3.0,0.0,4.208992765853912e-06,0.0007187544824855602,0.004513162600192035,-0.002044799163090062
salmon-evolution-salme-xosl,2026-09-30,-0.03752574650492535,-0.0013193797109664063,0.28181818181818186,2.0,0.0,4.208992765853912e-06,0.00010261712266459983,0.0010737344063149518,-0.00047559710961083584
sed-energy-holdings-enh-xosl,2026-09-30,0.0291464059167319,0.014545623157920518,0.08000000000000002,1.0,0.0,4.208992765853912e-06,-0.00026669561081208386,0.0012257001319916736,0.0017339426816592473
selvaag-bolig-sbo-xosl,2026-09-30,0.031624791328732194,0.0001686786754747649,-0.5727272727272728,1.0,0.0,4.208992765853912e-06,-0.0014611394965609976,0.0019073300733891852,-0.0008390570457062484
skue-sparebank-skue-xosl,2026-09-30,0.022905626300122384,-0.014010425802137183,0.2,2.0,0.0,4.208992765853912e-06,-4.710425577189359e-05,0.0017487356225850915,0.0030157671503196373
solstad-maritime-soma-xosl,2026-09-30,0.0017173983660379033,-0.010158317707982034,0.23947368421052634,5.0,0.0,4.208992765853912e-06,2.512974259659005e-05,0.0009133986625913951,-0.0015969195427735423
sparebank-1-ostlandet-spol-xosl,2026-09-30,-0.011997258969835278,-0.004671592236709765,-0.7000000000000001,1.0,0.0,4.208992765853912e-06,-0.0016940394185733206,0.00406420006136407,-0.0007569018386605005
storebrand-stb-xosl,2026-09-30,-0.003249266762381242,-0.0055014558787293,0.0,1.0,0.0,4.208992765853912e-06,-0.00041308984750554404,0.00201601211811286,0.00012640409313376192
telenor-tel-xosl,2026-09-30,-0.0014664235084252963,-0.006032895369159408,-0.16956521739130434,6.0,0.0,4.208992765853912e-06,-0.000723381979627552,-0.0023194347121568686,0.0035294954447272014
thor-medical-trmed-xosl,2026-09-30,0.005318271655695206,-0.008700597745848748,0.23846153846153847,5.0,0.0,4.208992765853912e-06,2.327758879226992e-05,0.0007816650810791991,-0.0017630021018045833
tomra-systems-tom-xosl,2026-09-30,-0.00442645694112398,-0.014355242986113126,0.011538461538461548,4.0,0.0,4.208992765853912e-06,-0.000391975294136295,0.0007462428087508103,-0.0025113754254225376
var-energi-var-xosl,2026-09-30,0.022448066420685198,-0.006088648243637196,0.0,2.0,0.0,4.208992765853912e-06,-0.00041308984750554404,0.0004087807619364165,0.00037478159801845813
vend-marketplaces-vend-xosl,2026-09-30,-0.011174881740999787,0.016499174377252568,0.03541666666666668,7.0,0.0,4.208992765853912e-06,-0.00034827989896937675,-0.0046515614576596075,-0.00041732143937631225
wilh0-wilhelmsen-holding-ser0-wwi-xosl,2026-09-30,0.0033996850388172684,0.04768249083017084,0.2,1.0,0.0,4.208992765853912e-06,-4.710425577189359e-05,-0.005276687182106368,-0.013965428220940932
wilh0-wilhelmsen-holding-ser0-wwib-xosl,2026-09-30,0.008673946642192787,0.058781118866862214,0.5000000000000001,4.0,0.0,4.208992765853912e-06,0.0005018741318285821,-0.008229016940261756,-0.01217475839480392
yara-international-yar-xosl,2026-09-30,-0.009572527782051754,-0.006890144853937019,0.4,1.0,0.0,4.208992765853912e-06,0.00031888133596175687,0.00203885037212959,-0.0010312766670548168
zaptec-zap-xosl,2026-09-30,0.03926978516980073,0.0001686786754747649,0.47714285714285726,4.0,0.0,4.208992765853912e-06,0.0004600472070590221,0.0013310714637078665,-0.0006182676558942967
2020-bulkers-2020-xosl,2026-10-01,0.08162003804286577,-0.008246511431314052,-0.055882352941176466,4.0,0.0,0.000260031198445979,-0.00028969094239851193,0.0019182777461719354,-0.0037957597112483737
af-gruppen-afg-xosl,2026-10-01,0.0024108502655380004,0.001545667925329397,-0.20000000000000004,2.0,0.0,0.000260031198445979,-0.0005679962933898,0.00040201401152953255,-0.001328070906567127
aker-bp-akrbp-xosl,2026-10-01,-0.010923738832102292,0.011318743722262159,0.33076923076923076,5.0,0.0,0.000260031198445979,0.0004569712944054303,-0.0014599670151209533,-0.00019035763726747004
aker-solutions-akso-xosl,2026-10-01,-0.0071684011358708055,-0.003056247974497439,0.8000000000000002,1.0,0.0,0.000260031198445979,0.001363102060427301,0.002274335730127182,-0.0028384032210365152
alng-xoas,2026-10-01,-0.03780510962894723,-2.1697118714469887e-05,0.33488372093023266,5.0,0.0,0.000260031198445979,0.0004649167795821377,0.0010947062567201356,0.005984693731998997
autostore-auto-xosl,2026-10-01,0.024360689747070285,0.032529515958696686,0.3936170212765958,5.0,0.0,0.000260031198445979,0.000578336559195245,-0.003817303431472662,0.0013815765076682087
axactor-acr-xosl,2026-10-01,-0.09155559594393825,-0.0612412945389208,0.36666666666666675,8.0,0.0,0.000260031198445979,0.0005262927737732238,0.008554651088131016,-0.0013318108565273088
b2-impact-b2i-xosl,2026-10-01,-0.006927897240339709,-0.007889184821517792,-0.20000000000000004,1.0,0.0,0.000260031198445979,-0.0005679962933898,0.0033446536043788507,-9.003765984349414e-05
bakkafrost-bakka-xosl,2026-10-01,0.005631382345181235,-0.0068511396431238936,0.3074074074074074,2.0,0.0,0.000260031198445979,0.0004118573157692473,0.002803057981217148,8.391356673968404e-05
blue-nord-bnor-xosl,2026-10-01,-0.016727862743577737,0.013955636783037795,0.2658536585365853,5.0,0.0,0.000260031198445979,0.00033161293972987357,-0.0016093899974027339,-0.00010041591458232173
bonheur-bonhr-xosl,2026-10-01,0.0147583732926726,-0.012238600886324336,0.0,1.0,0.0,0.000260031198445979,-0.00018177662262637985,0.0031294019495062687,0.00020462948360683989
borregaard-brg-xosl,2026-10-01,0.011852161350857315,-0.012078303757113495,-0.15000000000000002,2.0,0.0,0.000260031198445979,-0.00047144137569894495,0.0026839281705714783,0.00028495463656959746
bouvet-bouv-xosl,2026-10-01,-0.01936666287022093,0.02025287794873054,0.4,1.0,0.0,0.000260031198445979,0.0005906627189004604,-0.002243928972852445,-0.0010652215662458066
cadeler-cadlr-xosl,2026-10-01,0.027292310021542532,3.676887978454335e-05,-0.17764705882352944,10.0,0.0,0.000260031198445979,-0.0005248305654809471,-0.005248022184167124,-0.0073833579869027645
circio-holding-crna-xosl,2026-10-01,0.024154020465650516,-0.05089282700010833,0.08771929824561406,15.0,0.0,0.000260031198445979,-1.238203018628326e-05,0.003493248715648953,0.0007549051838978522
cloudberry-clean-energy-cloud-xosl,2026-10-01,-0.004406582692558558,0.008673946642192787,0.6000000000000002,1.0,0.0,0.000260031198445979,0.0009768823896638807,0.0004992440153464711,5.032313199048462e-05
cmb0tech-nv-cmbto-xosl,2026-10-01,0.0058479064788077295,0.022789072302298985,0.35428571428571437,4.0,0.0,0.000260031198445979,0.0005023839370116788,-0.0014562504949728215,-0.0004330419968491973
constellation-oil-services-holding-cosh-xosl,2026-10-01,-0.0027173548626671096,0.0011551496497115288,0.4500000000000001,1.0,0.0,0.000260031198445979,0.0006872176365913155,0.0021198728465725222,-0.0020188416428966443
dnb-bank-dnb-xosl,2026-10-01,-0.003364224846932551,-0.012225280213586265,0.33170731707317075,3.0,0.0,0.000260031198445979,0.0004587828313227072,0.001607680941270423,0.000528924317850545
dno-xosl,2026-10-01,-0.010550233270932519,0.014451189169173428,-0.15483870967741936,4.0,0.0,0.000260031198445979,-0.0004807853999916083,-0.004014585553504566,-0.0023172884096921515
dof-group-dofg-xosl,2026-10-01,0.009960982238813143,0.0015928959995199499,-0.24000000000000002,1.0,0.0,0.000260031198445979,-0.000645240227542484,0.0010113778895585995,-0.0015028995339323086
elkem-elk-xosl,2026-10-01,0.04220569389033768,-0.0354437004166307,-0.6000000000000001,1.0,0.0,0.000260031198445979,-0.0013404356349166402,0.004975998189965188,0.002372853816675324
elmera-group-elmra-xosl,2026-10-01,0.0015837368134501428,0.03516403015543301,-0.12592592592592594,3.0,0.0,0.000260031198445979,-0.0004249519708848296,-0.005344196987235792,0.007545685078914735
elopak-elo-xosl,2026-10-01,-0.0027173548626671096,0.011514812322695134,0.7000000000000001,1.0,0.0,0.000260031198445979,0.0011699922250455906,0.0007652504991153572,-0.001991966336801337
end-r-endur-xosl,2026-10-01,0.011854579833608714,0.017865122854975546,0.3,5.0,0.0,0.000260031198445979,0.00039755288351875026,-0.003190000812128553,-0.0012224431315495242
envipco-holding-envip-xosl,2026-10-01,-0.00013007232260986434,-0.01777439635231759,0.1647727272727273,13.0,0.0,0.000260031198445979,0.00013641571976393788,0.0005551642364807342,0.008800494777779737
frontline-fro-xosl,2026-10-01,0.003447873173441529,0.03051349647396151,0.3069444444444445,8.0,0.0,0.000260031198445979,0.00041096328875359143,-0.0032427332703807046,0.00476507262770073
gjensidige-forsikring-gjf-xosl,2026-10-01,0.00991094933665515,-0.012191563988372511,-0.4,2.0,0.0,0.000260031198445979,-0.0009542159641532201,0.0014433005757678835,2.6318535775723484e-05
grieg-seafood-gsf-xosl,2026-10-01,-0.013034823950374697,-0.013824110311176696,0.7000000000000001,1.0,0.0,0.000260031198445979,0.0011699922250455906,0.0037682969300816323,0.001330649577783145
hafnia-hafni-xosl,2026-10-01,0.00837609897183933,-0.007949414127896515,0.39354838709677425,2.0,0.0,0.000260031198445979,0.0005782040198435759,0.0021884270665062794,0.0006709409525895005
hexagon-composites-hex-xosl,2026-10-01,0.0005267620960134334,-0.025025136231057288,-0.46562500000000007,5.0,0.0,0.000260031198445979,-0.0010809442936224674,-0.0005731983609051203,-0.0064531172175101344
himalaya-shipping-hshp-xosl,2026-10-01,0.013772651035061534,0.006323806197677917,0.2,3.0,0.0,0.000260031198445979,0.00020444304813704026,0.001430385114366284,0.001315091002991424
hoegh-autoliners-hauto-xosl,2026-10-01,0.007303709669614911,0.007620221958175355,0.051063829787234054,6.0,0.0,0.000260031198445979,-8.316734498465555e-05,-0.0012243935668523596,0.009544323847244034
hunter-group-hunt-xoas,2026-10-01,0.006322184149507359,-0.04983661286637675,0.18940397350993377,21.0,0.0,0.000260031198445979,0.00018398107882507093,0.005407206900455441,0.015179332812038216
integrated-wind-solutions-iws-xosl,2026-10-01,0.000593852806036077,0.028944229538720778,0.8478260869565218,1.0,0.0,0.000260031198445979,0.0014554589382185534,-0.0011493096348839322,0.006980607269334398
jinhui-shipping-transportation-jin-xosl,2026-10-01,0.009367225966490755,0.008673946642192787,0.18400000000000005,3.0,0.0,0.000260031198445979,0.00017354547447596676,-0.001746303069955853,0.0008213840273577008
kitron-kit-xosl,2026-10-01,0.024787510937186674,0.04691973841458541,0.27708333333333335,12.0,0.0,0.000260031198445979,0.0003532985462437751,-0.006527170868500798,0.017711086712385523
kongsberg-automotive-koa-xosl,2026-10-01,-0.005738464091333162,-0.010585387533042834,0.08598130841121499,7.0,0.0,0.000260031198445979,-1.5738259494442187e-05,-0.00047512274499942795,0.001926721984556268
kongsberg-gruppen-kog-xosl,2026-10-01,-0.013953309918846912,-0.017584240468628165,0.07278481012658228,21.0,0.0,0.000260031198445979,-4.1221995608046585e-05,-0.0010710549429061404,0.0015918601057074758
kongsberg-maritime-kmar-xosl,2026-10-01,-0.0007743051566539982,0.025132143278541408,0.4682926829268293,10.0,0.0,0.000260031198445979,0.0007225426064782135,-0.0008452935828818821,-0.0008311424320804306
leroy-seafood-group-lsg-xosl,2026-10-01,-0.005085954718825336,-0.010833720004304825,0.7000000000000001,2.0,0.0,0.000260031198445979,0.0011699922250455906,0.002551897098742947,0.0012100437782900173
link-mobility-group-holding-link-xosl,2026-10-01,-0.027327629463768766,0.059535944875922286,0.12833333333333333,9.0,0.0,0.000260031198445979,6.604766611348139e-05,-0.009887392816352232,-0.009726046435700986
medistim-medi-xosl,2026-10-01,-0.014575062372548575,0.008673946642192787,0.0,2.0,0.0,0.000260031198445979,-0.00018177662262637985,3.44759936912061e-05,0.00015115321396024843
moreld-morld-xosl,2026-10-01,0.0017074407028994099,-0.0022669722123529468,-0.7285714285714286,2.0,0.0,0.000260031198445979,-0.001588719708978839,-0.002181172346330054,0.0006625343110836727
mpc-container-ships-mpcc-xosl,2026-10-01,0.002130335617437362,0.0011137673356929056,0.45686274509803926,5.0,0.0,0.000260031198445979,0.0007004702723528054,0.0014264343637960758,0.0004994655414559535
napatech-napa-xosl,2026-10-01,0.008873777449603049,0.03130323980018823,0.3972602739726028,9.0,0.0,0.000260031198445979,0.0005853720384790436,-0.002711717126534069,0.002836932590584591
norbit-norbt-xosl,2026-10-01,0.0186259836894338,0.009930998437100103,0.3550000000000001,5.0,0.0,0.000260031198445979,0.000503763292978691,-0.0014276498858040642,-0.00010041591458232173
nordic-semiconductor-nod-xosl,2026-10-01,0.012328253418567137,0.02672647944671036,0.32857142857142857,2.0,0.0,0.000260031198445979,0.0004527271221992389,-0.0009952247642822484,-0.0004239966881684878
norsk-hydro-nhy-xosl,2026-10-01,0.005590752041051195,-0.030048185156891227,0.014285714285714297,3.0,0.0,0.000260031198445979,-0.00015418950328613553,0.003412754136778612,-0.0002693609434526687
norske-skog-nskog-xosl,2026-10-01,-0.016170235908598785,-0.03833461743481892,0.46515151515151515,8.0,0.0,0.000260031198445979,0.0007164767025582411,0.0071617183675550655,0.0012452289013888394
norwegian-air-shuttle-nas-xosl,2026-10-01,0.0014063722082493513,0.010326194351404805,-0.162962962962963,23.0,0.0,0.000260031198445979,-0.0004964741321373148,-0.010316915326167976,-0.026094214901156033
nykode-therapeutics-nykd-xosl,2026-10-01,0.004528980384672199,-0.02493946730823282,-0.01562499999999998,4.0,0.0,0.000260031198445979,-0.000211950034404772,0.00229988409286297,-0.0010528699547015098
odfjell-drilling-odl-xosl,2026-10-01,-0.014801992735349101,-0.00030802864618262316,0.46363636363636374,3.0,0.0,0.000260031198445979,0.0007135507959615487,0.0009845222625441655,-8.482772363035151e-05
okea-xosl,2026-10-01,-0.00524896180244161,0.0023846384660921593,-0.18571428571428578,2.0,0.0,0.000260031198445979,-0.0005404091740495557,-0.0008761989386039963,-0.0009996796215111842
okeanis-eco-tankers-oet-xosl,2026-10-01,0.016032645137332935,0.03563158463962535,0.29014084507042254,9.0,0.0,0.000260031198445979,0.0003785138856642155,-0.005083008077326074,0.007639526986325626
orkla-ork-xosl,2026-10-01,0.006638709951833022,-0.0123390330292531,0.17166666666666663,8.0,0.0,0.000260031198445979,0.00014972859477888902,-0.0013467990850862975,-0.00014062285123968169
panoro-energy-pen-xosl,2026-10-01,-0.009474137307327268,0.0019625754773877624,0.26666666666666666,2.0,0.0,0.000260031198445979,0.0003331829383915136,-0.0004229703444807982,0.0007366737295721702
paratus-energy-services-plsv-xosl,2026-10-01,-0.0005941639484823291,0.01186878601906538,0.2852941176470588,9.0,0.0,0.000260031198445979,0.0003691543783155576,-0.002641201873030435,0.00497919895896276
pareto-bank-parb-xosl,2026-10-01,0.004901721820740557,-0.019103831135585003,-0.32,3.0,0.0,0.000260031198445979,-0.000799728095847852,0.002292937717373678,0.0032483674103119696
pexip-holding-pexip-xosl,2026-10-01,0.0064569167001709005,0.04115028596998638,0.44800000000000006,3.0,0.0,0.000260031198445979,0.0006833554398836813,-0.004498466871297145,0.0027246834425507425
prosafe-prs-xosl,2026-10-01,0.023821923054022198,0.004445620881967649,0.40930232558139545,11.0,0.0,0.000260031198445979,0.0006086264245173638,0.0007764257095853398,0.00903334049425138
protector-forsikring-prot-xosl,2026-10-01,0.009758682467770896,-0.012002787813507498,-0.03877551020408163,6.0,0.0,0.000260031198445979,-0.00025665594654990004,-0.0012648355748594762,-0.004592399266129639
sal-mar-salm-xosl,2026-10-01,0.021218815350098952,-0.00531206734382117,-0.4,2.0,0.0,0.000260031198445979,-0.0009542159641532201,-5.295279342758491e-05,0.0005654466971207928
salmon-evolution-salme-xosl,2026-10-01,-0.01209234578227214,-0.03752574650492535,-0.0772727272727273,3.0,0.0,0.000260031198445979,-0.00033099785905770125,0.004258651401874031,0.004854072698510191
sats-xosl,2026-10-01,-0.009972475736451325,-0.013784700640881664,-0.5,1.0,0.0,0.000260031198445979,-0.00114732579953493,0.0014809707054449872,-0.00032480735929576993
scatec-scatc-xosl,2026-10-01,0.02931464613197976,0.0177648711460201,0.28,2.0,0.0,0.000260031198445979,0.0003589309164424083,-0.0003009749567592485,-6.975183777434236e-05
sed-energy-holdings-enh-xosl,2026-10-01,-0.007347016856501298,0.0291464059167319,-0.058974358974358966,11.0,0.0,0.000260031198445979,-0.00029566191015918317,-0.007442974212101683,-0.0019020840000170858
selvaag-bolig-sbo-xosl,2026-10-01,-0.013935315532894732,0.031624791328732194,-0.08181818181818185,4.0,0.0,0.000260031198445979,-0.000339775578847779,-0.004134818446466017,0.0023586310137889113
sentia-sntia-xosl,2026-10-01,-0.0038938074993858374,0.0039900881090323415,0.0,1.0,0.0,0.000260031198445979,-0.00018177662262637985,0.002353669807395545,-0.00043252688336753735
solstad-maritime-soma-xosl,2026-10-01,-0.0097225689059377,0.0017173983660379033,0.07250000000000001,6.0,0.0,0.000260031198445979,-4.177199197464006e-05,-0.0009432692117865469,0.0020931115667743964
sparebank-1-ostlandet-spol-xosl,2026-10-01,-0.0022207527186612896,-0.011997258969835278,-0.7000000000000001,2.0,0.0,0.000260031198445979,-0.00153354547029835,0.0010547761588698208,-0.008925278139694088
sparebank-1-smn-ming-xosl,2026-10-01,0.0010669548575570342,-0.022490137440589142,0.7000000000000001,1.0,0.0,0.000260031198445979,0.0011699922250455906,0.004273549898601176,-0.003548050386021297
sparebanken-norge-sbnor-xosl,2026-10-01,-0.001984246886079344,-0.02668673126528265,0.368421052631579,2.0,0.0,0.000260031198445979,0.0005296806656220256,0.004066823274022063,-2.2020190574542254e-05
stolt-nielsen-sni-xosl,2026-10-01,0.0069511534246256,-0.023411614855133434,0.2,1.0,0.0,0.000260031198445979,0.00020444304813704026,0.0073435708172168695,0.001869484451764903
storebrand-stb-xosl,2026-10-01,0.007251133257173192,-0.003249266762381242,0.11666666666666671,4.0,0.0,0.000260031198445979,4.351818531894862e-05,0.0007560546684859839,0.0015626076474498454
telenor-tel-xosl,2026-10-01,0.004374855657876875,-0.0014664235084252963,0.4448979591836735,5.0,0.0,0.000260031198445979,0.0006773650939697996,0.001632248889059685,0.0003462461429717908
tgs-xosl,2026-10-01,-0.018296034803121586,0.004242699435599406,0.4,1.0,0.0,0.000260031198445979,0.0005906627189004604,0.0010186999085253965,3.577807586277616e-05
thor-medical-trmed-xosl,2026-10-01,0.007383672536792396,0.005318271655695206,0.009459459459459437,9.0,0.0,0.000260031198445979,-0.00016350947603621812,-0.003545482566031219,0.0013977112078282772
tomra-systems-tom-xosl,2026-10-01,0.005025974080107298,-0.00442645694112398,-0.14473684210526316,10.0,0.0,0.000260031198445979,-0.00046127770015253914,-0.004199130530357012,0.0018627383486463725
var-energi-var-xosl,2026-10-01,-0.02057453606352533,0.022448066420685198,0.004477611940298507,8.0,0.0,0.000260031198445979,-0.0001731299135794376,-0.005596667181821094,8.854798275032455e-05
vend-marketplaces-vend-xosl,2026-10-01,0.002104246050682601,-0.011174881740999787,0.17578947368421058,12.0,0.0,0.000260031198445979,0.0001576901406235737,0.00020922590599217663,0.0097645652238726
wilh0-wilhelmsen-holding-ser0-wwib-xosl,2026-10-01,-0.0004574678570175017,0.008673946642192787,-0.0029411764705882374,4.0,0.0,0.000260031198445979,-0.0001874563236670184,-0.0022356864291175056,0.00405635817189433
zaptec-zap-xosl,2026-10-01,0.02072014513733289,0.03926978516980073,0.35774647887323946,8.0,0.0,0.000260031198445979,0.000509067013809597,-0.0047699042386869245,0.015657114462685733
2020-bulkers-2020-xosl,2026-10-02,0.06299959222680918,0.08162003804286577,-0.07777777777777779,3.0,0.0,0.000260031198445979,-0.0003319731612565988,-0.009794818935295385,-0.018066584288003992
af-gruppen-afg-xosl,2026-10-02,-0.020447124741115652,0.0024108502655380004,-0.25,2.0,0.0,0.000260031198445979,-0.0006645512110806549,0.000428625410228428,-0.000259710008878811
akastor-akast-xosl,2026-10-02,-0.0113247304671239,0.0290791173913989,0.5027777777777779,4.0,0.0,0.000260031198445979,0.0007891367163761069,-0.0024810862087613858,-0.002224200799320046
aker-bp-akrbp-xosl,2026-10-02,0.008558569438656516,-0.010923738832102292,0.5437500000000001,2.0,0.0,0.000260031198445979,0.0008682581072616686,0.001893986140709499,-0.0003170036610563047
akva-group-akva-xosl,2026-10-02,-0.002079746661954429,0.09135930018959759,0.17500000000000002,3.0,0.0,0.000260031198445979,0.00015616558929161273,-0.01124673452817623,-0.015717032910021047
autostore-auto-xosl,2026-10-02,-0.023538939749376597,0.024360689747070285,0.6107692307692308,8.0,0.0,0.000260031198445979,0.0009976788334742186,-0.0006630634186912308,-0.00030930393476727604
axactor-acr-xosl,2026-10-02,0.011670210422701333,-0.09155559594393825,-0.05806451612903227,12.0,0.0,0.000260031198445979,-0.00029390491413834054,0.0072117000310788874,-0.0008471692012407588
b2-impact-b2i-xosl,2026-10-02,-0.002079746661954429,-0.006927897240339709,0.2090909090909091,3.0,0.0,0.000260031198445979,0.00022199848771719573,0.0017214835306729984,0.002216924383991236
bakkafrost-bakka-xosl,2026-10-02,-0.009439410367779733,0.005631382345181235,0.176,3.0,0.0,0.000260031198445979,0.0001580966876454298,-0.0012186085017783246,0.0011943118056092182
blue-nord-bnor-xosl,2026-10-02,0.013906043746571228,-0.016727862743577737,0.38409090909090915,6.0,0.0,0.000260031198445979,0.0005599406996351884,0.0027152143419269643,0.0006874883369213548
bonheur-bonhr-xosl,2026-10-02,-0.007804937501649123,0.0147583732926726,0.10666666666666669,2.0,0.0,0.000260031198445979,2.4207201780777573e-05,-0.0010453817288390635,0.0006698226275463119
bw-lpg-bwlpg-xosl,2026-10-02,-0.0012498838061776318,-0.01582135563347964,0.392857142857143,1.0,0.0,0.000260031198445979,0.0005768691592303385,0.0037600293049999934,0.0006047165807639632
cadeler-cadlr-xosl,2026-10-02,-0.015237655551066598,0.027292310021542532,-0.004444444444444455,7.0,0.0,0.000260031198445979,-0.0001903592819766781,-0.006049616743918301,-0.0014219572247697707
circio-holding-crna-xosl,2026-10-02,0.04838754039214832,0.024154020465650516,0.1655913978494624,10.0,0.0,0.000260031198445979,0.0001379966531669895,-0.0045370600461891505,0.0007448403023735817
cloudberry-clean-energy-cloud-xosl,2026-10-02,-0.010539935357153807,-0.004406582692558558,0.7000000000000001,1.0,0.0,0.000260031198445979,0.0011699922250455906,0.002534798041167584,0.0007106503380781895
cmb0tech-nv-cmbto-xosl,2026-10-02,0.002166554174962476,0.0058479064788077295,0.5062500000000001,1.0,0.0,0.000260031198445979,0.0007958419189935275,0.001784809488776486,1.965905518250525e-05
constellation-oil-services-holding-cosh-xosl,2026-10-02,-0.009655504237711998,-0.0027173548626671096,0.17500000000000002,5.0,0.0,0.000260031198445979,0.00015616558929161273,0.00023276286048879802,0.0004496257391633521
dnb-bank-dnb-xosl,2026-10-02,-0.003050580943406711,-0.003364224846932551,-0.0022727272727272744,5.0,0.0,0.000260031198445979,-0.00018616548252141873,-0.001275645441359712,0.0006078265192266555
dno-xosl,2026-10-02,0.003709759146022451,-0.010550233270932519,0.30000000000000004,7.0,0.0,0.000260031198445979,0.00039755288351875037,0.0010636695008025257,0.00290645373325127
dof-group-dofg-xosl,2026-10-02,0.012004783923141416,0.009960982238813143,0.28484848484848485,2.0,0.0,0.000260031198445979,0.00036829381755182453,0.00019176951566374808,-0.0006964886091128485
elkem-elk-xosl,2026-10-02,-0.007380109148067748,0.04220569389033768,-0.3736842105263158,1.0,0.0,0.000260031198445979,-0.000903397586421191,-0.0042639733679938185,0.008775557733967917
elopak-elo-xosl,2026-10-02,-0.03465758620973236,-0.0027173548626671096,0.6666666666666667,3.0,0.0,0.000260031198445979,0.0011056222799183538,0.0021646224455082776,0.0011743378036713672
envipco-holding-envip-xosl,2026-10-02,0.014694486263952866,-0.00013007232260986434,0.5615384615384615,4.0,0.0,0.000260031198445979,0.0009026093760555303,0.0016134960437300485,0.0011194647811609093
frontline-fro-xosl,2026-10-02,0.02569804323586733,0.003447873173441529,0.37425742574257426,12.0,0.0,0.000260031198445979,0.000540951276128931,0.0007418801666006837,0.009328189761903218
general-oceans-geno-xosl,2026-10-02,-0.028270186521980434,0.03946628769621663,0.30625,2.0,0.0,0.000260031198445979,0.00040962224823010715,-0.004699077097823955,0.00486762298140639
hafnia-hafni-xosl,2026-10-02,0.008369574465410201,0.00837609897183933,0.46071428571428574,4.0,0.0,0.000260031198445979,0.0007079079760964986,-0.0009364548436886478,-7.028266750264299e-05
hexagon-composites-hex-xosl,2026-10-02,0.034298572936130256,0.0005267620960134334,-0.3416666666666667,3.0,0.0,0.000260031198445979,-0.0008415685601805558,-0.0017770928911381837,0.002195180840407442
hoegh-autoliners-hauto-xosl,2026-10-02,-0.007823903860469272,0.007303709669614911,0.08000000000000002,1.0,0.0,0.000260031198445979,-2.728875432101178e-05,0.002671445326394037,0.0018596989868342303
hunter-group-hunt-xoas,2026-10-02,0.06734912952741512,0.006322184149507359,0.27,7.0,0.0,0.000260031198445979,0.00033961993290423725,-0.0014703442960755362,1.965905518250525e-05
jinhui-shipping-transportation-jin-xosl,2026-10-02,-0.011034962257120529,0.009367225966490755,0.30000000000000004,1.0,0.0,0.000260031198445979,0.00039755288351875037,-0.00018740253762055369,5.032313199048462e-05
kitron-kit-xosl,2026-10-02,0.017040712507983446,0.024787510937186674,0.48064516129032264,9.0,0.0,0.000260031198445979,0.0007463964571115169,-0.0024586278266791202,-0.0018160121270602684
klaveness-combination-carriers-kcc-xosl,2026-10-02,-0.00018576389181523822,0.030550762822314503,0.8000000000000002,1.0,0.0,0.000260031198445979,0.001363102060427301,-0.0020925848261409185,0.008798988731080077
kongsberg-automotive-koa-xosl,2026-10-02,-0.016221159222182258,-0.005738464091333162,0.06666666666666668,6.0,0.0,0.000260031198445979,-5.303673237190646e-05,-0.0017820140799498997,0.002885470254015093
kongsberg-gruppen-kog-xosl,2026-10-02,0.001491701726083372,-0.013953309918846912,0.08671328671328674,19.0,0.0,0.000260031198445979,-1.432473740028159e-05,-0.0008087222216148103,0.0026301391408942174
kongsberg-maritime-kmar-xosl,2026-10-02,0.0056771947399689715,-0.0007743051566539982,0.417741935483871,10.0,0.0,0.000260031198445979,0.0006249241413068928,0.000815053121889332,0.0034695467070798088
link-mobility-group-holding-link-xosl,2026-10-02,0.0181052629417624,-0.027327629463768766,-0.21125000000000005,10.0,0.0,0.000260031198445979,-0.0005897211498702424,-0.002491704962492402,-0.00521826147090532
medistim-medi-xosl,2026-10-02,0.0339202533380456,-0.014575062372548575,0.0,2.0,0.0,0.000260031198445979,-0.00018177662262637985,0.0031196504023156377,0.0010784744409852438
moreld-morld-xosl,2026-10-02,-0.010890352662725089,0.0017074407028994099,-0.32558139534883723,6.0,0.0,0.000260031198445979,-0.000810506319217994,-0.004211817459073064,-0.00824706266947405
mpc-container-ships-mpcc-xosl,2026-10-02,-1.2225469812943146e-05,0.002130335617437362,0.1434782608695652,6.0,0.0,0.000260031198445979,9.529401074737798e-05,-0.0021835274862685773,0.0011312439228477267
napatech-napa-xosl,2026-10-02,-0.03541304820614388,0.008873777449603049,0.1655172413793104,8.0,0.0,0.000260031198445979,0.00013785344972955412,-0.002350898036215987,0.00382299246960205
norbit-norbt-xosl,2026-10-02,-0.00822602827693264,0.0186259836894338,0.6000000000000001,1.0,0.0,0.000260031198445979,0.0009768823896638807,-0.001021721032378168,0.0008910740129760478
nordic-semiconductor-nod-xosl,2026-10-02,-0.004197236918219827,0.012328253418567137,0.20689655172413793,8.0,0.0,0.000260031198445979,0.0002177609678185375,-0.0029558064525903502,0.0021054922010790567
norsk-hydro-nhy-xosl,2026-10-02,0.010404648082735557,0.005590752041051195,0.19393939393939397,4.0,0.0,0.000260031198445979,0.00019273942175027,-0.0007861065002385287,-0.0009243609730502669
norske-skog-nskog-xosl,2026-10-02,-0.007761564843772661,-0.016170235908598785,0.16296296296296298,7.0,0.0,0.000260031198445979,0.00013292088688455508,0.0019250984549597683,0.001700182427748914
norwegian-air-shuttle-nas-xosl,2026-10-02,-0.04479025587076668,0.0014063722082493513,0.010169491525423737,7.0,0.0,0.000260031198445979,-0.00016213833428247712,-0.002061729525487835,0.00029725379099112973
nykode-therapeutics-nykd-xosl,2026-10-02,0.032452664063492564,0.004528980384672199,0.28529411764705886,4.0,0.0,0.000260031198445979,0.0003691543783155577,-0.0007562036186023911,-8.482772363035151e-05
odfjell-drilling-odl-xosl,2026-10-02,0.007094580961672703,-0.014801992735349101,0.14594594594594598,4.0,0.0,0.000260031198445979,0.00010005935333611595,0.002019639793978863,0.0003436919818491259
okea-xosl,2026-10-02,0.016955785595763384,-0.00524896180244161,0.22500000000000006,1.0,0.0,0.000260031198445979,0.00025272050698246784,0.0011769867620801684,0.002310702776989948
okeanis-eco-tankers-oet-xosl,2026-10-02,0.02123313677362848,0.016032645137332935,0.1810344827586207,7.0,0.0,0.000260031198445979,0.0001678187690129228,-0.0029430016153322953,0.001086834229945125
orkla-ork-xosl,2026-10-02,-0.009713301422455634,0.006638709951833022,-0.009210526315789495,10.0,0.0,0.000260031198445979,-0.00019956305483259003,-0.004632591053119008,-0.0012080047422342941
panoro-energy-pen-xosl,2026-10-02,0.008124374028581016,-0.009474137307327268,0.08800000000000001,3.0,0.0,0.000260031198445979,-1.1839967490475002e-05,0.0013608925476412824,0.001926721984556268
paratus-energy-services-plsv-xosl,2026-10-02,-0.0073763567458317025,-0.0005941639484823291,0.4906250000000001,3.0,0.0,0.000260031198445979,0.0007656685072151352,0.0005465484004859038,0.0005598375964658373
pareto-bank-parb-xosl,2026-10-02,-0.00964121196140666,0.004901721820740557,0.10000000000000002,2.0,0.0,0.000260031198445979,1.1333212755330234e-05,0.0022951468396349155,-0.0016392051428110684
pexip-holding-pexip-xosl,2026-10-02,-0.012469396684783196,0.0064569167001709005,0.4714285714285716,2.0,0.0,0.000260031198445979,0.0007285983156016821,0.0018540356702800322,-7.028266750264299e-05
prosafe-prs-xosl,2026-10-02,-0.009318598189559157,0.023821923054022198,0.4686274509803922,7.0,0.0,0.000260031198445979,0.0007231890765153594,-0.0027982075834110573,7.035485423266904e-05
protector-forsikring-prot-xosl,2026-10-02,-0.002079746661954429,0.009758682467770896,-0.025000000000000005,8.0,0.0,0.000260031198445979,-0.00023005408147180737,-0.004729335264106512,0.002443507613266221
sal-mar-salm-xosl,2026-10-02,-0.020261564843772617,0.021218815350098952,0.5255319148936171,6.0,0.0,0.000260031198445979,0.0008330771931030326,-3.6464846210658777e-06,-0.004089315745880403
salmon-evolution-salme-xosl,2026-10-02,-0.0241618192097931,-0.01209234578227214,0.03214285714285717,6.0,0.0,0.000260031198445979,-0.00011970560411083015,-0.00013340805352944217,8.187199678998073e-05
sats-xosl,2026-10-02,-0.03983855947238646,-0.009972475736451325,-0.41904761904761906,3.0,0.0,0.000260031198445979,-0.0009909987899402125,-0.0007140358214065291,0.004266359131503104
scatec-scatc-xosl,2026-10-02,-0.010809150533912737,0.02931464613197976,0.5075757575757577,8.0,0.0,0.000260031198445979,0.0007984020872656336,-0.0016237465560809362,0.0008177179437866996
sed-energy-holdings-enh-xosl,2026-10-02,-0.005180518990317129,-0.007347016856501298,0.16020408163265307,12.0,0.0,0.000260031198445979,0.00012759321568921688,0.00019380811163509305,0.00952124298445959
selvaag-bolig-sbo-xosl,2026-10-02,-0.01342497768762263,-0.013935315532894732,0.19310344827586207,4.0,0.0,0.000260031198445979,0.00019112512845554297,0.002991520720908451,-0.0007011460445473548
sentia-sntia-xosl,2026-10-02,-0.023281195653791498,-0.0038938074993858374,0.0,2.0,0.0,0.000260031198445979,-0.00018177662262637985,0.002244766691806298,-0.0002637855929975017
solstad-maritime-soma-xosl,2026-10-02,0.006738595371063916,-0.0097225689059377,0.5,1.0,0.0,0.000260031198445979,0.0007837725542821704,0.0022813657922193466,-0.0027177974215433875
sparebank-1-smn-ming-xosl,2026-10-02,0.004753415303622166,0.0010669548575570342,0.7000000000000001,2.0,0.0,0.000260031198445979,0.0011699922250455906,0.00048749257357673945,0.0067817779646314556
stolt-nielsen-sni-xosl,2026-10-02,-0.006183713830217097,0.0069511534246256,0.2,1.0,0.0,0.000260031198445979,0.00020444304813704026,0.0034339067000805153,0.001315091002991424
storebrand-stb-xosl,2026-10-02,-0.003118691847628141,0.007251133257173192,0.02222222222222224,1.0,0.0,0.000260031198445979,-0.00013886332587488868,0.001148023953041556,-0.0004179818272398288
telenor-tel-xosl,2026-10-02,-0.0012972860067648195,0.004374855657876875,0.3083333333333334,3.0,0.0,0.000260031198445979,0.00041364536980055956,0.00024051643250971074,0.0007443061120516946
tgs-xosl,2026-10-02,0.013745469252215425,-0.018296034803121586,0.22352941176470592,2.0,0.0,0.000260031198445979,0.00024988065646214854,0.0042703824835618655,0.0012130591743975106
thor-medical-trmed-xosl,2026-10-02,-0.020968644027948402,0.007383672536792396,0.02058823529411767,8.0,0.0,0.000260031198445979,-0.00014201871534191008,-0.0038987400448357956,-0.001194032432656254
tomra-systems-tom-xosl,2026-10-02,0.005604167601068966,0.005025974080107298,0.3267441860465117,10.0,0.0,0.000260031198445979,0.0004491985371673472,0.00045765791574964385,0.0034091746520699246
var-energi-var-xosl,2026-10-02,0.01175426092793641,-0.02057453606352533,-0.060714285714285714,2.0,0.0,0.000260031198445979,-0.00029902187982241805,0.003411791077094687,-0.0031474009059892956
vend-marketplaces-vend-xosl,2026-10-02,-0.03183021273596909,0.002104246050682601,0.2750000000000001,4.0,0.0,0.000260031198445979,0.0003492754246733229,-0.0006223364736433283,-8.482772363035151e-05
wilh0-wilhelmsen-holding-ser0-wwib-xosl,2026-10-02,-0.009971516673228376,-0.0004574678570175017,0.0,1.0,0.0,0.000260031198445979,-0.00018177662262637985,0.0019734334947131447,-0.0004702427786085743
zaptec-zap-xosl,2026-10-02,-0.020400310757255014,0.02072014513733289,0.36274509803921573,7.0,0.0,0.000260031198445979,0.0005187198390523723,-0.0022221483002884267,7.035485423266904e-05
2020-bulkers-2020-xosl,2026-10-05,-0.06478574534593884,0.06299959222680918,-0.10555555555555554,3.0,0.0,0.000260031198445979,-0.0003856147821959627,-0.006919970318489236,-0.018471501196295207
akastor-akast-xosl,2026-10-05,0.005323901963459665,-0.0113247304671239,0.33548387096774196,3.0,0.0,0.000260031198445979,0.0004660757283316152,0.0028709005188359516,-0.00026527501995633914
aker-bp-akrbp-xosl,2026-10-05,-0.004418442437185477,0.008558569438656516,-0.0027397260273972586,10.0,0.0,0.000260031198445979,-0.00018706730304779656,-0.004162612252968427,0.0015777394702641456
aker-solutions-akso-xosl,2026-10-05,-0.013430379249390167,0.008849276183307664,0.8000000000000002,2.0,0.0,0.000260031198445979,0.001363102060427301,3.7000174975225855e-05,-0.004400597386818682
akva-group-akva-xosl,2026-10-05,0.0037686563726646582,-0.002079746661954429,0.1188235294117647,10.0,0.0,0.000260031198445979,4.7683299415416774e-05,-0.0011846072910803836,0.010530672528189145
alng-xoas,2026-10-05,-0.01408847001210567,0.016102054443050573,0.46071428571428585,3.0,0.0,0.000260031198445979,0.0007079079760964988,-0.0010957037323170286,-0.002119683780350096
atea-xosl,2026-10-05,-0.004695635937772558,-0.005694241261446131,0.6000000000000001,1.0,0.0,0.000260031198445979,0.0009768823896638807,0.0017429111245057167,-0.0008275661280492424
austevoll-seafood-auss-xosl,2026-10-05,0.004983704615836748,-0.004503952095193053,0.6444444444444445,2.0,0.0,0.000260031198445979,0.001062708983166863,0.0019911754047518054,0.0005377377589956393
autostore-auto-xosl,2026-10-05,0.002515494861645373,-0.023538939749376597,0.506896551724138,3.0,0.0,0.000260031198445979,0.0007970904739636675,0.004054634925744859,0.0011041100209757914
axactor-acr-xosl,2026-10-05,6.955227387572815e-05,0.011670210422701333,0.04878048780487808,20.0,0.0,0.000260031198445979,-8.757670292798465e-05,-0.004971728459689611,0.004557654671376571
b2-impact-b2i-xosl,2026-10-05,-0.00891630100152041,-0.002079746661954429,0.1111111111111111,3.0,0.0,0.000260031198445979,3.2789861131075736e-05,0.0011945987190148434,0.00044135783085121267
bakkafrost-bakka-xosl,2026-10-05,0.015816806548561546,-0.009439410367779733,-0.6000000000000001,2.0,0.0,0.000260031198445979,-0.0013404356349166402,-0.0009866646080583027,-0.00022771974533289076
blue-nord-bnor-xosl,2026-10-05,-0.00322435062034232,0.013906043746571228,0.24666666666666667,10.0,0.0,0.000260031198445979,0.0002945609713151716,-0.0025741512685593577,0.002193454746464321
bonheur-bonhr-xosl,2026-10-05,0.011446199558845072,-0.007804937501649123,0.20000000000000004,1.0,0.0,0.000260031198445979,0.00020444304813704031,0.003528483926828867,0.0013150433203703302
bouvet-bouv-xosl,2026-10-05,0.0027014367635080916,-0.010545387421296515,0.46,2.0,0.0,0.000260031198445979,0.0007065286201294864,0.0017142178295228938,-0.00044204095569699115
bw-lpg-bwlpg-xosl,2026-10-05,0.011231355686645461,-0.0012498838061776318,0.52,5.0,0.0,0.000260031198445979,0.0008223945213585124,0.0023083277519371052,0.0004994655414559535
cadeler-cadlr-xosl,2026-10-05,0.00567338921306626,-0.015237655551066598,-0.010576923076923086,15.0,0.0,0.000260031198445979,-0.0002022017013686761,-0.0013271617564430324,-0.003398747095224696
capital-tankers-corp-capt-merk,2026-10-05,-0.02213807937863066,0.043990714042652534,0.5847457627118645,7.0,0.0,0.000260031198445979,0.0009474249571480266,-0.003211248284542161,0.0034520905557386353
circio-holding-crna-xosl,2026-10-05,0.05003204323676802,0.04838754039214832,0.3009756097560976,25.0,0.0,0.000260031198445979,0.0003994368819127183,-0.003335811674221176,-0.030208494880000533
cloudberry-clean-energy-cloud-xosl,2026-10-05,0.005475098662228284,-0.010539935357153807,0.6,1.0,0.0,0.000260031198445979,0.0009768823896638803,0.003443299862134075,0.0005900445385850618
cmb0tech-nv-cmbto-xosl,2026-10-05,0.0027115900329812703,0.002166554174962476,0.5,1.0,0.0,0.000260031198445979,0.0007837725542821704,0.001362616927897656,0.0006557773155677315
constellation-oil-services-holding-cosh-xosl,2026-10-05,0.0037686563726646582,-0.009655504237711998,-0.30000000000000004,2.0,0.0,0.000260031198445979,-0.0007611061287715101,0.000968868948796189,-0.00032480735929576993
dnb-bank-dnb-xosl,2026-10-05,0.010895256963719069,-0.003050580943406711,0.6354166666666669,5.0,0.0,0.000260031198445979,0.0010452754563615697,0.003000032246506358,-0.0013864128869334321
dno-xosl,2026-10-05,-0.015069679517107804,0.003709759146022451,0.17096774193548386,9.0,0.0,0.000260031198445979,0.0001483789023810599,-0.0023608595875293827,-0.0004818220898635912
dof-group-dofg-xosl,2026-10-05,0.008398215141723231,0.012004783923141416,0.4083333333333333,2.0,0.0,0.000260031198445979,0.0006067552051822695,0.0002326629999242053,-0.0022025138589796133
elkem-elk-xosl,2026-10-05,0.012057661823006827,-0.007380109148067748,-0.31333333333333335,1.0,0.0,0.000260031198445979,-0.0007868541068224047,0.002991965306290907,0.0010584040300577766
elmera-group-elmra-xosl,2026-10-05,0.005916933289042081,-0.0052917707182355,0.0,1.0,0.0,0.000260031198445979,-0.00018177662262637985,0.0033365810237664727,0.001132599435264439
elopak-elo-xosl,2026-10-05,0.019874050588935877,-0.03465758620973236,0.6333333333333334,3.0,0.0,0.000260031198445979,0.001041252334791117,0.00564122682627404,0.0010684040463571408
envipco-holding-envip-xosl,2026-10-05,0.06214426926572125,0.014694486263952866,0.06818181818181818,3.0,0.0,0.000260031198445979,-5.011082577521391e-05,-0.0030962697514591033,0.001866009949585034
europris-epr-xosl,2026-10-05,0.0025248942803355323,-0.005797162197368699,-0.42884615384615393,7.0,0.0,0.000260031198445979,-0.0010099207243594826,-0.005434884142753499,-0.008421209880717016
frontline-fro-xosl,2026-10-05,-0.0006033868579824464,0.02569804323586733,0.42585365853658547,24.0,0.0,0.000260031198445979,0.0006405886763406099,0.003633630963654424,-0.008395323354765876
general-oceans-geno-xosl,2026-10-05,0.011103600770422828,-0.028270186521980434,0.5822222222222222,6.0,0.0,0.000260031198445979,0.0009425517522626874,0.004429961664459138,0.0011287761013670252
gjensidige-forsikring-gjf-xosl,2026-10-05,-0.011991784730183808,-0.012991683470826798,0.5,2.0,0.0,0.000260031198445979,0.0007837725542821704,0.0038083051650785286,0.009985425351508571
grieg-seafood-gsf-xosl,2026-10-05,0.026357728806340353,-0.07906451150476301,-0.24014336917562723,17.0,0.0,0.000260031198445979,-0.0006455170875215258,-8.060526614150692e-05,-0.02999562810453839
hafnia-hafni-xosl,2026-10-05,0.006871066519775315,0.008369574465410201,0.3785714285714286,4.0,0.0,0.000260031198445979,0.0005492820398900939,-0.0012670577516687915,-0.0011023681617846972
hexagon-composites-hex-xosl,2026-10-05,-0.004031611191755324,0.034298572936130256,0.5097560975609756,10.0,0.0,0.000260031198445979,0.0008026125382218494,-0.0017970436122425964,0.0015208813771680364
himalaya-shipping-hshp-xosl,2026-10-05,0.0037686563726646582,-0.026413536108707558,-0.0031250000000000028,8.0,0.0,0.000260031198445979,-0.0001878113049820583,0.0014787595332960875,0.0016551952509101238
hoegh-autoliners-hauto-xosl,2026-10-05,-0.03877331371337611,-0.007823903860469272,0.0,1.0,0.0,0.000260031198445979,-0.00018177662262637985,0.003389380498611753,0.001132599435264439
hunter-group-hunt-xoas,2026-10-05,0.02785237759179804,0.06734912952741512,0.23125,13.0,0.0,0.000260031198445979,0.00026478987169382463,-0.008914874508327732,0.0016872852166095959
kid-xosl,2026-10-05,0.01393812203573419,-0.008813778911172965,0.0,1.0,0.0,0.000260031198445979,-0.00018177662262637985,0.003344528893672289,0.00024234537884787672
kitron-kit-xosl,2026-10-05,0.0037686563726646582,0.017040712507983446,0.46727272727272734,7.0,0.0,0.000260031198445979,0.0007205729717936108,-0.0016581120777543843,0.000688784895470672
klaveness-combination-carriers-kcc-xosl,2026-10-05,-1.2076277061345841e-05,-0.00018576389181523822,0.3645161290322581,2.0,0.0,0.000260031198445979,0.0005221398740875955,0.0014448198196704912,-0.0005100622814712913
kongsberg-automotive-koa-xosl,2026-10-05,0.01606370204808205,-0.016221159222182258,0.024444444444444453,5.0,0.0,0.000260031198445979,-0.0001345719961997396,-0.00023573577832917319,-2.4061760524245643e-05
kongsberg-gruppen-kog-xosl,2026-10-05,-0.028906872272045914,0.001491701726083372,0.17162162162162165,18.0,0.0,0.000260031198445979,0.000149641608366555,-0.0010858850687162245,-0.0039002038608413904
kongsberg-maritime-kmar-xosl,2026-10-05,0.0005614600772519962,0.0056771947399689715,0.47582417582417597,12.0,0.0,0.000260031198445979,0.000737086660014065,0.001210402133194753,0.009985652100513007
leroy-seafood-group-lsg-xosl,2026-10-05,0.007609267222355998,-0.013000902790579971,-0.3047619047619048,3.0,0.0,0.000260031198445979,-0.0007703018352182581,2.450363618956169e-05,0.001506791223972245
link-mobility-group-holding-link-xosl,2026-10-05,0.01448589571433212,0.0181052629417624,0.11612903225806452,5.0,0.0,0.000260031198445979,4.2479960397541494e-05,-0.0034542942194554483,-0.00014822623842996756
medistim-medi-xosl,2026-10-05,0.05396170656571475,0.0339202533380456,0.32857142857142857,4.0,0.0,0.000260031198445979,0.0004527271221992389,-0.0048741507780505015,0.0016310331828404852
mpc-container-ships-mpcc-xosl,2026-10-05,-0.007579346535582787,-1.2225469812943146e-05,-0.20476190476190476,3.0,0.0,0.000260031198445979,-0.0005771919998365481,-0.001463395255572037,-0.0021301227808514156
napatech-napa-xosl,2026-10-05,0.025320379801860415,-0.03541304820614388,0.38571428571428584,3.0,0.0,0.000260031198445979,0.0005630755995602163,0.00491925235582392,0.0013132446169528817
norbit-norbt-xosl,2026-10-05,-0.015402592255860825,-0.00822602827693264,0.46666666666666673,3.0,0.0,0.000260031198445979,0.0007194026091549338,0.001014708232288385,0.0012100437782900173
nordic-semiconductor-nod-xosl,2026-10-05,-0.005249895076895994,-0.004197236918219827,0.15714285714285714,8.0,0.0,0.000260031198445979,0.00012168169011630736,-0.001085951781990975,0.004483319675689754
norsk-hydro-nhy-xosl,2026-10-05,-0.016453284693977444,0.010404648082735557,-0.15806451612903225,4.0,0.0,0.000260031198445979,-0.00048701474952005054,-0.0028416421311042036,-0.003450479244059174
norske-skog-nskog-xosl,2026-10-05,-0.059088486484478175,-0.007761564843772661,-0.2342105263157895,5.0,0.0,0.000260031198445979,-0.0006340601844414377,-0.0024753443529171083,0.0038015248298009447
norwegian-air-shuttle-nas-xosl,2026-10-05,0.011061667105776385,-0.04479025587076668,-0.0090909090909091,10.0,0.0,0.000260031198445979,-0.00019933206220653531,0.002968346986718127,-0.0021762807110611918
nykode-therapeutics-nykd-xosl,2026-10-05,-0.007357897600824503,0.032452664063492564,0.03170731707317076,6.0,0.0,0.000260031198445979,-0.00012054667482242295,-0.006293971206682921,0.003956831515878705
odfjell-drilling-odl-xosl,2026-10-05,-0.007342439325528249,0.007094580961672703,0.16097560975609757,4.0,0.0,0.000260031198445979,0.00012908311237832415,-0.000896802466318289,0.0007816746418690114
okeanis-eco-tankers-oet-xosl,2026-10-05,0.00017153407050640723,0.02123313677362848,0.33508771929824566,14.0,0.0,0.000260031198445979,0.00046531072049478897,-0.0006946458203107336,0.006053760724146945
orkla-ork-xosl,2026-10-05,0.004867540703665796,-0.009713301422455634,0.09032258064516129,2.0,0.0,0.000260031198445979,-7.354835829996603e-06,0.0014752475579490093,0.0030604484645734347
panoro-energy-pen-xosl,2026-10-05,-0.00801586795322251,0.008124374028581016,0.2090909090909091,5.0,0.0,0.000260031198445979,0.00022199848771719573,-0.001006968079248566,0.001497111599144919
paratus-energy-services-plsv-xosl,2026-10-05,0.002703709913707053,-0.0073763567458317025,0.3975000000000001,5.0,0.0,0.000260031198445979,0.0005858349730159178,0.0007261911131780686,0.0014691870713232041
pexip-holding-pexip-xosl,2026-10-05,-0.00804228762377257,-0.012469396684783196,0.13333333333333333,1.0,0.0,0.000260031198445979,7.570315788256687e-05,0.004686618556925818,0.0024823102976809
prosafe-prs-xosl,2026-10-05,-0.023314699726330712,-0.009318598189559157,0.32790697674418606,11.0,0.0,0.000260031198445979,0.00045144400036946006,0.0006477785106622663,0.002476651765887713
protector-forsikring-prot-xosl,2026-10-05,-0.02087587892706133,-0.002079746661954429,-0.014285714285714297,2.0,0.0,0.000260031198445979,-0.00020936374196662416,0.001062120762397902,0.0013004542646239104
sal-mar-salm-xosl,2026-10-05,0.018759838030512954,-0.020261564843772617,0.574468085106383,6.0,0.0,0.000260031198445979,0.0009275777508430185,0.005138520374710522,-0.0008896117329300651
salmon-evolution-salme-xosl,2026-10-05,0.04570417845014885,-0.0241618192097931,0.05901639344262295,7.0,0.0,0.000260031198445979,-6.781016240110834e-05,0.0018349673135793147,0.003135505985087221
sats-xosl,2026-10-05,0.010097770296715325,-0.03983855947238646,0.1942857142857143,4.0,0.0,0.000260031198445979,0.0001934082004009426,0.005549397968227345,-0.0009672155304957493
scatec-scatc-xosl,2026-10-05,0.0037686563726646582,-0.010809150533912737,0.6363636363636365,3.0,0.0,0.000260031198445979,0.0010471041479845023,0.004135483409512962,-0.0013864128869334321
sed-energy-holdings-enh-xosl,2026-10-05,0.008434318986858091,-0.005180518990317129,0.10714285714285716,3.0,0.0,0.000260031198445979,2.5126772425452393e-05,0.0016015056824811146,0.0026078414449957417
selvaag-bolig-sbo-xosl,2026-10-05,-0.0060673841866975,-0.01342497768762263,-0.18666666666666673,2.0,0.0,0.000260031198445979,-0.0005422483153389053,0.0016824659402075884,0.002156183057038506
sentia-sntia-xosl,2026-10-05,0.018209144936697896,-0.023281195653791498,0.6000000000000001,1.0,0.0,0.000260031198445979,0.0009768823896638807,0.004925930954678954,0.008752081439116165
software-one-holding-ag-swon-xosl,2026-10-05,-0.004295813858929187,-0.029530756973305428,0.6000000000000001,1.0,0.0,0.000260031198445979,0.0009768823896638807,0.005778607248965695,0.0006047165807639632
solstad-maritime-soma-xosl,2026-10-05,-0.015462152615909108,0.006738595371063916,0.5,1.0,0.0,0.000260031198445979,0.0007837725542821704,-0.00027786527306079226,-0.0009817623622915693
telenor-tel-xosl,2026-10-05,-0.018123470432285127,-0.0012972860067648195,0.08181818181818182,1.0,0.0,0.000260031198445979,-2.377766640498073e-05,0.0036703198211968826,0.0036596180720628872
tgs-xosl,2026-10-05,0.017863566264876285,0.013745469252215425,-0.1111111111111111,1.0,0.0,0.000260031198445979,-0.0003963431063838354,0.0009073159880312095,-0.0009713896683214474
thor-medical-trmed-xosl,2026-10-05,0.004901185134639885,-0.020968644027948402,0.478343949044586,20.0,0.0,0.000260031198445979,0.0007419525899319911,0.00876064573408529,0.013193773247441323
tomra-systems-tom-xosl,2026-10-05,0.036448393848365734,0.005604167601068966,-0.2754098360655738,8.0,0.0,0.000260031198445979,-0.0007136201036776469,-0.006955213505398815,-0.006256632628839208
var-energi-var-xosl,2026-10-05,0.0025991133027613023,0.01175426092793641,0.421301775147929,19.0,0.0,0.000260031198445979,0.000631798541822008,0.00410643426935723,0.001666724978020433
vend-marketplaces-vend-xosl,2026-10-05,-0.06695341715643732,-0.03183021273596909,0.02209302325581395,9.0,0.0,0.000260031198445979,-0.0001391128217862346,0.0017471140799713478,-0.00011466896755633915
wilh0-wilhelmsen-holding-ser0-wwi-xosl,2026-10-05,-0.01538027979754808,-0.004202888912485214,-0.5,2.0,0.0,0.000260031198445979,-0.00114732579953493,-0.0003881154204999969,0.0049459933312230855
wilh0-wilhelmsen-holding-ser0-wwib-xosl,2026-10-05,-0.026913161809153485,-0.009971516673228376,0.057142857142857155,1.0,0.0,0.000260031198445979,-7.142814526540266e-05,0.0036937346048628596,0.0024466889680987065
yara-international-yar-xosl,2026-10-05,-0.0020327077637749547,-0.005932324636830466,0.0049999999999999975,4.0,0.0,0.000260031198445979,-0.00017212113085729436,0.0001532113103586705,-0.0003674525839784433
zaptec-zap-xosl,2026-10-05,0.014655078068146254,-0.020400310757255014,0.4081632653061225,11.0,0.0,0.000260031198445979,0.0006064267870948858,0.004580294014757978,0.006326990105043513
2020-bulkers-2020-xosl,2026-10-06,-0.0012293452378809855,-0.06478574534593884,-0.14716981132075474,5.0,0.0,0.000260031198445979,-0.0004659760029994626,0.005528441276832739,0.005304653875206416
akastor-akast-xosl,2026-10-06,0.012228970883975454,0.005323901963459665,0.65,2.0,0.0,0.000260031198445979,0.0010734373073547354,0.0008180911547132317,-0.0020585510283853323
aker-bp-akrbp-xosl,2026-10-06,0.008160195935025816,-0.004418442437185477,0.4,5.0,0.0,0.000260031198445979,0.0005906627189004604,-0.00022296759265971397,0.0007634015304924983
aker-solutions-akso-xosl,2026-10-06,0.023570612037509542,-0.013430379249390167,0.5,2.0,0.0,0.000260031198445979,0.0007837725542821704,0.001089290505199155,-0.00044204095569699115
alng-xoas,2026-10-06,0.004540327112131259,-0.01408847001210567,0.17500000000000004,1.0,0.0,0.000260031198445979,0.0001561655892916128,0.0015253866978144255,0.0013274673165819856
atea-xosl,2026-10-06,0.003912053494374068,-0.004695635937772558,0.6000000000000001,1.0,0.0,0.000260031198445979,0.0009768823896638807,0.002344695992175409,0.00020451936623281194
austevoll-seafood-auss-xosl,2026-10-06,-0.006992534783981652,0.004983704615836748,0.6521739130434784,2.0,0.0,0.000260031198445979,0.001077635347254338,0.0017160861865831369,-6.6654303894242955e-06
autostore-auto-xosl,2026-10-06,0.008197994243920426,0.002515494861645373,-0.21142857142857147,5.0,0.0,0.000260031198445979,-0.0005900659888619954,-0.003328254259878398,0.0007401997107639359
axactor-acr-xosl,2026-10-06,-0.012231334204057642,6.955227387572815e-05,0.05384615384615384,2.0,0.0,0.000260031198445979,-7.779440357468983e-05,0.002322341851607938,0.0035047978538747405
b2-impact-b2i-xosl,2026-10-06,-0.0031360106444183744,-0.00891630100152041,0.7000000000000001,1.0,0.0,0.000260031198445979,0.0011699922250455906,0.003008138229219918,-0.002758817073178145
bakkafrost-bakka-xosl,2026-10-06,-0.002502619085223423,0.015816806548561546,-0.275,7.0,0.0,0.000260031198445979,-0.0007128286699260825,-0.006522587166577436,-0.008842873587011272
blue-nord-bnor-xosl,2026-10-06,0.007570627296298649,-0.00322435062034232,0.2027777777777778,5.0,0.0,0.000260031198445979,0.00020980721023097668,-0.0004488599677069404,0.0006622535332460518
borregaard-brg-xosl,2026-10-06,0.027704855484218194,-0.008167703145445016,-0.01666666666666667,2.0,0.0,0.000260031198445979,-0.00021396159518999818,0.00276399334611289,-0.0002637855929975017
bw-lpg-bwlpg-xosl,2026-10-06,0.02896979169235714,0.011231355686645461,-0.3357142857142857,4.0,0.0,0.000260031198445979,-0.0008300739271221207,-0.004356632357303497,-0.001312418053954311
cadeler-cadlr-xosl,2026-10-06,-0.0019350764015065858,0.00567338921306626,0.0642857142857143,16.0,0.0,0.000260031198445979,-5.763458559528053e-05,-0.0033093196453859485,-0.01303059974410364
capital-tankers-corp-capt-merk,2026-10-06,0.025123835018414753,-0.02213807937863066,0.3833333333333334,3.0,0.0,0.000260031198445979,0.0005584777463368421,0.0036769290923931697,0.000422990560536319
circio-holding-crna-xosl,2026-10-06,-0.033245740609187724,0.05003204323676802,0.3317535545023697,26.0,0.0,0.000260031198445979,0.000458872120346118,-0.0025326640311044307,-0.029316504899048038
cloudberry-clean-energy-cloud-xosl,2026-10-06,-0.012872283759678749,0.005475098662228284,0.5111111111111112,1.0,0.0,0.000260031198445979,0.0008052292026579161,-0.00043352019092528075,-0.0009817623622915693
cmb0tech-nv-cmbto-xosl,2026-10-06,0.023443643169314465,0.0027115900329812703,-0.4000000000000001,1.0,0.0,0.000260031198445979,-0.0009542159641532202,-0.0001072296631686588,0.001085039336556788
constellation-oil-services-holding-cosh-xosl,2026-10-06,-6.296048996090597e-05,0.0037686563726646582,-0.3666666666666667,1.0,0.0,0.000260031198445979,-0.0008898460190259834,0.0003687011514866786,-0.0009996796215111842
dnb-bank-dnb-xosl,2026-10-06,-0.0033653455671052157,0.010895256963719069,-0.13200000000000003,3.0,0.0,0.000260031198445979,-0.0004366816053302372,-0.003947827684706086,0.0016348266196646972
elkem-elk-xosl,2026-10-06,-0.005347823192998424,0.012057661823006827,0.8,1.0,0.0,0.000260031198445979,0.0013631020604273005,0.002191042522754703,0.009808320210723857
elmera-group-elmra-xosl,2026-10-06,0.007570627296298649,0.005916933289042081,0.0,6.0,0.0,0.000260031198445979,-0.00018177662262637985,-0.001306542749355754,4.6852474462329923e-05
elopak-elo-xosl,2026-10-06,0.0018069166754891564,0.019874050588935877,0.6000000000000002,1.0,0.0,0.000260031198445979,0.0009768823896638807,-0.002288789227411305,-0.001155163288930955
end-r-endur-xosl,2026-10-06,-0.016158212125377602,0.05359070617781314,0.39130434782608703,1.0,0.0,0.000260031198445979,0.0005738705593020509,-0.005253542185926262,-0.016448159962356736
envipco-holding-envip-xosl,2026-10-06,-0.026002550168080396,0.06214426926572125,0.020512820512820523,11.0,0.0,0.000260031198445979,-0.00014216434870192648,-0.011412934256478081,-0.01175173492848404
europris-epr-xosl,2026-10-06,0.02625057677317677,0.0025248942803355323,-0.13750000000000004,6.0,0.0,0.000260031198445979,-0.0004473026462762312,-0.0029898547515387684,-0.0022141472174941695
frontline-fro-xosl,2026-10-06,0.02952671512064986,-0.0006033868579824464,0.24844444444444452,30.0,0.0,0.000260031198445979,0.000297994035055291,0.001651604495577035,-0.011788354367468749
general-oceans-geno-xosl,2026-10-06,-0.06427400934592342,0.011103600770422828,0.41395348837209306,5.0,0.0,0.000260031198445979,0.0006176082773258153,-0.0007798852712274859,0.00039393562781883505
gjensidige-forsikring-gjf-xosl,2026-10-06,-0.0004357777299879295,-0.011991784730183808,0.3338461538461539,5.0,0.0,0.000260031198445979,0.0004629131354940984,0.0017713673282254518,-0.0033445341928818933
grieg-seafood-gsf-xosl,2026-10-06,-0.0034744117338543212,0.026357728806340353,0.11698113207547171,11.0,0.0,0.000260031198445979,4.4125448952224384e-05,-0.0056623939403336095,0.009309484082304727
hafnia-hafni-xosl,2026-10-06,0.02303454482207179,0.006871066519775315,0.15428571428571428,5.0,0.0,0.000260031198445979,0.0001161642662482585,-0.0018716156884289212,0.001500871991110516
hoegh-autoliners-hauto-xosl,2026-10-06,-0.020405269676493254,-0.03877331371337611,-0.11200000000000002,4.0,0.0,0.000260031198445979,-0.00039805963825389513,0.004767412024003022,-0.0038279452342980876
hunter-group-hunt-xoas,2026-10-06,0.04540292746617547,0.02785237759179804,0.06816479400749066,17.0,0.0,0.000260031198445979,-5.014370113023289e-05,-0.007001018720306534,-0.00445168670738454
jinhui-shipping-transportation-jin-xosl,2026-10-06,0.03787370138602919,-0.0022554343889814588,0.16363636363636364,1.0,0.0,0.000260031198445979,0.00013422128981641838,0.004143037714858459,0.002520026192921937
kid-xosl,2026-10-06,0.022671324425841077,0.01393812203573419,0.0,3.0,0.0,0.000260031198445979,-0.00018177662262637985,-0.0014288739636188102,-0.0017146059018580493
kitron-kit-xosl,2026-10-06,-0.020571962224735008,0.0037686563726646582,0.3444444444444445,5.0,0.0,0.000260031198445979,0.0004833794770217326,-0.0015984431643299663,-0.0002266591614958423
klaveness-combination-carriers-kcc-xosl,2026-10-06,-0.007609623661556042,-1.2076277061345841e-05,0.5838709677419355,4.0,0.0,0.000260031198445979,0.0009457356420216691,0.002087009637201095,-0.002807489942421223
kongsberg-automotive-koa-xosl,2026-10-06,-0.010647943062129683,0.01606370204808205,0.2538461538461539,6.0,0.0,0.000260031198445979,0.0003084252671887303,-0.0022293068765988347,-0.00025147785800198663
kongsberg-gruppen-kog-xosl,2026-10-06,-0.0038005897487995988,-0.028906872272045914,0.24244186046511634,21.0,0.0,0.000260031198445979,0.0002864024550141615,0.005114644771890936,0.0030100368959753384
kongsberg-maritime-kmar-xosl,2026-10-06,-0.019134647019772966,0.0005614600772519962,0.7000000000000002,2.0,0.0,0.000260031198445979,0.0011699922250455906,0.0020918245295871085,-0.0003249833010334075
leroy-seafood-group-lsg-xosl,2026-10-06,0.0008752953656403495,0.007609267222355998,0.35185185185185186,3.0,0.0,0.000260031198445979,0.0004976839092722296,-0.0017188463396768622,-0.0013212110874828702
link-mobility-group-holding-link-xosl,2026-10-06,0.01001758752559112,0.01448589571433212,-0.06170212765957449,6.0,0.0,0.000260031198445979,-0.00030092949977679673,-0.0037789897346175365,-0.005479086141706498
medistim-medi-xosl,2026-10-06,-0.0071352550566424755,0.05396170656571475,0.22162162162162163,5.0,0.0,0.000260031198445979,0.00024619652605741,-0.007709154783229994,-0.01653317093064592
moreld-morld-xosl,2026-10-06,-0.013571022093337715,0.05487975052956595,0.24556962025316456,11.0,0.0,0.000260031198445979,0.00029244246679199673,-0.00695076828903436,-0.00035923396393379404
mpc-container-ships-mpcc-xosl,2026-10-06,-0.005994568865386296,-0.007579346535582787,-0.1285714285714286,2.0,0.0,0.000260031198445979,-0.0004300606966885785,0.0012892877567024182,0.0004151622533366026
napatech-napa-xosl,2026-10-06,-0.01563617129879824,0.025320379801860415,0.25833333333333336,5.0,0.0,0.000260031198445979,0.0003170904521097045,-0.003756197634388242,-0.000513938410853636
norbit-norbt-xosl,2026-10-06,-0.003778697940063469,-0.015402592255860825,0.03962264150943394,6.0,0.0,0.000260031198445979,-0.00010526140483362685,-0.0003274204724914836,0.00012695929408926228
nordic-semiconductor-nod-xosl,2026-10-06,0.004893967811119393,-0.005249895076895994,0.6000000000000001,1.0,0.0,0.000260031198445979,0.0009768823896638807,0.0018135138555459385,-0.0009033332801870256
norsk-hydro-nhy-xosl,2026-10-06,-0.01256527117533568,-0.016453284693977444,-0.48750000000000004,5.0,0.0,0.000260031198445979,-0.0011231870701122163,-0.002265718294982251,-0.006222725629148522
norske-skog-nskog-xosl,2026-10-06,-0.004624494654920874,-0.059088486484478175,0.4461538461538462,5.0,0.0,0.000260031198445979,0.0006797903352304804,0.008736693266261052,-0.0005127080985731785
norwegian-air-shuttle-nas-xosl,2026-10-06,-0.024371451691006407,0.011061667105776385,0.2244131455399061,25.0,0.0,0.000260031198445979,0.0002515872333006502,-4.008472021927714e-05,-0.016335370277498346
nykode-therapeutics-nykd-xosl,2026-10-06,-0.0008681830627501608,-0.007357897600824503,0.6000000000000002,1.0,0.0,0.000260031198445979,0.0009768823896638807,0.0034311385696592775,0.0004704947606751342
okeanis-eco-tankers-oet-xosl,2026-10-06,0.042468340894373235,0.00017153407050640723,0.26493506493506497,8.0,0.0,0.000260031198445979,0.00032983904513815077,0.0008817039097421893,0.004934733155563547
orkla-ork-xosl,2026-10-06,0.014705660630723538,0.004867540703665796,0.0959183673469388,6.0,0.0,0.000260031198445979,3.451178658117588e-06,-0.002353776799770423,0.000280884448793317
panoro-energy-pen-xosl,2026-10-06,0.02119923422411374,-0.00801586795322251,0.1583333333333333,6.0,0.0,0.000260031198445979,0.00012398061672799435,-0.0007013453370362001,0.0008351509115156025
paratus-energy-services-plsv-xosl,2026-10-06,0.0033062188435805107,0.002703709913707053,0.6552631578947369,4.0,0.0,0.000260031198445979,0.0010836009829011412,0.001434762189633947,0.0005803619554603921
prosafe-prs-xosl,2026-10-06,0.016135929480355693,-0.023314699726330712,0.09677419354838712,4.0,0.0,0.000260031198445979,5.1038632268879825e-06,0.0012021479023470167,0.0017400770101110674
protector-forsikring-prot-xosl,2026-10-06,-0.0036052862977326017,-0.02087587892706133,0.375609756097561,10.0,0.0,0.000260031198445979,0.0005435627590512627,0.0036293155717418467,0.003532354240135618
sal-mar-salm-xosl,2026-10-06,-0.028919381391798615,0.018759838030512954,0.111764705882353,2.0,0.0,0.000260031198445979,3.405201691788443e-05,-0.0018698399895539686,-0.00014822623842996756
salmon-evolution-salme-xosl,2026-10-06,-0.02184114609356036,0.04570417845014885,-0.04153846153846154,8.0,0.0,0.000260031198445979,-0.00026199147732339787,-0.008832267929089383,-0.002014176754909621
sats-xosl,2026-10-06,0.02140708609027475,0.010097770296715325,0.13333333333333333,3.0,0.0,0.000260031198445979,7.570315788256687e-05,-0.0006452810861115529,-0.0007218861136443735
sed-energy-holdings-enh-xosl,2026-10-06,0.0060226042587160356,0.008434318986858091,-0.40444444444444444,6.0,0.0,0.000260031198445979,-0.0009627986235035182,-0.006801692306776144,-0.007366190102104207
selvaag-bolig-sbo-xosl,2026-10-06,0.0059149603047091714,-0.0060673841866975,0.42857142857142866,4.0,0.0,0.000260031198445979,0.0006458369575809491,0.002314667458025866,0.013882676938281782
sentia-sntia-xosl,2026-10-06,-0.003105547001421516,0.018209144936697896,0.8,1.0,0.0,0.000260031198445979,0.0013631020604273005,0.000821774548944839,0.009394797714452542
smartoptics-group-smop-xosl,2026-10-06,-0.015506310452537031,0.07814878779055756,0.7692307692307692,3.0,0.0,0.000260031198445979,0.0013036836495406204,-0.008607942881572945,-0.017534610938621728
software-one-holding-ag-swon-xosl,2026-10-06,-0.005640785626453315,-0.004295813858929187,0.6000000000000001,1.0,0.0,0.000260031198445979,0.0009768823896638807,0.0025050509360710787,0.005599421341931726
solstad-maritime-soma-xosl,2026-10-06,0.0164832835101959,-0.015462152615909108,-0.22500000000000003,1.0,0.0,0.000260031198445979,-0.0006162737522352275,0.0036540675686436356,-0.00025300142982056075
solstad-offshore-soff-xosl,2026-10-06,-0.006593678958843219,0.012340063145823033,0.3923076923076923,1.0,0.0,0.000260031198445979,0.0005758081161787904,-0.0012571324522631868,-0.0016079683039017746
sparebanken-norge-sbnor-xosl,2026-10-06,-0.01986693240997295,0.004749589246712427,-0.3526315789473684,3.0,0.0,0.000260031198445979,-0.0008627428842355679,-0.00286001019638484,-0.00041835476784352743
storebrand-stb-xosl,2026-10-06,-0.0033669044928450464,0.002208578125151184,0.4777777777777778,2.0,0.0,0.000260031198445979,0.0007408592575306793,0.0028256205871421167,0.00038195211759044125
telenor-tel-xosl,2026-10-06,0.02515659535761572,-0.018123470432285127,-0.027848101265822774,12.0,0.0,0.000260031198445979,-0.0002355540451377421,-0.0018780643087239909,-0.001179437965235386
thor-medical-trmed-xosl,2026-10-06,0.010964262189213092,0.004901185134639885,-0.1138888888888889,8.0,0.0,0.000260031198445979,-0.00040170726847777187,-0.004427790336955442,0.003473455205508321
tomra-systems-tom-xosl,2026-10-06,-0.011944204391054258,0.036448393848365734,0.49836065573770494,7.0,0.0,0.000260031198445979,0.0007806068192759128,-0.002212623669452448,0.004325245550812338
var-energi-var-xosl,2026-10-06,0.01342541315175294,0.0025991133027613023,0.08541666666666665,4.0,0.0,0.000260031198445979,-1.682863823783588e-05,-6.503497260884508e-05,0.0013938663570798098
vend-marketplaces-vend-xosl,2026-10-06,0.010763847748696098,-0.06695341715643732,0.1138888888888889,12.0,0.0,0.000260031198445979,3.815402322501218e-05,0.006548812364788751,0.005970239271292938
yara-international-yar-xosl,2026-10-06,0.009758870526968333,-0.0020327077637749547,0.4083333333333334,4.0,0.0,0.000260031198445979,0.0006067552051822696,0.0015843821059937312,-0.002645578414235148
zaptec-zap-xosl,2026-10-06,-0.0416601536720006,0.014655078068146254,0.2028571428571429,4.0,0.0,0.000260031198445979,0.00020996047200508918,-0.0022693744008105378,0.00108477498836516
2020-bulkers-2020-xosl,2026-10-07,0.017716817490836645,-0.0012293452378809855,-0.20869565217391306,3.0,0.0,0.000260031198445979,-0.0005847884529882096,-0.0004201193941165362,-0.0006126454775157458
aker-bp-akrbp-xosl,2026-10-07,0.01889425264227218,0.008160195935025816,0.41333333333333333,2.0,0.0,0.000260031198445979,0.000616410696951355,-0.0008964900622047294,0.00022116126868007162
aker-solutions-akso-xosl,2026-10-07,-0.006751961929956418,0.023570612037509542,0.01395348837209306,5.0,0.0,0.000260031198445979,-0.0001548310642010249,-0.005592603841504109,-0.0034236181827857724
austevoll-seafood-auss-xosl,2026-10-07,-0.0020780109432357863,-0.006992534783981652,0.5,1.0,0.0,0.000260031198445979,0.0007837725542821704,0.0012954773452586166,-0.00032143515620386344
autostore-auto-xosl,2026-10-07,-0.0008465025949677685,0.008197994243920426,0.30000000000000004,1.0,0.0,0.000260031198445979,0.00039755288351875037,-0.0011185650552596068,0.00094460968432985
axactor-acr-xosl,2026-10-07,0.0054665925333219345,-0.012231334204057642,-0.4313725490196078,7.0,0.0,0.000260031198445979,-0.001014799441920031,-0.003981986519837867,-0.0053967080463415175
b2-impact-b2i-xosl,2026-10-07,-0.0008465025949677685,-0.0031360106444183744,-0.0761904761904762,5.0,0.0,0.000260031198445979,-0.0003289079257743494,-0.002430620611544251,0.002379911150642968
bakkafrost-bakka-xosl,2026-10-07,0.0023912261660081757,-0.002502619085223423,0.2631578947368421,3.0,0.0,0.000260031198445979,0.0003264071546939097,0.0008968168993662673,0.0006495301173436728
bonheur-bonhr-xosl,2026-10-07,0.0010510306118634016,0.011380151105822356,0.7000000000000001,1.0,0.0,0.000260031198445979,0.0011699922250455906,-0.00016414934377289897,-0.004400066557090381
bw-lpg-bwlpg-xosl,2026-10-07,-0.0024580815691922497,0.02896979169235714,0.22800000000000004,3.0,0.0,0.000260031198445979,0.0002585138020439191,-0.00421351044169418,0.00015388976153852128
capital-tankers-corp-capt-merk,2026-10-07,0.018390259647976803,0.025123835018414753,0.673846153846154,8.0,0.0,0.000260031198445979,0.0011194865757919127,-0.00032689076533519543,0.001906916097978356
circio-holding-crna-xosl,2026-10-07,-0.036307462523990086,-0.033245740609187724,0.279874213836478,21.0,0.0,0.000260031198445979,0.0003586880109890979,0.0053458733568851145,0.01170129853247248
cmb0tech-nv-cmbto-xosl,2026-10-07,0.022070132282555166,0.023443643169314465,-0.5,1.0,0.0,0.000260031198445979,-0.00114732579953493,-0.0019701305676877506,-0.0003306444954584733
constellation-oil-services-holding-cosh-xosl,2026-10-07,-0.0008465025949677685,-6.296048996090597e-05,0.4,1.0,0.0,0.000260031198445979,0.0005906627189004604,0.0018982302078537723,-0.0013988424031916883
dnb-bank-dnb-xosl,2026-10-07,-0.011253046357670993,-0.0033653455671052157,0.6763157894736843,8.0,0.0,0.000260031198445979,0.0011242556850867644,0.005779022259007458,-0.0004939421868526919
dno-xosl,2026-10-07,0.022875204269969585,0.019303924008538087,0.029166666666666643,4.0,0.0,0.000260031198445979,-0.0001254529206400478,-0.0035876978100148637,0.00018081267832292263
dof-group-dofg-xosl,2026-10-07,0.01330446513257244,-0.015470847898148232,0.45454545454545453,2.0,0.0,0.000260031198445979,0.0006959953563813931,0.0017639801732815797,-0.00042736891351808975
elkem-elk-xosl,2026-10-07,-0.015123705375634788,-0.005347823192998424,0.7000000000000001,1.0,0.0,0.000260031198445979,0.0011699922250455906,0.003594541398461053,0.010726030390706656
end-r-endur-xosl,2026-10-07,-0.0008465025949677685,-0.016158212125377602,0.12000000000000002,1.0,0.0,0.000260031198445979,4.995517983167225e-05,0.004543456237188936,0.0013820069413256553
envipco-holding-envip-xosl,2026-10-07,0.004116295586813035,-0.026002550168080396,-0.04347826086956522,6.0,0.0,0.000260031198445979,-0.0002657374206184277,0.001125959213973269,-0.0035796107761054655
europris-epr-xosl,2026-10-07,0.01871338022201341,0.02625057677317677,0.2,1.0,0.0,0.000260031198445979,0.00020444304813704026,0.000589298676118049,0.001333087587898834
frontline-fro-xosl,2026-10-07,0.03313792008874805,0.02952671512064986,0.4502890173410405,22.0,0.0,0.000260031198445979,0.0006877757575028232,0.0019698818564551435,-0.0024961407806429353
general-oceans-geno-xosl,2026-10-07,0.044132507094103435,-0.06427400934592342,-0.30000000000000004,1.0,0.0,0.000260031198445979,-0.0007611061287715101,0.009489644684400143,0.0012587230816636125
grieg-seafood-gsf-xosl,2026-10-07,-0.004282925333217391,-0.0034744117338543212,-0.5,1.0,0.0,0.000260031198445979,-0.00114732579953493,0.0006418202794556732,0.0005654466971207928
hafnia-hafni-xosl,2026-10-07,0.033671279393650666,0.02303454482207179,0.3523809523809524,3.0,0.0,0.000260031198445979,0.0004987056544329794,-0.0037772290392598146,-0.000513938410853636
hexagon-composites-hex-xosl,2026-10-07,-0.021814186724488316,-0.017586655862570688,-0.42857142857142866,1.0,0.0,0.000260031198445979,-0.0010093902028337088,0.0035546497940345803,0.0008106388348780599
himalaya-shipping-hshp-xosl,2026-10-07,0.03666811444790041,0.02063483327473581,0.6526315789473686,2.0,0.0,0.000260031198445979,0.0010785191451279388,-0.00025327285367431865,-0.0031871135239054907
hoegh-autoliners-hauto-xosl,2026-10-07,0.032449260705732064,-0.020405269676493254,-0.16825396825396824,7.0,0.0,0.000260031198445979,-0.0005066915837448126,-0.0002450171480607086,-0.0018009844546880347
hunter-group-hunt-xoas,2026-10-07,0.009005752107304588,0.04540292746617547,0.309433962264151,23.0,0.0,0.000260031198445979,0.00041577079251702486,-0.004616235245080641,-0.005419034629631088
kitron-kit-xosl,2026-10-07,0.0010840435496508594,-0.020571962224735008,0.011538461538461558,7.0,0.0,0.000260031198445979,-0.0001594947185438748,0.00039861271805527584,-0.00014603313958059416
klaveness-combination-carriers-kcc-xosl,2026-10-07,0.0010802502216238352,-0.007609623661556042,0.2,1.0,0.0,0.000260031198445979,0.00020444304813704026,0.004734787462249446,0.0029671280543573405
kongsberg-automotive-koa-xosl,2026-10-07,-0.007032112682285541,-0.010647943062129683,-0.008333333333333352,16.0,0.0,0.000260031198445979,-0.00019786910890818904,-0.0034547058315870056,-0.019783132639842854
kongsberg-gruppen-kog-xosl,2026-10-07,-0.01471661767906507,-0.0038005897487995988,0.15294117647058822,17.0,0.0,0.000260031198445979,0.0001135678314868237,-0.0007528826338080849,0.002207306415223165
kongsberg-maritime-kmar-xosl,2026-10-07,-0.013408458322789363,-0.019134647019772966,0.45882352941176474,2.0,0.0,0.000260031198445979,0.000704256739713231,0.0031065533232628654,0.0011041100209757914
link-mobility-group-holding-link-xosl,2026-10-07,-0.044784660734034754,0.01001758752559112,0.06304347826086959,6.0,0.0,0.000260031198445979,-6.0033465537910426e-05,-0.002737917823795753,0.0021661882988970775
moreld-morld-xosl,2026-10-07,-0.007325967865032479,-0.013571022093337715,0.16086956521739132,3.0,0.0,0.000260031198445979,0.0001288783299441972,0.002462767405491758,0.0026078414449957417
mpc-container-ships-mpcc-xosl,2026-10-07,0.018194364702531995,-0.005994568865386296,0.05500000000000005,2.0,0.0,0.000260031198445979,-7.556621316643923e-05,0.0017040151280939188,0.0040191967340322595
multiconsult-multi-xosl,2026-10-07,0.006822209420416447,-0.016381558787823436,-0.2066666666666667,2.0,0.0,0.000260031198445979,-0.0005808702824152473,0.0023098248299539092,-0.0009773206369842434
napatech-napa-xosl,2026-10-07,-0.033243911336161336,-0.01563617129879824,0.55,3.0,0.0,0.000260031198445979,0.0008803274719730254,0.0023069311049672366,-0.0005479747130112176
norbit-norbt-xosl,2026-10-07,-0.002121993311483661,-0.003778697940063469,0.4169491525423729,7.0,0.0,0.000260031198445979,0.0006233931994736316,0.0009352536486310883,0.0014691870713232041
nordic-semiconductor-nod-xosl,2026-10-07,-0.04647183732799265,0.004893967811119393,0.32571428571428573,8.0,0.0,0.000260031198445979,0.00044720969833119003,-0.0008117704183719615,-0.00044291305801792924
norsk-hydro-nhy-xosl,2026-10-07,0.005318353862473035,-0.01256527117533568,0.04000000000000001,1.0,0.0,0.000260031198445979,-0.00010453268847369581,0.0052822287063412285,-0.0001214938096886137
norske-skog-nskog-xosl,2026-10-07,0.09174608999762479,-0.004624494654920874,0.08125000000000002,6.0,0.0,0.000260031198445979,-2.4874881378740397e-05,-0.0006622148743315384,0.001926721984556268
norwegian-air-shuttle-nas-xosl,2026-10-07,-0.016244671909461772,-0.024371451691006407,0.03398692810457516,21.0,0.0,0.000260031198445979,-0.0001161445217123346,-0.0010586575000865778,-0.01089352530491791
nykode-therapeutics-nykd-xosl,2026-10-07,-0.036307494543386554,-0.0008681830627501608,0.5571428571428572,4.0,0.0,0.000260031198445979,0.0008941210316431475,0.0013758413322337024,-0.0014742577632990278
okeanis-eco-tankers-oet-xosl,2026-10-07,0.03403721833526485,0.042468340894373235,0.5000000000000001,4.0,0.0,0.000260031198445979,0.0007837725542821706,-0.0034002518753992843,0.004735022877390401
orkla-ork-xosl,2026-10-07,0.011687573981369104,0.014705660630723538,-0.2789473684210526,3.0,0.0,0.000260031198445979,-0.0007204514265858867,-0.0037050688125515583,0.0035932116795280977
panoro-energy-pen-xosl,2026-10-07,0.014279573470223905,0.02119923422411374,0.13181818181818183,5.0,0.0,0.000260031198445979,7.277725128587432e-05,-0.003359434959610094,-0.00014822623842996756
paratus-energy-services-plsv-xosl,2026-10-07,0.01093078280278803,0.0033062188435805107,0.50625,3.0,0.0,0.000260031198445979,0.0007958419189935273,0.0003564363611866937,0.0004994655414559535
pareto-bank-parb-xosl,2026-10-07,0.001118103910402457,-0.022905534115531756,-0.4,1.0,0.0,0.000260031198445979,-0.0009542159641532201,0.004831225457128965,0.0015295148100954086
prosafe-prs-xosl,2026-10-07,-0.016770028849257046,0.016135929480355693,0.3600000000000001,1.0,0.0,0.000260031198445979,0.0005134187847477765,-0.0018927934826945066,0.00045282410899176846
protector-forsikring-prot-xosl,2026-10-07,-0.018045519793984943,-0.0036052862977326017,0.0716666666666667,7.0,0.0,0.000260031198445979,-4.338124060282092e-05,-0.0006658473684315376,0.0024404595029042316
sal-mar-salm-xosl,2026-10-07,-0.00806020863644663,-0.028919381391798615,-0.10434782608695652,9.0,0.0,0.000260031198445979,-0.00038328253780729466,0.0003942969342042458,0.0006101539254313125
salmon-evolution-salme-xosl,2026-10-07,-0.035934188537694034,-0.02184114609356036,-0.15454545454545454,5.0,0.0,0.000260031198445979,-0.0004802190954890226,0.0013537765464392002,0.00013548910109878034
sats-xosl,2026-10-07,0.007838417887524152,0.02140708609027475,0.2857142857142857,2.0,0.0,0.000260031198445979,0.00036996576417850594,-0.001591791059452178,-0.001713486471604069
sed-energy-holdings-enh-xosl,2026-10-07,-0.019451136565143634,0.0060226042587160356,-0.4,1.0,0.0,0.000260031198445979,-0.0009542159641532201,0.00032761467379022104,0.0005695268756646891
selvaag-bolig-sbo-xosl,2026-10-07,0.000811910175904984,0.0059149603047091714,0.26666666666666666,1.0,0.0,0.000260031198445979,0.0003331829383915136,0.0007689175715278105,-6.043276944640101e-05
solstad-offshore-soff-xosl,2026-10-07,0.02070522201545355,-0.006593678958843219,0.16666666666666669,1.0,0.0,0.000260031198445979,0.0001400731030098036,0.0033308231333049375,0.0014879406986398815
sparebanken-norge-sbnor-xosl,2026-10-07,-0.013239483521250817,-0.01986693240997295,-0.20000000000000004,1.0,0.0,0.000260031198445979,-0.0005679962933898,0.004184720180248441,-0.00184805615114473
storebrand-stb-xosl,2026-10-07,-0.02980911542684639,-0.0033669044928450464,-0.18947368421052632,3.0,0.0,0.000260031198445979,-0.0005476689422969883,-0.001687795119553836,0.003956587502544108
telenor-tel-xosl,2026-10-07,-0.010273089781684508,0.02515659535761572,0.07536945812807885,13.0,0.0,0.000260031198445979,-3.623078610715989e-05,-0.006356010927201521,0.00553357197840203
tgs-xosl,2026-10-07,-0.0589860348997967,0.014154454475272193,0.1,1.0,0.0,0.000260031198445979,1.1333212755330207e-05,0.0016324769114661043,0.001829565739754553
thor-medical-trmed-xosl,2026-10-07,-0.01212039538928622,0.010964262189213092,0.16293706293706292,17.0,0.0,0.000260031198445979,0.00013287087138717563,-0.0027712643921591847,0.0066447078063076905
tomra-systems-tom-xosl,2026-10-07,-0.04495622404449218,-0.011944204391054258,0.30232558139534893,5.0,0.0,0.000260031198445979,0.0004020438099229763,0.002291457755354027,-0.00044204095569699115
var-energi-var-xosl,2026-10-07,0.02127222789393657,0.01342541315175294,0.3266666666666667,5.0,0.0,0.000260031198445979,0.0004490488396205397,-0.0011242912155124516,-0.0008622465921527684
vend-marketplaces-vend-xosl,2026-10-07,0.025148159985851404,0.010763847748696098,0.12892156862745097,24.0,0.0,0.000260031198445979,6.718360632160903e-05,-0.0033684946265397273,-0.002464293866279385
wallenius-wilhelmsen-wawi-xosl,2026-10-07,0.025182572049053054,-0.0643395022079587,-0.05744680851063829,24.0,0.0,0.000260031198445979,-0.00029271205997331964,0.0014215700157718197,-0.027894918112834545
wilh0-wilhelmsen-holding-ser0-wwib-xosl,2026-10-07,0.008850467102001991,-0.02525469509526057,0.6000000000000001,2.0,0.0,0.000260031198445979,0.0009768823896638807,0.004715057170857436,-0.0034504679501961197
yara-international-yar-xosl,2026-10-07,0.009100065732347673,0.009758870526968333,0.7827586206896552,4.0,0.0,0.000260031198445979,0.0013298072612235572,0.0006156780554656064,0.007337051341991711
zaptec-zap-xosl,2026-10-07,-0.0008465025949677685,-0.0416601536720006,-0.07564102564102562,9.0,0.0,0.000260031198445979,-0.0003278468827228015,0.0011379321336349424,0.004081470358609224
