date,ticker,source,dir,z,abn,red,mkt,specific,n_rip,n_reb
2022-12-23,ELMRA.OL,newsweb,-1,-6.315101602852016,-0.2951001985595422,False,0.0024723079880981064,True,2,0
2023-01-02,POL.OL,newsweb,-1,-3.308134061624717,-0.11530621128042622,False,0.010947297298705999,True,0,0
2023-01-04,ROGS.OL,newsweb,-1,-2.6332315656262555,-0.023468518638541633,False,-0.007601766237478247,True,0,0
2023-01-04,BAKKA.OL,newsweb,-1,-2.312999390672719,-0.05069795922722368,False,-0.007601766237478247,True,5,0
2023-01-09,TGS.OL,newsweb,1,2.225907700029355,0.054220262937796374,False,0.010176577858651916,False,7,0
2023-01-12,ENDUR.OL,newsweb,-1,-6.1454685141833805,-0.1546183145565497,False,0.0029917493120676817,True,0,0
2023-01-12,HAUTO.OL,newsweb,-1,-4.282005776006406,-0.1239514931664809,False,0.0029917493120676817,True,0,1
2023-01-18,SUBC.OL,newsweb,1,2.028139509070681,0.030498419085352807,False,0.0028296633646662625,True,4,1
2023-01-20,PROT.OL,newsweb,1,3.0884411080903686,0.041026973766347306,False,0.011658066464572571,True,1,0
2023-01-24,OKEA.OL,newsweb,-1,-2.0694218389949928,-0.04650705633525089,False,-0.0034395399039228772,True,2,3
2023-01-25,GJF.OL,newsweb,-1,-4.8617242619488765,-0.049454196620577956,True,-0.011996454087504927,True,3,0
2023-01-25,STB.OL,newsweb,1,2.008777408387569,0.021927194871869164,True,-0.011996454087504927,False,2,2
2023-01-27,AKRBP.OL,newsweb,1,2.8043196242900374,0.04150265585674106,False,0.008839014658784013,True,3,1
2023-01-27,NSKOG.OL,newsweb,-1,-2.084477349689048,-0.048685629250190564,False,0.008839014658784013,True,0,0
2023-02-02,TEL.OL,newsweb,1,5.03663475556375,0.06133865140239266,False,0.005882759118615156,True,0,0
2023-02-02,BRG.OL,newsweb,1,5.085386977155635,0.08721815799899453,False,0.005882759118615156,True,0,0
2023-02-03,SCATC.OL,newsweb,-1,-2.24587749462918,-0.06501339154442937,False,0.006482963309757987,True,0,0
2023-02-06,ENDUR.OL,newsweb,1,2.1031051855623666,0.062453763863122805,False,-0.005352921494418446,True,0,0
2023-02-06,NAS.OL,newsweb,1,2.492685042431312,0.05024218297622223,False,-0.005352921494418446,True,1,0
2023-02-07,AKSO.OL,newsweb,1,2.176194602464889,0.06004870264965579,False,0.002048841754469025,True,3,2
2023-02-07,NOD.OL,newsweb,-1,-8.795424074107977,-0.2119908396294518,False,0.002048841754469025,True,8,0
2023-02-07,HAUTO.OL,newsweb,1,3.1717217575950927,0.09425557939165664,False,0.002048841754469025,True,0,1
2023-02-08,MING.OL,newsweb,1,2.1123001434927815,0.024443424006456042,False,0.014837681524191059,True,5,1
2023-02-08,AKSO.OL,newsweb,1,2.4474310673927917,0.06753305070003296,False,0.014837681524191059,True,3,3
2023-02-08,WAWI.OL,newsweb,-1,-4.094308569163942,-0.12431270388093772,False,0.014837681524191059,True,2,1
2023-02-08,MULTI.OL,newsweb,1,2.27791906282629,0.05458461426907893,False,0.014837681524191059,True,1,0
2023-02-08,EQNR.OL,newsweb,1,3.0649487554254784,0.056183294866096814,False,0.014837681524191059,True,6,1
2023-02-09,HELG.OL,newsweb,1,4.982205411957647,0.06949690869923274,False,0.006843627912613891,True,0,0
2023-02-13,SPOL.OL,newsweb,1,2.8795784343873034,0.029761587795830855,False,0.001321511395329304,False,3,1
2023-02-14,ORK.OL,newsweb,-1,-9.706226495971364,-0.0666763648509748,False,0.0023202690463692333,True,2,0
2023-02-14,PEXIP.OL,newsweb,-1,-3.428157676650518,-0.13281888456878052,False,0.0023202690463692333,True,2,0
2023-02-14,CLOUD.OL,newsweb,-1,-2.174161802185437,-0.0405032935623239,False,0.0023202690463692333,True,1,0
2023-02-14,SBO.OL,newsweb,1,2.0091331096998797,0.04314365836224452,False,0.0023202690463692333,True,0,0
2023-02-15,KIT.OL,newsweb,1,5.131006121104062,0.09280858243992486,False,0.005035846334108844,True,0,0
2023-02-15,AKAST.OL,newsweb,-1,-2.176986325328776,-0.043404785704878726,False,0.005035846334108844,True,0,2
2023-02-15,NORBT.OL,newsweb,1,2.663626180845561,0.06862582235969641,False,0.005035846334108844,True,0,0
2023-02-15,KCC.OL,newsweb,1,2.1535335348295117,0.03986422840894895,False,0.005035846334108844,True,0,0
2023-02-16,LINK.OL,newsweb,1,5.369395746474264,0.16868159688094483,False,0.003805476667131241,True,2,0
2023-02-16,WWI.OL,newsweb,-1,-3.7040416175751716,-0.0645585836531487,False,0.003805476667131241,True,2,1
2023-02-16,NAS.OL,newsweb,1,4.28825061109114,0.08643333120023516,False,0.003805476667131241,True,0,1
2023-02-16,ODL.OL,newsweb,1,2.7408968041526323,0.053305132385478626,False,0.003805476667131241,True,7,1
2023-02-16,REACH.OL,newsweb,-1,-6.7935918001149185,-0.10992226916550708,False,0.003805476667131241,True,0,0
2023-02-16,GSF.OL,newsweb,-1,-3.0323320782177716,-0.06328675715039292,False,0.003805476667131241,True,4,0
2023-02-16,HUNT.OL,newsweb,1,10.443290286480622,0.14075986992736672,False,0.003805476667131241,True,1,0
2023-02-17,ACR.OL,newsweb,1,5.174677682035906,0.09988988454588818,False,0.0002236545821490602,True,0,0
2023-02-17,SMOP.OL,newsweb,1,4.6014645173973,0.15258441015193802,False,0.0002236545821490602,True,0,0
2023-02-21,AUSS.OL,newsweb,-1,-3.0338735334892735,-0.057350227743954464,False,-0.004617663703365674,False,2,0
2023-02-21,BAKKA.OL,newsweb,1,2.904890826631246,0.055840051756478847,False,-0.004617663703365674,False,4,0
2023-02-21,LSG.OL,newsweb,-1,-2.9903927639313426,-0.05701634764570192,False,-0.004617663703365674,False,2,0
2023-02-21,MEDI.OL,newsweb,-1,-2.0496560965945947,-0.057087793430622986,False,-0.004617663703365674,True,0,0
2023-02-22,ZAP.OL,newsweb,-1,-3.4340545946209073,-0.11073553890038011,True,-0.011299250919778547,True,0,0
2023-02-22,PEN.OL,newsweb,-1,-3.113215546771476,-0.05326042303050896,True,-0.011299250919778547,True,6,0
2023-02-23,DNB.OL,newsweb,1,2.016649362752191,0.020210953256293615,False,0.008713908186066644,True,1,1
2023-02-23,JIN.OL,newsweb,-1,-11.379345074046133,-0.2384745993008185,False,0.008713908186066644,True,2,0
2023-02-24,OET.OL,newsweb,1,3.937191732389476,0.08092758693963913,False,-0.005131263632159661,True,1,1
2023-02-28,NAPA.OL,newsweb,-1,-2.9379216122820737,-0.10027939850113478,False,0.002858490338223568,True,0,0
2023-02-28,BWE.OL,newsweb,-1,-3.921537028396887,-0.0671337657630298,False,0.002858490338223568,True,7,0
2023-02-28,HAFNI.OL,newsweb,-1,-2.87524912605882,-0.0616724216096899,False,0.002858490338223568,False,6,1
2023-03-01,HAUTO.OL,newsweb,-1,-4.193321008497943,-0.14031453852575562,False,0.0013714936354078616,True,1,1
2023-03-01,MEDI.OL,newsweb,1,3.095874714138849,0.07623639737422083,False,0.0013714936354078616,True,0,0
2023-03-02,BWE.OL,newsweb,-1,-3.2453244718715686,-0.055557515163568216,False,0.004277062702855913,True,8,0
2023-03-02,SUBC.OL,newsweb,1,3.066527205991666,0.05322310785821177,False,0.004277062702855913,False,4,1
2023-03-07,SOFF.OL,newsweb,-1,-3.915146756943089,-0.14889824913733554,True,-0.010580844510995153,True,7,0
2023-03-10,KOA.OL,newsweb,1,4.34452958814931,0.0560480765348158,True,-0.012061241939772514,True,0,0
2023-03-13,BNP.PA,gdelt,-1,-2.463304357847462,-0.031476744351681615,True,-0.03310428396635325,True,4,1
2023-03-14,CRNA.OL,newsweb,1,2.5780247882242517,0.08568905045199751,False,0.016436323567946123,True,0,0
2023-03-14,KOA.OL,newsweb,-1,-15.461498370052015,-0.19946630041406976,False,0.016436323567946123,True,0,0
2023-03-15,GLE.PA,gdelt,-1,-4.640763624835009,-0.08182540190025633,True,-0.0352324311412163,False,4,1
2023-03-15,BNP.PA,gdelt,-1,-5.090298504431896,-0.06504515943688025,True,-0.0352324311412163,False,4,1
2023-03-15,PARB.OL,newsweb,-1,-2.5078076400707725,-0.0352411773589096,True,-0.0352324311412163,True,0,0
2023-03-16,WEST.OL,newsweb,-1,-2.941495892593343,-0.06146613937019044,False,0.00010474853922286807,True,0,0
2023-03-17,BWE.OL,newsweb,1,3.473679665732156,0.05946678440784586,False,-0.006219201217718088,True,6,0
2023-03-20,OKEA.OL,newsweb,1,3.1419029624200507,0.07019535699349003,False,0.00806681097607418,True,7,0
2023-03-22,MOWI.OL,newsweb,1,2.9047408185643,0.040734491875446026,False,0.0007967968241740768,True,1,0
2023-03-22,SBNOR.OL,newsweb,-1,-4.650533762137326,-0.05276323816188545,False,0.0007967968241740768,True,1,0
2023-03-23,SBNOR.OL,newsweb,1,3.9457881904884284,0.04787328023801725,False,-0.0003582252782800738,True,3,0
2023-03-24,VEND.OL,newsweb,-1,-2.501551860076524,-0.03525162463355323,True,-0.027087606398617008,True,3,0
2023-03-24,GJF.OL,newsweb,1,4.203493263999517,0.04833946534645371,True,-0.027087606398617008,True,0,0
2023-03-27,DNO.OL,newsweb,-1,-7.188338575668961,-0.11738738707199511,False,0.012645970701254994,True,8,0
2023-03-28,VEND.OL,newsweb,-1,-8.039123264820391,-0.11328654034205962,False,-0.0004921847336921713,True,1,2
2023-03-28,CADLR.OL,newsweb,-1,-5.202625342201883,-0.0808935592151099,False,-0.0004921847336921713,True,0,0
2023-03-28,PRS.OL,newsweb,1,2.041118262390222,0.05781833789573805,False,-0.0004921847336921713,True,0,0
2023-03-28,RING.OL,newsweb,1,5.257752704332052,0.10980799080258159,False,-0.0004921847336921713,True,0,0
2023-03-29,MING.OL,newsweb,1,6.969385878221963,0.06651039260545266,False,0.010819306975668375,True,5,0
2023-03-29,CADLR.OL,newsweb,1,2.300075584258177,0.03576296354941282,False,0.010819306975668375,True,0,0
2023-03-29,DNO.OL,newsweb,-1,-2.0113117222337102,-0.03284522914091,False,0.010819306975668375,False,2,1
2023-03-29,ROGS.OL,newsweb,1,5.929618573151537,0.05659424327982274,False,0.010819306975668375,True,0,0
2023-03-29,HELG.OL,newsweb,-1,-4.841505071811904,-0.07540752168960332,False,0.010819306975668375,True,0,0
2023-03-29,STB.OL,newsweb,1,2.285025533792612,0.02557477529953759,False,0.010819306975668375,True,1,0
2023-03-30,MORG.OL,newsweb,1,5.585833570887242,0.08311043164343813,False,0.015183836414372579,True,0,0
2023-03-30,CRNA.OL,newsweb,-1,-3.6329285337376613,-0.14416671878903187,False,0.015183836414372579,True,0,0
2023-03-30,SALME.OL,newsweb,1,2.452058199676351,0.03577849106407702,False,0.015183836414372579,True,0,0
2023-03-30,SPOL.OL,newsweb,-1,-4.117737166257516,-0.04577691672395971,False,0.015183836414372579,True,2,1
2023-03-31,AUTO.OL,newsweb,-1,-2.074977627511139,-0.08134625837690918,False,0.01072551107114221,True,0,0
2023-03-31,ZAP.OL,newsweb,1,2.086823489406201,0.08930228466330338,False,0.01072551107114221,True,0,0
2023-03-31,MEDI.OL,newsweb,1,2.271283969199638,0.05724849444629053,False,0.01072551107114221,True,0,0
2023-03-31,NONG.OL,newsweb,1,10.937652510357676,0.10054729602088344,False,0.01072551107114221,False,3,0
2023-03-31,NORBT.OL,newsweb,1,3.301111599993663,0.06459282517977778,False,0.01072551107114221,True,0,0
2023-03-31,PARB.OL,newsweb,1,6.221119437952252,0.07841618596692713,False,0.01072551107114221,True,0,0
2023-03-31,SOAG.OL,newsweb,1,5.1656176296897,0.067699337013085,False,0.01072551107114221,True,0,0
2023-03-31,SPOL.OL,newsweb,1,5.216506211207537,0.05799194090804487,False,0.01072551107114221,False,2,0
2023-04-03,MEDI.OL,newsweb,-1,-2.604751844828793,-0.06565366706444588,False,0.0005237201228527268,True,0,0
2023-04-03,BWE.OL,newsweb,1,3.1131017561212118,0.07014327983710453,False,0.0005237201228527268,False,0,6
2023-04-03,OKEA.OL,newsweb,1,2.2130744974316565,0.05487994067818438,False,0.0005237201228527268,False,0,6
2023-04-03,PEN.OL,newsweb,1,3.2917530289874626,0.05712885172519627,False,0.0005237201228527268,False,0,5
2023-04-05,BAKKA.OL,newsweb,-1,-2.3393458676695786,-0.04328390045765025,False,-0.0050927543729511965,True,2,0
2023-04-13,TGS.OL,newsweb,-1,-4.170681496452127,-0.08376478983027251,False,0.0033661282508914286,True,5,1
2023-04-13,ORK.OL,newsweb,-1,-4.3823741282202295,-0.048048424364019265,False,0.0033661282508914286,True,2,0
2023-04-13,STB.OL,newsweb,-1,-3.9103807384962037,-0.043766298119518904,False,0.0033661282508914286,True,1,0
2023-04-14,NAPA.OL,newsweb,1,3.0450197868025053,0.09646285047791792,False,0.006424532212246076,True,0,0
2023-04-14,STB.OL,newsweb,1,5.2675525656160564,0.05895622226178598,False,0.006424532212246076,True,0,2
2023-04-17,CADLR.OL,newsweb,1,4.271607015096409,0.06641752428652427,False,0.0026343500968960846,True,0,0
2023-04-18,AGLX.OL,newsweb,-1,-2.6847276623247263,-0.04972741145228276,False,0.0011968574867411,True,0,0
2023-04-19,SALME.OL,newsweb,-1,-4.219944584006507,-0.06157408890608934,False,-0.006088368226032165,True,0,0
2023-04-19,NYKD.OL,newsweb,1,10.43111163907866,0.238266448092129,False,-0.006088368226032165,False,2,0
2023-04-20,NOD.OL,newsweb,-1,-5.004380357672528,-0.18440338152357472,False,-0.006108324742601625,True,8,0
2023-04-21,IWS.OL,newsweb,1,2.060598646204826,0.04882902062167407,False,-0.0015993579911884965,True,0,0
2023-04-24,AGLX.OL,newsweb,-1,-2.0095120184803403,-0.03722084454359547,False,0.006158273021933325,True,0,0
2023-04-24,VAR.OL,newsweb,1,3.002989125420113,0.0541318718750229,False,0.006158273021933325,True,8,0
2023-04-25,MEDI.OL,newsweb,-1,-2.0367732165482653,-0.056019429916349665,False,-0.009795982156610351,True,0,0
2023-04-26,DNB.OL,newsweb,1,5.857971779513851,0.061149556479530895,False,-0.004926418162688856,True,6,1
2023-04-26,SBO.OL,newsweb,-1,-2.4553880239060635,-0.048995141919366936,False,-0.004926418162688856,True,0,0
2023-04-27,KOG.OL,newsweb,1,2.087878436543571,0.02575521865296458,False,0.0076657299119627705,True,0,0
2023-04-27,AKAST.OL,newsweb,-1,-2.5075618439209184,-0.061787059460398856,False,0.0076657299119627705,True,0,0
2023-04-27,ATEA.OL,newsweb,1,3.7959753349712324,0.047456599279275334,False,0.0076657299119627705,True,2,0
2023-04-27,AUTO.OL,newsweb,1,6.280581896820496,0.1799613354695875,False,0.0076657299119627705,True,0,0
2023-04-27,NSKOG.OL,newsweb,-1,-6.095059167316468,-0.13741933158029343,False,0.0076657299119627705,True,0,0
2023-04-27,PRS.OL,newsweb,-1,-2.1783452724687415,-0.06418204830563423,False,0.0076657299119627705,True,0,0
2023-04-27,EPR.OL,newsweb,1,2.1462241605158874,0.03669686605007056,False,0.0076657299119627705,True,0,0
2023-04-28,KIT.OL,newsweb,1,5.735345591585006,0.11845166650302923,False,0.008634282590411962,True,0,0
2023-04-28,VEI.OL,newsweb,1,2.6931193472726966,0.02722487520727649,False,0.008634282590411962,True,1,0
2023-04-28,YAR.OL,newsweb,-1,-4.7560714049205295,-0.053749920220238806,False,0.008634282590411962,True,0,0
2023-04-28,NHY.OL,newsweb,-1,-2.38742868106332,-0.042995898086451136,False,0.008634282590411962,True,0,0
2023-04-28,PROT.OL,newsweb,1,2.9852428112833334,0.04764186465578726,False,0.008634282590411962,True,0,0
2023-04-28,GJF.OL,newsweb,1,2.5911445705796385,0.034171464975604936,False,0.008634282590411962,True,2,0
2023-05-02,VEND.OL,newsweb,1,2.129882863327314,0.045279890015923405,True,-0.01113137761001011,True,2,0
2023-05-02,BONHR.OL,newsweb,1,2.875704029764974,0.05165252524699471,True,-0.01113137761001011,True,0,1
2023-05-02,PEXIP.OL,newsweb,1,6.99840544836961,0.259328893053988,True,-0.01113137761001011,True,0,0
2023-05-02,SALME.OL,newsweb,-1,-5.5704149778033125,-0.09938084919908635,True,-0.01113137761001011,True,0,0
2023-05-03,NAPA.OL,newsweb,-1,-3.3280926464819354,-0.1192873981223735,False,-0.009625771381292655,True,0,0
2023-05-03,HEX.OL,newsweb,-1,-2.3067669402127873,-0.05425642043860001,False,-0.009625771381292655,True,4,0
2023-05-04,WAWI.OL,newsweb,-1,-7.147522598936769,-0.19449806562336094,False,-0.008936631628490036,True,0,1
2023-05-04,ELO.OL,newsweb,1,2.56392758604289,0.05784801507520792,False,-0.008936631628490036,True,0,0
2023-05-04,SBNOR.OL,newsweb,-1,-2.527495491890108,-0.03634564684387251,False,-0.008936631628490036,True,0,1
2023-05-05,AFG.OL,newsweb,-1,-3.8909553373132133,-0.054394953276841726,False,0.013834971879356563,True,0,1
2023-05-05,ATEA.OL,newsweb,-1,-2.9381598394555133,-0.03673234460585792,False,0.013834971879356563,True,2,0
2023-05-05,NAS.OL,newsweb,1,2.097676112151401,0.04754669741657258,False,0.013834971879356563,True,0,0
2023-05-05,BONHR.OL,newsweb,-1,-2.2170297270401695,-0.03982161681591386,False,0.013834971879356563,True,0,0
2023-05-05,POL.OL,newsweb,1,4.325516594054178,0.09406091108564174,False,0.013834971879356563,True,0,0
2023-05-05,SCATC.OL,newsweb,1,3.9825839587341014,0.09995033827753672,False,0.013834971879356563,True,0,0
2023-05-09,KOA.OL,newsweb,-1,-3.2470966045303657,-0.10011087027223833,False,-0.0073628530594189445,True,0,0
2023-05-09,ACR.OL,newsweb,-1,-2.110182489250147,-0.04585238668441371,False,-0.0073628530594189445,True,0,0
2023-05-09,ORK.OL,newsweb,1,5.136907935737923,0.07282577492400726,False,-0.0073628530594189445,True,1,0
2023-05-09,HEX.OL,newsweb,-1,-2.0103359704043,-0.04728420185484156,False,-0.0073628530594189445,True,3,0
2023-05-10,LINK.OL,newsweb,1,4.786746622908926,0.16947674441811345,False,0.0034026748834878866,True,0,0
2023-05-10,WEST.OL,newsweb,-1,-5.546032463917312,-0.12890552340534298,False,0.0034026748834878866,True,1,0
2023-05-10,MULTI.OL,newsweb,1,4.165761148543673,0.10018275673959787,False,0.0034026748834878866,True,0,0
2023-05-10,WWI.OL,newsweb,1,3.3533957664255367,0.06399175399723626,False,0.0034026748834878866,True,2,1
2023-05-10,NHY.OL,newsweb,-1,-4.091813329350286,-0.07369065735574998,False,0.0034026748834878866,True,0,0
2023-05-10,BNOR.OL,newsweb,1,3.583526439811896,0.05787231741617363,False,0.0034026748834878866,True,5,0
2023-05-10,ELMRA.OL,newsweb,1,5.428846135417145,0.13845605543781983,False,0.0034026748834878866,True,0,0
2023-05-10,STB.OL,newsweb,-1,-2.0548038887824975,-0.028603821706230968,False,0.0034026748834878866,True,0,2
2023-05-11,TEL.OL,newsweb,1,2.131101757333158,0.028082883437938418,False,0.004400186892754716,True,0,0
2023-05-11,KOG.OL,newsweb,-1,-3.6160089415368017,-0.04460561463268498,False,0.004400186892754716,True,0,0
2023-05-11,VEI.OL,newsweb,1,3.276988369793855,0.03312723571411053,False,0.004400186892754716,True,0,0
2023-05-11,BONHR.OL,newsweb,1,5.269668046776753,0.09465218221767532,False,0.004400186892754716,True,1,0
2023-05-11,CLOUD.OL,newsweb,1,2.1819744508084313,0.04462585965595816,False,0.004400186892754716,True,0,1
2023-05-11,SALM.OL,newsweb,1,2.801841361156576,0.059502095506780525,False,0.004400186892754716,True,3,1
2023-05-11,HEX.OL,newsweb,-1,-2.4136102416760976,-0.056769433341718314,False,0.004400186892754716,True,2,0
2023-05-12,NAS.OL,newsweb,-1,-2.2553524706027916,-0.05112064768544717,False,0.005787765304974594,True,0,0
2023-05-16,LSG.OL,newsweb,-1,-2.78530302970135,-0.05500849861228819,False,-0.00035837499528669915,False,1,1
2023-05-16,AUSS.OL,newsweb,-1,-2.6564744928192723,-0.049908844261207425,False,-0.00035837499528669915,False,1,1
2023-05-16,NORBT.OL,newsweb,1,2.6687298365460532,0.0566368101409069,False,-0.00035837499528669915,True,0,0
2023-05-23,KOG.OL,newsweb,-1,-3.023267934081764,-0.037293802802846956,False,0.0044541181202565104,True,0,0
2023-05-23,LSG.OL,newsweb,-1,-3.0130701922288052,-0.0595067989804028,False,0.0044541181202565104,True,5,0
2023-05-23,MPCC.OL,newsweb,1,2.746674587267995,0.07539810868683075,False,0.0044541181202565104,True,3,0
2023-05-23,BWLPG.OL,newsweb,1,2.284087644769451,0.059839750480909754,False,0.0044541181202565104,True,3,0
2023-05-24,HAUTO.OL,newsweb,-1,-4.218816338124936,-0.1407719769026684,True,-0.01138119539729238,True,4,0
2023-05-24,KCC.OL,newsweb,-1,-4.659084617663171,-0.08695202299321696,True,-0.01138119539729238,True,0,0
2023-05-25,GSF.OL,newsweb,1,3.9514343159435543,0.08852962733207556,False,-0.0017368782713421086,True,2,3
2023-05-31,TOM.OL,newsweb,1,2.034347523537003,0.03726181650448605,True,-0.010696602910838801,True,1,0
2023-05-31,HSHP.OL,newsweb,-1,-2.83330158683342,-0.05404011369959646,True,-0.010696602910838801,True,1,0
2023-06-08,KOG.OL,newsweb,1,2.056570559467934,0.029887312954053898,False,0.00026447739539995686,True,0,0
2023-06-08,SALM.OL,newsweb,-1,-2.4641399740686816,-0.049630948007372895,False,0.00026447739539995686,True,5,0
2023-06-13,YAR.OL,newsweb,1,12.382257625204888,0.15016470521001524,False,0.009421826956548033,True,0,0
2023-06-15,CRNA.OL,newsweb,-1,-2.2042219290975873,-0.10653803312142275,False,-0.002832828185941811,True,0,0
2023-06-15,TRMED.OL,newsweb,1,4.2914916451294385,0.17894239769381828,False,-0.002832828185941811,True,0,0
2023-06-21,ATEA.OL,newsweb,-1,-3.3018177590506426,-0.053653253152353274,False,-0.003700036994028554,True,0,1
2023-06-26,TRMED.OL,newsweb,1,3.476879663427797,0.225637326800614,False,-0.002449409409846533,True,0,0
2023-06-28,HEX.OL,newsweb,1,2.055610183410859,0.04530267191954479,False,0.006522630823569814,True,1,1
2023-06-29,SUBC.OL,newsweb,1,2.1082403205202698,0.03639064745439626,False,0.00730802521796007,True,5,2
2023-06-30,SUBC.OL,newsweb,1,6.146895380440348,0.10610246875150353,False,0.006405226719410697,True,8,0
2023-07-03,SNI.OL,newsweb,-1,-3.896743875652243,-0.07990684807233847,False,0.00520027416332687,True,6,0
2023-07-06,BNOR.OL,newsweb,1,2.1525905923672988,0.03987896756651267,True,-0.01194426897041649,True,6,0
2023-07-10,TGS.OL,newsweb,-1,-4.779479758263667,-0.1051009584956716,False,-0.0013328928486942648,True,8,0
2023-07-10,DNO.OL,newsweb,1,5.02260353709286,0.13084098812676975,False,-0.0013328928486942648,True,8,0
2023-07-13,KIT.OL,newsweb,-1,-5.05421583265807,-0.11997250046720316,False,-0.002215031673786749,True,0,0
2023-07-13,AKSO.OL,newsweb,1,4.884876468390521,0.08056270872931276,False,-0.002215031673786749,False,4,0
2023-07-13,EPR.OL,newsweb,-1,-3.5593237425367703,-0.07404325784375429,False,-0.002215031673786749,True,0,0
2023-07-13,OKEA.OL,newsweb,1,2.2806223617312527,0.03785577682448407,False,-0.002215031673786749,False,6,0
2023-07-14,ELK.OL,newsweb,-1,-6.168930196746332,-0.08980397676194886,False,-0.006876288628397575,True,0,0
2023-07-14,ENH.OL,newsweb,1,9.147592676985942,0.21698006784977797,False,-0.006876288628397575,True,0,0
2023-07-14,ERIC-B.ST,gdelt,-1,-6.336110880067953,-0.10678065841678602,False,-0.006876288628397575,True,0,0
2023-07-14,GJF.OL,newsweb,-1,-7.087321177416176,-0.08263967156400048,False,-0.006876288628397575,True,1,0
2023-07-14,NOKIA.HE,gdelt,-1,-6.521505985437951,-0.09234647465890139,False,-0.006876288628397575,False,5,0
2023-07-14,ORK.OL,newsweb,1,3.351826334222774,0.05107128767452861,False,-0.006876288628397575,True,0,0
2023-07-17,TOM.OL,newsweb,-1,-3.9035706957323173,-0.06360331113255,False,-0.007394899502554708,True,4,1
2023-07-17,BAKKA.OL,newsweb,-1,-7.386347557642849,-0.1445531412408042,False,-0.007394899502554708,True,5,0
2023-07-18,ATEA.OL,newsweb,-1,-3.1928716632174985,-0.060252463107559204,False,0.008087985258039805,True,1,0
2023-07-20,TEL.OL,newsweb,1,5.106329535363178,0.0638417882214086,False,0.0033537232049614856,True,0,0
2023-08-08,KOA.OL,newsweb,-1,-2.502682347685462,-0.05568832037980405,False,-0.008570316931443975,True,0,0
2023-08-09,OKEA.OL,newsweb,1,3.3794890331136216,0.05326014200121681,False,0.010276989471735515,True,1,5
2023-08-09,SBNOR.OL,newsweb,1,2.247224727398287,0.023591909741807103,False,0.010276989471735515,True,0,2
2023-08-10,HLAG.DE,gdelt,-1,-2.712489511583311,-0.06988561321420633,False,0.0019232928625319337,True,2,0
2023-08-11,SKUE.OL,newsweb,1,2.0731452211621626,0.018535492455867678,False,-5.721063534742713e-05,True,0,0
2023-08-11,SOAG.OL,newsweb,1,2.269360036924045,0.025983132667543547,False,-5.721063534742713e-05,True,1,0
2023-08-14,ROGS.OL,newsweb,1,2.0021608021095507,0.025885652912330012,False,-0.0008200330798183051,True,0,0
2023-08-15,WAWI.OL,newsweb,1,2.1080347941394124,0.06864603403675532,False,-0.002009453499830597,True,1,2
2023-08-16,WEST.OL,newsweb,-1,-3.9187629047133843,-0.11277463537384488,False,0.003978841187182031,True,0,0
2023-08-17,PRS.OL,newsweb,-1,-2.1756921942904617,-0.0632701208296805,False,-0.003992216393189566,True,0,0
2023-08-17,AUTO.OL,newsweb,-1,-4.598956523198576,-0.1273434025779448,False,-0.003992216393189566,True,0,0
2023-08-17,HEX.OL,newsweb,1,2.1254241071465523,0.062336054618676445,False,-0.003992216393189566,True,0,0
2023-08-21,SBNOR.OL,newsweb,-1,-3.079766681170124,-0.027586585482841406,False,0.0022590602274697286,False,2,0
2023-08-21,SPOL.OL,newsweb,1,2.172303956499687,0.018966709970884715,False,0.0022590602274697286,False,5,0
2023-08-22,AGLX.OL,newsweb,-1,-4.614994983622774,-0.06631028803224115,False,-0.0008570885463064815,True,0,0
2023-08-22,BAKKA.OL,newsweb,-1,-4.304113466766992,-0.10079266046138463,False,-0.0008570885463064815,True,4,0
2023-08-23,LSG.OL,newsweb,1,5.042798730967245,0.06745597567856194,False,-0.005080057903834502,False,1,1
2023-08-23,ALNG.OL,newsweb,-1,-3.274047630814172,-0.048835191909306165,False,-0.005080057903834502,True,0,1
2023-08-23,MOWI.OL,newsweb,1,2.656688526438557,0.03335738287632008,False,-0.005080057903834502,False,1,1
2023-08-23,AUSS.OL,newsweb,1,3.5494634287385463,0.0412939886000197,False,-0.005080057903834502,False,1,1
2023-08-23,ZAP.OL,newsweb,1,4.745517824829532,0.11511620748525915,False,-0.005080057903834502,True,0,0
2023-08-23,B2I.OL,newsweb,1,4.420891521304429,0.05961888914826154,False,-0.005080057903834502,True,0,0
2023-08-23,BWE.OL,newsweb,-1,-2.5373430798231147,-0.04238133043608189,False,-0.005080057903834502,True,1,2
2023-08-23,REACH.OL,newsweb,1,4.193627625885914,0.08275891092052721,False,-0.005080057903834502,True,0,0
2023-08-23,SMOP.OL,newsweb,-1,-8.654391088064251,-0.17336392802166464,False,-0.005080057903834502,True,0,0
2023-08-24,NAS.OL,newsweb,-1,-4.108567418195978,-0.07297807202446197,False,-0.006185320947374633,True,0,0
2023-08-24,CRNA.OL,newsweb,-1,-3.5694858290778844,-0.15966998370833235,False,-0.006185320947374633,True,0,0
2023-08-24,SALM.OL,newsweb,1,2.417961040317324,0.041796878574013256,False,-0.006185320947374633,True,0,3
2023-08-24,FRO.OL,newsweb,1,2.944425022836441,0.07140171196174176,False,-0.006185320947374633,True,1,1
2023-08-24,KID.OL,newsweb,1,2.103916304569719,0.05215571747798389,False,-0.006185320947374633,True,0,0
2023-08-25,SOFF.OL,newsweb,-1,-4.204000331868254,-0.11551768368778953,False,-0.000655931918640849,True,1,1
2023-08-28,JIN.OL,newsweb,-1,-3.437152463842335,-0.08139226084425186,False,0.006631138686143007,True,2,0
2023-09-01,NSKOG.OL,newsweb,-1,-2.0026500375093184,-0.03775011044455789,False,0.00010811002466776157,True,0,0
2023-09-01,BWE.OL,newsweb,1,2.3921267015200005,0.03995577617716614,False,0.00010811002466776157,True,0,7
2023-09-04,CRNA.OL,newsweb,1,2.6530145151919236,0.11867445472618537,False,0.0028107758340808297,True,0,0
2023-09-04,AFG.OL,newsweb,-1,-3.281719872135896,-0.04296508459574218,False,0.0028107758340808297,True,0,1
2023-09-05,KOG.OL,newsweb,1,4.42252117299718,0.061395573519691264,False,6.413427756452858e-05,True,0,0
2023-09-11,KOA.OL,newsweb,1,3.032078439849639,0.041489702052905246,False,0.0058664297003499805,True,0,0
2023-09-13,VEND.OL,newsweb,-1,-2.0652149346569018,-0.03670476917222263,False,-0.004946665274323763,True,3,0
2023-09-18,TGS.OL,newsweb,1,3.813367325457209,0.08912679411399246,False,-0.003783101697204807,True,5,2
2023-09-18,NOD.OL,newsweb,-1,-4.2380748167702,-0.09860166425194508,False,-0.003783101697204807,True,5,0
2023-09-18,SKUE.OL,newsweb,-1,-2.2476896048640214,-0.017357819179657105,False,-0.003783101697204807,True,0,0
2023-09-19,TGS.OL,newsweb,-1,-2.1486932417402693,-0.05354994251096878,False,0.004443668980703568,False,7,0
2023-09-20,VAR.OL,newsweb,-1,-2.0119015691404254,-0.026372732354246083,False,0.009246097816284746,True,0,4
2023-09-20,NYKD.OL,newsweb,1,2.438452729062806,0.04015517941215008,False,0.009246097816284746,True,0,0
2023-09-21,STB.OL,newsweb,1,2.781175298315658,0.016216739950513072,False,-0.007067240928764551,True,2,2
2023-09-22,VEND.OL,newsweb,1,7.468762460946979,0.11355886588236723,False,-0.0015263402407755667,True,3,0
2023-09-26,ORK.OL,newsweb,-1,-2.5759058899592797,-0.02442763483219635,False,-0.0034499206546740936,True,0,0
2023-09-27,NYKD.OL,newsweb,-1,-4.169946414608418,-0.06866852263402651,False,0.008760835573278608,True,0,0
2023-09-29,IWS.OL,newsweb,1,2.197807051857861,0.06628519837631577,False,0.003929649564827363,True,0,0
2023-10-02,ZAP.OL,newsweb,-1,-3.129470004632392,-0.0880351297227069,False,-0.005298650269207137,True,0,0
2023-10-04,BWLPG.OL,newsweb,-1,-5.825395941539195,-0.12038764302041251,True,-0.015249135057676477,True,1,0
2023-10-06,PROT.OL,newsweb,1,2.114717587815237,0.03318877467219266,False,-0.0006280633924713079,True,0,0
2023-10-06,ELK.OL,newsweb,-1,-4.428419661651632,-0.09213248501724845,False,-0.0006280633924713079,True,0,0
2023-10-06,ENVIP.OL,newsweb,-1,-2.0253771403704772,-0.08360858745452342,False,-0.0006280633924713079,True,0,0
2023-10-06,HAUTO.OL,newsweb,1,2.3098439167213995,0.04713659584211701,False,-0.0006280633924713079,True,3,1
2023-10-06,NSKOG.OL,newsweb,-1,-3.8578930730831287,-0.06424094973709976,False,-0.0006280633924713079,True,0,0
2023-10-09,TGS.OL,newsweb,1,2.9709816465514867,0.0740430943251446,False,0.0030120175350303756,True,0,6
2023-10-09,VOLV-B.ST,gdelt,-1,-2.2372259278005684,-0.01797121446146137,False,0.0030120175350303756,True,0,6
2023-10-09,FRO.OL,newsweb,1,2.947592783385787,0.06218307245178019,False,0.0030120175350303756,True,0,2
2023-10-09,NYKD.OL,newsweb,-1,-2.4459591232592435,-0.040278790832664314,False,0.0030120175350303756,True,0,0
2023-10-09,KID.OL,newsweb,1,2.437256696263269,0.05131401809705177,False,0.0030120175350303756,True,0,0
2023-10-13,WEST.OL,newsweb,-1,-3.5606075892880185,-0.08659790986581967,False,-0.004387029848693726,True,0,1
2023-10-17,ERIC-B.ST,gdelt,-1,-3.374010193135703,-0.060474299267878666,False,-0.000581174505115945,True,0,0
2023-10-17,NOD.OL,newsweb,-1,-8.841430065763399,-0.2231987796995641,False,-0.000581174505115945,True,3,0
2023-10-18,CRNA.OL,newsweb,-1,-2.745637764656892,-0.16039054867355193,False,-0.003171651077599613,True,0,0
2023-10-18,VOLV-B.ST,gdelt,1,2.1560862614590492,0.01807490408538251,False,-0.003171651077599613,True,7,1
2023-10-19,DNB.OL,newsweb,-1,-10.779526679773792,-0.06516720876485911,False,-0.009971224301058474,True,7,0
2023-10-19,ATEA.OL,newsweb,-1,-3.4541214584993307,-0.04757578181229554,False,-0.009971224301058474,True,0,0
2023-10-19,SCATC.OL,newsweb,1,2.0271824667693403,0.044195096366187736,False,-0.009971224301058474,True,0,0
2023-10-19,NOKIA.HE,gdelt,-1,-4.895596135663235,-0.056521401175341046,False,-0.009971224301058474,True,3,0
2023-10-20,TOM.OL,newsweb,-1,-14.081881668747023,-0.24361148894695103,True,-0.012644476144567218,True,4,0
2023-10-20,VAR.OL,newsweb,1,2.561626094532775,0.04500661820032248,True,-0.012644476144567218,True,2,3
2023-10-20,SALM.OL,newsweb,-1,-2.375251070738532,-0.025801521693315267,True,-0.012644476144567218,True,1,2
2023-10-20,YAR.OL,newsweb,-1,-5.637351903663747,-0.0530635733045227,True,-0.012644476144567218,True,0,0
2023-10-20,GJF.OL,newsweb,1,5.412224834565877,0.05236742106236188,True,-0.012644476144567218,True,0,0
2023-10-23,KOA.OL,newsweb,-1,-2.492127332572869,-0.038008873043522615,True,-0.011788642862685156,True,0,0
2023-10-23,SOFF.OL,newsweb,-1,-4.142689816653787,-0.16397140305645702,True,-0.011788642862685156,True,1,1
2023-10-24,WAWI.OL,newsweb,1,4.208137322363581,0.062446618943826256,False,0.008357155931957915,True,0,4
2023-10-24,NHY.OL,newsweb,1,2.744902048203021,0.03806475956864425,False,0.008357155931957915,True,0,0
2023-10-24,BRG.OL,newsweb,1,3.47063244669888,0.041670998411892694,False,0.008357155931957915,True,0,0
2023-10-25,KIT.OL,newsweb,-1,-5.456332510957314,-0.09649538891079065,False,-0.008930031703754567,True,0,0
2023-10-25,TEL.OL,newsweb,1,2.5710863509787196,0.024927934210619493,False,-0.008930031703754567,True,0,0
2023-10-25,ELK.OL,newsweb,-1,-3.091209613800317,-0.06225045011012699,False,-0.008930031703754567,True,0,0
2023-10-25,VEI.OL,newsweb,1,2.0082729748119674,0.02209063505158643,False,-0.008930031703754567,True,0,0
2023-10-25,SAND.ST,gdelt,1,2.167585813387434,0.024144324811901166,False,-0.008930031703754567,True,1,2
2023-10-25,HELG.OL,newsweb,1,3.8860608490536768,0.045984589618098724,False,-0.008930031703754567,True,0,0
2023-10-25,NYKD.OL,newsweb,-1,-5.291445205586524,-0.10911756417677382,False,-0.008930031703754567,True,0,0
2023-10-25,STB.OL,newsweb,1,9.229536805305239,0.0664528505386258,False,-0.008930031703754567,True,3,0
2023-10-26,TGS.OL,newsweb,1,2.0673106843603,0.053932927132578364,False,-0.007838128655613919,False,5,0
2023-10-26,MORG.OL,newsweb,-1,-2.4732013283086545,-0.02624595539095084,False,-0.007838128655613919,True,1,0
2023-10-26,ORK.OL,newsweb,-1,-10.717427343809696,-0.08228795109484467,False,-0.007838128655613919,True,0,0
2023-10-26,PRS.OL,newsweb,-1,-9.213539710549618,-0.2070085989335202,False,-0.007838128655613919,True,0,0
2023-10-26,SBNOR.OL,newsweb,1,3.099362073976594,0.03168021083908656,False,-0.007838128655613919,True,2,0
2023-10-27,NONG.OL,newsweb,-1,-2.053395498150073,-0.014120725465772206,False,0.00557580987051573,False,0,0
2023-10-27,SPOL.OL,newsweb,-1,-2.771429800103364,-0.032227650595845994,False,0.00557580987051573,False,1,0
2023-10-30,AFG.OL,newsweb,-1,-2.2307115789565004,-0.0349037774436408,False,0.0011272769601299347,True,1,0
2023-10-30,AKAST.OL,newsweb,1,2.1030898713810675,0.02735105459901019,False,0.0011272769601299347,True,0,0
2023-10-30,AKSO.OL,newsweb,1,5.397283198604169,0.08328016975131884,False,0.0011272769601299347,True,2,1
2023-10-30,HAVI.OL,newsweb,-1,-2.7976421440734263,-0.077443108149489,False,0.0011272769601299347,True,0,0
2023-10-31,HAVI.OL,newsweb,-1,-6.213760196716451,-0.17200659632208928,False,0.010200974845695038,True,1,0
2023-10-31,CLOUD.OL,newsweb,1,2.106547351613423,0.0554643598424116,False,0.010200974845695038,True,0,0
2023-11-01,ELMRA.OL,newsweb,-1,-4.027395214695489,-0.0914086519038075,False,8.432691492979052e-05,True,0,0
2023-11-01,WAWI.OL,newsweb,1,4.275111477335039,0.06344048136185171,False,8.432691492979052e-05,True,3,1
2023-11-01,MULTI.OL,newsweb,-1,-2.00734008779886,-0.03539740442948595,False,8.432691492979052e-05,True,0,0
2023-11-02,ACR.OL,newsweb,-1,-4.034807638885512,-0.05088609675891008,False,0.0153536707239748,True,0,0
2023-11-02,MING.OL,newsweb,-1,-6.9374145741646265,-0.053156641463527186,False,0.0153536707239748,True,3,0
2023-11-02,NAS.OL,newsweb,1,3.83350081257691,0.07566358110414807,False,0.0153536707239748,True,0,0
2023-11-02,NSKOG.OL,newsweb,1,4.36351689026713,0.07446983109053025,False,0.0153536707239748,True,0,0
2023-11-02,ODL.OL,newsweb,1,2.041177835490197,0.03692473433398677,False,0.0153536707239748,True,8,0
2023-11-02,ELO.OL,newsweb,1,6.739877141764842,0.10229355479041881,False,0.0153536707239748,True,0,0
2023-11-02,SBO.OL,newsweb,1,2.2068318070264903,0.03938770944545068,False,0.0153536707239748,True,0,0
2023-11-02,SCATC.OL,newsweb,1,5.8180013983022505,0.12683965882279888,False,0.0153536707239748,True,0,0
2023-11-02,SOAG.OL,newsweb,-1,-3.0504927368763144,-0.03480765156398287,False,0.0153536707239748,True,0,0
2023-11-03,MAERSK-B.CO,gdelt,-1,-10.595800906043406,-0.18758644703018346,False,0.001655597822803269,True,1,0
2023-11-06,MING.OL,newsweb,1,2.171094275060464,0.01663560375830682,False,0.0002491754979236613,True,6,0
2023-11-07,SOAG.OL,newsweb,1,2.964737521881482,0.03382914156549944,True,-0.010442116243256293,True,0,0
2023-11-07,LINK.OL,newsweb,1,11.986435814613131,0.26595610003416453,True,-0.010442116243256293,True,0,0
2023-11-07,RING.OL,newsweb,1,3.0474867305049473,0.04416117193580278,True,-0.010442116243256293,True,0,0
2023-11-07,ENDUR.OL,newsweb,1,2.289013856940631,0.05314177863474297,True,-0.010442116243256293,True,0,0
2023-11-08,RING.OL,newsweb,-1,-2.385959235811673,-0.03457496795303104,False,0.0030272508746802874,True,0,0
2023-11-08,VEI.OL,newsweb,1,2.2366047455677474,0.02460224272729132,False,0.0030272508746802874,True,1,0
2023-11-08,MOWI.OL,newsweb,1,5.34646299052352,0.053499876962463,False,0.0030272508746802874,False,0,1
2023-11-08,AUSS.OL,newsweb,1,2.2007756657870483,0.02940220680734713,False,0.0030272508746802874,False,0,2
2023-11-09,AUTO.OL,newsweb,1,2.1544349957248103,0.06969341787707398,False,0.008221648751139602,True,0,0
2023-11-09,BOUV.OL,newsweb,1,2.7490563652622035,0.0453580277901676,False,0.008221648751139602,True,0,0
2023-11-09,OET.OL,newsweb,-1,-5.125749523043136,-0.11050891141239247,False,0.008221648751139602,True,3,1
2023-11-09,DNO.OL,newsweb,-1,-2.65184254047642,-0.043944155566961005,False,0.008221648751139602,True,4,3
2023-11-09,REACH.OL,newsweb,-1,-2.21605123500672,-0.0427566464268702,False,0.008221648751139602,True,0,0
2023-11-09,SALM.OL,newsweb,1,5.937507579282262,0.06449706833031423,False,0.008221648751139602,True,2,1
2023-11-09,SBO.OL,newsweb,1,3.913985588666353,0.0698571257896597,False,0.008221648751139602,True,0,0
2023-11-09,SKUE.OL,newsweb,1,2.0894928388433236,0.016286855090434565,False,0.008221648751139602,True,0,0
2023-11-09,KID.OL,newsweb,1,2.8381109456675557,0.05532469531456846,False,0.008221648751139602,True,0,0
2023-11-10,AFG.OL,newsweb,-1,-4.662824063190958,-0.07295885980768642,False,-0.005197110059470003,True,0,0
2023-11-10,B2I.OL,newsweb,-1,-2.1500198449489942,-0.035779494648778984,False,-0.005197110059470003,True,0,0
2023-11-10,NSKOG.OL,newsweb,-1,-4.284208802399546,-0.07311632197021828,False,-0.005197110059470003,True,0,0
2023-11-14,TOM.OL,newsweb,1,3.31058786837797,0.05727197961726876,False,0.009787418589587742,True,4,0
2023-11-14,GSF.OL,newsweb,-1,-2.4422760900095537,-0.03687675790481725,False,0.009787418589587742,True,5,0
2023-11-14,HAFNI.OL,newsweb,-1,-2.2036097069291745,-0.03938499538855545,False,0.009787418589587742,True,0,3
2023-11-14,BWLPG.OL,newsweb,-1,-2.115408684221384,-0.054597200187652434,False,0.009787418589587742,True,0,2
2023-11-15,TEL.OL,newsweb,-1,-3.176789752872724,-0.030800523650415843,False,0.006186796614662168,True,0,0
2023-11-15,LSG.OL,newsweb,-1,-3.7095553276200826,-0.06074313341839043,False,0.006186796614662168,True,3,1
2023-11-15,TRMED.OL,newsweb,1,7.247466982404962,0.26793349998807553,False,0.006186796614662168,True,0,0
2023-11-15,AUSS.OL,newsweb,-1,-5.29238774967162,-0.07070592497889441,False,0.006186796614662168,True,2,1
2023-11-15,ZAP.OL,newsweb,-1,-2.041149200307415,-0.05893018872450406,False,0.006186796614662168,True,0,0
2023-11-15,NORBT.OL,newsweb,-1,-3.6765688144741957,-0.08574790277404687,False,0.006186796614662168,True,0,0
2023-11-16,SOAG.OL,newsweb,-1,-2.6783140856462135,-0.030713736448049807,True,-0.012069493997445356,True,0,1
2023-11-16,HSHP.OL,newsweb,1,2.1769045587519322,0.04538706691798751,True,-0.012069493997445356,True,0,1
2023-11-16,BWE.OL,newsweb,-1,-3.9065412547736527,-0.07970957753762578,True,-0.012069493997445356,True,1,0
2023-11-16,SUBC.OL,newsweb,-1,-2.271554634811099,-0.030524747827586227,True,-0.012069493997445356,True,1,5
2023-11-16,PEN.OL,newsweb,-1,-3.5871969331163562,-0.06761012481398526,True,-0.012069493997445356,False,2,0
2023-11-21,SNI.OL,newsweb,-1,-2.4076012664928537,-0.04032219307534285,True,-0.011098042271312242,True,4,0
2023-11-22,VEND.OL,newsweb,1,2.2188384564685184,0.049413253531136285,False,-0.0032460959541695308,True,0,0
2023-11-23,HUNT.OL,newsweb,1,2.3446621918139456,0.13799943354670346,False,0.01034707491510427,True,0,0
2023-11-28,ROGS.OL,newsweb,1,2.6907665929172455,0.03534184819652032,False,-0.00825106084173211,True,0,0
2023-11-29,EQNR.OL,newsweb,-1,-2.0569111671175686,-0.02460601277394387,False,0.004058865359374379,True,1,5
2023-11-30,FRO.OL,newsweb,-1,-2.668314976144542,-0.06121583889535905,False,0.004480097779684232,True,2,0
2023-12-01,HUNT.OL,newsweb,1,3.8125417480373436,0.22439420204719265,False,0.0067417566883008736,True,0,0
2023-12-01,OKEA.OL,newsweb,-1,-4.221569438742045,-0.08314424067065733,False,0.0067417566883008736,True,4,0
2023-12-04,KOG.OL,newsweb,-1,-2.3599443554808275,-0.040457809579532426,False,-0.005579124405023609,True,0,0
2023-12-05,NOKIA.HE,gdelt,-1,-4.59717979828382,-0.0638861587178872,False,0.0026457760253195887,True,3,0
2023-12-06,MULTI.OL,newsweb,1,7.096645820172278,0.11446458678294852,False,0.003198692739196949,True,0,0
2023-12-07,AGLX.OL,newsweb,1,2.8273958907657684,0.06581497843092571,False,-0.0034950809543474563,True,0,0
2023-12-08,AGLX.OL,newsweb,-1,-2.876370844001415,-0.06695499759180336,False,0.008494260762870898,True,0,0
2023-12-08,RING.OL,newsweb,-1,-2.6695712955609916,-0.04252197091008346,False,0.008494260762870898,True,0,0
2023-12-11,VEND.OL,newsweb,1,5.782530576631612,0.12877622911287395,False,0.0002730289927901691,True,0,0
2023-12-11,SMOP.OL,newsweb,-1,-2.672230127528216,-0.07520442551241596,False,0.0002730289927901691,True,0,0
2023-12-11,BRG.OL,newsweb,-1,-4.887422370066913,-0.07507752256436664,False,0.0002730289927901691,True,0,0
2023-12-13,KIT.OL,newsweb,-1,-4.481427633244938,-0.10214284454416657,False,0.002310240771100521,True,0,0
2023-12-13,STB.OL,newsweb,-1,-3.6213898196666463,-0.04437087828779737,False,0.002310240771100521,True,3,0
2023-12-13,CLOUD.OL,newsweb,1,2.2561114443751977,0.05932485580193219,False,0.002310240771100521,True,0,0
2023-12-14,B2I.OL,newsweb,1,2.271809773920541,0.03519944262316632,False,0.016743099225047114,True,0,0
2023-12-14,NYKD.OL,newsweb,1,2.239807803514847,0.0614473564999293,False,0.016743099225047114,True,0,0
2023-12-14,BWE.OL,newsweb,1,4.548808262394713,0.09281447737229964,False,0.016743099225047114,True,5,0
2023-12-14,STB.OL,newsweb,-1,-2.5506374759330246,-0.03125154447231995,False,0.016743099225047114,True,3,0
2023-12-18,EPR.OL,newsweb,1,4.447358450140347,0.04935425571585251,False,0.009113585897315172,True,0,0
2023-12-21,ZAP.OL,newsweb,1,3.416399184678036,0.11920143914458328,False,-0.0001546432877964269,True,0,0
2023-12-22,SALM.OL,newsweb,-1,-2.687711402287776,-0.03569854399658988,False,0.003954931720156072,True,4,0
2023-12-22,WEST.OL,newsweb,-1,-5.398891964485272,-0.1329064260506069,False,0.003954931720156072,True,0,1
2023-12-27,KOA.OL,newsweb,1,2.2977079594753,0.036095691984460186,False,0.0019259097828171173,True,0,0
2023-12-27,MAERSK-B.CO,gdelt,-1,-1.7230737518321046,-0.04998973491998627,False,0.0019259097828171173,True,0,0
2023-12-27,HLAG.DE,gdelt,-1,-2.877727431643352,-0.08839217227419566,False,0.0019259097828171173,True,0,1
2023-12-29,OKEA.OL,newsweb,-1,-6.558531968942003,-0.13613812144899773,False,0.0034209287758549325,True,8,0
2024-01-02,ENVIP.OL,newsweb,1,2.104055363030281,0.07546295415289586,False,0.0022097893016923024,True,0,0
2024-01-02,SBNOR.OL,newsweb,-1,-3.1676179412292096,-0.033188895104576996,False,0.0022097893016923024,True,0,1
2024-01-03,ZAL.OL,newsweb,1,2.0685986995309413,0.041743120691256276,False,-0.004168023091796394,True,0,0
2024-01-08,PRS.OL,newsweb,-1,-3.0866318889218154,-0.10853520422017386,False,-0.0019949223036070758,True,0,0
2024-01-08,BNOR.OL,newsweb,-1,-2.0232829608306675,-0.035086678133709706,False,-0.0019949223036070758,True,0,4
2024-01-09,TGS.OL,newsweb,-1,-7.308430782222638,-0.17223136196473346,False,0.0002728319118640487,True,7,0
2024-01-12,BMW.DE,gdelt,-1,-2.181875967032133,-0.02407616386360064,False,0.008119685304813528,True,3,2
2024-01-16,OKEA.OL,newsweb,-1,-2.6589280216882907,-0.0551924527706674,False,-0.00041453796340988586,False,8,0
2024-01-18,MOWI.OL,newsweb,1,2.1677942871292633,0.027126793931441247,False,0.005002970662718534,True,3,0
2024-01-18,B2I.OL,newsweb,1,2.5239119649946007,0.039978871712321874,False,0.005002970662718534,True,0,0
2024-01-22,ATEA.OL,newsweb,1,2.1786185956194437,0.03318510660206214,False,0.007416607813310276,True,0,0
2024-01-22,BNOR.OL,newsweb,-1,-2.484924579084771,-0.03853794298356876,False,0.007416607813310276,False,1,3
2024-01-22,PROT.OL,newsweb,1,7.030506905532905,0.09101420235721949,False,0.007416607813310276,True,0,0
2024-01-24,GJF.OL,newsweb,-1,-2.0446087918384004,-0.020618581457692423,False,0.003191815351354,True,0,0
2024-01-25,LSG.OL,newsweb,-1,-4.203342655015874,-0.06169641968257979,False,0.0010989016366217221,False,1,1
2024-01-25,MOWI.OL,newsweb,-1,-3.608429672833065,-0.0451542513661047,False,0.0010989016366217221,False,1,1
2024-01-25,GSF.OL,newsweb,-1,-3.631398713003153,-0.0804558617276741,False,0.0010989016366217221,False,1,1
2024-01-26,SCATC.OL,newsweb,1,2.1969022229563993,0.06722082395404515,False,0.0035880900189451306,True,0,0
2024-01-26,YAR.OL,newsweb,1,2.0076167197907364,0.020382043393419366,False,0.0035880900189451306,True,0,0
2024-01-26,AGLX.OL,newsweb,1,3.7935969082057404,0.09825451865290503,False,0.0035880900189451306,True,0,0
2024-01-30,WAWI.OL,newsweb,1,3.1578719639605324,0.06442982307912183,False,-0.0017059008981340584,True,2,3
2024-01-31,DNB.OL,newsweb,-1,-3.3689998471494036,-0.027729234433900112,False,-0.0013565874487889585,True,2,0
2024-01-31,BRG.OL,newsweb,1,4.244080422992428,0.07537370586837787,False,-0.0013565874487889585,True,0,0
2024-02-01,PROT.OL,newsweb,1,10.251169760369335,0.13270764846759558,False,0.0008390133303145526,True,0,0
2024-02-01,PRS.OL,newsweb,-1,-2.2088902240696577,-0.08894967614702955,False,0.0008390133303145526,True,0,0
2024-02-01,EPR.OL,newsweb,-1,-2.293812432312047,-0.030184289948107765,False,0.0008390133303145526,True,0,0
2024-02-01,SBNOR.OL,newsweb,1,3.041220872173596,0.03478360154762755,False,0.0008390133303145526,True,0,0
2024-02-02,IWS.OL,newsweb,1,2.2851088701042417,0.08580239667820605,False,-0.0026148633498962277,True,0,0
2024-02-06,MULTI.OL,newsweb,1,5.7120932351982265,0.12210922693726786,False,0.005699243298370278,True,0,0
2024-02-06,NOD.OL,newsweb,-1,-10.711766103665552,-0.26228274146327696,False,0.005699243298370278,True,1,0
2024-02-07,EQNR.OL,newsweb,-1,-5.616301567704141,-0.07396448464343122,False,-0.006119901918508275,True,6,0
2024-02-07,STB.OL,newsweb,-1,-2.5220080262644107,-0.03338265769408973,False,-0.006119901918508275,True,0,1
2024-02-08,VEI.OL,newsweb,1,6.565627945504818,0.0792682963789338,False,0.0006602459954835216,True,0,0
2024-02-08,AKSO.OL,newsweb,-1,-2.7533539900813584,-0.05798554686141282,False,0.0006602459954835216,False,4,1
2024-02-08,ATEA.OL,newsweb,-1,-4.918700858482844,-0.0749225278167597,False,0.0006602459954835216,True,0,0
2024-02-08,NONG.OL,newsweb,-1,-2.5983689183275067,-0.02583422361936021,False,0.0006602459954835216,False,3,0
2024-02-08,NSKOG.OL,newsweb,1,2.3607803144462456,0.04567725825437835,False,0.0006602459954835216,True,0,0
2024-02-08,ORK.OL,newsweb,-1,-4.749439638793357,-0.06928203864398913,False,0.0006602459954835216,True,0,0
2024-02-08,POL.OL,newsweb,-1,-2.5087284672486536,-0.10261052625702599,False,0.0006602459954835216,True,0,0
2024-02-08,ELK.OL,newsweb,-1,-2.5328628418648482,-0.05855603776993265,False,0.0006602459954835216,True,0,0
2024-02-08,HAUTO.OL,newsweb,1,6.277959930778631,0.13811037829872283,False,0.0006602459954835216,True,3,2
2024-02-09,KOG.OL,newsweb,1,6.611653086232626,0.09841167310147052,False,0.002177194256248174,True,0,0
2024-02-09,YAR.OL,newsweb,1,3.401814090119543,0.034536434030290976,False,0.002177194256248174,True,0,0
2024-02-09,HELG.OL,newsweb,-1,-2.2161058689654056,-0.030640942937783786,False,0.002177194256248174,True,0,0
2024-02-13,SALME.OL,newsweb,-1,-2.8578724169831924,-0.04604582314060701,False,-0.007496503341830521,True,1,0
2024-02-13,SATS.OL,newsweb,1,3.295102785622012,0.06590547570665226,False,-0.007496503341830521,True,0,0
2024-02-14,KIT.OL,newsweb,1,2.526086692018134,0.06520454529328311,False,0.004156249166165432,True,0,0
2024-02-14,MOWI.OL,newsweb,1,2.415009970320751,0.030220338800699437,False,0.004156249166165432,True,5,0
2024-02-14,WAWI.OL,newsweb,-1,-3.4781562195485263,-0.0709645585459397,False,0.004156249166165432,True,3,3
2024-02-14,PEXIP.OL,newsweb,-1,-4.107401840680531,-0.09327468766401394,False,0.004156249166165432,True,0,0
2024-02-14,REACH.OL,newsweb,1,3.6236473074091067,0.060445538225188715,False,0.004156249166165432,True,0,0
2024-02-15,ACR.OL,newsweb,-1,-3.37205379470262,-0.0547859746271901,False,0.000342522473460052,True,0,0
2024-02-15,TOM.OL,newsweb,1,11.219302142787202,0.26894474661031864,False,0.000342522473460052,True,0,0
2024-02-15,NORBT.OL,newsweb,1,3.0560535716902075,0.0661958564749798,False,0.000342522473460052,True,0,0
2024-02-15,BWLPG.OL,newsweb,-1,-2.6452615239295727,-0.07923565888620661,False,0.000342522473460052,True,1,0
2024-02-15,CADLR.OL,newsweb,-1,-2.4705320062255653,-0.03956026589787056,False,0.000342522473460052,True,0,0
2024-02-15,ELMRA.OL,newsweb,-1,-2.845361887568297,-0.06065997482494219,False,0.000342522473460052,True,0,0
2024-02-15,SALM.OL,newsweb,1,2.195884086905399,0.032723606941320836,False,0.000342522473460052,True,1,1
2024-02-15,HEX.OL,newsweb,-1,-3.648638082422181,-0.08218565608913705,False,0.000342522473460052,True,0,0
2024-02-15,SOAG.OL,newsweb,-1,-2.8897522408567626,-0.036608750081352566,False,0.000342522473460052,True,1,0
2024-02-16,AKVA.OL,newsweb,1,2.4619438992646794,0.0696534621334941,False,0.006515708090369905,True,0,0
2024-02-16,NAS.OL,newsweb,1,4.5475716603198455,0.09112370329226646,False,0.006515708090369905,True,0,0
2024-02-16,AUTO.OL,newsweb,-1,-3.7068314558136235,-0.1418395306302978,False,0.006515708090369905,True,1,0
2024-02-16,BOUV.OL,newsweb,1,3.0169306810471532,0.045524041998333716,False,0.006515708090369905,True,0,0
2024-02-16,HUNT.OL,newsweb,1,2.558160387783841,0.14573259675964612,False,0.006515708090369905,True,0,0
2024-02-19,MING.OL,newsweb,-1,-2.3350508967452126,-0.020910170826026225,False,0.00202860683471501,True,3,0
2024-02-20,RING.OL,newsweb,-1,-2.694760046155324,-0.03275439876206503,False,-0.007682306370188553,True,0,0
2024-02-20,BAKKA.OL,newsweb,1,2.849152150509454,0.0475065017607068,False,-0.007682306370188553,True,3,1
2024-02-20,BNOR.OL,newsweb,1,5.940096516389861,0.08920434259362373,False,-0.007682306370188553,True,6,0
2024-02-21,ZAP.OL,newsweb,-1,-2.997930192698077,-0.109838765322996,False,0.0010185339041345388,True,0,0
2024-02-22,ENDUR.OL,newsweb,-1,-4.2560063983101815,-0.07901703741971611,False,0.003176664951798655,True,0,0
2024-02-22,GSF.OL,newsweb,-1,-2.8951529615093676,-0.05912101400880665,False,0.003176664951798655,True,4,0
2024-02-23,ENH.OL,newsweb,-1,-4.108017223202439,-0.06724689750955,False,0.00040486186251776805,True,0,0
2024-02-26,ASM.AS,gdelt,1,1.971259661913523,0.03761795981734576,False,0.0016976971465719455,True,1,0
2024-02-27,WAWI.OL,newsweb,-1,-2.4957878993444997,-0.05330371242184718,False,-0.0019184156173349402,True,1,3
2024-02-27,MPCC.OL,newsweb,-1,-2.0264175321118545,-0.06743156069974081,False,-0.0019184156173349402,True,0,0
2024-02-27,JIN.OL,newsweb,-1,-2.4534263720320473,-0.08736307381129658,False,-0.0019184156173349402,True,0,0
2024-02-28,LSG.OL,newsweb,1,7.785144472771445,0.11100887475688334,False,0.005462168612267321,True,4,0
2024-02-28,ALNG.OL,newsweb,1,9.262160504810046,0.11842273970200251,False,0.005462168612267321,True,0,0
2024-02-28,AUSS.OL,newsweb,1,5.102158119299762,0.07327488473187851,False,0.005462168612267321,True,4,0
2024-02-28,NYKD.OL,newsweb,-1,-2.169963886372633,-0.06946375006172478,False,0.005462168612267321,True,0,0
2024-02-29,BWLPG.OL,newsweb,-1,-3.3146602989207152,-0.09461706784533612,False,0.0017217110043224746,True,2,2
2024-02-29,CLOUD.OL,newsweb,1,2.6433056009851676,0.05881330797745591,False,0.0017217110043224746,True,0,0
2024-02-29,SOAG.OL,newsweb,-1,-2.625994958017075,-0.03077885863166493,False,0.0017217110043224746,True,0,0
2024-02-29,SUBC.OL,newsweb,1,3.9386561342318442,0.0484801717198406,False,0.0017217110043224746,True,5,2
2024-03-05,CRNA.OL,newsweb,1,3.7797867788932735,0.15201817543274113,False,-0.0008114164775762591,True,0,0
2024-03-07,ATEA.OL,newsweb,1,2.4235847609208823,0.03960486408081361,False,0.004005455385481965,True,0,0
2024-03-07,ENVIP.OL,newsweb,1,5.160786664488974,0.1713437556976801,False,0.004005455385481965,True,0,0
2024-03-12,KOA.OL,newsweb,-1,-5.249406216214523,-0.0923058995242591,False,0.008412961393812373,True,0,0
2024-03-15,NONG.OL,newsweb,1,9.256585931793776,0.08175593779450059,False,0.006343542167284555,True,3,1
2024-03-20,GJF.OL,newsweb,-1,-6.744708508512594,-0.0605957705638792,False,-0.003204907464990469,True,0,0
2024-03-20,HELG.OL,newsweb,-1,-5.675318525111651,-0.07269997216055178,False,-0.003204907464990469,True,1,0
2024-03-21,RING.OL,newsweb,1,7.348183069679256,0.07202895540174682,False,0.006164065804228986,True,0,0
2024-03-21,SBNOR.OL,newsweb,-1,-4.814664367627691,-0.0523817327667449,False,0.006164065804228986,True,0,1
2024-03-21,GJF.OL,newsweb,1,7.54216111666936,0.06776023960185856,False,0.006164065804228986,True,0,0
2024-03-21,SKUE.OL,newsweb,1,9.670017504330977,0.08274878220205427,False,0.006164065804228986,True,0,0
2024-03-22,VEND.OL,newsweb,1,4.430946169921602,0.06940459933322814,False,0.009430713514158683,True,0,0
2024-03-22,MING.OL,newsweb,1,11.138516273807927,0.09659336978016586,False,0.009430713514158683,True,4,1
2024-03-22,MPCC.OL,newsweb,-1,-2.341557258013497,-0.053667423728825325,False,0.009430713514158683,True,1,0
2024-03-22,NSKOG.OL,newsweb,-1,-4.566425609990417,-0.06918546321599685,False,0.009430713514158683,True,0,0
2024-03-22,HELG.OL,newsweb,-1,-2.72562154696026,-0.03491479988434882,False,0.009430713514158683,True,1,0
2024-03-22,SOAG.OL,newsweb,1,8.237500982800078,0.11506825922687283,False,0.009430713514158683,True,1,0
2024-03-22,SPOL.OL,newsweb,1,4.725922614593886,0.058575181044139585,False,0.009430713514158683,True,1,0
2024-03-26,CADLR.OL,newsweb,1,4.0512165208863,0.07295799513816487,False,0.0059569184938821325,True,0,0
2024-04-03,ORK.OL,newsweb,-1,-2.3448337083919695,-0.025027563417059685,False,0.004281970445233573,True,0,0
2024-04-04,DNB.OL,newsweb,-1,-2.656965433018832,-0.02473931788465833,False,0.004048290379910676,True,2,0
2024-04-04,MORG.OL,newsweb,1,7.41795207821732,0.09071405727682734,False,0.004048290379910676,True,1,0
2024-04-04,BAKKA.OL,newsweb,1,2.1530999074864,0.03564746072785641,False,0.004048290379910676,True,3,0
2024-04-05,STB.OL,newsweb,1,5.976882363651495,0.04466681712617794,False,0.0008804736031475533,True,3,0
2024-04-05,PARB.OL,newsweb,1,5.091820194487815,0.03817353584345129,False,0.0008804736031475533,True,0,0
2024-04-08,DNO.OL,newsweb,1,2.248971667275972,0.03405471489937228,False,0.0015525562131841364,False,6,0
2024-04-08,SALME.OL,newsweb,1,2.8069031034797245,0.050185992989303145,False,0.0015525562131841364,True,0,0
2024-04-08,GSF.OL,newsweb,1,2.367223377913402,0.0540810176083805,False,0.0015525562131841364,True,2,0
2024-04-09,TGS.OL,newsweb,1,2.8062992547506393,0.08384507854844664,False,0.0011583020978682883,True,3,0
2024-04-09,KID.OL,newsweb,1,3.754207640024903,0.06468740829171776,False,0.0011583020978682883,True,0,0
2024-04-10,PARB.OL,newsweb,1,2.2892930483773615,0.017162901850501743,False,0.0016054792466405233,True,0,0
2024-04-11,KOA.OL,newsweb,1,2.3179495531882828,0.04573784370788078,False,0.0010620052103002757,True,0,0
2024-04-11,TRMED.OL,newsweb,1,3.443210487710195,0.12818021050412837,False,0.0010620052103002757,True,0,0
2024-04-11,ROGS.OL,newsweb,1,5.282106765767191,0.08203306736848393,False,0.0010620052103002757,True,1,0
2024-04-11,KCC.OL,newsweb,1,2.3808327134970644,0.04759492563505497,False,0.0010620052103002757,True,0,6
2024-04-12,NHY.OL,newsweb,1,2.317795736172631,0.040464892098997465,False,0.006776676341996985,True,0,0
2024-04-16,SKUE.OL,newsweb,1,3.2457610169844058,0.027774796824728474,True,-0.013845859653360527,True,0,0
2024-04-17,ORK.OL,newsweb,1,2.3178711045061493,0.024739778284908802,False,0.004267722482181439,True,0,0
2024-04-17,SMOP.OL,newsweb,1,3.9334995719297194,0.1278988466066693,False,0.004267722482181439,True,0,0
2024-04-17,SOAG.OL,newsweb,1,2.392502411231171,0.03342046188902387,False,0.004267722482181439,True,1,0
2024-04-18,ABG.OL,newsweb,-1,-4.599405961443699,-0.07457955917901711,False,-0.004097401121536105,True,0,0
2024-04-18,AKAST.OL,newsweb,1,9.579441401071039,0.12583900409839485,False,-0.004097401121536105,True,1,0
2024-04-18,ORK.OL,newsweb,-1,-7.0477102513130205,-0.07919215508395756,False,-0.004097401121536105,True,0,0
2024-04-18,DOFG.OL,newsweb,1,2.029323234330368,0.028782101155367563,False,-0.004097401121536105,True,1,0
2024-04-18,ELK.OL,newsweb,-1,-2.7272332797669487,-0.05207842125851029,False,-0.004097401121536105,True,0,0
2024-04-19,NSKOG.OL,newsweb,1,2.131508329522716,0.03884362327177668,False,0.0017440922438894957,True,0,0
2024-04-19,ODL.OL,newsweb,-1,-2.0003393171417354,-0.037231929192524084,False,0.0017440922438894957,True,0,3
2024-04-19,ORK.OL,newsweb,1,6.265342490894825,0.07040101770651169,False,0.0017440922438894957,True,0,0
2024-04-22,AKAST.OL,newsweb,1,3.449873477759699,0.04531878473187469,False,0.004361283946830923,True,1,0
2024-04-24,NOD.OL,newsweb,1,6.519017273104374,0.29905523618150137,False,0.007278843474717021,True,0,0
2024-04-24,PEN.OL,newsweb,-1,-2.648219967372025,-0.035124069037419825,False,0.007278843474717021,False,2,1
2024-04-24,STB.OL,newsweb,1,5.942959601244615,0.06832374395191779,False,0.007278843474717021,True,0,0
2024-04-25,KIT.OL,newsweb,-1,-3.602371087922087,-0.07680570831581245,False,-0.00663669755936527,True,0,0
2024-04-25,AKSO.OL,newsweb,1,3.0677458682554968,0.07008605188866726,False,-0.00663669755936527,False,1,2
2024-04-25,ATEA.OL,newsweb,1,2.4425794639623226,0.0375267061280308,False,-0.00663669755936527,True,0,0
2024-04-25,NAS.OL,newsweb,-1,-2.249846277704435,-0.06209234110514262,False,-0.00663669755936527,True,0,0
2024-04-25,AUTO.OL,newsweb,-1,-4.805101501405182,-0.16146564113255174,False,-0.00663669755936527,True,0,0
2024-04-25,EPR.OL,newsweb,-1,-8.880861318318736,-0.12332557964450634,False,-0.00663669755936527,True,0,0
2024-04-25,SBO.OL,newsweb,-1,-3.723452198326751,-0.06868679155232364,False,-0.00663669755936527,True,0,0
2024-04-25,GJF.OL,newsweb,1,3.806020695805332,0.05863683629000867,False,-0.00663669755936527,True,2,0
2024-04-25,SUBC.OL,newsweb,1,2.767245962796717,0.041128666549947096,False,-0.00663669755936527,False,1,2
2024-04-26,KOA.OL,newsweb,1,5.805215683827422,0.10937641087136647,False,0.012048993309515112,True,0,0
2024-04-26,YAR.OL,newsweb,-1,-5.918014436822512,-0.07801769974380854,False,0.012048993309515112,True,0,0
2024-04-30,PEN.OL,newsweb,1,2.2506578101592827,0.029851092914343777,False,0.005975753078826933,False,7,0
2024-04-30,DNB.OL,newsweb,1,7.860993818987319,0.07579545582740695,False,0.005975753078826933,True,4,0
2024-04-30,SATS.OL,newsweb,-1,-3.400264851477467,-0.06854361259139594,False,0.005975753078826933,True,0,0
2024-04-30,SCATC.OL,newsweb,1,2.921125507653751,0.08367659295997408,False,0.005975753078826933,True,0,0
2024-05-02,NAPA.OL,newsweb,-1,-2.0429234157814244,-0.04978831742866475,False,-0.00760280950290328,True,0,0
2024-05-03,ORK.OL,newsweb,1,4.7654423193850795,0.05354727049541927,False,0.004966527436124388,True,0,0
2024-05-03,BONHR.OL,newsweb,-1,-6.6630010257641255,-0.09844470181733864,False,0.004966527436124388,True,0,0
2024-05-06,DNB.OL,newsweb,1,2.4929187249896856,0.02403664415113518,False,0.005564528234316093,True,0,1
2024-05-06,BAKKA.OL,newsweb,-1,-3.5748583103414586,-0.059838865310060316,False,0.005564528234316093,True,1,1
2024-05-07,ACR.OL,newsweb,-1,-8.41304480191728,-0.12228767101943931,False,0.0013897639426537006,True,0,0
2024-05-07,VEI.OL,newsweb,-1,-3.31699453586997,-0.05423497575154122,False,0.0013897639426537006,True,1,0
2024-05-07,SALME.OL,newsweb,1,3.682299023348185,0.06925520093651999,False,0.0013897639426537006,True,0,0
2024-05-07,NHY.OL,newsweb,-1,-2.005716412609513,-0.03880874262913184,False,0.0013897639426537006,True,0,0
2024-05-07,BNOR.OL,newsweb,-1,-2.547937076639152,-0.044774259942666234,False,0.0013897639426537006,True,4,0
2024-05-08,TEL.OL,newsweb,1,5.120807572271334,0.04601871069077397,False,0.009427737545780572,True,0,0
2024-05-08,KOA.OL,newsweb,-1,-2.6956100209798506,-0.050788147290554635,False,0.009427737545780572,True,0,0
2024-05-08,VAR.OL,newsweb,-1,-2.511551401825647,-0.042524396512170146,False,0.009427737545780572,True,2,2
2024-05-08,VEI.OL,newsweb,1,5.083961725473747,0.08312601601272014,False,0.009427737545780572,True,1,0
2024-05-08,NAPA.OL,newsweb,1,10.250766992757615,0.2498226007789322,False,0.009427737545780572,True,0,0
2024-05-08,DNO.OL,newsweb,1,3.0667036926681344,0.04650413450055423,False,0.009427737545780572,True,5,0
2024-05-08,ELMRA.OL,newsweb,-1,-2.331372003489036,-0.04370705810933197,False,0.009427737545780572,True,1,0
2024-05-08,ELO.OL,newsweb,1,2.9910702339917705,0.047683958789630436,False,0.009427737545780572,True,0,0
2024-05-08,HEX.OL,newsweb,1,4.196040044132606,0.10232404231982886,False,0.009427737545780572,True,0,0
2024-05-15,AFG.OL,newsweb,-1,-6.6353898978093255,-0.09246480203768935,False,-0.0036839613751886093,True,1,0
2024-05-15,DOFG.OL,newsweb,-1,-3.244178592032481,-0.046012520244350444,False,-0.0036839613751886093,True,0,1
2024-05-15,ELO.OL,newsweb,-1,-3.3568983017612757,-0.053516028631845715,False,-0.0036839613751886093,True,0,0
2024-05-15,B2I.OL,newsweb,-1,-5.738046725082418,-0.07746440201871937,False,-0.0036839613751886093,True,0,0
2024-05-15,ODL.OL,newsweb,-1,-3.107281246237192,-0.05783522542888849,False,-0.0036839613751886093,True,3,1
2024-05-16,DNO.OL,newsweb,1,2.1188843180667503,0.03213120379189974,False,0.002436200479574195,True,3,2
2024-05-16,NAPA.OL,newsweb,1,2.29855866698036,0.05601843302395773,False,0.002436200479574195,True,0,0
2024-05-16,SBO.OL,newsweb,1,2.274215929611908,0.04195262546204414,False,0.002436200479574195,True,0,0
2024-05-21,AKAST.OL,newsweb,1,2.0692222094502832,0.049680484237019484,False,0.0011970827215006797,True,0,0
2024-05-21,BWE.OL,newsweb,1,3.860612851887381,0.059085935170065836,False,0.0011970827215006797,True,1,1
2024-05-21,PEN.OL,newsweb,1,2.901186209694739,0.0449610707410882,False,0.0011970827215006797,False,5,2
2024-05-21,ENH.OL,newsweb,1,2.5719885345720286,0.04481587971086595,False,0.0011970827215006797,True,0,0
2024-05-22,ADS.OL,newsweb,-1,-2.3312813537881483,-0.05553992911142044,False,-0.0010435180586439742,True,1,0
2024-05-22,ODL.OL,newsweb,1,3.550811407699526,0.06542211118596758,False,-0.0010435180586439742,True,7,1
2024-05-23,CADLR.OL,newsweb,1,2.3119044704199467,0.050165522812085465,False,0.00388617110409264,True,0,0
2024-05-28,LSG.OL,newsweb,-1,-3.4136063732005053,-0.06832643520200471,False,-0.00024285384593238486,True,4,0
2024-05-28,VEND.OL,newsweb,1,2.0330309255979366,0.04173268028202848,False,-0.00024285384593238486,True,0,0
2024-05-28,CADLR.OL,newsweb,-1,-2.0921668139194285,-0.04539748219410585,False,-0.00024285384593238486,True,0,0
2024-05-28,IWS.OL,newsweb,1,2.1341970775999752,0.059231426582423086,False,-0.00024285384593238486,True,0,0
2024-05-29,AUSS.OL,newsweb,-1,-3.1703447535800553,-0.04725566216703828,False,-0.0074443756496377685,True,4,1
2024-05-29,BWE.OL,newsweb,1,2.7128918126622033,0.041520286005367446,False,-0.0074443756496377685,True,2,0
2024-05-30,CRNA.OL,newsweb,-1,-2.0953863222331304,-0.11413300869704185,False,0.010201628685735443,True,0,0
2024-05-30,PRS.OL,newsweb,1,4.365312946185075,0.1513965942131726,False,0.010201628685735443,True,0,0
2024-05-30,VEND.OL,newsweb,1,16.448199798411363,0.3376374922580879,False,0.010201628685735443,True,0,0
2024-05-30,FRO.OL,newsweb,-1,-2.3596145587669466,-0.04531957685259443,False,0.010201628685735443,True,2,1
2024-05-30,HEX.OL,newsweb,1,2.186063932685355,0.0635262540296437,False,0.010201628685735443,True,0,0
2024-05-30,BWLPG.OL,newsweb,1,3.050816987258048,0.0847727571395432,False,0.010201628685735443,True,3,0
2024-05-31,JIN.OL,newsweb,1,3.5820429112683394,0.10592648169606163,False,0.007797977887785731,True,1,0
2024-05-31,IWS.OL,newsweb,1,2.3543942680479795,0.06534266806830495,False,0.007797977887785731,True,0,0
2024-06-03,NAS.OL,newsweb,1,2.8286809683926077,0.06874922071789072,False,-3.600880889985937e-05,True,0,0
2024-06-03,REACH.OL,newsweb,1,2.127161825691911,0.037297040940711984,False,-3.600880889985937e-05,True,0,0
2024-06-06,SALM.OL,newsweb,-1,-3.299200207779096,-0.045204518558276535,False,-0.0012016263063216626,True,5,0
2024-06-06,NAS.OL,newsweb,-1,-3.26891116162684,-0.07944872450058071,False,-0.0012016263063216626,True,0,0
2024-06-10,STB.OL,newsweb,-1,-2.1543261042901167,-0.0298466011279383,False,-0.0010888597977735106,True,0,0
2024-06-11,AFK.OL,newsweb,-1,-3.3492676951740736,-0.06029395065033788,True,-0.010687639518727947,True,0,0
2024-06-11,HUNT.OL,newsweb,-1,-2.0260064404239264,-0.055353747873091996,True,-0.010687639518727947,True,0,0
2024-06-14,BINT.OL,newsweb,1,2.163696677105825,0.045535287075957755,False,-0.007181879963215576,True,0,0
2024-06-20,MOWI.OL,newsweb,-1,-2.710318360419502,-0.026911973241012063,False,0.0033762448540650405,True,1,0
2024-06-20,MPCC.OL,newsweb,1,3.575889157650025,0.11255978800883473,False,0.0033762448540650405,True,2,0
2024-06-20,GSF.OL,newsweb,-1,-3.4627514167378157,-0.08170649729616922,False,0.0033762448540650405,True,2,0
2024-06-21,OET.OL,newsweb,1,2.1912571280964017,0.03257704149789638,False,-0.003116122789623576,False,2,1
2024-06-24,DOFG.OL,newsweb,1,2.403839803600502,0.04301453676624107,False,0.006082967685751036,True,0,0
2024-06-24,REACH.OL,newsweb,1,2.8830989378918885,0.043270277627955406,False,0.006082967685751036,True,0,0
2024-06-27,NORBT.OL,newsweb,1,2.7450145230261827,0.05335110292227937,False,0.005257261391290676,True,0,0
2024-07-01,NONG.OL,newsweb,1,2.179610266007284,0.020190514912766702,False,0.003921838873220234,False,0,1
2024-07-03,DOFG.OL,newsweb,1,2.969671954027412,0.0531395907742512,False,0.0021654636996656694,True,0,0
2024-07-04,NAS.OL,newsweb,-1,-6.320339566953034,-0.17447775526027784,False,-0.0036429206438161597,True,0,0
2024-07-05,ABG.OL,newsweb,1,2.8254553366295396,0.062012942331857494,False,-0.0021332385473616937,True,0,0
2024-07-08,AFK.OL,newsweb,1,3.071299608721504,0.05810181044258058,False,-0.004119526366812449,True,0,0
2024-07-08,BNOR.OL,newsweb,-1,-4.102597847404191,-0.0640163188807642,False,-0.004119526366812449,True,2,3
2024-07-10,KOG.OL,newsweb,1,6.082573092742659,0.1026585799053314,False,0.003038815300679655,True,0,0
2024-07-10,OKEA.OL,newsweb,-1,-3.0343086633919447,-0.05523441225527749,False,0.003038815300679655,True,3,1
2024-07-11,KIT.OL,newsweb,1,7.0072532263505325,0.14269267802396318,False,0.0012867286370401465,True,2,0
2024-07-11,VAR.OL,newsweb,-1,-2.1198356446292883,-0.03487848330162667,False,0.0012867286370401465,True,3,1
2024-07-11,BINT.OL,newsweb,-1,-2.247197559223589,-0.042951639656517986,False,0.0012867286370401465,True,0,0
2024-07-11,SNI.OL,newsweb,-1,-4.672110641990141,-0.09273841982300648,False,0.0012867286370401465,True,3,0
2024-07-11,BONHR.OL,newsweb,1,2.304744814772134,0.04895263077317006,False,0.0012867286370401465,True,0,0
2024-07-11,DNB.OL,newsweb,1,3.3663194898391438,0.056079426174409114,False,0.0012867286370401465,True,0,1
2024-07-12,AKSO.OL,newsweb,1,5.524001145683376,0.12917396468947243,False,0.009702048262850625,True,7,0
2024-07-12,ATEA.OL,newsweb,-1,-5.030982473404439,-0.0689729268231615,False,0.009702048262850625,True,0,0
2024-07-12,NAS.OL,newsweb,1,2.2508222876381008,0.06213565206057821,False,0.009702048262850625,True,0,0
2024-07-12,BINT.OL,newsweb,1,11.029592603134283,0.21081327945714645,False,0.009702048262850625,True,0,0
2024-07-12,NSKOG.OL,newsweb,1,2.188902810820758,0.04363660369331696,False,0.009702048262850625,True,0,0
2024-07-12,PROT.OL,newsweb,-1,-8.244449310883887,-0.1323993352572354,False,0.009702048262850625,True,0,0
2024-07-12,ELK.OL,newsweb,1,5.501545323316958,0.0970346511608913,False,0.009702048262850625,True,0,0
2024-07-15,GJF.OL,newsweb,-1,-5.015835134829924,-0.07473718912558866,False,-0.004028525650240963,True,2,0
2024-07-15,BMW.DE,gdelt,-1,-1.5559041792569976,-0.02197614064837867,False,-0.004028525650240963,True,4,0
2024-07-15,ORK.OL,newsweb,1,2.8598904949726083,0.05288618222590358,False,-0.004028525650240963,True,0,0
2024-07-17,ASM.AS,gdelt,-1,-3.6732967583498537,-0.0822571272762217,False,0.002973012548191427,True,0,2
2024-07-17,OKEA.OL,newsweb,1,2.9674240340581943,0.04933321502006792,False,0.002973012548191427,True,3,1
2024-07-19,TOM.OL,newsweb,1,5.248980237949716,0.13053382642677028,False,-0.002788179173387846,True,0,0
2024-07-19,BINT.OL,newsweb,1,2.0044770724675915,0.10863718639489499,False,-0.002788179173387846,True,0,0
2024-07-19,YAR.OL,newsweb,1,2.498873777275081,0.038245030207746195,False,-0.002788179173387846,True,0,0
2024-07-23,NHY.OL,newsweb,-1,-2.871715955652733,-0.04962885097486778,False,0.0010330675067538354,True,0,0
2024-07-25,SUBC.OL,newsweb,1,4.097497229850287,0.042368096684077164,False,-0.00864224554944309,True,6,0
2024-08-02,ASM.AS,gdelt,-1,-4.638270675240152,-0.1038660490491354,True,-0.034399121837915526,True,2,1
2024-08-06,HELG.OL,newsweb,1,6.257103727834635,0.06105150187866183,False,0.011178301442251034,True,0,0
2024-08-08,KOA.OL,newsweb,-1,-4.513917996732037,-0.10749249107546881,False,-0.0009933915616108084,True,0,0
2024-08-08,SBO.OL,newsweb,-1,-3.0864675869924123,-0.058846335879374455,False,-0.0009933915616108084,True,0,0
2024-08-14,HAUTO.OL,newsweb,1,2.2811052245823418,0.05515707665339843,False,0.006468166736946815,True,1,3
2024-08-15,ACR.OL,newsweb,-1,-7.2743866952051475,-0.06422129311243062,False,0.003924807537012875,True,0,0
2024-08-15,VEI.OL,newsweb,1,3.729518640296396,0.03647242477057827,False,0.003924807537012875,True,0,0
2024-08-15,WEST.OL,newsweb,-1,-2.773452512159256,-0.05796651395714293,False,0.003924807537012875,True,1,0
2024-08-15,AUTO.OL,newsweb,-1,-5.264600424858212,-0.15119474637587854,False,0.003924807537012875,True,0,0
2024-08-15,NORBT.OL,newsweb,1,6.788957512263612,0.13189474737869616,False,0.003924807537012875,True,0,0
2024-08-15,PEXIP.OL,newsweb,1,2.423827444709146,0.04649485716345132,False,0.003924807537012875,True,0,0
2024-08-15,DNO.OL,newsweb,1,7.071590371103973,0.07850341065079747,False,0.003924807537012875,True,7,0
2024-08-15,SALME.OL,newsweb,-1,-3.480602344846075,-0.04933840116181744,False,0.003924807537012875,True,0,0
2024-08-15,ENVIP.OL,newsweb,-1,-2.06710249367711,-0.046039463223873686,False,0.003924807537012875,True,0,0
2024-08-16,AKVA.OL,newsweb,-1,-2.7454131754860667,-0.04738504190338816,False,-0.0005257037840258205,True,0,0
2024-08-20,SALM.OL,newsweb,-1,-3.9242836925515894,-0.0685775874974941,True,-0.01005714329973842,True,3,0
2024-08-21,LSG.OL,newsweb,1,2.0462408260223013,0.041540765830886756,False,0.003737912447912988,False,4,0
2024-08-21,MULTI.OL,newsweb,1,6.8964507811486655,0.08055287448586679,False,0.003737912447912988,True,0,0
2024-08-21,ZAP.OL,newsweb,1,6.832459873208246,0.17831897064237617,False,0.003737912447912988,True,0,0
2024-08-21,CLOUD.OL,newsweb,1,2.465889716298946,0.05547177385379322,False,0.003737912447912988,True,0,0
2024-08-21,GSF.OL,newsweb,-1,-8.92337671401254,-0.1846215809105696,False,0.003737912447912988,False,5,0
2024-08-21,HEX.OL,newsweb,-1,-2.4347996262555385,-0.07235322008791567,False,0.003737912447912988,True,0,0
2024-08-22,AGLX.OL,newsweb,-1,-8.30258630570007,-0.12377518280067093,False,0.0011888386117698876,True,0,0
2024-08-22,SATS.OL,newsweb,1,7.073975543354427,0.08369501803153104,False,0.0011888386117698876,True,0,0
2024-08-22,NAPA.OL,newsweb,-1,-2.1185455491409595,-0.0762689967426357,False,0.0011888386117698876,True,1,0
2024-08-22,KID.OL,newsweb,1,2.6381126942752275,0.035965988855996424,False,0.0011888386117698876,True,0,0
2024-08-22,PEN.OL,newsweb,-1,-4.148382142480296,-0.06174738254364967,False,0.0011888386117698876,True,6,0
2024-08-23,NORCO.OL,newsweb,1,3.0761098863184233,0.047715186344369366,False,0.006063219338475754,True,0,0
2024-08-23,KCC.OL,newsweb,-1,-2.537076633824842,-0.03511579730519877,False,0.006063219338475754,True,4,2
2024-08-27,ADS.OL,newsweb,-1,-2.2858426744325686,-0.04336267048607001,False,-0.0023796398116895236,True,0,0
2024-08-27,REACH.OL,newsweb,-1,-2.609322342462415,-0.07898030826492039,False,-0.0023796398116895236,True,0,0
2024-08-27,BOUV.OL,newsweb,1,2.302517084541387,0.02601504798232105,False,-0.0023796398116895236,True,0,0
2024-08-28,MPCC.OL,newsweb,-1,-4.460178681387658,-0.1408593136939675,False,-0.006621246018945984,True,2,0
2024-08-29,SOAG.OL,newsweb,1,4.433767982309839,0.05136311714488474,False,0.007409429509071186,True,2,0
2024-08-29,BWE.OL,newsweb,-1,-2.6155553582673536,-0.04213944632925376,False,0.007409429509071186,True,2,1
2024-08-30,AFG.OL,newsweb,-1,-2.302938571767738,-0.02892269927834134,False,0.007337060568595319,True,0,0
2024-08-30,FRO.OL,newsweb,1,2.3611519008374886,0.04684672065936948,False,0.007337060568595319,True,3,3
2024-08-30,BNOR.OL,newsweb,-1,-3.1982237787501298,-0.04590984497563128,False,0.007337060568595319,True,1,3
2024-09-04,ELO.OL,newsweb,1,2.450488522214726,0.04112878799593205,False,-0.003986013324956873,True,0,0
2024-09-05,NSKOG.OL,newsweb,-1,-3.701842339570832,-0.06653027975830622,False,-0.004106897961877703,True,0,0
2024-09-06,ENDUR.OL,newsweb,1,2.1923824005032397,0.03681209917996032,False,-0.0060121198082611045,True,0,0
2024-09-06,HAUTO.OL,newsweb,1,2.291954891502093,0.05541942137275093,False,-0.0060121198082611045,True,1,2
2024-09-10,DOFG.OL,newsweb,-1,-3.853861495456208,-0.06693099999485591,False,-0.009231137957914911,True,1,1
2024-09-10,BMW.DE,gdelt,-1,-10.103523515163241,-0.11004794046409538,False,-0.009231137957914911,True,5,0
2024-09-11,BWE.OL,newsweb,1,4.382587356542254,0.07060825690824514,False,0.003051072002652444,True,3,1
2024-09-12,HELG.OL,newsweb,-1,-2.8340528144991466,-0.034542118154992085,False,0.00972327639050586,True,3,0
2024-09-17,PROT.OL,newsweb,1,2.8608233192569266,0.05879255200978723,False,0.005733282305428326,True,0,0
2024-09-20,HAFNI.OL,newsweb,-1,-2.6782604909190817,-0.04592713152030873,False,-0.0062885576881246364,True,2,1
2024-09-23,KIT.OL,newsweb,-1,-2.1159292088011,-0.050877876935648395,False,-0.0009261414494893601,True,0,0
2024-09-23,AKRBP.OL,newsweb,1,2.166540524180653,0.024570081113238145,False,-0.0009261414494893601,True,3,2
2024-09-24,OKEA.OL,newsweb,1,2.485405149220373,0.04364952297464846,False,0.0025127410518136894,False,6,0
2024-09-25,SAP.DE,gdelt,-1,-1.637512836736508,-0.02283766724488152,False,-0.0035420721289756633,True,4,0
2024-09-26,TRMED.OL,newsweb,1,7.0664168590050425,0.12826109840229746,False,-0.0015066199206250819,True,0,0
2024-09-26,MOWI.OL,newsweb,1,2.8718428212338725,0.028223561256473243,False,-0.0015066199206250819,True,2,0
2024-09-26,NOD.OL,newsweb,-1,-11.821142947378615,-0.27484858931168227,False,-0.0015066199206250819,True,2,0
2024-09-26,ODL.OL,newsweb,-1,-2.602634882913334,-0.04885197072565884,False,-0.0015066199206250819,True,0,5
2024-10-02,AKRBP.OL,newsweb,1,3.437861426632211,0.03898774713220309,False,0.0015175623344984186,False,1,3
2024-10-02,SNI.OL,newsweb,-1,-4.045820925188226,-0.07223505404497307,False,0.0015175623344984186,True,7,0
2024-10-03,TGS.OL,newsweb,1,2.388576714704277,0.04555070538919081,False,0.00014581725855186876,True,5,1
2024-10-03,BAKKA.OL,newsweb,1,2.075302922437845,0.02940897440944333,False,0.00014581725855186876,True,2,1
2024-10-04,NAS.OL,newsweb,-1,-3.7128485391235206,-0.12902966186183357,False,0.005351228333542378,True,0,0
2024-10-04,HLAG.DE,gdelt,-1,-7.069322000730162,-0.18336177366615558,False,0.005351228333542378,True,0,1
2024-10-07,EQNR.OL,newsweb,-1,-3.2071603796681263,-0.03539740155993915,False,0.0005061552414139417,True,8,1
2024-10-08,TGS.OL,newsweb,-1,-2.3537163761757625,-0.044885910743783564,False,-0.006627321887003356,True,0,4
2024-10-09,ORK.OL,newsweb,1,2.4042932298108877,0.026105074331571006,False,0.006624220839389162,True,0,0
2024-10-11,WEST.OL,newsweb,-1,-6.286863317590612,-0.14545150784395722,False,0.0020599126862445552,True,0,0
2024-10-14,KOG.OL,newsweb,1,2.0984718341432504,0.039233690947185644,False,2.5361590548151697e-05,True,0,0
2024-10-14,B2I.OL,newsweb,1,8.179894660658496,0.09804954093466069,False,2.5361590548151697e-05,True,0,0
2024-10-16,TEL.OL,newsweb,1,2.574812518053166,0.025433461537317507,False,-0.0020664548827719286,True,0,0
2024-10-17,NOKIA.HE,gdelt,-1,-2.1795493491669693,-0.028644789285808776,False,0.0037714170572604876,True,0,0
2024-10-18,MEDI.OL,newsweb,-1,-2.370944623918943,-0.048657736800003654,False,-0.0004198359046925736,True,0,0
2024-10-18,BNOR.OL,newsweb,1,2.3122319730528367,0.03518589230239807,False,-0.0004198359046925736,True,7,0
2024-10-18,NSKOG.OL,newsweb,-1,-4.3764806065134465,-0.07525351402049223,False,-0.0004198359046925736,True,0,0
2024-10-22,NONG.OL,newsweb,1,2.3428454236396523,0.01909943179355588,False,0.001465773483741584,False,0,1
2024-10-22,DNB.OL,newsweb,1,8.18414618874431,0.054065887152794374,False,0.001465773483741584,True,1,0
2024-10-22,RING.OL,newsweb,1,2.1097941427841462,0.01548731755050615,False,0.001465773483741584,False,0,0
2024-10-22,SPOL.OL,newsweb,1,3.028681360729029,0.02823626215617988,False,0.001465773483741584,False,0,1
2024-10-23,VEND.OL,newsweb,1,2.2807921709747867,0.03840416598021683,False,-0.004054820912063623,True,0,0
2024-10-23,ATEA.OL,newsweb,1,4.755765979524888,0.07335385018200936,False,-0.004054820912063623,True,0,0
2024-10-23,STB.OL,newsweb,1,5.428179827114981,0.03872267008488195,False,-0.004054820912063623,True,1,0
2024-10-24,TGS.OL,newsweb,1,3.067335246488472,0.0659088952992972,False,-0.0031316511781800337,True,4,0
2024-10-24,KOG.OL,newsweb,1,2.6821710889648838,0.050146716224517635,False,-0.0031316511781800337,True,0,0
2024-10-24,AKAST.OL,newsweb,1,2.43707584594361,0.030501435229200718,False,-0.0031316511781800337,True,0,0
2024-10-24,ZAL.OL,newsweb,1,2.634968031093513,0.05043639253693751,False,-0.0031316511781800337,True,0,0
2024-10-24,PARB.OL,newsweb,-1,-3.4130992288283357,-0.03123833922962683,False,-0.0031316511781800337,True,0,0
2024-10-24,PROT.OL,newsweb,1,5.298022254454765,0.07280746025105134,False,-0.0031316511781800337,True,0,0
2024-10-24,EQNR.OL,newsweb,1,2.060301201023841,0.029467022535497156,False,-0.0031316511781800337,False,5,0
2024-10-24,HAUTO.OL,newsweb,-1,-3.2045762311719335,-0.0736023893722003,False,-0.0031316511781800337,True,0,5
2024-10-25,VEND.OL,newsweb,1,3.2398642782423512,0.05455310092625275,False,0.0026171124156234744,True,0,0
2024-10-25,NAS.OL,newsweb,-1,-4.24138862111243,-0.12794497356091897,False,0.0026171124156234744,True,0,0
2024-10-25,YAR.OL,newsweb,1,2.787647887438623,0.031783903863208486,False,0.0026171124156234744,True,0,0
2024-10-28,CRNA.OL,newsweb,-1,-7.8374988159832375,-0.3640976484658416,False,-0.003908274876546401,True,0,0
2024-10-28,PARB.OL,newsweb,-1,-2.27565080944579,-0.020827859721513495,False,-0.003908274876546401,True,0,0
2024-10-29,TRMED.OL,newsweb,1,4.230609569690272,0.200902998577581,False,0.003145313432808799,True,0,0
2024-10-29,MOWI.OL,newsweb,-1,-3.6832268794122998,-0.036200267912159405,False,0.003145313432808799,True,2,0
2024-10-29,ORK.OL,newsweb,1,2.5958465255579672,0.022727886161692783,False,0.003145313432808799,True,0,0
2024-10-30,TEL.OL,newsweb,1,5.057602203510244,0.04995794070913167,False,-0.005976698121193012,True,0,0
2024-10-30,AGLX.OL,newsweb,1,2.2390491775398234,0.05267856364156007,False,-0.005976698121193012,True,0,0
2024-10-30,AKAST.OL,newsweb,-1,-3.7183746531235045,-0.046537642161988135,False,-0.005976698121193012,True,0,0
2024-10-30,AKRBP.OL,newsweb,1,3.0616514621399333,0.04777055230782429,False,-0.005976698121193012,True,4,2
2024-10-30,WAWI.OL,newsweb,-1,-4.262692698085958,-0.07877414342263184,False,-0.005976698121193012,True,1,3
2024-10-30,BNOR.OL,newsweb,1,2.6892394361974064,0.040922922215487156,False,-0.005976698121193012,True,2,3
2024-10-30,SBNOR.OL,newsweb,1,2.1745726658140723,0.019210302084403313,False,-0.005976698121193012,True,1,1
2024-10-30,HEX.OL,newsweb,1,2.455448756996468,0.07291401801465902,False,-0.005976698121193012,True,0,0
2024-10-31,KOA.OL,newsweb,-1,-2.9737341388628185,-0.10595804730855492,False,-0.00979505613789221,True,0,0
2024-10-31,ACR.OL,newsweb,-1,-4.582672943684216,-0.0781957523007891,False,-0.00979505613789221,True,0,0
2024-10-31,AKSO.OL,newsweb,1,10.050182428452946,0.14172528134882248,False,-0.00979505613789221,True,6,0
2024-10-31,EPR.OL,newsweb,-1,-3.8129818844735546,-0.0341723766663952,False,-0.00979505613789221,True,0,0
2024-11-01,POL.OL,newsweb,1,3.594191111329334,0.08212008845782291,False,0.0029157986206008522,True,0,0
2024-11-01,SPOL.OL,newsweb,-1,-5.260985166161949,-0.04904793164367908,False,0.0029157986206008522,False,2,1
2024-11-01,KID.OL,newsweb,-1,-4.775005780434392,-0.07311344857454821,False,0.0029157986206008522,True,0,0
2024-11-05,LINK.OL,newsweb,-1,-6.808915379976944,-0.1221524686828197,False,0.00146910455954625,True,0,0
2024-11-06,AKAST.OL,newsweb,1,5.445971451553105,0.06815953051527095,True,-0.012222491868289267,True,0,0
2024-11-06,MOWI.OL,newsweb,1,4.856011309449336,0.04772687541164748,True,-0.012222491868289267,True,4,0
2024-11-06,ODL.OL,newsweb,1,2.7310523568920337,0.05825620485241982,True,-0.012222491868289267,True,3,1
2024-11-06,SUBC.OL,newsweb,1,2.46504547094916,0.042681762580014916,True,-0.012222491868289267,True,6,0
2024-11-07,VEI.OL,newsweb,1,4.097383757118964,0.03896700366743699,False,0.009191699086203192,True,1,0
2024-11-07,PEXIP.OL,newsweb,-1,-4.36717375365494,-0.08039887261595484,False,0.009191699086203192,True,0,0
2024-11-07,POL.OL,newsweb,1,4.92095544190437,0.11243400355434344,False,0.009191699086203192,True,0,0
2024-11-07,ELMRA.OL,newsweb,1,6.090548464141704,0.08484674631855275,False,0.009191699086203192,True,0,0
2024-11-07,SALME.OL,newsweb,1,2.181373142724756,0.03471755787787297,False,0.009191699086203192,True,0,0
2024-11-07,SKUE.OL,newsweb,1,2.0280833210055222,0.024643834671810236,False,0.009191699086203192,True,2,0
2024-11-07,HEX.OL,newsweb,1,4.917978606386503,0.14603830753137115,False,0.009191699086203192,True,0,0
2024-11-08,OET.OL,newsweb,-1,-3.169128168694008,-0.0542548121037433,False,-0.006896590163274531,True,3,1
2024-11-11,HUNT.OL,newsweb,-1,-2.240399184709279,-0.06955966034731852,False,0.005312049121935299,True,0,1
2024-11-12,KID.OL,newsweb,-1,-3.903687119273237,-0.07175534879088194,False,-0.006939350580941197,True,0,0
2024-11-13,2020.OL,newsweb,1,2.016467775348416,0.03386369773756066,False,-0.004068365873909018,True,2,2
2024-11-13,KOG.OL,newsweb,1,2.179283140520974,0.044469455948165995,False,-0.004068365873909018,True,0,0
2024-11-13,ADS.OL,newsweb,-1,-2.1366330932411204,-0.04287628085320124,False,-0.004068365873909018,True,0,0
2024-11-13,ENH.OL,newsweb,1,3.7531769269881536,0.058071127404330534,False,-0.004068365873909018,True,0,0
2024-11-13,ZAP.OL,newsweb,-1,-6.584061259793958,-0.219729903213694,False,-0.004068365873909018,True,0,0
2024-11-14,LSG.OL,newsweb,-1,-2.850624154162837,-0.04586405007431458,False,0.012055208173556094,True,2,0
2024-11-14,PRS.OL,newsweb,-1,-7.394118166311215,-0.2637442451284241,False,0.012055208173556094,True,0,0
2024-11-14,VAR.OL,newsweb,1,2.2199466816263183,0.03713242973908895,False,0.012055208173556094,True,1,5
2024-11-14,MEDI.OL,newsweb,-1,-2.4636490616646265,-0.055614258434541576,False,0.012055208173556094,True,0,0
2024-11-14,ALNG.OL,newsweb,-1,-13.25876273718963,-0.28130589459981514,False,0.012055208173556094,True,2,0
2024-11-14,AUSS.OL,newsweb,-1,-3.8048005259569284,-0.043896851027419616,False,0.012055208173556094,True,2,0
2024-11-14,NORBT.OL,newsweb,-1,-3.430939927525646,-0.06079902410638063,False,0.012055208173556094,True,0,0
2024-11-15,AUSS.OL,newsweb,1,2.6515126092160655,0.030591105423275457,False,0.0001665688699624713,True,1,3
2024-11-15,GJF.OL,newsweb,1,4.4251738927415305,0.03835923784509778,False,0.0001665688699624713,True,1,0
2024-11-15,BWE.OL,newsweb,1,2.1044430064530077,0.04535317147649058,False,0.0001665688699624713,False,0,4
2024-11-19,TRMED.OL,newsweb,1,2.9757243142601717,0.16705124460395934,False,-0.0028504879180268647,True,0,0
2024-11-20,MEDI.OL,newsweb,1,2.2752280817189248,0.05136085512469293,False,0.000868003731103286,True,0,0
2024-11-21,ENVIP.OL,newsweb,-1,-2.410764354581136,-0.054146867017159005,False,0.00018325297177631628,True,0,0
2024-11-22,TRMED.OL,newsweb,1,6.238282599152054,0.3502047778369766,False,0.007609114372235061,True,0,0
2024-11-22,BINT.OL,newsweb,1,4.361024869846592,0.09359829287411169,False,0.007609114372235061,True,0,0
2024-11-22,SOFF.OL,newsweb,1,9.41759022902747,0.1764639805862639,False,0.007609114372235061,True,1,0
2024-11-26,ACR.OL,newsweb,-1,-3.063065316180769,-0.05944306894481033,False,-0.007976326888244917,True,0,0
2024-11-26,NSKOG.OL,newsweb,-1,-3.94614382364212,-0.10542145181429272,False,-0.007976326888244917,True,0,0
2024-11-27,FRO.OL,newsweb,-1,-6.2904306064829845,-0.11618365640567178,False,-0.004630367790359473,True,3,2
2024-11-29,MORG.OL,newsweb,-1,-2.6247674575450404,-0.025558182759173043,False,0.0007339197206255993,True,0,0
2024-12-02,TTE.PA,gdelt,-1,-1.7847142434863732,-0.01861874899681111,False,-0.0028132733041975437,True,7,0
2024-12-06,DNB.OL,newsweb,-1,-2.56414268002551,-0.025569355612637835,False,-0.004813098169549995,True,0,0
2024-12-06,HELG.OL,newsweb,1,2.1572390678952025,0.02873021635727713,False,-0.004813098169549995,True,2,0
2024-12-06,CLOUD.OL,newsweb,1,3.7091941384556995,0.07429814745481557,False,-0.004813098169549995,True,0,0
2024-12-12,TRMED.OL,newsweb,-1,-2.4813924659848703,-0.23078058491013675,False,-0.0036174084811376457,True,0,0
2024-12-12,HAUTO.OL,newsweb,-1,-2.028950548431692,-0.045620103138925505,False,-0.0036174084811376457,False,2,3
2024-12-13,ACR.OL,newsweb,1,3.981699995696734,0.09336440757034943,False,0.0015914229999210497,True,0,0
2024-12-16,WAWI.OL,newsweb,-1,-2.322741212016987,-0.05352096806735629,False,-0.009863575293125147,True,5,0
2024-12-17,LSG.OL,newsweb,-1,-2.0732495517693117,-0.030770063042162572,True,-0.010784749503140149,True,0,5
2024-12-18,ELK.OL,newsweb,-1,-4.420718354665218,-0.07393143492123047,False,0.006357527631367237,True,0,0
2024-12-19,VEND.OL,newsweb,-1,-2.128330691592648,-0.042705379868594455,False,-0.004625098266386486,True,0,0
2024-12-23,KOA.OL,newsweb,1,3.881332079335451,0.10853116809747046,False,0.010753092325305297,True,0,0
2024-12-23,ENDUR.OL,newsweb,1,2.606599558045699,0.03622661268630478,False,0.010753092325305297,True,0,0
2024-12-30,HAVI.OL,newsweb,-1,-5.0144490072452195,-0.16933161341827813,False,-0.0016710204693181404,True,0,1
2025-01-09,KID.OL,newsweb,1,5.334052624921689,0.10607536181759152,False,0.0023588007032401977,True,0,0
2025-01-15,KCC.OL,newsweb,-1,-2.603435964873841,-0.04146608684667244,False,0.012472712818148556,True,2,3
2025-01-16,MOWI.OL,newsweb,1,2.206632171045568,0.02693037243762677,False,-0.0029919709319884513,True,2,1
2025-01-17,ENDUR.OL,newsweb,1,2.791386029361149,0.043458336892047644,False,0.0004123154394631605,True,0,0
2025-01-21,PROT.OL,newsweb,1,2.3448782624135864,0.03627557080258974,False,-0.002325062590078671,True,0,0
2025-01-22,KIT.OL,newsweb,1,3.004265389163713,0.051104273968593364,False,0.0032709458220116874,True,0,0
2025-01-22,MULTI.OL,newsweb,1,2.990743187128655,0.03298448883510203,False,0.0032709458220116874,True,0,0
2025-01-22,ZAP.OL,newsweb,1,3.404980734336373,0.14103767155003216,False,0.0032709458220116874,True,0,0
2025-01-22,HAVI.OL,newsweb,-1,-2.8973808488965584,-0.12541543627444202,False,0.0032709458220116874,True,0,0
2025-01-22,BWLPG.OL,newsweb,-1,-2.6336699356180113,-0.057152626002174654,False,0.0032709458220116874,True,0,4
2025-01-23,ELK.OL,newsweb,1,9.001889372182415,0.14997298109545418,False,0.010399262062271458,True,1,0
2025-01-23,NONG.OL,newsweb,-1,-2.1924570185814694,-0.020143974775682246,False,0.010399262062271458,True,0,2
2025-01-24,ROGS.OL,newsweb,1,2.9119487454015514,0.03538378340911161,False,-0.004914537157000183,True,0,0
2025-01-24,ERIC-B.ST,gdelt,-1,-16.608954154761406,-0.13361294977109398,False,-0.004914537157000183,True,0,0
2025-01-24,GJF.OL,newsweb,1,9.009324870810126,0.088422212858676,False,-0.004914537157000183,True,1,1
2025-01-24,PARB.OL,newsweb,-1,-2.271301540748306,-0.027765493273101908,False,-0.004914537157000183,True,0,0
2025-01-27,ATCO-A.ST,gdelt,-1,-2.3528897116583702,-0.026003109687730296,False,-0.002870618240994063,True,2,2
2025-01-28,SNI.OL,newsweb,1,3.087346749743822,0.06403384216233193,False,0.004104414170831937,True,6,0
2025-01-28,VAR.OL,newsweb,-1,-2.099714380679483,-0.029645620764962695,False,0.004104414170831937,True,5,2
2025-01-28,ATCO-A.ST,gdelt,-1,-3.59098240475271,-0.03968596951009667,False,0.004104414170831937,True,3,1
2025-01-29,IWS.OL,newsweb,-1,-4.737681381512728,-0.09696652280684685,False,0.005659215019902967,True,0,0
2025-01-30,MOWI.OL,newsweb,1,2.6377953555985694,0.03219241170894933,False,0.007868851990906398,True,2,1
2025-01-30,SMOP.OL,newsweb,1,2.535322592283783,0.05242627200989386,False,0.007868851990906398,True,0,0
2025-01-30,SNI.OL,newsweb,-1,-2.8694196719889886,-0.059513874296393605,False,0.007868851990906398,True,5,1
2025-01-30,OKEA.OL,newsweb,-1,-3.5211792053712747,-0.06546762190237837,False,0.007868851990906398,True,5,1
2025-01-31,ELMRA.OL,newsweb,-1,-13.150007797688739,-0.23179101318682246,False,0.0002487367370438815,True,0,0
2025-01-31,NSKOG.OL,newsweb,1,5.92767774085297,0.23743599580239616,False,0.0002487367370438815,True,0,0
2025-01-31,SOAG.OL,newsweb,1,2.9437638333325005,0.032368851264162495,False,0.0002487367370438815,True,2,0
2025-02-03,ENH.OL,newsweb,1,6.235069546501958,0.07659196033971026,True,-0.015205951483432638,True,0,0
2025-02-04,SOAG.OL,newsweb,1,4.874577141410885,0.05359956552200546,False,0.007984054783523873,True,2,0
2025-02-05,EQNR.OL,newsweb,-1,-2.605481982126893,-0.041727267961243805,False,-0.0003270388191909189,True,5,2
2025-02-05,SCATC.OL,newsweb,1,2.3336371250665846,0.04074672322235752,False,-0.0003270388191909189,True,0,0
2025-02-05,NOD.OL,newsweb,1,9.783853624392494,0.1921798503993422,False,-0.0003270388191909189,True,0,0
2025-02-06,DNO.OL,newsweb,-1,-4.4406747637837345,-0.08110172535113884,False,0.002589914351246274,False,3,0
2025-02-06,ATEA.OL,newsweb,-1,-3.8395364373724865,-0.06923048972668656,False,0.002589914351246274,True,0,0
2025-02-06,NAS.OL,newsweb,1,2.644558762041258,0.07231540854375934,False,0.002589914351246274,True,0,0
2025-02-07,SOAG.OL,newsweb,-1,-3.2549955091971357,-0.03579107274493728,False,-0.003790849845742305,True,1,0
2025-02-07,KOG.OL,newsweb,-1,-2.9526755268521354,-0.05959591161739117,False,-0.003790849845742305,True,0,0
2025-02-07,VEND.OL,newsweb,-1,-3.1654073434890906,-0.05981357112827137,False,-0.003790849845742305,True,0,0
2025-02-07,SBNOR.OL,newsweb,-1,-2.820611696548631,-0.03604646592739248,False,-0.003790849845742305,True,3,1
2025-02-07,YAR.OL,newsweb,-1,-6.353248757268231,-0.0709127371456255,False,-0.003790849845742305,True,0,0
2025-02-07,NSKOG.OL,newsweb,-1,-3.130315090690035,-0.12538628333501575,False,-0.003790849845742305,True,0,0
2025-02-10,ENDUR.OL,newsweb,1,2.5724740056646356,0.04005015458567552,False,0.0004846112132473259,True,0,0
2025-02-10,SALME.OL,newsweb,1,2.2661578620116076,0.03263975380757768,False,0.0004846112132473259,True,0,0
2025-02-10,SKUE.OL,newsweb,1,3.1053375884223935,0.03480495703514615,False,0.0004846112132473259,True,1,1
2025-02-11,VAR.OL,newsweb,1,3.0529680633664236,0.04954760028740528,False,0.008184060681026646,True,6,0
2025-02-11,AKSO.OL,newsweb,1,2.9703653340169427,0.05707148712579042,False,0.008184060681026646,True,1,0
2025-02-11,ENDUR.OL,newsweb,1,2.9685100239281974,0.05283788699190012,False,0.008184060681026646,True,0,0
2025-02-11,SALME.OL,newsweb,-1,-2.6414454340364992,-0.04075339315390674,False,0.008184060681026646,True,1,0
2025-02-12,AKRBP.OL,newsweb,-1,-2.061302440789814,-0.030149458348992034,False,-0.002743752228343157,True,4,4
2025-02-12,SATS.OL,newsweb,1,3.047488625971975,0.047826247822302145,False,-0.002743752228343157,True,0,0
2025-02-12,STB.OL,newsweb,-1,-10.059859358066703,-0.0957170272813838,False,-0.002743752228343157,True,1,0
2025-02-13,WWI.OL,newsweb,-1,-2.4868670458644178,-0.035248838989204744,False,-0.0004705417366813302,True,1,1
2025-02-13,ELK.OL,newsweb,1,2.011668854603117,0.06205270119350974,False,-0.0004705417366813302,True,0,1
2025-02-13,HEX.OL,newsweb,-1,-5.16936014873788,-0.12446135474973241,False,-0.0004705417366813302,True,0,0
2025-02-13,KID.OL,newsweb,-1,-2.1689732940076785,-0.04041497386543679,False,-0.0004705417366813302,True,0,0
2025-02-13,LINK.OL,newsweb,1,3.9657909106080345,0.05647582531135676,False,-0.0004705417366813302,True,0,0
2025-02-13,NORBT.OL,newsweb,1,2.8561846289156456,0.048744627528243524,False,-0.0004705417366813302,True,0,0
2025-02-13,ORK.OL,newsweb,1,4.759610088809108,0.0501842644925836,False,-0.0004705417366813302,True,0,0
2025-02-14,TOM.OL,newsweb,1,4.668450391363,0.11827539422595422,False,0.001960465551588063,True,0,0
2025-02-14,AFG.OL,newsweb,1,2.4602016617905917,0.028557864573013323,False,0.001960465551588063,True,1,0
2025-02-14,MING.OL,newsweb,-1,-2.525594822418047,-0.022066261886997784,False,0.001960465551588063,False,1,0
2025-02-14,AKVA.OL,newsweb,-1,-2.3537454386267953,-0.03929561690135078,False,0.001960465551588063,True,0,0
2025-02-14,HAUTO.OL,newsweb,-1,-4.443080140567847,-0.10213647384499179,False,0.001960465551588063,True,3,1
2025-02-14,KCC.OL,newsweb,-1,-4.906108841606514,-0.08889021733081048,False,0.001960465551588063,True,6,0
2025-02-17,BAKKA.OL,newsweb,-1,-2.836954969635572,-0.04224879558039536,False,0.0014389210386604161,True,2,0
2025-02-18,BOUV.OL,newsweb,-1,-3.9554353589320015,-0.052162452355120355,False,0.0021763164938714105,True,0,0
2025-02-19,TGS.OL,newsweb,1,2.5539538973166467,0.04180577857143177,False,-0.0028306106412494913,True,4,3
2025-02-19,AFG.OL,newsweb,-1,-6.778116000562086,-0.07867993986450002,False,-0.0028306106412494913,True,0,0
2025-02-19,SAND.ST,gdelt,-1,-1.8409346274732015,-0.025996042904712535,False,-0.0028306106412494913,True,2,6
2025-02-19,ZAP.OL,newsweb,1,6.9287319102315585,0.23937306480946127,False,-0.0028306106412494913,True,1,0
2025-02-19,BINT.OL,newsweb,-1,-2.137016743961109,-0.1702207052880235,False,-0.0028306106412494913,True,0,0
2025-02-20,GSF.OL,newsweb,-1,-9.371635217909924,-0.2834545048034526,False,-0.007604582802115079,True,5,0
2025-02-20,OET.OL,newsweb,-1,-2.6222248402737725,-0.07226691090366488,False,-0.007604582802115079,True,4,0
2025-02-24,SUBC.OL,newsweb,1,2.381649928084179,0.0343610448165979,False,-0.004226643166019665,True,4,2
2025-02-25,PEN.OL,newsweb,1,2.7846134771897404,0.04694727152219254,False,9.545234234988432e-05,True,6,1
2025-02-26,NAPA.OL,newsweb,-1,-5.897008671475616,-0.17922313621538738,False,0.0008490080994160937,True,1,0
2025-02-27,HAFNI.OL,newsweb,-1,-3.9128147985763357,-0.10216191229173453,True,-0.011666130752302733,False,4,0
2025-02-28,LSG.OL,newsweb,1,2.170832036972842,0.034417615367653434,False,-0.002562304289372162,False,3,0
2025-02-28,ZAL.OL,newsweb,1,2.5373644617406304,0.04765371383892144,False,-0.002562304289372162,True,0,0
2025-03-04,SOAG.OL,newsweb,1,2.8996439934068157,0.041076983694197516,True,-0.038115751234893205,True,1,0
2025-03-05,BNOR.OL,newsweb,-1,-3.049632816925404,-0.041747564318475,False,0.012402918414188509,True,0,5
2025-03-05,SOAG.OL,newsweb,-1,-2.0301042263233406,-0.02875889536502344,False,0.012402918414188509,True,0,1
2025-03-07,DNO.OL,newsweb,1,3.381274255200741,0.07926291727910549,False,0.0031018525836597364,False,1,3
2025-03-07,BWE.OL,newsweb,1,3.6244319859611496,0.06519706101176194,False,0.0031018525836597364,False,2,3
2025-03-07,PEN.OL,newsweb,1,5.156506218015066,0.08693626584302139,False,0.0031018525836597364,False,2,2
2025-03-10,SWED-A.ST,gdelt,1,1.5531904167447033,0.015261330175441484,True,-0.012504727657801475,False,6,0
2025-03-11,ROGS.OL,newsweb,1,3.357929143420783,0.038553517625782366,False,-0.008116098870871561,True,0,0
2025-03-11,BNOR.OL,newsweb,-1,-2.388574726296489,-0.03269809285305367,False,-0.008116098870871561,False,6,0
2025-03-14,MPCC.OL,newsweb,-1,-2.3577798451844822,-0.0439074078648385,False,0.006455415634318146,True,0,4
2025-03-14,NORBT.OL,newsweb,1,5.541900289990874,0.0941175056545455,False,0.006455415634318146,True,0,0
2025-03-14,CRNA.OL,newsweb,-1,-3.5958662859427606,-0.10353501461092413,False,0.006455415634318146,True,0,0
2025-03-14,ROGS.OL,newsweb,1,2.766934511717018,0.03601881811110028,False,0.006455415634318146,True,0,0
2025-03-19,PROT.OL,newsweb,1,2.3510535897363916,0.028364382289622236,False,0.006646983819025841,True,1,0
2025-03-19,JIN.OL,newsweb,1,2.5818406109547376,0.06436286172868019,False,0.006646983819025841,True,0,0
2025-03-20,ENVIP.OL,newsweb,1,5.81516682950078,0.12513373508400166,False,-0.002160768182532723,True,0,0
2025-03-20,HSHP.OL,newsweb,1,2.669293359313266,0.06609631039004628,False,-0.002160768182532723,True,4,0
2025-03-21,ENDUR.OL,newsweb,1,2.100201109386535,0.04010815647290876,False,-0.004565227818740663,True,0,0
2025-03-24,SBNOR.OL,newsweb,-1,-2.4728586108929975,-0.026281948583923624,False,-0.001881223629178806,True,3,1
2025-03-26,MULTI.OL,newsweb,1,2.194559830833777,0.03370501397489881,False,0.0013655111085230857,True,0,0
2025-03-26,NAPA.OL,newsweb,1,3.4784497321300862,0.13559576646346258,False,0.0013655111085230857,True,0,0
2025-03-27,AKVA.OL,newsweb,1,2.089451797276261,0.04331612091809031,False,-0.00883926428134076,True,0,0
2025-03-28,WAWI.OL,newsweb,1,2.5815025821685906,0.05580553546194276,False,-0.009094979136479853,True,4,0
2025-03-31,VAR.OL,newsweb,1,2.0436569074931783,0.03743905737887522,True,-0.011953728742658985,True,2,3
2025-03-31,GSF.OL,newsweb,1,2.1360881427963245,0.09871749497125767,True,-0.011953728742658985,True,0,2
2025-04-03,KIT.OL,newsweb,1,4.619182001714391,0.10768144476707092,True,-0.025419497585331408,True,0,0
2025-04-03,AKRBP.OL,newsweb,-1,-2.4266481415473287,-0.03718392276596655,True,-0.025419497585331408,True,3,5
2025-04-03,DNB.OL,newsweb,-1,-2.6628705220309277,-0.020037902207848114,True,-0.025419497585331408,True,0,1
2025-04-03,SNI.OL,newsweb,-1,-2.424440919885587,-0.05444560423021937,True,-0.025419497585331408,True,6,0
2025-04-03,HLAG.DE,gdelt,-1,-2.5242781878644904,-0.06501268895221853,True,-0.025419497585331408,True,1,0
2025-04-04,DNB.OL,newsweb,-1,-3.4625201388552758,-0.026055205974555025,True,-0.052943722697130616,True,0,1
2025-04-04,AKSO.OL,newsweb,-1,-2.0386210431162946,-0.03917736370722906,True,-0.052943722697130616,True,3,0
2025-04-04,GSF.OL,newsweb,1,2.2698846339549843,0.10490078590317421,True,-0.052943722697130616,True,0,2
2025-04-04,SUBC.OL,newsweb,-1,-2.0808260142367017,-0.030609378728781472,True,-0.052943722697130616,False,7,0
2025-04-04,PARB.OL,newsweb,-1,-3.2257430053929497,-0.03429585099342771,True,-0.052943722697130616,True,0,0
2025-04-07,AGLX.OL,newsweb,-1,-3.781856482205257,-0.08076122956814576,False,-0.005751779661156118,True,0,0
2025-04-07,AKRBP.OL,newsweb,1,2.012892196957465,0.03084387336853768,False,-0.005751779661156118,True,6,1
2025-04-07,SALME.OL,newsweb,-1,-2.588671924434362,-0.037485112279832616,False,-0.005751779661156118,True,0,0
2025-04-07,AKVA.OL,newsweb,-1,-2.6192277890793783,-0.05429882985177286,False,-0.005751779661156118,True,0,0
2025-04-07,HAUTO.OL,newsweb,1,3.3040487203873794,0.08418676927753191,False,-0.005751779661156118,True,1,6
2025-04-09,TTE.PA,gdelt,-1,-2.2219813361188336,-0.01947072063418035,True,-0.02746847410421564,True,1,4
2025-04-10,BRG.OL,newsweb,1,2.6006967421402205,0.028757910437695728,False,0.026187132213153417,True,0,0
2025-04-10,CRNA.OL,newsweb,-1,-3.452381681420595,-0.10506446041125758,False,0.026187132213153417,True,0,0
2025-04-10,EPR.OL,newsweb,-1,-8.309078812644943,-0.0983662737432626,False,0.026187132213153417,True,1,0
2025-04-11,NAS.OL,newsweb,-1,-2.1551453992900047,-0.051136428791080865,False,0.005261530284348175,True,0,0
2025-04-11,CRNA.OL,newsweb,1,3.9916199919244315,0.1214748076307027,False,0.005261530284348175,True,0,0
2025-04-11,SIE.DE,gdelt,-1,-1.9320857144624222,-0.040966273997885085,False,0.005261530284348175,True,5,0
2025-04-14,CRNA.OL,newsweb,1,2.4234005565407437,0.07375003557791027,False,0.021669842877624933,True,0,0
2025-04-15,NYKD.OL,newsweb,1,2.8920947170327533,0.10712824388092732,False,0.009275628680763887,True,0,0
2025-04-22,SAP.DE,gdelt,-1,-2.203439613290233,-0.031509382816535286,False,-0.0023850708498410365,True,7,0
2025-04-23,TEL.OL,newsweb,-1,-2.1472208914141575,-0.024065682408234302,False,0.02224818903868095,True,1,0
2025-04-23,SALM.OL,newsweb,1,2.747852464822256,0.040060343673005275,False,0.02224818903868095,True,2,3
2025-04-23,SKUE.OL,newsweb,1,3.009729817499719,0.044106627894824516,False,0.02224818903868095,True,0,0
2025-04-24,ACR.OL,newsweb,1,2.013740423632231,0.04338710073000259,False,-0.0030628710999603577,True,0,0
2025-04-24,AFG.OL,newsweb,1,2.0143481711368514,0.033248489385969866,False,-0.0030628710999603577,True,0,0
2025-04-24,AUTO.OL,newsweb,-1,-9.801509557462857,-0.33436546874110157,False,-0.0030628710999603577,True,0,0
2025-04-25,ATEA.OL,newsweb,1,2.9881148406857134,0.04320033978708042,False,0.009792897931458482,True,0,0
2025-04-25,BAKKA.OL,newsweb,-1,-2.173405671197659,-0.02997924736516301,False,0.009792897931458482,True,1,4
2025-04-28,ACR.OL,newsweb,1,2.6216732497759807,0.05648533447226329,False,0.006381727219564139,True,0,0
2025-04-29,ATCO-A.ST,gdelt,-1,-3.383765626823189,-0.052522744590669364,False,0.00243147851100685,True,5,0
2025-04-29,NOD.OL,newsweb,-1,-4.813284465486716,-0.15347789898859393,False,0.00243147851100685,True,0,0
2025-04-29,CRNA.OL,newsweb,-1,-3.1505619632124278,-0.09587934452280501,False,0.00243147851100685,True,0,0
2025-04-29,GJF.OL,newsweb,-1,-2.021515808083112,-0.030871600286815116,False,0.00243147851100685,True,0,1
2025-04-30,BRG.OL,newsweb,1,2.293691748880653,0.025363119358433474,False,0.0012941418318193163,True,0,0
2025-04-30,ORK.OL,newsweb,1,2.093885651502713,0.024223729237920266,False,0.0012941418318193163,True,0,1
2025-04-30,DNB.OL,newsweb,1,2.2761248283298285,0.020998226267429157,False,0.0012941418318193163,True,0,2
2025-04-30,ELK.OL,newsweb,-1,-2.5691704833960918,-0.08111939350324034,False,0.0012941418318193163,True,1,1
2025-05-02,NONG.OL,newsweb,1,3.0958922098829387,0.026642871191401643,False,0.015153741534678595,False,3,0
2025-05-05,CRNA.OL,newsweb,-1,-3.057383125202835,-0.09304368345151885,False,0.004232658447702211,True,0,0
2025-05-05,TRMED.OL,newsweb,1,3.049622377543903,0.10761058330199987,False,0.004232658447702211,True,0,0
2025-05-07,ACR.OL,newsweb,1,5.4907294560462105,0.1183006653662809,False,0.0014213769650609578,True,0,0
2025-05-07,TOM.OL,newsweb,-1,-3.5954125349889874,-0.0812781337509624,False,0.0014213769650609578,True,0,0
2025-05-07,VEND.OL,newsweb,1,5.012614939810092,0.10971179023838923,False,0.0014213769650609578,True,1,0
2025-05-07,AUSS.OL,newsweb,-1,-2.1739663926508364,-0.026438316710804544,False,0.0014213769650609578,True,6,0
2025-05-07,PEXIP.OL,newsweb,1,7.434064078730588,0.14025355269044598,False,0.0014213769650609578,True,0,0
2025-05-07,DNB.OL,newsweb,1,4.022814329529127,0.03711218491706917,False,0.0014213769650609578,True,2,0
2025-05-07,POL.OL,newsweb,1,2.4351443064766545,0.04891710139347627,False,0.0014213769650609578,True,0,0
2025-05-07,ELO.OL,newsweb,1,4.103473737980862,0.06616713604842822,False,0.0014213769650609578,True,0,0
2025-05-07,SOFF.OL,newsweb,-1,-2.4971524266471583,-0.037977063017028606,False,0.0014213769650609578,True,0,0
2025-05-08,VEI.OL,newsweb,-1,-4.114196641708155,-0.033372266195213426,False,0.006181233926246963,True,0,1
2025-05-08,MING.OL,newsweb,-1,-2.424172195847874,-0.022440092466422003,False,0.006181233926246963,False,1,1
2025-05-08,NAS.OL,newsweb,-1,-3.164347526141233,-0.07508237355774798,False,0.006181233926246963,True,0,0
2025-05-08,REACH.OL,newsweb,1,3.532132073729096,0.0846264135437405,False,0.006181233926246963,True,0,0
2025-05-08,SCATC.OL,newsweb,1,3.0090181119759056,0.05093932938288786,False,0.006181233926246963,True,0,0
2025-05-08,HELG.OL,newsweb,1,2.188092434166556,0.04797547570926041,False,0.006181233926246963,True,0,0
2025-05-08,SPOL.OL,newsweb,-1,-2.221210557307083,-0.02069970883590388,False,0.006181233926246963,False,1,0
2025-05-08,KCC.OL,newsweb,-1,-3.6899691603823976,-0.07092015609346018,False,0.006181233926246963,False,5,2
2025-05-09,MEDI.OL,newsweb,1,8.853276138441323,0.18198376483414833,False,0.008215429462286056,True,0,0
2025-05-09,WWI.OL,newsweb,1,2.190799716265418,0.03698340555889687,False,0.008215429462286056,True,2,1
2025-05-09,ORK.OL,newsweb,-1,-5.283954321368981,-0.06112897268029972,False,0.008215429462286056,True,2,0
2025-05-13,SALME.OL,newsweb,-1,-2.4597852652708863,-0.03198507851732233,False,0.0030175293868487333,True,0,0
2025-05-13,MULTI.OL,newsweb,-1,-2.7803100643495657,-0.04054540916686861,False,0.0030175293868487333,True,0,0
2025-05-14,LINK.OL,newsweb,-1,-2.7325965457341668,-0.05163142770242603,False,0.007123004628411578,True,0,0
2025-05-14,NORBT.OL,newsweb,1,4.269252970905081,0.09866844900859398,False,0.007123004628411578,True,0,0
2025-05-14,NORCO.OL,newsweb,-1,-2.309464553516216,-0.0376110124025569,False,0.007123004628411578,True,0,0
2025-05-14,POL.OL,newsweb,-1,-3.195233391266889,-0.05848267795484564,False,0.007123004628411578,True,0,0
2025-05-15,LSG.OL,newsweb,1,2.581196234716657,0.03755458740734022,False,-0.0014293404466343787,True,2,2
2025-05-15,AUSS.OL,newsweb,1,4.401530162797364,0.05196633320740965,False,-0.0014293404466343787,True,4,0
2025-05-15,B2I.OL,newsweb,1,2.511306598261861,0.030138782351969276,False,-0.0014293404466343787,True,0,0
2025-05-15,ENDUR.OL,newsweb,-1,-2.3287024107231566,-0.03576887770538345,False,-0.0014293404466343787,True,0,0
2025-05-15,HAVI.OL,newsweb,1,6.543358440781133,0.24944809814172883,False,-0.0014293404466343787,True,0,0
2025-05-15,HEX.OL,newsweb,-1,-2.9816013859281085,-0.08154583889868176,False,-0.0014293404466343787,True,0,0
2025-05-15,KID.OL,newsweb,-1,-2.305085400641389,-0.03585077240892999,False,-0.0014293404466343787,True,0,0
2025-05-16,ACR.OL,newsweb,1,2.3006699535429496,0.06250276031497679,False,0.00847908865801126,True,0,0
2025-05-16,DOFG.OL,newsweb,1,2.5530829133687094,0.04207825679442934,False,0.00847908865801126,True,2,0
2025-05-16,AFK.OL,newsweb,-1,-2.487614443231795,-0.04919223585946271,False,0.00847908865801126,True,0,0
2025-05-16,ODL.OL,newsweb,1,3.1643555974846023,0.04068340596855311,False,0.00847908865801126,True,3,1
2025-05-19,PRS.OL,newsweb,-1,-6.269912147461719,-0.32882835615909034,False,-0.00844612823239423,True,0,0
2025-05-19,NONG.OL,newsweb,-1,-2.658568438545544,-0.022413046413277436,False,-0.00844612823239423,True,4,0
2025-05-20,SALM.OL,newsweb,-1,-4.536555018605934,-0.08236225114743727,False,0.0019272926709530843,True,5,0
2025-05-21,ENDUR.OL,newsweb,1,2.6561414387108195,0.04079834239530201,False,0.0017636121356959591,True,0,0
2025-05-22,MPCC.OL,newsweb,-1,-4.382166553168341,-0.10789294587743074,True,-0.01397419272226497,True,8,0
2025-05-23,BINT.OL,newsweb,1,2.829645088832952,0.2285822082117517,False,-0.002065551572382844,True,0,0
2025-05-26,NAPA.OL,newsweb,1,2.3103344100426195,0.08940340126401625,False,0.01082446360101186,True,0,0
2025-05-27,ENH.OL,newsweb,1,3.471149667482779,0.07017527911951464,False,0.004779178494353746,True,0,0
2025-06-04,NONG.OL,newsweb,1,2.390939476827702,0.020156801942173713,False,0.006011115508294026,False,2,1
2025-06-06,HAUTO.OL,newsweb,1,2.3248584138587733,0.06667062179924907,False,0.0068948347083680915,True,4,3
2025-06-10,OKEA.OL,newsweb,1,2.3230023093340253,0.04092434183233534,False,0.002222859831235696,True,1,5
2025-06-10,SUBC.OL,newsweb,1,2.871661840014678,0.040359297490768276,False,0.002222859831235696,True,2,5
2025-06-11,ORK.OL,newsweb,-1,-3.0493429008739628,-0.041346059360341886,False,0.002767759292174014,True,2,1
2025-06-12,ZAL.OL,newsweb,-1,-3.9593986574901137,-0.07087348743504443,False,-0.0004108176777934121,True,0,0
2025-06-16,TRMED.OL,newsweb,1,3.0677554935231877,0.11012148875711107,False,0.002208289726944236,True,0,0
2025-06-17,BAKKA.OL,newsweb,-1,-3.176098183503458,-0.043793905485198174,False,-0.000615674197484218,True,3,0
2025-06-18,ACR.OL,newsweb,1,3.6612357654311807,0.09777444803620786,False,-0.001978853786482233,True,0,0
2025-06-19,TRMED.OL,newsweb,-1,-3.192134869109405,-0.11458626505338099,False,0.00082946577093698,True,0,0
2025-06-19,NONG.OL,newsweb,-1,-2.5526585586451063,-0.027123749733307997,False,0.00082946577093698,False,0,0
2025-06-19,DNB.OL,newsweb,-1,-3.4031095252408385,-0.036087601432231435,False,0.00082946577093698,False,3,0
2025-06-19,SBNOR.OL,newsweb,-1,-2.432522878491434,-0.028129539934449832,False,0.00082946577093698,False,1,0
2025-06-24,LINK.OL,newsweb,1,4.733058525823506,0.07962833160998681,False,-0.004875285237261017,True,0,0
2025-06-24,TOM.OL,newsweb,1,2.423323120976462,0.049817436169235084,False,-0.004875285237261017,True,0,0
2025-06-26,TOM.OL,newsweb,-1,-4.959756388735985,-0.10196013283249271,False,0.00012811464065244743,True,0,0
2025-06-26,HEX.OL,newsweb,1,2.891749078423711,0.08951684202468602,False,0.00012811464065244743,True,0,0
2025-07-02,TGS.OL,newsweb,1,2.0352648308702994,0.044779008469957866,False,0.008422345385734208,True,4,1
2025-07-02,ATEA.OL,newsweb,-1,-2.5786838997422286,-0.0278995152394673,False,0.008422345385734208,True,0,0
2025-07-02,NORCO.OL,newsweb,-1,-3.3852205009982645,-0.048644370313736245,False,0.008422345385734208,True,0,0
2025-07-03,SNI.OL,newsweb,1,2.4645734297433717,0.0596498343288135,False,0.005867017131684592,True,3,2
2025-07-07,KID.OL,newsweb,-1,-3.7585411137116207,-0.05771111065862617,False,0.005602942307004025,True,0,0
2025-07-08,TGS.OL,newsweb,-1,-4.768346914528327,-0.1049110875571202,False,0.0024692781367565814,True,8,0
2025-07-09,KOG.OL,newsweb,-1,-4.756627375298802,-0.13044551411131483,False,0.0022811120107490805,True,0,0
2025-07-09,AKSO.OL,newsweb,1,2.3877738162071203,0.03668889380352149,False,0.0022811120107490805,True,2,0
2025-07-10,EPR.OL,newsweb,1,4.533244310606923,0.06591525997113498,False,0.003037238596369395,True,1,0
2025-07-11,AKSO.OL,newsweb,-1,-6.960333939770619,-0.10826321800237365,False,-0.00044677313623675715,True,4,0
2025-07-11,NAS.OL,newsweb,1,4.132911667409569,0.10304355734981598,False,-0.00044677313623675715,True,2,0
2025-07-11,NONG.OL,newsweb,-1,-2.8872376222309426,-0.031380329557516774,False,-0.00044677313623675715,False,0,0
2025-07-11,DNB.OL,newsweb,-1,-7.855015585893253,-0.09198368069716004,False,-0.00044677313623675715,False,3,0
2025-07-11,PROT.OL,newsweb,1,6.645312242610592,0.08509520830034716,False,-0.00044677313623675715,False,0,0
2025-07-11,ELK.OL,newsweb,-1,-4.657741374810181,-0.08582595508076138,False,-0.00044677313623675715,True,1,0
2025-07-11,GJF.OL,newsweb,1,7.128537222706191,0.07517799711112191,False,-0.00044677313623675715,False,1,0
2025-07-11,STB.OL,newsweb,1,4.554732430616274,0.04293597994895726,False,-0.00044677313623675715,False,3,0
2025-07-14,SMOP.OL,newsweb,1,4.919984368962035,0.15218393010751877,False,0.0022931014312534007,True,0,0
2025-07-14,SOFF.OL,newsweb,1,2.4029665275019876,0.04135048001754011,False,0.0022931014312534007,True,0,0
2025-07-15,AKRBP.OL,newsweb,-1,-2.6581541453817716,-0.045000746767227436,False,0.0009912594348580783,True,5,0
2025-07-15,NSKOG.OL,newsweb,1,4.165731793987373,0.12277991379391659,False,0.0009912594348580783,True,0,0
2025-07-15,MOWI.OL,newsweb,1,2.885709486450853,0.0353793773185046,False,0.0009912594348580783,True,4,1
2025-07-16,BAKKA.OL,newsweb,-1,-12.271861862480044,-0.17219037098597678,False,-0.005355683377234062,True,6,0
2025-07-16,BRG.OL,newsweb,-1,-6.001660206956072,-0.06363682787727797,False,-0.005355683377234062,True,0,0
2025-07-16,ATEA.OL,newsweb,-1,-5.505872045451984,-0.06444348713299787,False,-0.005355683377234062,True,0,0
2025-07-17,TGS.OL,newsweb,-1,-2.2044915072451445,-0.051140092460949,False,0.0037825081705094568,True,4,0
2025-07-17,TOM.OL,newsweb,-1,-5.657024244702815,-0.14592409002346582,False,0.0037825081705094568,True,0,0
2025-07-17,SOFF.OL,newsweb,-1,-2.998273546280566,-0.0515945806750282,False,0.0037825081705094568,True,0,0
2025-07-18,VEND.OL,newsweb,1,3.904107843092451,0.07754675234902635,False,-0.0005763825359703034,True,2,0
2025-07-18,MPCC.OL,newsweb,1,2.2406809782834234,0.055007935390410566,False,-0.0005763825359703034,True,7,0
2025-07-21,B2I.OL,newsweb,1,4.465229095712921,0.08018454096710051,False,-0.004591217578272859,True,0,0
2025-07-22,NHY.OL,newsweb,1,2.4048530607089695,0.02866220755387153,False,-0.001229356725140534,True,7,0
2025-07-23,SAP.DE,gdelt,-1,-3.010363876295728,-0.04960807419669393,False,0.006977206045155962,True,7,0
2025-08-07,SBO.OL,newsweb,-1,-2.274203282140243,-0.0318676642992697,False,0.006517160299068383,True,0,0
2025-08-08,MING.OL,newsweb,-1,-2.783007630492435,-0.025004174130458537,False,0.004805390224477871,True,2,1
2025-08-08,SPOL.OL,newsweb,-1,-3.050668468161071,-0.036948911871421554,False,0.004805390224477871,True,1,1
2025-08-12,KOA.OL,newsweb,1,3.3544772718481934,0.06844103562120957,False,0.0077567484689954475,True,0,0
2025-08-12,WAWI.OL,newsweb,1,2.2318287092077465,0.037939769761501575,False,0.0077567484689954475,True,7,0
2025-08-12,SBNOR.OL,newsweb,1,4.385505042049286,0.04537405080168401,False,0.0077567484689954475,True,5,0
2025-08-13,NOD.OL,newsweb,1,6.154316216970092,0.13112844785947644,False,0.0007390875072970131,True,0,0
2025-08-14,VEI.OL,newsweb,-1,-2.8250806414914726,-0.02430429067050413,False,0.0008670887010870641,True,1,0
2025-08-14,AUTO.OL,newsweb,1,8.362557878589902,0.25943287038847246,False,0.0008670887010870641,True,0,0
2025-08-14,PEXIP.OL,newsweb,1,4.02427928602061,0.0729515938782651,False,0.0008670887010870641,True,2,0
2025-08-14,HEX.OL,newsweb,-1,-4.737645808312809,-0.14453017194932236,False,0.0008670887010870641,True,0,0
2025-08-14,HLAG.DE,gdelt,-1,-5.627636330460648,-0.08921894184022137,False,0.0008670887010870641,True,0,0
2025-08-15,SOAG.OL,newsweb,1,4.864356753207129,0.06291183969322019,False,0.0011997924366818063,True,0,0
2025-08-19,MULTI.OL,newsweb,-1,-10.21955890218431,-0.12131919149463136,False,0.004185472897696456,True,0,0
2025-08-19,SOAG.OL,newsweb,1,2.1748421845657218,0.028127731952069968,False,0.004185472897696456,True,0,0
2025-08-19,ODL.OL,newsweb,1,5.484011193327362,0.06887165753607874,False,0.004185472897696456,True,6,0
2025-08-20,LINK.OL,newsweb,-1,-2.6273383443580345,-0.05769436453281717,False,-0.002682245297467629,True,0,0
2025-08-20,MEDI.OL,newsweb,1,4.821373212325368,0.13202437231998587,False,-0.002682245297467629,True,0,0
2025-08-20,AUSS.OL,newsweb,-1,-3.0928848583199677,-0.03813227132634926,False,-0.002682245297467629,False,5,0
2025-08-20,NORCO.OL,newsweb,1,2.9005873489425964,0.037120412166568376,False,-0.002682245297467629,True,0,0
2025-08-21,ALNG.OL,newsweb,-1,-2.2620267763113895,-0.10738612551100515,False,0.007043133543450631,True,1,0
2025-08-21,B2I.OL,newsweb,-1,-2.691772006884483,-0.053175507792116786,False,0.007043133543450631,True,0,0
2025-08-21,PEN.OL,newsweb,1,4.377212566151791,0.07530929449057336,False,0.007043133543450631,False,7,0
2025-08-21,DNO.OL,newsweb,1,3.5639656038380365,0.07896318211073604,False,0.007043133543450631,False,6,0
2025-08-21,SALM.OL,newsweb,1,2.3595640013873256,0.04399706414726352,False,0.007043133543450631,True,3,0
2025-08-21,ENDUR.OL,newsweb,1,4.127575084611408,0.05332211985374874,False,0.007043133543450631,True,0,0
2025-08-22,HAUTO.OL,newsweb,1,2.3176174334068094,0.04121545962722054,False,0.010503362007812374,True,5,1
2025-08-25,OKEA.OL,newsweb,1,3.182756827507839,0.06158924302491937,False,-0.0014020249507136582,True,8,0
2025-08-26,PLSV.OL,newsweb,1,2.2842964399585513,0.04582903836794335,False,-0.0062443055682326835,True,0,1
2025-08-26,REACH.OL,newsweb,-1,-3.7202575001923934,-0.0694738641577228,False,-0.0062443055682326835,True,0,0
2025-08-27,ENH.OL,newsweb,-1,-2.429704394415363,-0.07590204181213794,False,-0.006611011838938377,True,0,0
2025-08-27,NYKD.OL,newsweb,-1,-3.1194009073853657,-0.09346253366952847,False,-0.006611011838938377,True,0,0
2025-08-28,ADS.OL,newsweb,-1,-3.962738018555845,-0.10971393858566972,False,0.0008951049514583722,True,0,0
2025-08-29,AFG.OL,newsweb,1,2.8331835201861866,0.031283892355360055,False,0.0019435016657359048,True,1,0
2025-08-29,TRMED.OL,newsweb,1,3.694371732989475,0.10454039620451297,False,0.0019435016657359048,True,0,0
2025-08-29,ZAL.OL,newsweb,-1,-2.330007288992852,-0.03901732389763812,False,0.0019435016657359048,True,0,0
2025-09-02,AFG.OL,newsweb,1,2.4168313322710806,0.02668654914202707,True,-0.014304135275102818,True,1,0
2025-09-12,LINK.OL,newsweb,-1,-2.857864161650765,-0.06861561325504943,False,0.0008459691266471751,True,0,0
2025-09-17,HEX.OL,newsweb,-1,-6.798570567167093,-0.22553739062209638,False,-0.00043613783826148785,True,0,0
2025-09-18,ELK.OL,newsweb,1,3.7372297842915176,0.08092598865309834,False,0.005809998668996468,True,1,0
2025-09-18,GJF.OL,newsweb,-1,-2.186067717673324,-0.027517598907292794,False,0.005809998668996468,True,0,1
2025-09-24,DOFG.OL,newsweb,1,2.0700356918755984,0.02228539692779566,False,-0.0006843426093304204,True,1,6
2025-09-24,REACH.OL,newsweb,1,7.009506839186474,0.12674797407043367,False,-0.0006843426093304204,True,0,0
2025-09-24,ROGS.OL,newsweb,1,2.6624927626881383,0.02870970297605024,False,-0.0006843426093304204,True,0,0
2025-09-26,DOFG.OL,newsweb,1,2.3509427597185018,0.02530956000443817,False,0.0028526977691820483,True,3,0
2025-10-01,CRNA.OL,newsweb,1,4.677797558853772,0.09483428622408975,False,0.0073161955506548465,True,0,0
2025-10-01,SBO.OL,newsweb,-1,-2.1234782566609853,-0.024536348035385146,False,0.0073161955506548465,True,0,0
2025-10-02,SNI.OL,newsweb,-1,-2.4560029940247223,-0.04533579447921064,False,-0.0031504544833668006,True,8,0
2025-10-06,AKRBP.OL,newsweb,1,2.0016395973257306,0.031185263233866646,False,0.0015399290434613294,True,3,1
2025-10-06,BNP.PA,gdelt,-1,-2.295005935897135,-0.03447170474542817,False,0.0015399290434613294,True,6,1
2025-10-07,HAUTO.OL,newsweb,-1,-6.990826215293666,-0.12123233849018944,False,-0.00740826945138969,True,2,2
2025-10-08,ABG.OL,newsweb,1,2.2468513395564385,0.013015386843700986,False,-0.0001316361579299584,True,0,0
2025-10-08,TGS.OL,newsweb,1,4.090511339962126,0.07476324800675081,False,-0.0001316361579299584,True,8,0
2025-10-08,GSF.OL,newsweb,-1,-2.301706414977511,-0.03188541529939746,False,-0.0001316361579299584,True,2,1
2025-10-08,KID.OL,newsweb,-1,-2.7188748568214187,-0.036459524275400175,False,-0.0001316361579299584,True,1,0
2025-10-09,SNI.OL,newsweb,1,2.1342914960788493,0.03088253199372354,False,-0.002363948106540631,True,3,3
2025-10-10,VAR.OL,newsweb,-1,-3.305541595095226,-0.0489208617054938,False,-0.0010357770289141882,True,1,1
2025-10-10,SOFF.OL,newsweb,-1,-3.0935961998725667,-0.06293465478716549,False,-0.0010357770289141882,True,0,0
2025-10-13,WAWI.OL,newsweb,-1,-2.1047069459718846,-0.03345719696708232,False,-0.005602756952957374,True,6,0
2025-10-14,TEL.OL,newsweb,1,3.0607612478148174,0.02679569045878976,False,-0.0076878416778716424,True,0,1
2025-10-15,ABG.OL,newsweb,1,2.0378434054839167,0.011804661831563042,False,0.007017493003568042,True,0,0
2025-10-15,CRNA.OL,newsweb,-1,-6.1014529745867865,-0.1498372071437797,False,0.007017493003568042,True,0,0
2025-10-16,ENDUR.OL,newsweb,1,3.3443636066241096,0.04636002400207167,False,0.00030579777905462253,True,0,0
2025-10-16,NDA-FI.HE,gdelt,1,3.2577169952502922,0.034107046832941884,False,0.00030579777905462253,True,5,0
2025-10-17,TOM.OL,newsweb,-1,-5.531011775866022,-0.12759240229050606,True,-0.01094454702733007,True,1,0
2025-10-20,CRNA.OL,newsweb,-1,-4.1933104215558545,-0.10297775380222227,False,0.00512067009868582,True,0,0
2025-10-20,KIT.OL,newsweb,1,4.201748259234335,0.07307342627979416,False,0.00512067009868582,True,2,0
2025-10-20,BNP.PA,gdelt,-1,-6.5224813952359195,-0.08681185303073292,False,0.00512067009868582,True,8,0
2025-10-21,TOM.OL,newsweb,1,2.7935376034297867,0.06444285207739602,False,-0.003447645307875581,True,0,0
2025-10-22,ADS.OL,newsweb,1,4.18636852626625,0.11359155188503849,False,-0.00039540511575373205,True,0,0
2025-10-22,MBG.DE,gdelt,-1,-1.620658737509992,-0.022170640319625692,False,-0.00039540511575373205,True,4,1
2025-10-22,AGLX.OL,newsweb,-1,-5.731675453012701,-0.08280982303997213,False,-0.00039540511575373205,True,0,0
2025-10-22,AKRBP.OL,newsweb,1,2.276828916114215,0.03294855621689701,False,-0.00039540511575373205,True,5,4
2025-10-22,NAS.OL,newsweb,-1,-3.5617877478392477,-0.04980587923302219,False,-0.00039540511575373205,True,1,0
2025-10-22,BRG.OL,newsweb,-1,-2.4545581787096693,-0.03091269622029357,False,-0.00039540511575373205,True,1,0
2025-10-22,DNB.OL,newsweb,-1,-6.265515223991106,-0.05073463404343783,False,-0.00039540511575373205,False,6,0
2025-10-22,SOAG.OL,newsweb,1,2.170304024694859,0.03421763144826084,False,-0.00039540511575373205,True,0,0
2025-10-22,STB.OL,newsweb,1,3.1032065530103754,0.02782685609239126,False,-0.00039540511575373205,True,1,0
2025-10-23,KIT.OL,newsweb,1,7.075863791688449,0.12305773198369377,False,0.01386004413718897,True,1,0
2025-10-23,TGS.OL,newsweb,1,3.6984161484359563,0.06759683099674518,False,0.01386004413718897,True,3,3
2025-10-23,PROT.OL,newsweb,-1,-7.367299403315477,-0.09268809140616227,False,0.01386004413718897,True,2,0
2025-10-23,EPR.OL,newsweb,1,2.276631332713283,0.025571889895904466,False,0.01386004413718897,True,1,0
2025-10-23,NONG.OL,newsweb,-1,-2.3677385918528633,-0.024085157538525952,False,0.01386004413718897,True,1,0
2025-10-24,ZAL.OL,newsweb,1,4.273140495494247,0.06013889138367406,False,-0.0004878020601039685,True,0,0
2025-10-24,NHY.OL,newsweb,-1,-2.958094854420962,-0.035010020004158184,False,-0.0004878020601039685,True,5,0
2025-10-24,GJF.OL,newsweb,-1,-4.831396142489602,-0.05248551098919837,False,-0.0004878020601039685,True,2,0
2025-10-24,BONHR.OL,newsweb,1,5.0848391368029935,0.050557933712923796,False,-0.0004878020601039685,True,0,0
2025-10-27,AGLX.OL,newsweb,1,4.348061539608157,0.06281971294669225,False,0.004024782704240811,True,0,0
2025-10-28,ELO.OL,newsweb,1,5.651210939653571,0.07270002033029035,False,-0.0014164670424026233,True,0,0
2025-10-28,SATS.OL,newsweb,-1,-4.040073767611927,-0.06431504255737079,False,-0.0014164670424026233,True,0,0
2025-10-28,NOKIA.HE,gdelt,1,9.496062423437102,0.19083648221671262,False,-0.0014164670424026233,True,1,0
2025-10-28,KCC.OL,newsweb,1,2.09661717970095,0.034206327207840136,False,-0.0014164670424026233,True,3,2
2025-10-29,TEL.OL,newsweb,-1,-7.320240208986439,-0.06408565544405855,False,0.006543667104698178,True,0,0
2025-10-29,NOD.OL,newsweb,-1,-2.962090208552251,-0.07617688305636489,False,0.006543667104698178,True,0,0
2025-10-29,SMOP.OL,newsweb,1,7.510488130952649,0.229644609576747,False,0.006543667104698178,True,0,0
2025-10-29,SPOL.OL,newsweb,1,2.2836345132948805,0.025041080682177197,False,0.006543667104698178,False,3,0
2025-10-30,KOG.OL,newsweb,-1,-11.514802989855207,-0.19747292466253796,False,-0.00869677967045257,True,1,0
2025-10-30,POL.OL,newsweb,1,4.050737307584561,0.051648089240680865,False,-0.00869677967045257,True,0,0
2025-10-30,EPR.OL,newsweb,-1,-11.44525706328224,-0.12855698208447516,False,-0.00869677967045257,True,0,0
2025-10-30,HAUTO.OL,newsweb,-1,-3.255073209761873,-0.05644828308174757,False,-0.00869677967045257,True,8,0
2025-10-30,PARB.OL,newsweb,-1,-4.078119687608324,-0.05141604755934293,False,-0.00869677967045257,True,1,0
2025-10-31,KOG.OL,newsweb,1,4.066303466744887,0.06973500448518113,False,0.003567764779047603,True,0,0
2025-10-31,AKSO.OL,newsweb,-1,-2.2177170703333706,-0.026211481829164985,False,0.003567764779047603,True,0,0
2025-10-31,HELG.OL,newsweb,-1,-3.250050048554123,-0.08118373436450356,False,0.003567764779047603,True,0,0
2025-11-03,MING.OL,newsweb,1,3.5920553651650144,0.029956284385201995,False,0.002151286123518143,True,1,0
2025-11-03,AKSO.OL,newsweb,1,4.695494114588922,0.05549664576690016,False,0.002151286123518143,True,2,0
2025-11-04,NYKD.OL,newsweb,1,3.913735963949492,0.11035092463906938,True,-0.011649524545290729,True,0,0
2025-11-04,MULTI.OL,newsweb,-1,-2.226101756479117,-0.04127109634606979,True,-0.011649524545290729,True,0,0
2025-11-04,CLOUD.OL,newsweb,-1,-3.650443021743837,-0.03685939868732264,True,-0.011649524545290729,True,0,0
2025-11-05,TGS.OL,newsweb,1,2.4293631236968967,0.05436397455077457,False,-0.0016123667599201952,True,5,1
2025-11-05,MOWI.OL,newsweb,1,2.263864096776351,0.020988938523054963,False,-0.0016123667599201952,True,3,1
2025-11-05,NAPA.OL,newsweb,-1,-3.9091342416559325,-0.13893637189814576,False,-0.0016123667599201952,True,0,0
2025-11-05,ZAP.OL,newsweb,-1,-3.1519002668029774,-0.058790668678416105,False,-0.0016123667599201952,True,0,0
2025-11-06,VEI.OL,newsweb,1,6.0084652026460725,0.051817405926745747,False,-0.0018933101939670152,True,2,0
2025-11-06,AUTO.OL,newsweb,1,3.0838488116829836,0.13055244047175096,False,-0.0018933101939670152,True,0,0
2025-11-06,POL.OL,newsweb,1,2.2465625999489127,0.04867529732181502,False,-0.0018933101939670152,True,0,0
2025-11-06,HEX.OL,newsweb,-1,-4.348212905125567,-0.18107940118637947,False,-0.0018933101939670152,True,0,0
2025-11-06,HSHP.OL,newsweb,1,2.002351011404817,0.03853348833566524,False,-0.0018933101939670152,True,0,2
2025-11-07,AFK.OL,newsweb,-1,-2.003894773055456,-0.03517113872813687,False,-0.005272913718006063,True,0,0
2025-11-10,VEND.OL,newsweb,-1,-3.037895034903546,-0.040952522136358145,False,0.007376360395218935,True,0,0
2025-11-10,CADLR.OL,newsweb,1,2.533012185778371,0.04167572792734719,False,0.007376360395218935,True,0,0
2025-11-11,HEX.OL,newsweb,-1,-2.0265537197239314,-0.08439493236567776,False,0.002569997286742943,True,0,0
2025-11-11,BOUV.OL,newsweb,-1,-7.927758259191183,-0.08672578996093708,False,0.002569997286742943,True,0,0
2025-11-12,RING.OL,newsweb,1,2.1904002318093196,0.015498127024504203,False,0.0034140007513832845,True,0,0
2025-11-13,PRS.OL,newsweb,1,2.035994345914708,0.05608091296535144,False,0.0013020284114314423,True,0,0
2025-11-13,ELMRA.OL,newsweb,1,2.6118493591846095,0.0368935868086271,False,0.0013020284114314423,True,0,0
2025-11-13,GSF.OL,newsweb,1,4.221225438507513,0.06496840062286952,False,0.0013020284114314423,True,4,0
2025-11-13,OET.OL,newsweb,1,3.690514324518528,0.06594373161744073,False,0.0013020284114314423,True,7,0
2025-11-14,AFG.OL,newsweb,1,5.677415390101274,0.06807123152193725,False,-0.007139273038531781,True,0,0
2025-11-14,MPCC.OL,newsweb,1,2.5149709721957976,0.038945364146196475,False,-0.007139273038531781,True,5,0
2025-11-14,ORK.OL,newsweb,1,4.800700417183828,0.045854992387209324,False,-0.007139273038531781,True,5,0
2025-11-17,2020.OL,newsweb,1,2.0735558805704173,0.03180973088799679,False,0.002680769747939602,True,2,4
2025-11-17,MBG.DE,gdelt,-1,-1.7586743582773903,-0.020309290391255334,False,0.002680769747939602,False,0,1
2025-11-17,SIE.DE,gdelt,-1,-2.8600869103586133,-0.03643484877901302,False,0.002680769747939602,False,0,1
2025-11-17,ODL.OL,newsweb,1,2.4665805004240395,0.03572384565491625,False,0.002680769747939602,True,3,0
2025-11-18,MORLD.OL,newsweb,1,2.1334811209796065,0.050473396588035985,True,-0.017931558917937757,True,0,0
2025-11-19,EQNR.OL,newsweb,-1,-2.209266466340587,-0.027339755224561484,False,0.0037417087147499353,True,1,4
2025-11-19,ODL.OL,newsweb,1,2.2094630373702486,0.03199997588308509,False,0.0037417087147499353,True,8,0
2025-11-19,OET.OL,newsweb,-1,-2.969456851174257,-0.05305955984033541,False,0.0037417087147499353,True,8,0
2025-11-19,BWE.OL,newsweb,-1,-2.348318150638481,-0.07344743568053103,False,0.0037417087147499353,False,2,3
2025-11-21,NORBT.OL,newsweb,1,2.3201854098456285,0.056374988306724404,False,-0.008122781284601864,True,2,0
2025-11-24,SHB-A.ST,gdelt,1,1.5904034246506138,0.01592238263704605,False,0.0017613478330228093,True,3,0
2025-11-24,HAFNI.OL,newsweb,-1,-2.3061333112044196,-0.035034143508570106,False,0.0017613478330228093,True,0,3
2025-11-26,ENH.OL,newsweb,1,3.1292331405800007,0.058005576305136516,False,0.010195624957069625,True,0,0
2025-11-27,AKVA.OL,newsweb,1,2.148372142054567,0.045086322687872736,False,0.008701323930092484,True,0,0
2025-11-27,HUNT.OL,newsweb,1,5.203909605172942,0.2123425991543011,False,0.008701323930092484,True,3,0
2025-11-28,ACR.OL,newsweb,1,2.6588045961076214,0.062432336795937536,False,0.0046388511164421695,True,0,0
2025-11-28,JIN.OL,newsweb,-1,-3.144482792113829,-0.05474543775005582,False,0.0046388511164421695,True,1,0
2025-12-01,HAVI.OL,newsweb,-1,-2.260571840067833,-0.05550371122802714,False,-0.001264656325778881,True,1,0
2025-12-02,BWLPG.OL,newsweb,-1,-4.339641636951072,-0.06902066623394444,False,0.002240344112969307,True,5,2
2025-12-05,PEXIP.OL,newsweb,1,8.924515055443386,0.13944701491605963,False,0.00554613817428802,True,0,0
2025-12-05,AKAST.OL,newsweb,-1,-2.6161661614482767,-0.017876105295920777,False,0.00554613817428802,True,0,0
2025-12-05,HSHP.OL,newsweb,-1,-2.2986738682554972,-0.04610528578944268,False,0.00554613817428802,True,1,2
2025-12-08,WAWI.OL,newsweb,1,2.3861917261921097,0.04146633377621295,False,0.005938602897757226,True,2,1
2025-12-10,STB.OL,newsweb,1,3.472755102373492,0.03921333799783945,False,-0.003396588744098049,True,2,0
2025-12-11,ATEA.OL,newsweb,1,2.2449832183682354,0.023262603925635617,False,0.007254963627806794,True,1,0
2025-12-15,VEND.OL,newsweb,-1,-2.953942670539556,-0.05313797331882496,False,-0.0032218505446189065,True,2,0
2025-12-15,NONG.OL,newsweb,1,2.5082258637390535,0.021882872117975374,False,-0.0032218505446189065,True,0,4
2025-12-15,HAVI.OL,newsweb,-1,-5.905226010730265,-0.13864576419426197,False,-0.0032218505446189065,True,1,0
2025-12-16,KOA.OL,newsweb,-1,-3.0962817855288876,-0.05450070285699565,False,-0.005704780440676891,True,0,0
2025-12-16,MPCC.OL,newsweb,1,2.2591367206441966,0.03818356407551027,False,-0.005704780440676891,True,3,2
2025-12-19,SPOL.OL,newsweb,1,2.252293291706379,0.02276338545654403,False,0.00211883890320416,True,0,2
2025-12-19,IWS.OL,newsweb,1,3.039791013501903,0.045368415828682646,False,0.00211883890320416,True,0,0
2025-12-22,ENDUR.OL,newsweb,1,2.6060693631546386,0.03178654257411903,False,0.00405409412371913,True,0,0
2025-12-22,BONHR.OL,newsweb,1,6.328431313449558,0.07477802342395855,False,0.00405409412371913,True,0,0
2026-01-02,BMW.DE,gdelt,1,1.8818971897140324,0.034139958316448754,False,-0.0006166173592544618,True,0,3
2026-01-02,SBO.OL,newsweb,1,2.4097601867271883,0.02712354908071514,False,-0.0006166173592544618,True,0,0
2026-01-05,ASM.AS,gdelt,1,2.2043871481491313,0.04819428253555292,False,-0.005465787827810516,True,1,3
2026-01-06,BAKKA.OL,newsweb,-1,-2.5530874675405664,-0.03943661804132472,False,0.009583745820258465,True,1,4
2026-01-07,WAWI.OL,newsweb,1,2.0459900386063654,0.03558287671692785,False,0.0005042076981871037,True,0,7
2026-01-07,NAS.OL,newsweb,-1,-3.012705361290645,-0.0579499005357616,False,0.0005042076981871037,True,1,0
2026-01-08,MORLD.OL,newsweb,-1,-5.539188348458681,-0.10778326634269123,False,3.2981537319473394e-05,True,0,0
2026-01-08,ATCO-A.ST,gdelt,-1,-1.6182668722166662,-0.021110967492491573,False,3.2981537319473394e-05,True,2,3
2026-01-08,SOFF.OL,newsweb,1,2.440182579042992,0.04117236874477074,False,3.2981537319473394e-05,True,2,0
2026-01-09,TGS.OL,newsweb,1,2.0083402250890185,0.050293395102333,False,0.00431160937409626,True,2,5
2026-01-09,GJF.OL,newsweb,-1,-2.7983704988199807,-0.033755785450526606,False,0.00431160937409626,True,1,1
2026-01-09,SPOL.OL,newsweb,-1,-2.1252246810996454,-0.02217273607053154,False,0.00431160937409626,True,0,3
2026-01-12,SCATC.OL,newsweb,1,3.694943225861484,0.04392156770606387,False,-0.0017426371495381085,True,0,0
2026-01-13,AKRBP.OL,newsweb,1,2.7503446658999855,0.03540599992119843,False,0.007051252120902582,False,1,3
2026-01-13,ENVIP.OL,newsweb,-1,-3.165891624939949,-0.07301986525742377,False,0.007051252120902582,True,0,0
2026-01-15,HAUTO.OL,newsweb,-1,-2.9443544860553095,-0.049807251723229744,False,0.0015900381734250044,True,1,6
2026-01-16,KOG.OL,newsweb,1,2.7268898577138647,0.08667212427965722,False,0.004880471379308085,True,0,1
2026-01-16,AKRBP.OL,newsweb,1,2.014312588864945,0.025930841413028455,False,0.004880471379308085,True,1,5
2026-01-21,MOWI.OL,newsweb,-1,-2.6226630566832427,-0.026263498411741925,False,0.0017330272587380653,True,4,0
2026-01-21,OET.OL,newsweb,-1,-2.2056785688972984,-0.049361879097177,False,0.0017330272587380653,True,5,1
2026-01-22,TEL.OL,newsweb,1,5.498643239542539,0.06554942663842879,False,0.008346611589046288,True,3,0
2026-01-26,ELO.OL,newsweb,-1,-2.3128805677328814,-0.04148671619879094,False,-0.00028946730888456106,True,0,0
2026-01-27,OKEA.OL,newsweb,-1,-2.282228813995347,-0.04964948711716697,False,0.005678651690142605,False,6,0
2026-01-28,SNI.OL,newsweb,-1,-5.322547319757028,-0.06831794498681489,False,-3.1278273186383686e-05,True,7,0
2026-01-29,IWS.OL,newsweb,1,2.0539535740669757,0.040020630445756586,False,-0.00386691854361443,True,0,0
2026-01-29,PARB.OL,newsweb,-1,-3.3081138376277512,-0.042423171759005666,False,-0.00386691854361443,True,0,0
2026-01-30,SBNOR.OL,newsweb,1,2.7955361105775185,0.02866419505626907,False,0.004922272922728735,True,4,1
2026-01-30,SCATC.OL,newsweb,-1,-4.037530275770066,-0.047993879346054556,False,0.004922272922728735,True,0,0
2026-02-02,SKUE.OL,newsweb,1,2.227255778114373,0.020075577474391777,False,0.0011833388862249952,True,0,0
2026-02-03,TEL.OL,newsweb,-1,-2.8681930230720827,-0.03419178149233013,False,-0.003758592450082233,True,3,0
2026-02-03,LINK.OL,newsweb,-1,-15.526331331107038,-0.22707002217612138,False,-0.003758592450082233,True,0,0
2026-02-03,AGLX.OL,newsweb,-1,-8.326493962726476,-0.2890082073134211,False,-0.003758592450082233,True,0,0
2026-02-03,OKEA.OL,newsweb,1,2.0576872946825926,0.04476462579124628,False,-0.003758592450082233,True,6,0
2026-02-04,DNB.OL,newsweb,1,3.137380603270764,0.035720143491684286,False,-0.0037411904164861317,False,3,3
2026-02-04,BRG.OL,newsweb,-1,-5.092983704630455,-0.060310408360803945,False,-0.0037411904164861317,True,1,0
2026-02-05,VEND.OL,newsweb,1,2.6248290846809543,0.052778775502695253,False,-0.004620554918998267,True,1,0
2026-02-05,NOD.OL,newsweb,1,7.716382461414773,0.13610836974468238,False,-0.004620554918998267,True,0,0
2026-02-06,TEL.OL,newsweb,1,4.931996766103863,0.0669003311783364,False,0.012886103094883358,True,2,0
2026-02-06,KOG.OL,newsweb,1,6.145881909994185,0.1344414548482724,False,0.012886103094883358,True,1,0
2026-02-06,AKSO.OL,newsweb,1,4.8714653540878405,0.06851959139083541,False,0.012886103094883358,True,6,0
2026-02-09,AGLX.OL,newsweb,-1,-2.8222643756796297,-0.12120241923518084,False,0.007631889525771508,True,1,0
2026-02-09,ELK.OL,newsweb,1,4.254568024659759,0.05261420396721865,False,0.007631889525771508,True,0,0
2026-02-10,AGLX.OL,newsweb,-1,-2.765968963510911,-0.11878480726179962,False,0.00339594693230222,True,0,0
2026-02-10,MULTI.OL,newsweb,-1,-2.1505573605596315,-0.027868065840189693,False,0.00339594693230222,True,0,0
2026-02-10,ELO.OL,newsweb,1,2.262875171225106,0.03687801295734046,False,0.00339594693230222,True,1,0
2026-02-10,SATS.OL,newsweb,1,4.767803678169302,0.058703967973450226,False,0.00339594693230222,True,2,0
2026-02-10,HSHP.OL,newsweb,1,2.6188231820400967,0.0588447814926282,False,0.00339594693230222,True,4,0
2026-02-11,2020.OL,newsweb,-1,-2.992791870426932,-0.03792954264830512,False,-0.002888229132209003,False,9,0
2026-02-11,AKRBP.OL,newsweb,1,2.9688215364711654,0.046781170744416595,False,-0.002888229132209003,True,6,1
2026-02-11,NORBT.OL,newsweb,-1,-3.8237984300093926,-0.08639730999074956,False,-0.002888229132209003,True,0,2
2026-02-11,SPOL.OL,newsweb,-1,-2.2626126649980955,-0.022572781395981352,False,-0.002888229132209003,True,2,2
2026-02-11,STB.OL,newsweb,1,3.190201030706231,0.034119945004340825,False,-0.002888229132209003,True,4,0
2026-02-11,KID.OL,newsweb,-1,-4.135217613490208,-0.04090104320563137,False,-0.002888229132209003,True,1,0
2026-02-12,KIT.OL,newsweb,1,3.105272865735049,0.05637260846429004,False,-0.003091108353078629,True,2,0
2026-02-12,ACR.OL,newsweb,-1,-3.8247352001614656,-0.07166268666036098,False,-0.003091108353078629,True,0,0
2026-02-12,TGS.OL,newsweb,1,2.6197869157629365,0.05698344231592566,False,-0.003091108353078629,True,7,1
2026-02-12,LINK.OL,newsweb,-1,-2.7960962149346753,-0.0938113105330997,False,-0.003091108353078629,True,2,0
2026-02-12,VEI.OL,newsweb,1,4.424883581765199,0.04347602888692927,False,-0.003091108353078629,True,0,1
2026-02-12,MING.OL,newsweb,1,3.66117731256999,0.0297511871183836,False,-0.003091108353078629,False,2,0
2026-02-12,AUTO.OL,newsweb,1,7.4612186330495085,0.17014076088123742,False,-0.003091108353078629,True,0,0
2026-02-12,NONG.OL,newsweb,1,4.271649799866962,0.03694919793726074,False,-0.003091108353078629,True,2,1
2026-02-12,NORCO.OL,newsweb,-1,-2.286216598632058,-0.028218304003840622,False,-0.003091108353078629,True,0,0
2026-02-12,ORK.OL,newsweb,1,5.1232627048754695,0.05606416458578661,False,-0.003091108353078629,True,2,0
2026-02-12,REACH.OL,newsweb,-1,-2.936362322688339,-0.0715880930885576,False,-0.003091108353078629,True,0,0
2026-02-12,ELMRA.OL,newsweb,-1,-8.247300897547058,-0.10101694485159796,False,-0.003091108353078629,True,0,0
2026-02-12,ROGS.OL,newsweb,1,2.961306772600846,0.03032760400855043,False,-0.003091108353078629,True,0,0
2026-02-13,TOM.OL,newsweb,-1,-4.987599939148546,-0.08459469312761092,False,-0.00505709670251073,True,1,0
2026-02-13,AFG.OL,newsweb,-1,-2.2955063319854054,-0.03373560767575427,False,-0.00505709670251073,True,1,0
2026-02-13,AFK.OL,newsweb,1,3.7038897463931777,0.05754682097244555,False,-0.00505709670251073,True,0,0
2026-02-13,AKVA.OL,newsweb,1,3.512418110013483,0.06760209341773706,False,-0.00505709670251073,True,0,0
2026-02-13,WEST.OL,newsweb,1,5.161897568418472,0.12949240992565297,False,-0.00505709670251073,True,1,0
2026-02-13,NHY.OL,newsweb,-1,-3.9064640929091072,-0.05566283782162282,False,-0.00505709670251073,True,4,0
2026-02-13,BOUV.OL,newsweb,-1,-6.115516095710631,-0.10007466772634337,False,-0.00505709670251073,True,0,0
2026-02-13,ELK.OL,newsweb,-1,-11.250764282612511,-0.13913281050426074,False,-0.00505709670251073,True,0,0
2026-02-13,ELMRA.OL,newsweb,-1,-2.7014433107179454,-0.03308858902185529,False,-0.00505709670251073,True,0,0
2026-02-13,RING.OL,newsweb,1,6.128290806516946,0.04961117435720825,False,-0.00505709670251073,True,0,0
2026-02-17,ELMRA.OL,newsweb,-1,-3.446662339148806,-0.042216393431144104,False,-0.002580503375847822,True,0,0
2026-02-18,ZAP.OL,newsweb,1,11.806189296738566,0.22834119900492889,False,0.017903764339591528,True,0,0
2026-02-19,SMOP.OL,newsweb,1,4.193436671382363,0.09873753301119421,False,0.00724098372397135,True,0,0
2026-02-20,DOFG.OL,newsweb,1,2.182947780705944,0.0267937667896075,False,0.012217836135446315,True,7,0
2026-02-24,LSG.OL,newsweb,1,3.765133493295115,0.0461854336429894,False,0.004542268539792073,True,0,0
2026-02-24,MING.OL,newsweb,-1,-2.0218419757941364,-0.016429742077536662,False,0.004542268539792073,True,1,3
2026-02-24,MPCC.OL,newsweb,1,3.855398654133736,0.07073891875484914,False,0.004542268539792073,True,6,2
2026-02-24,AUSS.OL,newsweb,1,5.572880882534074,0.05477207482252423,False,0.004542268539792073,True,0,0
2026-02-24,NONG.OL,newsweb,-1,-2.1317320576177594,-0.01843919643145274,False,0.004542268539792073,True,1,3
2026-02-25,NORBT.OL,newsweb,1,2.9348673074661384,0.06631224035108085,False,0.004268668920104184,True,1,0
2026-02-25,NYKD.OL,newsweb,-1,-3.0185085099515097,-0.10870000597969473,False,0.004268668920104184,True,0,0
2026-02-25,ODL.OL,newsweb,1,2.827868616849442,0.04075692721799261,False,0.004268668920104184,True,3,2
2026-02-25,PEN.OL,newsweb,1,6.468315266853433,0.11014706143597072,False,0.004268668920104184,True,7,0
2026-02-25,IWS.OL,newsweb,1,2.0368721448252813,0.04316382117200467,False,0.004268668920104184,True,0,0
2026-02-26,ALNG.OL,newsweb,-1,-5.739296157864588,-0.13049285247609813,False,0.0008079880924404673,True,1,0
2026-02-26,NAPA.OL,newsweb,-1,-2.8402633835080757,-0.08541169728147036,False,0.0008079880924404673,True,0,0
2026-02-26,ZAL.OL,newsweb,-1,-4.913737900192529,-0.07284930621477728,False,0.0008079880924404673,True,0,0
2026-02-26,CRNA.OL,newsweb,1,3.4874319416741133,0.2122939118766062,False,0.0008079880924404673,True,0,0
2026-02-26,PRS.OL,newsweb,-1,-4.540191836696696,-0.11055200018343894,False,0.0008079880924404673,True,0,0
2026-02-26,ENDUR.OL,newsweb,1,2.045308070148116,0.026789743661212007,False,0.0008079880924404673,True,0,0
2026-02-26,HUNT.OL,newsweb,1,5.010157664334855,0.2634045247083591,False,0.0008079880924404673,True,2,0
2026-02-27,MEDI.OL,newsweb,1,2.2602258415946705,0.05751576277156442,False,0.008725922615420798,True,0,0
2026-02-27,ENVIP.OL,newsweb,1,3.96970544826088,0.08457795003921732,False,0.008725922615420798,True,0,0
2026-02-27,NSKOG.OL,newsweb,1,7.701554380643645,0.20242425208923032,False,0.008725922615420798,True,0,0
2026-03-02,COSH.OL,newsweb,1,2.263008780579069,0.04540060784430002,False,-0.0027147175710417856,True,0,0
2026-03-03,BWLPG.OL,newsweb,1,2.4405297813346674,0.05604194687949808,True,-0.01514722512337985,True,3,6
2026-03-04,MAERSK-B.CO,gdelt,-1,-1.8903916798000169,-0.04477832645159503,False,0.01645105514850781,True,1,2
2026-03-04,AGLX.OL,newsweb,1,2.1573679209051266,0.0926483760512716,False,0.01645105514850781,True,0,0
2026-03-04,WWI.OL,newsweb,-1,-2.351545872691019,-0.03330182532846984,False,0.01645105514850781,True,1,3
2026-03-04,NHY.OL,newsweb,1,2.1077914988551516,0.030033721947050656,False,0.01645105514850781,True,4,0
2026-03-04,HLAG.DE,gdelt,-1,-2.510037782067533,-0.044362518497383444,False,0.01645105514850781,True,0,0
2026-03-09,ALNG.OL,newsweb,-1,-3.692619089212908,-0.21066192309880355,False,-0.007389477383019549,True,2,0
2026-03-10,2020.OL,newsweb,-1,-2.533200689107844,-0.03416485045823101,False,0.01012866579028617,True,4,2
2026-03-10,SCATC.OL,newsweb,1,2.102517151324735,0.02958970928328085,False,0.01012866579028617,True,0,0
2026-03-11,ENVIP.OL,newsweb,-1,-2.67735750816408,-0.06480306070686995,False,0.0019262474435293962,True,0,0
2026-03-12,ELMRA.OL,newsweb,1,2.7659216829768023,0.0564741928243788,False,0.001545229735292229,True,0,0
2026-03-13,ZAL.OL,newsweb,1,18.710571522080958,0.31788943611031284,False,-0.003220457173275409,True,0,0
2026-03-16,DNO.OL,newsweb,1,2.125427798260025,0.045172468681274884,False,0.008882344531914284,True,2,4
2026-03-18,PROT.OL,newsweb,-1,-3.5821835354840386,-0.04685055511947189,False,0.005245602382139454,True,4,0
2026-03-19,ELK.OL,newsweb,-1,-2.8849729245556097,-0.07387838031085373,True,-0.010933215373545625,True,0,0
2026-03-19,AKSO.OL,newsweb,1,6.752500755680056,0.10338927430690442,True,-0.010933215373545625,True,1,5
2026-03-19,ENVIP.OL,newsweb,1,3.6732830888768504,0.0889085549001763,True,-0.010933215373545625,True,0,0
2026-03-19,EQNR.OL,newsweb,1,5.681574489780615,0.11396253513462375,True,-0.010933215373545625,True,1,3
2026-03-20,YAR.OL,newsweb,-1,-3.607426394253713,-0.05196439967339997,True,-0.010524239290919753,True,0,0
2026-03-23,ELO.OL,newsweb,-1,-14.617575342650058,-0.24732584503930485,False,0.0030786155690935174,True,1,0
2026-03-24,AKAST.OL,newsweb,1,2.442619367761625,0.038925558462059126,False,0.003345061575934704,True,0,1
2026-03-26,CADLR.OL,newsweb,-1,-3.1795816248111564,-0.057483679533347785,False,0.0017499421765956253,True,1,0
2026-03-26,CRNA.OL,newsweb,1,3.2218924184442224,0.23061781968949374,False,0.0017499421765956253,True,0,0
2026-03-26,ELO.OL,newsweb,-1,-2.0396923565142724,-0.03451110214039417,False,0.0017499421765956253,True,0,0
2026-03-26,SOFF.OL,newsweb,1,2.185862870909197,0.03233798657298294,False,0.0017499421765956253,False,1,0
2026-03-30,MING.OL,newsweb,1,2.410615318932313,0.024258425156480357,False,0.013820397417061033,True,2,3
2026-04-01,KIT.OL,newsweb,1,2.003947677110741,0.04106425874492136,False,0.006924961844773754,True,1,1
2026-04-01,SBO.OL,newsweb,1,2.53372009328586,0.03466744360026781,False,0.006924961844773754,True,0,0
2026-04-01,SUBC.OL,newsweb,-1,-2.1220129067985924,-0.0336720015547385,False,0.006924961844773754,True,0,5
2026-04-07,AKRBP.OL,newsweb,1,2.123457516470522,0.04196670383281372,False,0.0023062783643949636,False,2,3
2026-04-07,HAVI.OL,newsweb,-1,-2.222918320112975,-0.10413060483370848,False,0.0023062783643949636,True,0,1
2026-04-07,PEN.OL,newsweb,1,2.6493518457228236,0.061563132808486166,False,0.0023062783643949636,False,1,4
2026-04-08,DOFG.OL,newsweb,-1,-4.754477811137867,-0.062527558214243,False,0.009297634717448534,True,0,7
2026-04-08,AKVA.OL,newsweb,1,4.329933829267413,0.0801028871136419,False,0.009297634717448534,True,0,0
2026-04-09,ENVIP.OL,newsweb,1,2.866160084999813,0.08791924508396573,False,0.005797939803941237,True,0,0
2026-04-09,GSF.OL,newsweb,-1,-4.85355099927231,-0.07005432181556996,False,0.005797939803941237,True,1,1
2026-04-09,SNI.OL,newsweb,-1,-2.253137297994144,-0.05064968820904487,False,0.005797939803941237,True,8,0
2026-04-09,KID.OL,newsweb,-1,-3.3249814108812137,-0.042258057643908956,False,0.005797939803941237,True,0,0
2026-04-10,AKVA.OL,newsweb,-1,-2.001738563358708,-0.03703175256118759,False,0.0013608320190083413,True,0,0
2026-04-13,WEST.OL,newsweb,-1,-3.3502318792709245,-0.0868420048399388,False,0.002047808600441142,True,1,0
2026-04-13,SOFF.OL,newsweb,1,2.167169073402448,0.03926433492138148,False,0.002047808600441142,False,1,1
2026-04-13,KID.OL,newsweb,1,3.8553506057297504,0.04899865833873303,False,0.002047808600441142,True,1,0
2026-04-15,ABG.OL,newsweb,-1,-3.2769754448962347,-0.027669288749371305,False,-0.00477104339111029,True,0,0
2026-04-15,HUNT.OL,newsweb,-1,-2.25777680824713,-0.15935472252164293,False,-0.00477104339111029,True,3,0
2026-04-16,CRNA.OL,newsweb,-1,-3.7230509586184364,-0.3409701137064259,False,-0.0035651012834178103,True,0,0
2026-04-20,TGS.OL,newsweb,1,4.608347304460135,0.09385436852617726,False,-0.00030560878882251254,False,1,2
2026-04-20,NYKD.OL,newsweb,1,2.0422904277295477,0.1076988065672559,False,-0.00030560878882251254,True,0,0
2026-04-20,ODL.OL,newsweb,-1,-3.1422148663109133,-0.04863096121120512,False,-0.00030560878882251254,False,8,0
2026-04-23,KOG.OL,newsweb,1,2.386264520644027,0.06539700517916504,False,0.00036731076487582997,True,1,0
2026-04-23,MING.OL,newsweb,-1,-2.0520995650089544,-0.02097902121341433,False,0.00036731076487582997,False,1,2
2026-04-23,AUTO.OL,newsweb,1,3.997207891569676,0.13456379018205344,False,0.00036731076487582997,True,0,0
2026-04-23,NONG.OL,newsweb,-1,-2.4431911656711813,-0.02410240143219552,False,0.00036731076487582997,False,0,1
2026-04-23,DNB.OL,newsweb,-1,-3.0722398982246184,-0.03259523448497798,False,0.00036731076487582997,False,0,2
2026-04-23,EPR.OL,newsweb,1,3.6207381828472296,0.04212240711803801,False,0.00036731076487582997,True,1,0
2026-04-23,SBNOR.OL,newsweb,-1,-2.6356333533316336,-0.02631183763980133,False,0.00036731076487582997,False,0,3
2026-04-24,KIT.OL,newsweb,1,5.132576635034071,0.11971697468057514,False,-0.001821723439206741,True,2,0
2026-04-24,TOM.OL,newsweb,-1,-14.990446658409079,-0.27444624647918,False,-0.001821723439206741,True,2,0
2026-04-24,VEND.OL,newsweb,-1,-4.133306822342364,-0.08582264211144233,False,-0.001821723439206741,True,2,0
2026-04-24,ENVIP.OL,newsweb,-1,-2.632005819451369,-0.08073658059570112,False,-0.001821723439206741,True,0,0
2026-04-24,NSKOG.OL,newsweb,1,2.4612207486900437,0.09713582288649053,False,-0.001821723439206741,True,0,0
2026-04-27,AKAST.OL,newsweb,1,2.2293663918075124,0.03884559198752288,False,0.00219146822977009,True,0,0
2026-04-28,TEL.OL,newsweb,-1,-3.7441461282978725,-0.05980736502462124,False,0.006108234499051605,True,2,0
2026-04-28,ATEA.OL,newsweb,1,6.268971894263396,0.06988229857285691,False,0.006108234499051605,True,1,0
2026-04-28,NAS.OL,newsweb,1,2.5051943915665293,0.051268613605113,False,0.006108234499051605,True,4,0
2026-04-28,GJF.OL,newsweb,-1,-2.1121484537476554,-0.02468120184902497,False,0.006108234499051605,True,2,0
2026-04-29,ACR.OL,newsweb,-1,-16.891696558338534,-0.29389171909847617,False,-0.0031747166676851404,True,0,0
2026-04-29,BONHR.OL,newsweb,1,2.730085539730667,0.03527083917090624,False,-0.0031747166676851404,True,0,0
2026-04-29,BRG.OL,newsweb,-1,-6.965827943515143,-0.09570744187940342,False,-0.0031747166676851404,True,0,0
2026-04-29,ENDUR.OL,newsweb,1,2.141894862918291,0.028299874433089945,False,-0.0031747166676851404,True,0,0
2026-04-29,SALME.OL,newsweb,-1,-5.530290126063863,-0.09218735867952899,False,-0.0031747166676851404,True,0,0
2026-04-29,GJF.OL,newsweb,1,2.1226181698293702,0.024803544185074456,False,-0.0031747166676851404,True,2,0
2026-04-29,STB.OL,newsweb,1,3.3557423966748803,0.037313316203734195,False,-0.0031747166676851404,True,4,0
2026-04-30,KOA.OL,newsweb,-1,-4.164169474411941,-0.06267757603041801,False,0.0016214403114688995,True,0,0
2026-04-30,VEND.OL,newsweb,1,2.2906955709865455,0.0475632597881117,False,0.0016214403114688995,True,2,0
2026-04-30,PARB.OL,newsweb,-1,-9.987472316378033,-0.11147477506612463,False,0.0016214403114688995,True,1,0
2026-05-04,MBG.DE,gdelt,-1,-2.6784958617429067,-0.03567420960820627,False,0.0016560514791936966,False,0,2
2026-05-04,VOW3.DE,gdelt,-1,-1.688858234251186,-0.030003611279471706,False,0.0016560514791936966,False,0,3
2026-05-04,NDA-FI.HE,gdelt,-1,-1.8391407284805974,-0.022441428895388377,False,0.0016560514791936966,True,0,4
2026-05-05,PEXIP.OL,newsweb,1,8.187814007686438,0.1268831424943959,False,0.0042144209796784,True,2,0
2026-05-05,REACH.OL,newsweb,-1,-2.7928536025837,-0.06615260530294889,False,0.0042144209796784,True,0,0
2026-05-06,ZAP.OL,newsweb,1,3.933406507542697,0.12889136662043557,False,-0.002341586492884524,True,0,0
2026-05-06,EQNR.OL,newsweb,-1,-3.2465058843721346,-0.08992002071736772,False,-0.002341586492884524,True,0,5
2026-05-06,SCATC.OL,newsweb,-1,-8.857378475644769,-0.13656858788821774,False,-0.002341586492884524,True,0,0
2026-05-06,STB.OL,newsweb,1,2.5083551953710557,0.02789101173227737,False,-0.002341586492884524,True,1,6
2026-05-07,VEI.OL,newsweb,1,2.786243989671794,0.028052680269502032,False,-0.0028954202712107788,True,3,0
2026-05-07,MING.OL,newsweb,-1,-4.1482997124863985,-0.043244614597016465,False,-0.0028954202712107788,False,5,0
2026-05-07,NAPA.OL,newsweb,1,2.1356558772291185,0.07168550327889962,False,-0.0028954202712107788,True,0,0
2026-05-07,ENVIP.OL,newsweb,1,2.319342066919385,0.0774058416990399,False,-0.0028954202712107788,True,0,0
2026-05-07,SMOP.OL,newsweb,-1,-2.949948521289556,-0.08239226985231164,False,-0.0028954202712107788,True,0,0
2026-05-08,NAPA.OL,newsweb,1,9.600376532911808,0.3222465898024861,False,0.0019782919004327974,True,0,0
2026-05-08,HEX.OL,newsweb,-1,-2.3658493520949038,-0.0651674143900936,False,0.0019782919004327974,True,0,0
2026-05-08,SPOL.OL,newsweb,-1,-2.6270873189957626,-0.029777916771486668,False,0.0019782919004327974,True,1,3
2026-05-11,MORLD.OL,newsweb,1,2.2760498957692383,0.039615912307249306,False,0.0029770872357847275,True,0,0
2026-05-11,VEI.OL,newsweb,-1,-2.686960772600282,-0.02705306919633009,False,0.0029770872357847275,False,2,0
2026-05-11,HELG.OL,newsweb,-1,-3.28251325860929,-0.04353591761261783,False,0.0029770872357847275,True,0,0
2026-05-12,SWON.OL,newsweb,1,2.295666749393868,0.06085643871708209,False,0.0004585621894594271,True,0,0
2026-05-12,LINK.OL,newsweb,1,2.504178556616421,0.06994153868810091,False,0.0004585621894594271,True,5,0
2026-05-12,NONG.OL,newsweb,-1,-2.1605329025887627,-0.022894380794147885,False,0.0004585621894594271,False,0,3
2026-05-12,NORCO.OL,newsweb,-1,-2.9777032419577303,-0.05045528391200186,False,0.0004585621894594271,True,1,0
2026-05-12,SBNOR.OL,newsweb,-1,-2.0192709625200473,-0.022709234932963347,False,0.0004585621894594271,False,0,3
2026-05-13,2020.OL,newsweb,-1,-7.677166629227759,-0.3853080474118654,False,-0.0005264089503612089,True,3,0
2026-05-13,AFG.OL,newsweb,1,4.3933089630275255,0.05430951201441199,False,-0.0005264089503612089,True,1,0
2026-05-13,NORBT.OL,newsweb,-1,-3.4260753349811837,-0.09041799660974247,False,-0.0005264089503612089,True,1,0
2026-05-13,BOUV.OL,newsweb,-1,-2.3515520303868014,-0.04494942814546234,False,-0.0005264089503612089,True,1,0
2026-05-13,SATS.OL,newsweb,1,3.9857498584008666,0.05827906903340165,False,-0.0005264089503612089,True,0,0
2026-05-13,KID.OL,newsweb,-1,-2.6164501492471377,-0.04421713649043273,False,-0.0005264089503612089,True,1,0
2026-05-20,WEST.OL,newsweb,1,3.1411917972083527,0.09958539154999706,False,0.0072826975239836805,True,1,0
2026-05-20,ORK.OL,newsweb,-1,-4.33918940340276,-0.062279248595386735,False,0.0072826975239836805,True,1,0
2026-05-22,DOFG.OL,newsweb,-1,-2.542026829463747,-0.0436747924462736,False,-0.0036615428404853725,True,3,2
2026-05-22,IWS.OL,newsweb,1,2.2524749092900502,0.04655430745023531,False,-0.0036615428404853725,True,0,0
2026-05-27,KOA.OL,newsweb,1,2.69758772809765,0.049404141772333876,False,-0.007872782677955409,True,0,0
2026-05-27,MPCC.OL,newsweb,1,3.4565470030173846,0.07198658888546693,False,-0.007872782677955409,True,7,0
2026-05-27,HELG.OL,newsweb,1,2.4583077204620145,0.03260449355499024,False,-0.007872782677955409,True,0,0
2026-05-27,JIN.OL,newsweb,-1,-4.662795970987332,-0.054752821369219266,False,-0.007872782677955409,True,2,0
2026-05-28,KCC.OL,newsweb,-1,-2.7369387425337846,-0.04506401218978113,False,0.0011766560376328225,True,2,1
2026-05-29,PLSV.OL,newsweb,-1,-2.3676766667821716,-0.04111353399604335,False,-0.002748591419855381,True,1,0
2026-05-29,PRS.OL,newsweb,1,2.130540328651626,0.06841850789428446,False,-0.002748591419855381,True,2,0
2026-05-29,ATEA.OL,newsweb,1,2.0566169523791644,0.03180441753764259,False,-0.002748591419855381,True,1,2
2026-06-03,MORLD.OL,newsweb,1,2.029041099210292,0.03531658704123127,False,-0.004406401216861325,True,0,0
2026-06-03,NAS.OL,newsweb,-1,-4.1100518368982435,-0.11137511483771652,False,-0.004406401216861325,True,7,0
2026-06-09,ERIC-B.ST,gdelt,-1,-3.594551627739663,-0.0625988769415709,False,-0.0030968627664385464,True,0,1
2026-06-10,VEI.OL,newsweb,1,2.0896294079498814,0.021117299876865423,False,-0.00435179700916613,True,0,1
2026-06-15,MBG.DE,gdelt,1,1.7148366361180118,0.028674245586674058,False,-0.0007636351258091187,True,0,4
2026-06-15,AKRBP.OL,newsweb,-1,-2.010333815627082,-0.0660635718844156,False,-0.0007636351258091187,True,0,6
2026-06-17,BMW.DE,gdelt,-1,-5.122894249022191,-0.08612011764609774,False,-0.0009913546247008046,True,6,0
2026-06-23,ASM.AS,gdelt,-1,-2.7976889615397567,-0.07907853088521616,False,-0.0021000870834366157,True,0,3
2026-06-24,SNTIA.OL,newsweb,1,2.840272179675863,0.032705877455889924,False,-0.005034780279640344,True,0,0
2026-06-25,ELMRA.OL,newsweb,1,22.73826012533286,0.34350347848209606,False,0.0009482726025020856,True,0,0
2026-06-26,CLOUD.OL,newsweb,1,11.16057120956458,0.1043669028981506,False,-0.008937388093325546,True,0,0
2026-06-29,SNTIA.OL,newsweb,-1,-2.9588432918684173,-0.03407122979533396,False,-0.0009341728472904732,True,0,0
2026-06-30,ABG.OL,newsweb,-1,-2.670842255555757,-0.026217679632975492,False,-0.000446097519794192,True,0,0
2026-06-30,MOWI.OL,newsweb,-1,-2.8833920197628924,-0.037197414049627016,False,-0.000446097519794192,True,0,5
2026-06-30,HAFNI.OL,newsweb,-1,-2.585710232562302,-0.06521619919021521,False,-0.000446097519794192,True,1,2
2026-07-01,MPCC.OL,newsweb,-1,-2.4684351166014546,-0.05045001126537459,False,-0.005240351215401901,True,4,1
2026-07-06,HEX.OL,newsweb,1,6.111392329676114,0.21766358342653772,False,-0.0024126746039633586,True,0,0
2026-07-07,ABG.OL,newsweb,1,2.356346168369145,0.028937829962198618,False,-0.0038719107139536897,True,0,0
2026-07-07,DOFG.OL,newsweb,1,2.0110444431084495,0.033010721802048865,False,-0.0038719107139536897,True,0,3
2026-07-07,MORLD.OL,newsweb,1,2.0805103005862393,0.035886977401378084,False,-0.0038719107139536897,True,0,0
2026-07-07,SOMA.OL,newsweb,1,4.734369868463541,0.07929372427226314,False,-0.0038719107139536897,True,3,1
2026-07-08,TGS.OL,newsweb,1,2.9025253611605524,0.07076048768750987,False,-0.0008165912471140707,True,0,3
2026-07-08,KID.OL,newsweb,1,2.5773221454100907,0.046316733138941336,False,-0.0008165912471140707,True,1,0
2026-07-09,EPR.OL,newsweb,-1,-3.2412275362640623,-0.04173512327027762,False,-0.0020309173409170235,True,1,0
2026-07-09,BNOR.OL,newsweb,1,3.857242113171582,0.06859321527651582,False,-0.0020309173409170235,False,8,0
2026-07-10,KIT.OL,newsweb,-1,-4.1250249989643315,-0.11060878559111052,False,-0.002837444295190889,True,0,1
2026-07-10,PROT.OL,newsweb,-1,-2.6337511474635718,-0.03538138527774745,False,-0.002837444295190889,True,5,0
2026-07-10,HAUTO.OL,newsweb,1,2.194589737914111,0.04763785702464386,False,-0.002837444295190889,False,2,2
2026-07-13,KOG.OL,newsweb,-1,-2.1407142437023063,-0.07929632448126764,False,0.004925647402406617,True,0,0
2026-07-13,ZAL.OL,newsweb,-1,-2.600797492131338,-0.044814057512113314,False,0.004925647402406617,True,0,0
2026-07-13,SMOP.OL,newsweb,1,2.227081361854337,0.08563597459345698,False,0.004925647402406617,True,0,0
2026-07-14,NSKOG.OL,newsweb,-1,-7.830320645761116,-0.2707129218826919,False,0.00321145707546017,True,0,0
2026-07-15,MOWI.OL,newsweb,1,2.069214033119488,0.027650980786456697,False,0.0018369677011768509,True,2,0
2026-07-15,ENVIP.OL,newsweb,1,2.635907696510583,0.060231712476453626,False,0.0018369677011768509,True,0,0
2026-07-15,ZAL.OL,newsweb,1,2.3335815295294084,0.04020968844745995,False,0.0018369677011768509,True,0,0
2026-07-15,STB.OL,newsweb,1,4.634675717433747,0.05123327565789895,False,0.0018369677011768509,True,7,0
2026-07-16,KOA.OL,newsweb,1,4.273612066933582,0.07817249863356591,False,-0.004580079722049494,True,0,0
2026-07-16,TEL.OL,newsweb,-1,-9.383465264287997,-0.12236050082135479,False,-0.004580079722049494,True,1,0
2026-07-16,BRG.OL,newsweb,1,3.4933823360891547,0.06394532997997511,False,-0.004580079722049494,True,1,0
2026-07-16,ATEA.OL,newsweb,-1,-2.8339816680684145,-0.04591800233318139,False,-0.004580079722049494,True,4,0
2026-07-17,TOM.OL,newsweb,1,2.8600837944064517,0.11754755780269217,False,-0.0038406993311368856,True,1,0
2026-07-17,VEND.OL,newsweb,-1,-2.366105719464872,-0.05383409534864716,False,-0.0038406993311368856,True,3,0
2026-07-17,PARB.OL,newsweb,-1,-5.046271176473458,-0.09840067232282194,False,-0.0038406993311368856,True,1,0
2026-07-21,VAR.OL,newsweb,1,2.7425384167475144,0.06432663069002717,False,0.010876428918509064,True,4,0
2026-07-21,BNOR.OL,newsweb,1,3.3627167069892985,0.05979908551988602,False,0.010876428918509064,True,4,0
2026-07-22,NYKD.OL,newsweb,1,3.781792284833231,0.11957958090348887,False,0.007312141194805863,True,0,0
2026-07-23,TGS.OL,newsweb,-1,-2.8642125562797087,-0.0698264621681046,False,-0.0015751641649601753,True,8,0
2026-07-29,ZAL.OL,newsweb,-1,-6.679726528834433,-0.11509763821829255,False,-0.0012457802685044111,True,0,0
2026-07-31,TRMED.OL,newsweb,1,9.14595331583439,0.24491604580693963,False,0.0015499870148851802,True,0,0
2026-08-06,HELG.OL,newsweb,1,2.2761975226163234,0.032328839071770185,False,0.004338857216339484,True,0,0
2026-08-06,HEX.OL,newsweb,1,2.630208763997978,0.11907531738012345,False,0.004338857216339484,True,0,0
2026-08-12,ENVIP.OL,newsweb,-1,-6.797640593664515,-0.15073793161682095,False,-0.00044591066693938793,True,1,0
2026-08-13,MING.OL,newsweb,1,3.80867982309815,0.035775298339630314,False,0.009636236122711604,False,3,0
2026-08-13,MORG.OL,newsweb,1,5.0645124755129824,0.04100872522786993,False,0.009636236122711604,True,0,0
2026-08-13,AUTO.OL,newsweb,1,6.136775914221354,0.15437175657530977,False,0.009636236122711604,True,1,0
2026-08-13,NONG.OL,newsweb,1,6.307005467823818,0.053779095906050706,False,0.009636236122711604,False,4,0
2026-08-13,RING.OL,newsweb,1,3.874637523953748,0.03240937138320011,False,0.009636236122711604,True,0,0
2026-08-13,SBNOR.OL,newsweb,1,2.0447921753217173,0.019411110385504693,False,0.009636236122711604,False,3,1
2026-08-13,SPOL.OL,newsweb,1,2.482344405985602,0.023091215422668485,False,0.009636236122711604,False,4,0
2026-08-14,VEI.OL,newsweb,1,5.635942767336256,0.049062095630101124,False,0.008230723998391655,True,1,0
2026-08-14,NAPA.OL,newsweb,1,3.563800232898909,0.12197232662439636,False,0.008230723998391655,True,0,0
2026-08-14,SATS.OL,newsweb,1,5.354851015249047,0.09374135941629616,False,0.008230723998391655,True,0,0
2026-08-14,SOAG.OL,newsweb,1,3.3374855412992,0.03612617112780997,False,0.008230723998391655,True,0,0
2026-08-17,MING.OL,newsweb,1,3.0096677489429458,0.02827010056571583,False,0.0011245261949183996,True,3,1
2026-08-18,ACR.OL,newsweb,-1,-2.4371932014479616,-0.03308964042394337,True,-0.011278526679609246,True,1,0
2026-08-18,REACH.OL,newsweb,1,5.63656643239125,0.10253836156814918,True,-0.011278526679609246,True,0,0
2026-08-18,ELO.OL,newsweb,-1,-3.8208499716100444,-0.06206001013972364,True,-0.011278526679609246,True,0,0
2026-08-18,ALNG.OL,newsweb,-1,-3.7768861863827325,-0.08100669151868103,True,-0.011278526679609246,True,0,0
2026-08-18,SALME.OL,newsweb,-1,-3.2953500470361496,-0.04309274735397447,True,-0.011278526679609246,True,0,0
2026-08-18,ODL.OL,newsweb,1,2.7920259184388105,0.0485351214880817,True,-0.011278526679609246,True,3,1
2026-08-19,BOUV.OL,newsweb,1,10.687068957857205,0.15281302492814236,False,-0.0012060394119156141,True,4,0
2026-08-19,DOFG.OL,newsweb,-1,-2.311973958355486,-0.037548201703314174,False,-0.0012060394119156141,True,6,1
2026-08-19,HAVI.OL,newsweb,-1,-2.3588593967463614,-0.0683643539327124,False,-0.0012060394119156141,True,0,1
2026-08-19,HELG.OL,newsweb,-1,-3.494704413958963,-0.04963529547840921,False,-0.0012060394119156141,True,0,0
2026-08-19,SOAG.OL,newsweb,-1,-2.2912297193351154,-0.024801113266127522,False,-0.0012060394119156141,True,0,0
2026-08-20,ENDUR.OL,newsweb,1,2.4901344469660525,0.028064819824361455,False,-0.0024897076350834705,True,0,0
2026-08-20,B2I.OL,newsweb,1,2.127211093890836,0.03475720358617844,False,-0.0024897076350834705,True,0,0
2026-08-20,HAUTO.OL,newsweb,-1,-5.695956777666057,-0.12273117296441725,False,-0.0024897076350834705,True,8,0
2026-08-20,NYKD.OL,newsweb,-1,-5.477764393214869,-0.1803297140966091,False,-0.0024897076350834705,True,0,0
2026-08-20,ORK.OL,newsweb,-1,-4.409527792407119,-0.06904351060634288,False,-0.0024897076350834705,True,2,0
2026-08-21,AFK.OL,newsweb,-1,-2.3063929223717357,-0.03747459812512552,False,0.011366065880941387,True,0,0
2026-08-21,MEDI.OL,newsweb,1,2.518378362793331,0.04618162626342324,False,0.011366065880941387,True,0,0
2026-08-24,ACR.OL,newsweb,-1,-3.447634721111303,-0.04680835034616812,False,0.001588609045952099,True,1,0
2026-08-25,KIT.OL,newsweb,1,3.133180981823764,0.07544453313460867,False,0.005366459016628057,True,1,0
2026-08-25,SCATC.OL,newsweb,1,2.633354370699489,0.029954843635982765,False,0.005366459016628057,True,0,0
2026-08-25,CADLR.OL,newsweb,1,2.8620709419598147,0.053832987916426274,False,0.005366459016628057,True,0,0
2026-08-26,2020.OL,newsweb,-1,-2.037497008548623,-0.1485841335918997,False,-0.0009967437347789309,True,0,0
2026-08-26,COSH.OL,newsweb,1,3.4497391350886812,0.04465619129612446,False,-0.0009967437347789309,True,0,0
2026-08-26,CRNA.OL,newsweb,1,2.1346700855901672,0.09402057989194142,False,-0.0009967437347789309,True,0,0
2026-08-26,SWON.OL,newsweb,1,3.960785975997894,0.09716018409879977,False,-0.0009967437347789309,True,2,0
2026-08-26,SCATC.OL,newsweb,-1,-2.019538466859891,-0.022972585712256924,False,-0.0009967437347789309,True,0,0
2026-08-27,SNTIA.OL,newsweb,1,2.3749842288200202,0.030242745425530262,False,0.0017126975123853184,True,0,0
2026-08-27,JIN.OL,newsweb,-1,-9.998258301853475,-0.13728699511653675,False,0.0017126975123853184,True,1,0
2026-08-28,TRMED.OL,newsweb,-1,-3.546599816980965,-0.12918037358392964,False,0.0037160688468256325,True,0,0
2026-08-28,NYKD.OL,newsweb,-1,-4.703003810998127,-0.15482435383366594,False,0.0037160688468256325,True,0,0
2026-08-28,PLSV.OL,newsweb,-1,-2.881306928254936,-0.03815489870961728,False,0.0037160688468256325,True,4,0
2026-08-31,BAKKA.OL,newsweb,-1,-4.866027678887307,-0.08638113322676756,False,-0.0016987147351081814,True,3,1
2026-09-04,TRMED.OL,newsweb,-1,-2.626033067342657,-0.124169837530102,False,0.0058407203329009635,True,0,0
2026-09-07,MULTI.OL,newsweb,1,5.163313698878451,0.06224706701528254,False,-0.0014782877101214413,True,0,0
2026-09-14,COSH.OL,newsweb,1,2.4176840291174644,0.032367664994514204,False,-0.006584570638391433,True,0,0
2026-09-15,CRNA.OL,newsweb,-1,-2.7359808294967367,-0.13150182966510365,False,-0.0030212683220855628,True,0,0
2026-09-16,TGS.OL,newsweb,1,2.63208037678003,0.0669978610724379,False,0.004992769143023115,False,7,1
2026-09-17,FRO.OL,newsweb,-1,-2.6772463966568822,-0.07343251171450482,False,0.011893922984837532,True,7,0
2026-09-21,HUNT.OL,newsweb,1,2.2289192128712774,0.088471844961002,False,-0.0027871980053083578,True,2,0
2026-09-23,2020.OL,newsweb,-1,-2.015593662399095,-0.10500241921453606,False,-0.004607518683505887,True,0,0
2026-09-23,ENVIP.OL,newsweb,1,2.9125070465589684,0.09480324170787133,False,-0.004607518683505887,True,1,0
2026-09-28,DNB.OL,newsweb,1,2.3862138724535216,0.017447985312827128,False,0.002137283931299727,False,7,0
2026-09-28,ENH.OL,newsweb,-1,-2.0471605113890217,-0.021513154105798953,False,0.002137283931299727,True,0,0
