ticker,t0,day,session,delay,entry,so_far,side,bucket,title,r_close,r_next,r_5d,total_day
ODL.OL,2026-07-17 13:51,2026-07-17,intraday,5,13:55,0.0008742037894265092,1,mid,Odfjell Drilling Ltd. Extension of Deepsea Nordkapp,-0.0017122138176236651,0.00138995327546706,0.03186371695680613,-0.0008380100281971518
ODL.OL,2026-07-17 13:51,2026-07-17,intraday,10,14:00,-0.001365918390931081,-1,mid,Odfjell Drilling Ltd. Extension of Deepsea Nordkapp,-0.00052790836273393,-0.003630075455824621,-0.034103839137163666,0.0008380100281971518
ODL.OL,2026-07-17 13:51,2026-07-17,intraday,15,14:05,-0.0014453788320630088,-1,mid,Odfjell Drilling Ltd. Extension of Deepsea Nordkapp,-0.0006073688038658578,-0.003709535896956549,-0.03418329957829559,0.0008380100281971518
ODL.OL,2026-07-17 13:51,2026-07-17,intraday,30,14:20,-0.002156915008472791,-1,mid,Odfjell Drilling Ltd. Extension of Deepsea Nordkapp,-0.0013189049802756394,-0.004421072073366266,-0.03489483575470532,0.0008380100281971518
ODL.OL,2026-07-17 13:51,2026-07-17,intraday,60,14:50,-0.002657379776160659,-1,mid,Odfjell Drilling Ltd. Extension of Deepsea Nordkapp,-0.001819369747963428,-0.004921536841054267,-0.03539530052239321,0.0008380100281971518
BWE.OL,2026-07-17 07:00,2026-07-17,pre-open,60,10:00,0.005962389323789717,1,small,BW Energy: Q2 2026 operational update,-0.0034391120458505437,-0.005691541007437749,0.0135687449130035,0.0025232772779391274
DNB.OL,2026-07-20 21:21,2026-07-21,after-close,5,09:00,-0.007568397574028341,-1,large,DNB Bank ASA: Agreement to divest shareholding in Luminor Holding AS,0.009208243893690892,0.007235512195049185,0.009645875646867825,0.01677664146771911
DNB.OL,2026-07-20 21:21,2026-07-21,after-close,10,09:05,-0.00781175634917728,-1,large,DNB Bank ASA: Agreement to divest shareholding in Luminor Holding AS,0.008964885118541958,0.006992153419900353,0.00940251687171878,0.01677664146771911
DNB.OL,2026-07-20 21:21,2026-07-21,after-close,15,09:10,-0.01554817262644134,-1,large,DNB Bank ASA: Agreement to divest shareholding in Luminor Holding AS,0.0012284688412777592,-0.0007442628573638491,0.0016661005944546906,0.01677664146771911
DNB.OL,2026-07-20 21:21,2026-07-21,after-close,30,09:25,-0.015762223451524504,-1,large,DNB Bank ASA: Agreement to divest shareholding in Luminor Holding AS,0.0010144180161945505,-0.0009583136824470109,0.0014520497693716675,0.01677664146771911
DNB.OL,2026-07-20 21:21,2026-07-21,after-close,60,09:55,-0.016523232560382822,-1,large,DNB Bank ASA: Agreement to divest shareholding in Luminor Holding AS,0.00025340890733627566,-0.0017193227913052805,0.0006910406605134048,0.01677664146771911
PRS.OL,2026-07-20 12:09,2026-07-20,intraday,5,12:10,0.008870612574184998,1,small,Prosafe SE: Operational update - June 2026,-0.011785302073414567,-0.02584551472995019,0.1620533264985774,-0.002914689499229632
PRS.OL,2026-07-20 12:09,2026-07-20,intraday,10,12:15,0.0090663993699579,1,small,Prosafe SE: Operational update - June 2026,-0.01198108886918747,-0.026041301525723093,0.16185753970280448,-0.002914689499229632
PRS.OL,2026-07-20 12:09,2026-07-20,intraday,15,12:20,0.00847503213034907,1,small,Prosafe SE: Operational update - June 2026,-0.011389721629578638,-0.02544993428611426,0.16244890694241332,-0.002914689499229632
PRS.OL,2026-07-20 12:09,2026-07-20,intraday,30,12:35,0.002679691805628313,1,small,Prosafe SE: Operational update - June 2026,-0.005594381304857957,-0.019654593961393577,0.16824424726713394,-0.002914689499229632
PRS.OL,2026-07-20 12:09,2026-07-20,intraday,60,13:05,-0.00021363705779871723,-1,small,Prosafe SE: Operational update - June 2026,0.002701052441430927,0.01676126509796655,-0.17113757613056096,0.002914689499229632
BWLPG.OL,2026-07-20 10:00,2026-07-20,intraday,5,10:05,0.0033664363567201933,1,mid,BW LPG Limited announces sale of BW Levant,0.020609471892391647,0.040352573262944724,-0.009602768908865366,0.023975908249111874
BWLPG.OL,2026-07-20 10:00,2026-07-20,intraday,10,10:10,0.0013544042703295836,1,mid,BW LPG Limited announces sale of BW Levant,0.022621503978782348,0.04236460534933519,-0.007590736822474704,0.023975908249111874
BWLPG.OL,2026-07-20 10:00,2026-07-20,intraday,15,10:15,-0.005612087401632825,-1,mid,BW LPG Limited announces sale of BW Levant,-0.029587995650744773,-0.049331097021297766,0.0006242451505123203,-0.023975908249111874
BWLPG.OL,2026-07-20 10:00,2026-07-20,intraday,30,10:30,-0.00817191042228153,-1,mid,BW LPG Limited announces sale of BW Levant,-0.032147818671393436,-0.051890920041946474,-0.0019355778701362833,-0.023975908249111874
BWLPG.OL,2026-07-20 10:00,2026-07-20,intraday,60,11:00,-0.015570332981534396,-1,mid,BW LPG Limited announces sale of BW Levant,-0.039546241230646255,-0.05928934260119922,-0.009334000429389144,-0.023975908249111874
COSH.OL,2026-07-20 08:30,2026-07-20,pre-open,5,09:00,-0.002020458000143669,-1,small,COSH Announces Fixed Income Roadshow,-0.00343560053457727,-0.0044132652425821865,-0.030806777674382647,-0.001415142534433601
COSH.OL,2026-07-20 08:30,2026-07-20,pre-open,10,09:05,0.00013240092210875347,1,small,COSH Announces Fixed Income Roadshow,0.0012827416123248475,0.0022604063203297657,0.028653918752130223,0.001415142534433601
COSH.OL,2026-07-20 08:30,2026-07-20,pre-open,15,09:10,0.014488156469876277,1,small,COSH Announces Fixed Income Roadshow,-0.013073013935442608,-0.012095349227437605,0.014298163204362734,0.001415142534433601
COSH.OL,2026-07-20 08:30,2026-07-20,pre-open,30,09:25,0.01577917848652002,1,small,COSH Announces Fixed Income Roadshow,-0.014364035952086351,-0.01338637124408135,0.013007141187718993,0.001415142534433601
COSH.OL,2026-07-20 08:30,2026-07-20,pre-open,60,09:55,0.006340114322549266,1,small,COSH Announces Fixed Income Roadshow,-0.004924971788115665,-0.003947307080110785,0.022446205351689473,0.001415142534433601
AKVA.OL,2026-07-20 08:00,2026-07-20,pre-open,5,09:00,0.005672165103265533,1,small,AKVA group ASA: Second quarter 2026 trading update ,-0.008113777141658283,-0.01731455444952782,-0.018010481480865613,-0.0024416120383927422
AKVA.OL,2026-07-20 08:00,2026-07-20,pre-open,10,09:05,-8.015548159529158e-05,-1,small,AKVA group ASA: Second quarter 2026 trading update ,0.0023614565567974507,0.011562233864666994,0.012258160896004802,0.0024416120383927422
AKVA.OL,2026-07-20 08:00,2026-07-20,pre-open,15,09:10,-0.0008762049544300144,-1,small,AKVA group ASA: Second quarter 2026 trading update ,0.0015654070839627278,0.010766184391832271,0.01146211142317008,0.0024416120383927422
AKVA.OL,2026-07-20 08:00,2026-07-20,pre-open,30,09:25,0.008319996569326976,1,small,AKVA group ASA: Second quarter 2026 trading update ,-0.010761608607719726,-0.019962385915589263,-0.020658312946927056,-0.0024416120383927422
AKVA.OL,2026-07-20 08:00,2026-07-20,pre-open,60,09:55,0.006428138040739256,1,small,AKVA group ASA: Second quarter 2026 trading update ,-0.008869750079132006,-0.01807052738700154,-0.018766454418339337,-0.0024416120383927422
DOFG.OL,2026-07-23 08:13,2026-07-23,pre-open,5,09:00,-0.0009360470099765081,-1,mid,DOF Group ASA - Further fleet optimisation through vessel transactions and update on Skandi Amazonas,-3.354114396162365e-05,-0.0003088695870611738,0.025411573908409354,0.0009025058660148844
DOFG.OL,2026-07-23 08:13,2026-07-23,pre-open,10,09:05,-0.0005608222049495459,-1,mid,DOF Group ASA - Further fleet optimisation through vessel transactions and update on Skandi Amazonas,0.0003416836610653385,6.635521796578836e-05,0.025786798713436317,0.0009025058660148844
DOFG.OL,2026-07-23 08:13,2026-07-23,pre-open,15,09:10,-0.001964810259700156,-1,mid,DOF Group ASA - Further fleet optimisation through vessel transactions and update on Skandi Amazonas,-0.0010623043936852043,-0.001337632836784852,0.024382810658685757,0.0009025058660148844
DOFG.OL,2026-07-23 08:13,2026-07-23,pre-open,30,09:25,-0.0020036701490978304,-1,mid,DOF Group ASA - Further fleet optimisation through vessel transactions and update on Skandi Amazonas,-0.001101164283082946,-0.001376492726182496,0.024343950769288032,0.0009025058660148844
DOFG.OL,2026-07-23 08:13,2026-07-23,pre-open,60,09:55,0.0011098392279961155,1,mid,DOF Group ASA - Further fleet optimisation through vessel transactions and update on Skandi Amazonas,-0.002012345094010864,-0.001737016650911263,-0.027457460146381875,-0.0009025058660148844
TGS.OL,2026-07-23 07:01,2026-07-23,pre-open,5,09:00,-0.016224718154214095,-1,mid,TGS Quarterly Dividend,0.036623233115227284,0.08906294541067389,0.13853636492468815,0.05284795126944144
TGS.OL,2026-07-23 07:01,2026-07-23,pre-open,10,09:05,-0.018654608509416495,-1,mid,TGS Quarterly Dividend,0.03419334276002495,0.08663305505547153,0.1361064745694857,0.05284795126944144
TGS.OL,2026-07-23 07:01,2026-07-23,pre-open,15,09:10,-0.01855752395622585,-1,mid,TGS Quarterly Dividend,0.03429042731321558,0.08673013960866223,0.13620355912267643,0.05284795126944144
TGS.OL,2026-07-23 07:01,2026-07-23,pre-open,30,09:25,-0.027144702272092053,-1,mid,TGS Quarterly Dividend,0.025703248997349316,0.07814296129279591,0.12761638080681015,0.05284795126944144
TGS.OL,2026-07-23 07:01,2026-07-23,pre-open,60,09:55,-0.03297961778921709,-1,mid,TGS Quarterly Dividend,0.019868333480224244,0.07230804577567085,0.12178146528968506,0.05284795126944144
TGS.OL,2026-07-23 07:00,2026-07-23,pre-open,5,09:00,-0.016224718154214095,-1,mid,TGS announces Q2 2026 results,0.036623233115227284,0.08906294541067389,0.13853636492468815,0.05284795126944144
TGS.OL,2026-07-23 07:00,2026-07-23,pre-open,10,09:05,-0.018654608509416495,-1,mid,TGS announces Q2 2026 results,0.03419334276002495,0.08663305505547153,0.1361064745694857,0.05284795126944144
TGS.OL,2026-07-23 07:00,2026-07-23,pre-open,15,09:10,-0.01855752395622585,-1,mid,TGS announces Q2 2026 results,0.03429042731321558,0.08673013960866223,0.13620355912267643,0.05284795126944144
TGS.OL,2026-07-23 07:00,2026-07-23,pre-open,30,09:25,-0.027144702272092053,-1,mid,TGS announces Q2 2026 results,0.025703248997349316,0.07814296129279591,0.12761638080681015,0.05284795126944144
TGS.OL,2026-07-23 07:00,2026-07-23,pre-open,60,09:55,-0.03297961778921709,-1,mid,TGS announces Q2 2026 results,0.019868333480224244,0.07230804577567085,0.12178146528968506,0.05284795126944144
COSH.OL,2026-07-22 23:17,2026-07-23,after-close,5,09:00,0.02072544977120296,1,small,Constellation Oil Services Successfully Prices USD 650 Million Senior Secured Bond,-0.0031562664504837107,0.012897298503039488,-0.014166524518678676,0.01756918332071925
COSH.OL,2026-07-22 23:17,2026-07-23,after-close,10,09:05,0.02110067457622992,1,small,Constellation Oil Services Successfully Prices USD 650 Million Senior Secured Bond,-0.003531491255510673,0.012522073698012526,-0.014541749323705638,0.01756918332071925
COSH.OL,2026-07-22 23:17,2026-07-23,after-close,15,09:10,0.013327226058210195,1,small,Constellation Oil Services Successfully Prices USD 650 Million Senior Secured Bond,0.004241957262508908,0.02029552221603229,-0.0067683008056860575,0.01756918332071925
COSH.OL,2026-07-22 23:17,2026-07-23,after-close,30,09:25,0.019657826632081637,1,small,Constellation Oil Services Successfully Prices USD 650 Million Senior Secured Bond,-0.0020886433113623884,0.01396492164216081,-0.013098901379557354,0.01756918332071925
COSH.OL,2026-07-22 23:17,2026-07-23,after-close,60,09:55,0.025903146750878465,1,small,Constellation Oil Services Successfully Prices USD 650 Million Senior Secured Bond,-0.008333963430159345,0.007719601523363814,-0.01934422149835431,0.01756918332071925
NYKD.OL,2026-07-22 14:00,2026-07-22,intraday,5,14:00,0.05505591861037824,1,small,"Nykode Therapeutics Presents Comprehensive Preclinical Data, Optimized Manufacturing, and Durable Cl",0.07863574230421222,0.0596057927547551,0.09112137408723009,0.1336916609145905
NYKD.OL,2026-07-22 14:00,2026-07-22,intraday,10,14:05,0.08034644808511383,1,small,"Nykode Therapeutics Presents Comprehensive Preclinical Data, Optimized Manufacturing, and Durable Cl",0.05334521282947667,0.03431526328001961,0.06583084461249446,0.1336916609145905
NYKD.OL,2026-07-22 14:00,2026-07-22,intraday,15,14:10,0.0998418064804494,1,small,"Nykode Therapeutics Presents Comprehensive Preclinical Data, Optimized Manufacturing, and Durable Cl",0.03384985443414119,0.014819904884684168,0.046335486217159,0.1336916609145905
NYKD.OL,2026-07-22 14:00,2026-07-22,intraday,30,14:25,0.10011863055193004,1,small,"Nykode Therapeutics Presents Comprehensive Preclinical Data, Optimized Manufacturing, and Durable Cl",0.03357303036266054,0.014543080813203518,0.04605866214567835,0.1336916609145905
NYKD.OL,2026-07-22 14:00,2026-07-22,intraday,60,14:55,0.14100487845191131,1,small,"Nykode Therapeutics Presents Comprehensive Preclinical Data, Optimized Manufacturing, and Durable Cl",-0.007313217537320818,-0.026343167086777933,0.005172414245696838,0.1336916609145905
NHY.OL,2026-07-22 07:00,2026-07-22,pre-open,5,09:00,0.013405651746701611,1,large,Norsk Hydro: Operational strength delivering solid results,-0.008149714542348807,0.011549430049692659,-0.02660692832020219,0.005255937204352839
NHY.OL,2026-07-22 07:00,2026-07-22,pre-open,10,09:05,0.028361686317422276,1,large,Norsk Hydro: Operational strength delivering solid results,-0.023105749113069514,-0.003406604521028005,-0.04156296289092287,0.005255937204352839
NHY.OL,2026-07-22 07:00,2026-07-22,pre-open,15,09:10,0.021100358446113868,1,large,Norsk Hydro: Operational strength delivering solid results,-0.015844421241761074,0.00385472335028033,-0.034301635019614515,0.005255937204352839
NHY.OL,2026-07-22 07:00,2026-07-22,pre-open,30,09:25,0.02426518026391074,1,large,Norsk Hydro: Operational strength delivering solid results,-0.01900924305955791,0.0006899015324836853,-0.03746645683741128,0.005255937204352839
NHY.OL,2026-07-22 07:00,2026-07-22,pre-open,60,09:55,0.014712460844026446,1,large,Norsk Hydro: Operational strength delivering solid results,-0.009456523639673604,0.010242620952367876,-0.027913737417526945,0.005255937204352839
NHY.OL,2026-07-22 07:00,2026-07-22,pre-open,5,09:00,0.013405651746701611,1,large,Norsk Hydro: God drift ga solide resultater,-0.008149714542348807,0.011549430049692659,-0.02660692832020219,0.005255937204352839
NHY.OL,2026-07-22 07:00,2026-07-22,pre-open,10,09:05,0.028361686317422276,1,large,Norsk Hydro: God drift ga solide resultater,-0.023105749113069514,-0.003406604521028005,-0.04156296289092287,0.005255937204352839
NHY.OL,2026-07-22 07:00,2026-07-22,pre-open,15,09:10,0.021100358446113868,1,large,Norsk Hydro: God drift ga solide resultater,-0.015844421241761074,0.00385472335028033,-0.034301635019614515,0.005255937204352839
NHY.OL,2026-07-22 07:00,2026-07-22,pre-open,30,09:25,0.02426518026391074,1,large,Norsk Hydro: God drift ga solide resultater,-0.01900924305955791,0.0006899015324836853,-0.03746645683741128,0.005255937204352839
NHY.OL,2026-07-22 07:00,2026-07-22,pre-open,60,09:55,0.014712460844026446,1,large,Norsk Hydro: God drift ga solide resultater,-0.009456523639673604,0.010242620952367876,-0.027913737417526945,0.005255937204352839
TGS.OL,2026-07-22 07:00,2026-07-22,pre-open,5,09:00,0.004340290826597228,1,mid,TGS Announces Atlantic Margin South Reprocessing Project,0.028109764528061236,-0.02473818674138028,-0.12694164082286394,0.032450055354658336
TGS.OL,2026-07-22 07:00,2026-07-22,pre-open,10,09:05,0.007339287846139688,1,mid,TGS Announces Atlantic Margin South Reprocessing Project,0.025110767508518622,-0.027737183760922778,-0.1299406378424065,0.032450055354658336
TGS.OL,2026-07-22 07:00,2026-07-22,pre-open,15,09:10,0.006517902238940531,1,mid,TGS Announces Atlantic Margin South Reprocessing Project,0.025932153115717685,-0.026915798153723632,-0.12911925223520723,0.032450055354658336
TGS.OL,2026-07-22 07:00,2026-07-22,pre-open,30,09:25,0.010036147485281689,1,mid,TGS Announces Atlantic Margin South Reprocessing Project,0.022413907869376627,-0.030434043400064902,-0.13263749748154857,0.032450055354658336
TGS.OL,2026-07-22 07:00,2026-07-22,pre-open,60,09:55,0.019397627801027897,1,mid,TGS Announces Atlantic Margin South Reprocessing Project,0.013052427553630373,-0.039795523715811076,-0.14199897779729478,0.032450055354658336
TGS.OL,2026-07-22 07:00,2026-07-22,pre-open,5,09:00,0.004340290826597228,1,mid,TGS Commences Orphan3D PSDM Phase 2 Reprocessing Offshore Newfoundland and Labrador,0.028109764528061236,-0.02473818674138028,-0.12694164082286394,0.032450055354658336
TGS.OL,2026-07-22 07:00,2026-07-22,pre-open,10,09:05,0.007339287846139688,1,mid,TGS Commences Orphan3D PSDM Phase 2 Reprocessing Offshore Newfoundland and Labrador,0.025110767508518622,-0.027737183760922778,-0.1299406378424065,0.032450055354658336
TGS.OL,2026-07-22 07:00,2026-07-22,pre-open,15,09:10,0.006517902238940531,1,mid,TGS Commences Orphan3D PSDM Phase 2 Reprocessing Offshore Newfoundland and Labrador,0.025932153115717685,-0.026915798153723632,-0.12911925223520723,0.032450055354658336
TGS.OL,2026-07-22 07:00,2026-07-22,pre-open,30,09:25,0.010036147485281689,1,mid,TGS Commences Orphan3D PSDM Phase 2 Reprocessing Offshore Newfoundland and Labrador,0.022413907869376627,-0.030434043400064902,-0.13263749748154857,0.032450055354658336
TGS.OL,2026-07-22 07:00,2026-07-22,pre-open,60,09:55,0.019397627801027897,1,mid,TGS Commences Orphan3D PSDM Phase 2 Reprocessing Offshore Newfoundland and Labrador,0.013052427553630373,-0.039795523715811076,-0.14199897779729478,0.032450055354658336
EQNR.OL,2026-07-22 06:46,2026-07-22,pre-open,5,09:00,0.008467494212571884,1,large,Equinor vil starte tredje transje av tilbakekjøpsprogrammet for aksjer for 2026,0.022440198316900983,0.06646008878069681,0.045984363117427006,0.03090769252947267
EQNR.OL,2026-07-22 06:46,2026-07-22,pre-open,10,09:05,0.012505393137739747,1,large,Equinor vil starte tredje transje av tilbakekjøpsprogrammet for aksjer for 2026,0.01840229939173308,0.06242218985552901,0.04194646419225908,0.03090769252947267
EQNR.OL,2026-07-22 06:46,2026-07-22,pre-open,15,09:10,0.012125797939593605,1,large,Equinor vil starte tredje transje av tilbakekjøpsprogrammet for aksjer for 2026,0.018781894589879056,0.06280178505367492,0.042326059390405076,0.03090769252947267
EQNR.OL,2026-07-22 06:46,2026-07-22,pre-open,30,09:25,0.012290913872147872,1,large,Equinor vil starte tredje transje av tilbakekjøpsprogrammet for aksjer for 2026,0.018616778657324896,0.06263666912112074,0.04216094345785094,0.03090769252947267
EQNR.OL,2026-07-22 06:46,2026-07-22,pre-open,60,09:55,0.019877623007762284,1,large,Equinor vil starte tredje transje av tilbakekjøpsprogrammet for aksjer for 2026,0.011030069521710453,0.0550499599855064,0.0345742343222366,0.03090769252947267
EQNR.OL,2026-07-22 06:45,2026-07-22,pre-open,5,09:00,0.008467494212571884,1,large,Equinors resultater for andre kvartal 2026,0.022440198316900983,0.06646008878069681,0.045984363117427006,0.03090769252947267
EQNR.OL,2026-07-22 06:45,2026-07-22,pre-open,10,09:05,0.012505393137739747,1,large,Equinors resultater for andre kvartal 2026,0.01840229939173308,0.06242218985552901,0.04194646419225908,0.03090769252947267
EQNR.OL,2026-07-22 06:45,2026-07-22,pre-open,15,09:10,0.012125797939593605,1,large,Equinors resultater for andre kvartal 2026,0.018781894589879056,0.06280178505367492,0.042326059390405076,0.03090769252947267
EQNR.OL,2026-07-22 06:45,2026-07-22,pre-open,30,09:25,0.012290913872147872,1,large,Equinors resultater for andre kvartal 2026,0.018616778657324896,0.06263666912112074,0.04216094345785094,0.03090769252947267
EQNR.OL,2026-07-22 06:45,2026-07-22,pre-open,60,09:55,0.019877623007762284,1,large,Equinors resultater for andre kvartal 2026,0.011030069521710453,0.0550499599855064,0.0345742343222366,0.03090769252947267
EQNR.OL,2026-07-22 06:45,2026-07-22,pre-open,5,09:00,0.008467494212571884,1,large,Equinor second quarter 2026 results,0.022440198316900983,0.06646008878069681,0.045984363117427006,0.03090769252947267
EQNR.OL,2026-07-22 06:45,2026-07-22,pre-open,10,09:05,0.012505393137739747,1,large,Equinor second quarter 2026 results,0.01840229939173308,0.06242218985552901,0.04194646419225908,0.03090769252947267
EQNR.OL,2026-07-22 06:45,2026-07-22,pre-open,15,09:10,0.012125797939593605,1,large,Equinor second quarter 2026 results,0.018781894589879056,0.06280178505367492,0.042326059390405076,0.03090769252947267
EQNR.OL,2026-07-22 06:45,2026-07-22,pre-open,30,09:25,0.012290913872147872,1,large,Equinor second quarter 2026 results,0.018616778657324896,0.06263666912112074,0.04216094345785094,0.03090769252947267
EQNR.OL,2026-07-22 06:45,2026-07-22,pre-open,60,09:55,0.019877623007762284,1,large,Equinor second quarter 2026 results,0.011030069521710453,0.0550499599855064,0.0345742343222366,0.03090769252947267
NORBT.OL,2026-07-21 20:09,2026-07-22,after-close,5,09:00,0.028363648538976268,1,small,Agreement for a new NOK 325 million order for GNSS On-Board Unit deliveries,-0.014299364694334233,-0.027472365588236094,-0.05903655620194149,0.014064283844641846
NORBT.OL,2026-07-21 20:09,2026-07-22,after-close,10,09:05,0.017650913782419536,1,small,Agreement for a new NOK 325 million order for GNSS On-Board Unit deliveries,-0.0035866299377777058,-0.016759630831679476,-0.04832382144538482,0.014064283844641846
NORBT.OL,2026-07-21 20:09,2026-07-22,after-close,15,09:10,0.019805259119399985,1,small,Agreement for a new NOK 325 million order for GNSS On-Board Unit deliveries,-0.005740975274757949,-0.018913976168659884,-0.05047816678236525,0.014064283844641846
NORBT.OL,2026-07-21 20:09,2026-07-22,after-close,30,09:25,0.018350050369683773,1,small,Agreement for a new NOK 325 million order for GNSS On-Board Unit deliveries,-0.0042857665250417365,-0.01745876741894367,-0.049022958032649035,0.014064283844641846
NORBT.OL,2026-07-21 20:09,2026-07-22,after-close,60,09:55,0.010634789899571857,1,small,Agreement for a new NOK 325 million order for GNSS On-Board Unit deliveries,0.0034294939450700158,-0.0097435069488318,-0.0413076975625371,0.014064283844641846
BWE.OL,2026-07-21 16:13,2026-07-21,intraday,5,16:15,0.0023077113977745182,1,small,BW Energy: Issuance of shares following exercise of LTIP options,0.0,0.0043961546282924,-0.04111290914687196,0.0023077113977745182
NAS.OL,2026-07-21 11:45,2026-07-21,intraday,5,11:45,0.0012847067055285874,1,mid,Norwegian Air Shuttle ASA (NAS) – Resignation of board member,-0.013873150456083014,-0.027967703793780312,0.0001208721592954945,-0.012588443750554386
NAS.OL,2026-07-21 11:45,2026-07-21,intraday,10,11:50,0.0009515249353038925,1,mid,Norwegian Air Shuttle ASA (NAS) – Resignation of board member,-0.01353996868585832,-0.027634522023555617,0.0004540539295201894,-0.012588443750554386
NAS.OL,2026-07-21 11:45,2026-07-21,intraday,15,11:55,0.00019490912741809512,1,mid,Norwegian Air Shuttle ASA (NAS) – Resignation of board member,-0.01278335287797234,-0.026877906215669607,0.0012106697374060157,-0.012588443750554386
NAS.OL,2026-07-21 11:45,2026-07-21,intraday,30,12:10,-0.001419469064394309,-1,mid,Norwegian Air Shuttle ASA (NAS) – Resignation of board member,0.011168974686159993,0.025263528023857288,-0.002825047929218401,0.012588443750554386
NAS.OL,2026-07-21 11:45,2026-07-21,intraday,60,12:40,0.0003302368131688654,1,mid,Norwegian Air Shuttle ASA (NAS) – Resignation of board member,-0.012918680563723231,-0.02701323390142047,0.0010753420516551558,-0.012588443750554386
HUNT.OL,2026-07-21 08:47,2026-07-21,pre-open,5,09:00,-0.005236982996806485,-1,small,Hunter Group ASA - Business Update on reduced charter hire from one of the counterparties.,-0.041985133824439566,-0.033757092483255535,-0.005081747523301171,-0.03674815082763301
HUNT.OL,2026-07-21 08:47,2026-07-21,pre-open,10,09:05,0.0009174296697064066,1,small,Hunter Group ASA - Business Update on reduced charter hire from one of the counterparties.,0.03583072115792674,0.027602679816742578,-0.001072665143211901,0.03674815082763301
HUNT.OL,2026-07-21 08:47,2026-07-21,pre-open,15,09:10,-0.001023729777640896,-1,small,Hunter Group ASA - Business Update on reduced charter hire from one of the counterparties.,-0.03777188060527397,-0.029543839264089756,-0.0008684943041353671,-0.03674815082763301
HUNT.OL,2026-07-21 08:47,2026-07-21,pre-open,30,09:25,0.016415455448795163,1,small,Hunter Group ASA - Business Update on reduced charter hire from one of the counterparties.,0.020332695378837917,0.012104654037653689,-0.016570690922300662,0.03674815082763301
HUNT.OL,2026-07-21 08:47,2026-07-21,pre-open,60,09:55,0.01967660013946293,1,small,Hunter Group ASA - Business Update on reduced charter hire from one of the counterparties.,0.017071550688170133,0.008843509346986033,-0.01983183561296839,0.03674815082763301
VAR.OL,2026-07-21 07:00,2026-07-21,pre-open,5,09:00,0.03554864751609936,1,large,Vår Energi reports record financial results in the second quarter 2026,0.006634405390454297,0.04029349396335147,-0.0015550852528351776,0.04218305290655364
VAR.OL,2026-07-21 07:00,2026-07-21,pre-open,10,09:05,0.039599532355041066,1,large,Vår Energi reports record financial results in the second quarter 2026,0.0025835205515127024,0.036242609124409866,-0.0056059700917768795,0.04218305290655364
VAR.OL,2026-07-21 07:00,2026-07-21,pre-open,15,09:10,0.043577788229392705,1,large,Vår Energi reports record financial results in the second quarter 2026,-0.001394735322838958,0.03226435325005825,-0.00958422596612835,0.04218305290655364
VAR.OL,2026-07-21 07:00,2026-07-21,pre-open,30,09:25,0.041052270515750604,1,large,Vår Energi reports record financial results in the second quarter 2026,0.0011307823908031072,0.0347898709637003,-0.00705870825248649,0.04218305290655364
VAR.OL,2026-07-21 07:00,2026-07-21,pre-open,60,09:55,0.042878770744175995,1,large,Vår Energi reports record financial results in the second quarter 2026,-0.000695717837622109,0.03296337073527494,-0.008885208480911535,0.04218305290655364
VAR.OL,2026-07-21 07:00,2026-07-21,pre-open,5,09:00,0.03554864751609936,1,large,"Vår Energi to combine with BlueNord, building the largest independent producer of oil and gas in Eur",0.006634405390454297,0.04029349396335147,-0.0015550852528351776,0.04218305290655364
VAR.OL,2026-07-21 07:00,2026-07-21,pre-open,10,09:05,0.039599532355041066,1,large,"Vår Energi to combine with BlueNord, building the largest independent producer of oil and gas in Eur",0.0025835205515127024,0.036242609124409866,-0.0056059700917768795,0.04218305290655364
VAR.OL,2026-07-21 07:00,2026-07-21,pre-open,15,09:10,0.043577788229392705,1,large,"Vår Energi to combine with BlueNord, building the largest independent producer of oil and gas in Eur",-0.001394735322838958,0.03226435325005825,-0.00958422596612835,0.04218305290655364
VAR.OL,2026-07-21 07:00,2026-07-21,pre-open,30,09:25,0.041052270515750604,1,large,"Vår Energi to combine with BlueNord, building the largest independent producer of oil and gas in Eur",0.0011307823908031072,0.0347898709637003,-0.00705870825248649,0.04218305290655364
VAR.OL,2026-07-21 07:00,2026-07-21,pre-open,60,09:55,0.042878770744175995,1,large,"Vår Energi to combine with BlueNord, building the largest independent producer of oil and gas in Eur",-0.000695717837622109,0.03296337073527494,-0.008885208480911535,0.04218305290655364
BNOR.OL,2026-07-21 07:00,2026-07-21,pre-open,5,09:00,0.03926932399245776,1,mid,"Vår Energi to combine with BlueNord, building the largest independent producer of oil and gas in Eur",0.009635420041147216,0.03202275380687295,-0.004733518858696731,0.048904744033604966
BNOR.OL,2026-07-21 07:00,2026-07-21,pre-open,10,09:05,0.05432963225600283,1,mid,"Vår Energi to combine with BlueNord, building the largest independent producer of oil and gas in Eur",-0.005424888222397852,0.0169624455433279,-0.019793827122241897,0.048904744033604966
BNOR.OL,2026-07-21 07:00,2026-07-21,pre-open,15,09:10,0.058759368029239,1,mid,"Vår Energi to combine with BlueNord, building the largest independent producer of oil and gas in Eur",-0.00985462399563395,0.012532709770091719,-0.02422356289547798,0.048904744033604966
BNOR.OL,2026-07-21 07:00,2026-07-21,pre-open,30,09:25,0.05226697713718117,1,mid,"Vår Energi to combine with BlueNord, building the largest independent producer of oil and gas in Eur",-0.003362233103576152,0.019025100662149668,-0.017731172003420215,0.048904744033604966
BNOR.OL,2026-07-21 07:00,2026-07-21,pre-open,60,09:55,0.052379438694790774,1,mid,"Vår Energi to combine with BlueNord, building the largest independent producer of oil and gas in Eur",-0.0034746946611856865,0.01891263910454006,-0.017843633561029762,0.048904744033604966
ENVIP.OL,2026-07-29 17:59,2026-07-30,after-close,5,09:00,0.014020260039396597,1,small,Envipco appointed exclusive supplier to a leading British supermarket chain,0.020883047145979692,0.009895171589925842,0.1005738671545939,0.03490330718537624
ENVIP.OL,2026-07-29 17:59,2026-07-30,after-close,10,09:05,0.017734767813895984,1,small,Envipco appointed exclusive supplier to a leading British supermarket chain,0.017168539371480322,0.0061806638154265,0.09685935938009443,0.03490330718537624
ENVIP.OL,2026-07-29 17:59,2026-07-30,after-close,15,09:10,0.02172712687155976,1,small,Envipco appointed exclusive supplier to a leading British supermarket chain,0.013176180313816574,0.002188304757762767,0.09286700032243056,0.03490330718537624
ENVIP.OL,2026-07-29 17:59,2026-07-30,after-close,30,09:25,0.02293765290002234,1,small,Envipco appointed exclusive supplier to a leading British supermarket chain,0.01196565428535408,0.0009777787293001584,0.09165647429396807,0.03490330718537624
ENVIP.OL,2026-07-29 17:59,2026-07-30,after-close,60,09:55,0.011689354350991341,1,small,Envipco appointed exclusive supplier to a leading British supermarket chain,0.023213952834384873,0.012226077278331169,0.10290477284299893,0.03490330718537624
JIN.OL,2026-07-29 13:53,2026-07-29,intraday,5,13:55,-0.0006156641893767661,-1,small,THE SALE AND LEASEBACK ARRANGEMENTS,-0.005318245386154144,-0.0019346838319232534,-0.007959531219836828,-0.004702581196777378
JIN.OL,2026-07-29 13:53,2026-07-29,intraday,10,14:00,-0.0005694626604202252,-1,small,THE SALE AND LEASEBACK ARRANGEMENTS,-0.005272043857197603,-0.0018884823029667124,-0.007913329690880287,-0.004702581196777378
JIN.OL,2026-07-29 13:53,2026-07-29,intraday,15,14:05,-0.0015042959901026831,-1,small,THE SALE AND LEASEBACK ARRANGEMENTS,-0.006206877186880061,-0.0028233156326491703,-0.008848163020562745,-0.004702581196777378
JIN.OL,2026-07-29 13:53,2026-07-29,intraday,30,14:20,-0.002480144130829781,-1,small,THE SALE AND LEASEBACK ARRANGEMENTS,-0.007182725327607159,-0.0037991637733762683,-0.009824011161289843,-0.004702581196777378
JIN.OL,2026-07-29 13:53,2026-07-29,intraday,60,14:50,-0.00269992506995978,-1,small,THE SALE AND LEASEBACK ARRANGEMENTS,-0.007402506266737158,-0.0040189447125062675,-0.010043792100419842,-0.004702581196777378
ZAL.OL,2026-07-29 08:28,2026-07-29,pre-open,60,09:55,-0.10499709954896086,-1,small,Zalaris ASA: Completion of recommended mandatory offer,0.09700296217544657,0.03203853919347182,0.09801877339738724,0.2020000617244074
PLSV.OL,2026-07-29 07:00,2026-07-29,pre-open,5,09:00,0.01358964112476891,1,small,Paratus Energy - Completes Sale of Fontis,-0.02676974957286921,-0.019870306955256038,-0.003433693972455583,-0.013180108448100402
PLSV.OL,2026-07-29 07:00,2026-07-29,pre-open,10,09:05,0.008864508569756662,1,small,Paratus Energy - Completes Sale of Fontis,-0.022044617017857055,-0.01514517440024374,0.0012914385825567257,-0.013180108448100402
PLSV.OL,2026-07-29 07:00,2026-07-29,pre-open,15,09:10,0.010508705670960742,1,small,Paratus Energy - Completes Sale of Fontis,-0.02368881411906115,-0.01678937150144791,-0.0003527585186473871,-0.013180108448100402
PLSV.OL,2026-07-29 07:00,2026-07-29,pre-open,30,09:25,0.0015753642306788637,1,small,Paratus Energy - Completes Sale of Fontis,-0.014755472678779386,-0.007856030061166114,0.008580582921634463,-0.013180108448100402
PLSV.OL,2026-07-29 07:00,2026-07-29,pre-open,60,09:55,-0.0033954629401062187,-1,small,Paratus Energy - Completes Sale of Fontis,0.009784645507994282,0.002885202890380934,-0.013551410092419558,0.013180108448100402
JIN.OL,2026-07-28 14:22,2026-07-28,intraday,5,14:25,-0.0016790037974615118,-1,small,THE SALE AND LEASEBACK ARRANGEMENTS,-0.008460118537476581,0.006097390501307649,0.007747405231685045,-0.00678111474001507
JIN.OL,2026-07-28 14:22,2026-07-28,intraday,10,14:30,-0.0009604494543551181,-1,small,THE SALE AND LEASEBACK ARRANGEMENTS,-0.007741564194370188,0.006815944844414043,0.008465959574791439,-0.00678111474001507
JIN.OL,2026-07-28 14:22,2026-07-28,intraday,15,14:35,-0.0008626122317630658,-1,small,THE SALE AND LEASEBACK ARRANGEMENTS,-0.007643726971778135,0.006913782067006095,0.008563796797383491,-0.00678111474001507
JIN.OL,2026-07-28 14:22,2026-07-28,intraday,30,14:50,-0.0008403831860142111,-1,small,THE SALE AND LEASEBACK ARRANGEMENTS,-0.007621497926029281,0.00693601111275495,0.008586025843132346,-0.00678111474001507
JIN.OL,2026-07-28 14:22,2026-07-28,intraday,60,15:20,-0.0031814254366985886,-1,small,THE SALE AND LEASEBACK ARRANGEMENTS,-0.009962540176713658,0.0045949688620705725,0.006244983592447968,-0.00678111474001507
SBO.OL,2026-07-28 08:00,2026-07-28,pre-open,5,09:00,0.006143390708872941,1,small,Selvaag Bolig ASA: Invitasjon til presentasjon av resultater for andre kvartal 2026,-0.006561767187771041,-0.004949580804504609,-0.01147445527152087,-0.0004183764788980677
SBO.OL,2026-07-28 08:00,2026-07-28,pre-open,10,09:05,0.00575663611037629,1,small,Selvaag Bolig ASA: Invitasjon til presentasjon av resultater for andre kvartal 2026,-0.00617501258927439,-0.004562826206007958,-0.011087700673024219,-0.0004183764788980677
SBO.OL,2026-07-28 08:00,2026-07-28,pre-open,15,09:10,0.018183019967221364,1,small,Selvaag Bolig ASA: Invitasjon til presentasjon av resultater for andre kvartal 2026,-0.01860139644611953,-0.016989210062853054,-0.023514084529869313,-0.0004183764788980677
SBO.OL,2026-07-28 08:00,2026-07-28,pre-open,30,09:25,0.016642610554445995,1,small,Selvaag Bolig ASA: Invitasjon til presentasjon av resultater for andre kvartal 2026,-0.01706098703334416,-0.015448800650077683,-0.021973675117093944,-0.0004183764788980677
SBO.OL,2026-07-28 08:00,2026-07-28,pre-open,60,09:55,0.005709603877581644,1,small,Selvaag Bolig ASA: Invitasjon til presentasjon av resultater for andre kvartal 2026,-0.006127980356479712,-0.004515793973213165,-0.011040668440229443,-0.0004183764788980677
TGS.OL,2026-07-28 07:00,2026-07-28,pre-open,5,09:00,-0.010815919608932389,-1,mid,TGS Awarded OBN Contract,0.034746037483890366,0.03839720650730437,0.020254329983704203,0.04556195709282276
TGS.OL,2026-07-28 07:00,2026-07-28,pre-open,10,09:05,-0.015871990889547598,-1,mid,TGS Awarded OBN Contract,0.029689966203275152,0.033341135226689154,0.015198258703088963,0.04556195709282276
TGS.OL,2026-07-28 07:00,2026-07-28,pre-open,15,09:10,-0.013038142484789338,-1,mid,TGS Awarded OBN Contract,0.03252381460803337,0.036174983631447374,0.018032107107847143,0.04556195709282276
TGS.OL,2026-07-28 07:00,2026-07-28,pre-open,30,09:25,-0.014578551897564707,-1,mid,TGS Awarded OBN Contract,0.030983405195258003,0.034634574218672005,0.016491697695071774,0.04556195709282276
TGS.OL,2026-07-28 07:00,2026-07-28,pre-open,60,09:55,-0.020505954702106755,-1,mid,TGS Awarded OBN Contract,0.025056002390716058,0.02870717141413006,0.01056429489052981,0.04556195709282276
SUBC.OL,2026-07-31 18:15,2026-08-03,after-close,5,09:00,-0.0012161437807241757,-1,mid,Subsea 7 S.A. announces expiration of the Hart-Scott-Rodino Act waiting period,-0.0258421231333384,-0.027856710990199818,-0.03424610012948203,-0.024625979352614232
SUBC.OL,2026-07-31 18:15,2026-08-03,after-close,10,09:05,-0.0006844781289728624,-1,mid,Subsea 7 S.A. announces expiration of the Hart-Scott-Rodino Act waiting period,-0.025310457481587088,-0.027325045338448505,-0.03371443447773072,-0.024625979352614232
SUBC.OL,2026-07-31 18:15,2026-08-03,after-close,15,09:10,-0.002651188403578769,-1,mid,Subsea 7 S.A. announces expiration of the Hart-Scott-Rodino Act waiting period,-0.027277167756192988,-0.029291755613054388,-0.03568114475233676,-0.024625979352614232
SUBC.OL,2026-07-31 18:15,2026-08-03,after-close,30,09:25,0.005376552830861579,1,mid,Subsea 7 S.A. announces expiration of the Hart-Scott-Rodino Act waiting period,0.019249426521752547,0.021264014378613964,0.027653403517896295,0.024625979352614232
SUBC.OL,2026-07-31 18:15,2026-08-03,after-close,60,09:55,0.011995296878506864,1,mid,Subsea 7 S.A. announces expiration of the Hart-Scott-Rodino Act waiting period,0.012630682474107272,0.014645270330968716,0.021034659470250905,0.024625979352614232
SUBC.OL,2026-07-31 16:28,2026-08-03,after-close,5,09:00,-0.0012161437807241757,-1,mid,Subsea7 awarded contract offshore Brunei,-0.0258421231333384,-0.027856710990199818,-0.03424610012948203,-0.024625979352614232
SUBC.OL,2026-07-31 16:28,2026-08-03,after-close,10,09:05,-0.0006844781289728624,-1,mid,Subsea7 awarded contract offshore Brunei,-0.025310457481587088,-0.027325045338448505,-0.03371443447773072,-0.024625979352614232
SUBC.OL,2026-07-31 16:28,2026-08-03,after-close,15,09:10,-0.002651188403578769,-1,mid,Subsea7 awarded contract offshore Brunei,-0.027277167756192988,-0.029291755613054388,-0.03568114475233676,-0.024625979352614232
SUBC.OL,2026-07-31 16:28,2026-08-03,after-close,30,09:25,0.005376552830861579,1,mid,Subsea7 awarded contract offshore Brunei,0.019249426521752547,0.021264014378613964,0.027653403517896295,0.024625979352614232
SUBC.OL,2026-07-31 16:28,2026-08-03,after-close,60,09:55,0.011995296878506864,1,mid,Subsea7 awarded contract offshore Brunei,0.012630682474107272,0.014645270330968716,0.021034659470250905,0.024625979352614232
SCATC.OL,2026-07-31 15:42,2026-07-31,intraday,5,15:45,-0.0020247897005298155,-1,mid,Scatec acquires 77 MW onshore wind project in Romania,0.005711980557591053,0.012790161387018328,0.014065947360383097,0.007736770258120952
SCATC.OL,2026-07-31 15:42,2026-07-31,intraday,10,15:50,-0.003915482919496606,-1,mid,Scatec acquires 77 MW onshore wind project in Romania,0.003821287338624302,0.010899468168051672,0.012175254141416394,0.007736770258120952
SCATC.OL,2026-07-31 15:42,2026-07-31,intraday,15,15:55,-0.002864325032175247,-1,mid,Scatec acquires 77 MW onshore wind project in Romania,0.004872445225945661,0.011950626055373031,0.013226412028737753,0.007736770258120952
SCATC.OL,2026-07-31 15:42,2026-07-31,intraday,30,16:10,-0.008642438000169967,-1,mid,Scatec acquires 77 MW onshore wind project in Romania,-0.0009056677420490277,0.006172513087378296,0.00744829906074301,0.007736770258120952
ORK.OL,2026-07-31 08:30,2026-07-31,pre-open,5,09:00,-0.009022382582644428,-1,mid,Orkla Snacks acquires The European Candy Group B.V. to support continued BUBS growth,-0.0009418634044311355,0.004486041456847122,0.02091487448471202,0.008080519178213293
ORK.OL,2026-07-31 08:30,2026-07-31,pre-open,10,09:05,-0.008747300191570117,-1,mid,Orkla Snacks acquires The European Candy Group B.V. to support continued BUBS growth,-0.0006667810133568083,0.004761123847921414,0.02118995687578635,0.008080519178213293
ORK.OL,2026-07-31 08:30,2026-07-31,pre-open,15,09:10,-0.007905609970760303,-1,mid,Orkla Snacks acquires The European Candy Group B.V. to support continued BUBS growth,0.00017490920745300573,0.005602814068731228,0.022031647096596163,0.008080519178213293
ORK.OL,2026-07-31 08:30,2026-07-31,pre-open,30,09:25,-0.009989435994643685,-1,mid,Orkla Snacks acquires The European Candy Group B.V. to support continued BUBS growth,-0.0019089168164303921,0.0035189880448478652,0.019947821072712764,0.008080519178213293
ORK.OL,2026-07-31 08:30,2026-07-31,pre-open,60,09:55,-0.011126537191326571,-1,mid,Orkla Snacks acquires The European Candy Group B.V. to support continued BUBS growth,-0.003046018013113279,0.0023818868481649785,0.018810719876029877,0.008080519178213293
DOFG.OL,2026-07-31 07:09,2026-07-31,pre-open,5,09:00,0.0022923919486890695,1,mid,DOF Group ASA - Contract extensions for Skandi Buzios and Skandi Recife,0.002546975712861996,-0.0039017770198393063,-0.018508110000959817,0.004839367661551073
DOFG.OL,2026-07-31 07:09,2026-07-31,pre-open,10,09:05,0.004679789499043314,1,mid,DOF Group ASA - Contract extensions for Skandi Buzios and Skandi Recife,0.0001595781625077842,-0.006289174570193625,-0.020895507551314023,0.004839367661551073
DOFG.OL,2026-07-31 07:09,2026-07-31,pre-open,15,09:10,0.009513500989390532,1,mid,DOF Group ASA - Contract extensions for Skandi Buzios and Skandi Recife,-0.004674133327839462,-0.011122886060540925,-0.025729219041661297,0.004839367661551073
DOFG.OL,2026-07-31 07:09,2026-07-31,pre-open,30,09:25,0.006932056922862834,1,mid,DOF Group ASA - Contract extensions for Skandi Buzios and Skandi Recife,-0.0020926892613117977,-0.008541441994013216,-0.023147774975133602,0.004839367661551073
DOFG.OL,2026-07-31 07:09,2026-07-31,pre-open,60,09:55,0.0033959507835812225,1,mid,DOF Group ASA - Contract extensions for Skandi Buzios and Skandi Recife,0.0014434168779699213,-0.005005335854731476,-0.01961166883585195,0.004839367661551073
TRMED.OL,2026-07-31 07:00,2026-07-31,pre-open,5,09:00,0.11064409363543341,1,small,Thor Medical ASA: AlphaOne Starts Commercial Production,0.16645631804597583,0.12153390857336123,0.05233560852642656,0.2771004116814093
TRMED.OL,2026-07-31 07:00,2026-07-31,pre-open,10,09:05,0.12882607838493207,1,small,Thor Medical ASA: AlphaOne Starts Commercial Production,0.1482743332964772,0.10335192382386274,0.034153623776927995,0.2771004116814093
TRMED.OL,2026-07-31 07:00,2026-07-31,pre-open,15,09:10,0.1296677686057419,1,small,Thor Medical ASA: AlphaOne Starts Commercial Production,0.14743264307566742,0.10251023360305293,0.03331193355611818,0.2771004116814093
TRMED.OL,2026-07-31 07:00,2026-07-31,pre-open,30,09:25,0.10466447923055677,1,small,Thor Medical ASA: AlphaOne Starts Commercial Production,0.1724359324508526,0.1275135229782381,0.058315222931303236,0.2771004116814093
TRMED.OL,2026-07-31 07:00,2026-07-31,pre-open,60,09:55,0.14968188967980217,1,small,Thor Medical ASA: AlphaOne Starts Commercial Production,0.12741852200160714,0.08249611252899261,0.013297812482057726,0.2771004116814093
DOFG.OL,2026-07-30 20:56,2026-07-31,after-close,5,09:00,0.0022923919486890695,1,mid,DOF Group ASA - Contract awards for 2x AHTS vessels,0.002546975712861996,-0.0039017770198393063,-0.018508110000959817,0.004839367661551073
DOFG.OL,2026-07-30 20:56,2026-07-31,after-close,10,09:05,0.004679789499043314,1,mid,DOF Group ASA - Contract awards for 2x AHTS vessels,0.0001595781625077842,-0.006289174570193625,-0.020895507551314023,0.004839367661551073
DOFG.OL,2026-07-30 20:56,2026-07-31,after-close,15,09:10,0.009513500989390532,1,mid,DOF Group ASA - Contract awards for 2x AHTS vessels,-0.004674133327839462,-0.011122886060540925,-0.025729219041661297,0.004839367661551073
DOFG.OL,2026-07-30 20:56,2026-07-31,after-close,30,09:25,0.006932056922862834,1,mid,DOF Group ASA - Contract awards for 2x AHTS vessels,-0.0020926892613117977,-0.008541441994013216,-0.023147774975133602,0.004839367661551073
DOFG.OL,2026-07-30 20:56,2026-07-31,after-close,60,09:55,0.0033959507835812225,1,mid,DOF Group ASA - Contract awards for 2x AHTS vessels,0.0014434168779699213,-0.005005335854731476,-0.01961166883585195,0.004839367661551073
OET.OL,2026-07-30 08:50,2026-07-30,pre-open,5,09:00,0.01697324990577259,1,mid,Okeanis Eco Tankers Corp. – Nissos Sifnos Update,-0.03135120573544431,-0.007228527052453186,0.03926853585643731,-0.01437795582967162
OET.OL,2026-07-30 08:50,2026-07-30,pre-open,10,09:05,0.0034577862041942735,1,mid,Okeanis Eco Tankers Corp. – Nissos Sifnos Update,-0.01783574203386601,0.006286936649125177,0.05278399955801553,-0.01437795582967162
OET.OL,2026-07-30 08:50,2026-07-30,pre-open,15,09:10,0.0037303263900469487,1,mid,Okeanis Eco Tankers Corp. – Nissos Sifnos Update,-0.018108282219718684,0.006014396463272502,0.05251145937216285,-0.01437795582967162
OET.OL,2026-07-30 08:50,2026-07-30,pre-open,30,09:25,-0.005137777792365099,-1,mid,Okeanis Eco Tankers Corp. – Nissos Sifnos Update,0.00924017803730658,-0.01488250064568472,-0.061379563554574995,0.01437795582967162
OET.OL,2026-07-30 08:50,2026-07-30,pre-open,60,09:55,-0.0034242447311665855,-1,mid,Okeanis Eco Tankers Corp. – Nissos Sifnos Update,0.010953711098505034,-0.013168967584486088,-0.05966603049337651,0.01437795582967162
AGLX.OL,2026-07-30 08:30,2026-07-30,pre-open,5,09:00,0.010695455463384431,1,small,Agilyx ASA: Agilyx appoints Citi as depositary bank for sponsored Level 1 American Depositary Receip,-0.011756828674881335,-0.003744202969842264,-0.05375744418632483,-0.001061373211496837
AGLX.OL,2026-07-30 08:30,2026-07-30,pre-open,10,09:05,0.009428613838005247,1,small,Agilyx ASA: Agilyx appoints Citi as depositary bank for sponsored Level 1 American Depositary Receip,-0.010489987049502152,-0.0024773613444630804,-0.05249060256094565,-0.001061373211496837
AGLX.OL,2026-07-30 08:30,2026-07-30,pre-open,15,09:10,0.009701154023857923,1,small,Agilyx ASA: Agilyx appoints Citi as depositary bank for sponsored Level 1 American Depositary Receip,-0.010762527235354827,-0.0027499015303157556,-0.052763142746798324,-0.001061373211496837
AGLX.OL,2026-07-30 08:30,2026-07-30,pre-open,30,09:25,0.009674840422906717,1,small,Agilyx ASA: Agilyx appoints Citi as depositary bank for sponsored Level 1 American Depositary Receip,-0.010736213634403621,-0.00272358792936455,-0.05273682914584712,-0.001061373211496837
AGLX.OL,2026-07-30 08:30,2026-07-30,pre-open,60,09:55,0.009613750125736741,1,small,Agilyx ASA: Agilyx appoints Citi as depositary bank for sponsored Level 1 American Depositary Receip,-0.010675123337233645,-0.0026624976321945742,-0.05267573884867714,-0.001061373211496837
SUBC.OL,2026-07-30 08:00,2026-07-30,pre-open,5,09:00,-0.005643962069097466,-1,mid,Subsea 7 S.A. Announces Second Quarter and Half Year 2026 Results,-0.02798748835845572,-0.03961423607559399,-0.07701026993184251,-0.022343526289358224
SUBC.OL,2026-07-30 08:00,2026-07-30,pre-open,10,09:05,-0.0009760078627714854,-1,mid,Subsea 7 S.A. Announces Second Quarter and Half Year 2026 Results,-0.023319534152129708,-0.03494628186926792,-0.07234231572551647,-0.022343526289358224
SUBC.OL,2026-07-30 08:00,2026-07-30,pre-open,15,09:10,-0.0020193376498896165,-1,mid,Subsea 7 S.A. Announces Second Quarter and Half Year 2026 Results,-0.02436286393924786,-0.03598961165638612,-0.07338564551263463,-0.022343526289358224
SUBC.OL,2026-07-30 08:00,2026-07-30,pre-open,30,09:25,0.0005842592674974723,1,mid,Subsea 7 S.A. Announces Second Quarter and Half Year 2026 Results,0.0217592670218609,0.03338601473899897,0.07078204859524748,0.022343526289358224
SUBC.OL,2026-07-30 08:00,2026-07-30,pre-open,60,09:55,-0.0014485901223179002,-1,mid,Subsea 7 S.A. Announces Second Quarter and Half Year 2026 Results,-0.02379211641167606,-0.03541886412881431,-0.0728148979850628,-0.022343526289358224
BWE.OL,2026-07-30 07:00,2026-07-30,pre-open,5,09:00,-0.004241918683305885,-1,small,SECOND QUARTER AND FIRST HALF 2026 REPORT,0.024418015906484892,0.01907015916752489,-0.002517233931589199,0.028659934589790728
BWE.OL,2026-07-30 07:00,2026-07-30,pre-open,10,09:05,-0.007411681445666011,-1,small,SECOND QUARTER AND FIRST HALF 2026 REPORT,0.021248253144124627,0.015900396405164788,-0.0056869966939492415,0.028659934589790728
BWE.OL,2026-07-30 07:00,2026-07-30,pre-open,15,09:10,-0.007139141259813336,-1,small,SECOND QUARTER AND FIRST HALF 2026 REPORT,0.021520793329977302,0.016172936591017463,-0.005414456508096566,0.028659934589790728
BWE.OL,2026-07-30 07:00,2026-07-30,pre-open,30,09:25,0.00042474325050255923,1,small,SECOND QUARTER AND FIRST HALF 2026 REPORT,-0.029084677840293113,-0.02373682110133318,-0.0021494280022190705,-0.028659934589790728
BWE.OL,2026-07-30 07:00,2026-07-30,pre-open,60,09:55,-0.005323624020953575,-1,small,SECOND QUARTER AND FIRST HALF 2026 REPORT,0.023336310568837202,0.0179884538298772,-0.0035989392692368886,0.028659934589790728
JIN.OL,2026-07-30 06:01,2026-07-30,pre-open,5,09:00,0.015036309134542625,1,small,Change of Registered Address,-0.01760063306150236,-0.012617815299176403,-0.017387626149999745,-0.0025643239269597592
JIN.OL,2026-07-30 06:01,2026-07-30,pre-open,10,09:05,0.013769467509163441,1,small,Change of Registered Address,-0.016333791436123176,-0.01135097367379722,-0.01612078452462056,-0.0025643239269597592
JIN.OL,2026-07-30 06:01,2026-07-30,pre-open,15,09:10,0.014042007695016116,1,small,Change of Registered Address,-0.01660633162197585,-0.011623513859649895,-0.016393324710473237,-0.0025643239269597592
JIN.OL,2026-07-30 06:01,2026-07-30,pre-open,30,09:25,0.0010285106314451829,1,small,Change of Registered Address,-0.0035928345584049686,0.0013899832039210459,-0.003379827646902419,-0.0025643239269597592
JIN.OL,2026-07-30 06:01,2026-07-30,pre-open,60,09:55,0.000967420334275207,1,small,Change of Registered Address,-0.0035317442612349927,0.0014510735010910217,-0.003318737349732443,-0.0025643239269597592
FRO.OL,2026-08-04 22:30,2026-08-05,after-close,5,09:00,0.009498341868673342,1,mid,FRO - Sale of two VLCCs,-0.031713761001460714,-0.0025341770310116658,-0.04785581789670884,-0.02221541913278726
FRO.OL,2026-08-04 22:30,2026-08-05,after-close,10,09:05,-0.004108935436305578,-1,mid,FRO - Sale of two VLCCs,0.01810648369648177,-0.011073100273967325,0.03424854059172996,0.02221541913278726
FRO.OL,2026-08-04 22:30,2026-08-05,after-close,15,09:10,-0.01154694137165812,-1,mid,FRO - Sale of two VLCCs,0.010668477761129239,-0.018511106209319884,0.026810534656377297,0.02221541913278726
FRO.OL,2026-08-04 22:30,2026-08-05,after-close,30,09:25,-0.0016166222923113954,-1,mid,FRO - Sale of two VLCCs,0.020598796840475865,-0.008580787129973186,0.03674085373572403,0.02221541913278726
FRO.OL,2026-08-04 22:30,2026-08-05,after-close,60,09:55,-0.004101081980328659,-1,mid,FRO - Sale of two VLCCs,0.01811433715245863,-0.011065246817990256,0.034256394047706806,0.02221541913278726
OET.OL,2026-08-04 22:30,2026-08-05,after-close,5,09:00,0.026349797544096908,1,mid,Okeanis Eco Tankers Corp. – 2025 ESG Report,-0.013384904270632398,0.020892129325102808,-0.028264446810837646,0.012964893273464494
OET.OL,2026-08-04 22:30,2026-08-05,after-close,10,09:05,0.006485671927660723,1,mid,Okeanis Eco Tankers Corp. – 2025 ESG Report,0.006479221345803736,0.040756254941538686,-0.00840032119440155,0.012964893273464494
OET.OL,2026-08-04 22:30,2026-08-05,after-close,15,09:10,0.002497364436611556,1,mid,Okeanis Eco Tankers Corp. – 2025 ESG Report,0.010467528836852834,0.044744562432587925,-0.004412013703352317,0.012964893273464494
OET.OL,2026-08-04 22:30,2026-08-05,after-close,30,09:25,0.01383432886340749,1,mid,Okeanis Eco Tankers Corp. – 2025 ESG Report,-0.0008694355899431152,0.03340759800579202,-0.015748978130148406,0.012964893273464494
OET.OL,2026-08-04 22:30,2026-08-05,after-close,60,09:55,0.017341482605681163,1,mid,Okeanis Eco Tankers Corp. – 2025 ESG Report,-0.004376589332216602,0.029900444263518546,-0.019256131872421943,0.012964893273464494
NYKD.OL,2026-08-04 22:15,2026-08-05,after-close,5,09:00,-0.013101821818105062,-1,small,Nykode Therapeutics - update on expected timeline for pending tax appeal,0.0457255147856536,0.05507956254932314,0.03673761602586084,0.05882733660375863
NYKD.OL,2026-08-04 22:15,2026-08-05,after-close,10,09:05,-0.0023848138525323897,-1,small,Nykode Therapeutics - update on expected timeline for pending tax appeal,0.056442522751226125,0.06579657051489567,0.047454623991433416,0.05882733660375863
NYKD.OL,2026-08-04 22:15,2026-08-05,after-close,15,09:10,-0.0012228953672657591,-1,small,Nykode Therapeutics - update on expected timeline for pending tax appeal,0.057604441236492755,0.0669584890001623,0.048616542476700046,0.05882733660375863
NYKD.OL,2026-08-04 22:15,2026-08-05,after-close,30,09:25,-0.01630115957971428,-1,small,Nykode Therapeutics - update on expected timeline for pending tax appeal,0.04252617702404427,0.05188022478771381,0.03353827826425155,0.05882733660375863
NYKD.OL,2026-08-04 22:15,2026-08-05,after-close,60,09:55,-0.026401095970360087,-1,small,Nykode Therapeutics - update on expected timeline for pending tax appeal,0.03242624063339858,0.04178028839706812,0.023438341873605974,0.05882733660375863
OET.OL,2026-08-04 22:15,2026-08-05,after-close,5,09:00,0.026349797544096908,1,mid,Okeanis Eco Tankers Corp. – Unaudited Condensed Financial Statements for the Second Quarter and Six-,-0.013384904270632398,0.020892129325102808,-0.028264446810837646,0.012964893273464494
OET.OL,2026-08-04 22:15,2026-08-05,after-close,10,09:05,0.006485671927660723,1,mid,Okeanis Eco Tankers Corp. – Unaudited Condensed Financial Statements for the Second Quarter and Six-,0.006479221345803736,0.040756254941538686,-0.00840032119440155,0.012964893273464494
OET.OL,2026-08-04 22:15,2026-08-05,after-close,15,09:10,0.002497364436611556,1,mid,Okeanis Eco Tankers Corp. – Unaudited Condensed Financial Statements for the Second Quarter and Six-,0.010467528836852834,0.044744562432587925,-0.004412013703352317,0.012964893273464494
OET.OL,2026-08-04 22:15,2026-08-05,after-close,30,09:25,0.01383432886340749,1,mid,Okeanis Eco Tankers Corp. – Unaudited Condensed Financial Statements for the Second Quarter and Six-,-0.0008694355899431152,0.03340759800579202,-0.015748978130148406,0.012964893273464494
OET.OL,2026-08-04 22:15,2026-08-05,after-close,60,09:55,0.017341482605681163,1,mid,Okeanis Eco Tankers Corp. – Unaudited Condensed Financial Statements for the Second Quarter and Six-,-0.004376589332216602,0.029900444263518546,-0.019256131872421943,0.012964893273464494
SPOL.OL,2026-08-04 16:35,2026-08-05,after-close,5,09:00,-0.013682619181177401,-1,small,Påminnelse: Felles resultatpresentasjon 2. kvartal 2026,-0.0011957733028083953,6.527737855396409e-05,0.08017162009875935,0.012486845878368926
SPOL.OL,2026-08-04 16:35,2026-08-05,after-close,10,09:05,-0.011657217546171736,-1,small,Påminnelse: Felles resultatpresentasjon 2. kvartal 2026,0.0008296283321972374,0.002090679013559627,0.08219702173376503,0.012486845878368926
SPOL.OL,2026-08-04 16:35,2026-08-05,after-close,15,09:10,-0.01349381151869155,-1,small,Påminnelse: Felles resultatpresentasjon 2. kvartal 2026,-0.0010069656403226771,0.00025408504103977426,0.08036042776124513,0.012486845878368926
SPOL.OL,2026-08-04 16:35,2026-08-05,after-close,30,09:25,-0.01637361334115077,-1,small,Påminnelse: Felles resultatpresentasjon 2. kvartal 2026,-0.0038867674627817996,-0.0026257167814192654,0.07748062593878607,0.012486845878368926
SPOL.OL,2026-08-04 16:35,2026-08-05,after-close,60,09:55,-0.013425664720821563,-1,small,Påminnelse: Felles resultatpresentasjon 2. kvartal 2026,-0.0009388188424525978,0.00032223183890970307,0.0804285745591152,0.012486845878368926
MING.OL,2026-08-04 12:00,2026-08-04,intraday,5,12:00,-0.00025463652090493527,-1,small,SpareBank 1 SMN: Påminnelse - Felles resultatpresentasjon 2. kvartal 2026,-0.0024747005883272322,-0.004312322415934884,0.04738597737915442,-0.0022200640674221667
MING.OL,2026-08-04 12:00,2026-08-04,intraday,10,12:05,-0.0007555357686149681,-1,small,SpareBank 1 SMN: Påminnelse - Felles resultatpresentasjon 2. kvartal 2026,-0.002975599836037261,-0.00481322166364488,0.046885078131444574,-0.0022200640674221667
MING.OL,2026-08-04 12:00,2026-08-04,intraday,15,12:10,-0.0010712268753761882,-1,small,SpareBank 1 SMN: Påminnelse - Felles resultatpresentasjon 2. kvartal 2026,-0.0032912909427984856,-0.005128912770406094,0.0465693870246833,-0.0022200640674221667
MING.OL,2026-08-04 12:00,2026-08-04,intraday,30,12:25,-0.005840421399636941,-1,small,SpareBank 1 SMN: Påminnelse - Felles resultatpresentasjon 2. kvartal 2026,-0.008060485467059217,-0.009898107294666766,0.041800192500422564,-0.0022200640674221667
MING.OL,2026-08-04 12:00,2026-08-04,intraday,60,12:55,-0.0009671780489069642,-1,small,SpareBank 1 SMN: Påminnelse - Felles resultatpresentasjon 2. kvartal 2026,-0.0031872421163291384,-0.005024863943936765,0.04667343585115266,-0.0022200640674221667
CRNA.OL,2026-08-04 11:06,2026-08-04,intraday,5,11:10,0.028926814858561564,1,mid,Circio nominates RNA and gene therapy US industry veteran Dr. Dinah Sah to its Board of Directors,0.028994964144925747,-0.042669071083662406,0.03622570165498654,0.05792177900348742
CRNA.OL,2026-08-04 11:06,2026-08-04,intraday,10,11:15,0.027505032657793936,1,mid,Circio nominates RNA and gene therapy US industry veteran Dr. Dinah Sah to its Board of Directors,0.0304167463456936,-0.04124728888289471,0.03764748385575424,0.05792177900348742
CRNA.OL,2026-08-04 11:06,2026-08-04,intraday,15,11:20,0.0443740841196657,1,mid,Circio nominates RNA and gene therapy US industry veteran Dr. Dinah Sah to its Board of Directors,0.013547694883821876,-0.05811634034476643,0.02077843239388235,0.05792177900348742
CRNA.OL,2026-08-04 11:06,2026-08-04,intraday,30,11:35,0.04613856843711576,1,mid,Circio nominates RNA and gene therapy US industry veteran Dr. Dinah Sah to its Board of Directors,0.011783210566371733,-0.05988082466221651,0.0190139480764323,0.05792177900348742
CRNA.OL,2026-08-04 11:06,2026-08-04,intraday,60,12:05,0.03746714498984736,1,mid,Circio nominates RNA and gene therapy US industry veteran Dr. Dinah Sah to its Board of Directors,0.02045463401364018,-0.05120940121494808,0.027685371523700708,0.05792177900348742
SBNOR.OL,2026-08-04 08:15,2026-08-04,pre-open,5,09:00,-0.003593337340176824,-1,small,PÅMINNELSE OG PROGRAM: Invitasjon til Sparebanken Norges kapitalmarkedsdag og presentasjon av result,-0.007090070946441037,-0.00570463017791178,0.04089964100855191,-0.003496733606264353
SBNOR.OL,2026-08-04 08:15,2026-08-04,pre-open,10,09:05,-0.004344652249735985,-1,small,PÅMINNELSE OG PROGRAM: Invitasjon til Sparebanken Norges kapitalmarkedsdag og presentasjon av result,-0.007841385856000327,-0.006455945087471044,0.04014832609899273,-0.003496733606264353
SBNOR.OL,2026-08-04 08:15,2026-08-04,pre-open,15,09:10,-0.004072698905967661,-1,small,PÅMINNELSE OG PROGRAM: Invitasjon til Sparebanken Norges kapitalmarkedsdag og presentasjon av result,-0.0075694325122320025,-0.006183991743702719,0.04042027944276105,-0.003496733606264353
SBNOR.OL,2026-08-04 08:15,2026-08-04,pre-open,30,09:25,-0.005397110090304645,-1,small,PÅMINNELSE OG PROGRAM: Invitasjon til Sparebanken Norges kapitalmarkedsdag og presentasjon av result,-0.008893843696568813,-0.007508402928039631,0.03909586825842418,-0.003496733606264353
SBNOR.OL,2026-08-04 08:15,2026-08-04,pre-open,60,09:55,-0.0057271770252328566,-1,small,PÅMINNELSE OG PROGRAM: Invitasjon til Sparebanken Norges kapitalmarkedsdag og presentasjon av result,-0.009223910631497198,-0.007838469862967915,0.03876580132349586,-0.003496733606264353
REACH.OL,2026-08-04 08:01,2026-08-04,pre-open,5,09:00,0.019392535503551547,1,small,MoA Signed for Sale of Viking Reach and Onboard WROV ,0.009590271814935297,0.025357934666472254,0.006473234134933836,0.028982807318486938
REACH.OL,2026-08-04 08:01,2026-08-04,pre-open,10,09:05,0.02066378735896313,1,small,MoA Signed for Sale of Viking Reach and Onboard WROV ,0.008319019959523619,0.024086682811060713,0.0052019822795222395,0.028982807318486938
REACH.OL,2026-08-04 08:01,2026-08-04,pre-open,15,09:10,0.05118376482519537,1,small,MoA Signed for Sale of Viking Reach and Onboard WROV ,-0.02220095750670854,-0.006433294655171569,-0.025317995186710032,0.028982807318486938
REACH.OL,2026-08-04 08:01,2026-08-04,pre-open,30,09:25,0.019819108589423647,1,small,MoA Signed for Sale of Viking Reach and Onboard WROV ,0.009163698729063197,0.024931361580600154,0.006046661049061736,0.028982807318486938
REACH.OL,2026-08-04 08:01,2026-08-04,pre-open,60,09:55,0.02692947609984747,1,small,MoA Signed for Sale of Viking Reach and Onboard WROV ,0.0020533312186393786,0.017820994070176382,-0.001063706461361967,0.028982807318486938
AKVA.OL,2026-08-03 19:13,2026-08-04,after-close,5,09:00,-0.03191388178377338,-1,small,AKVA group ASA: Approval of intragroup merger with Submerged AS,0.005551938429702114,0.01601544861949325,0.03319015794271041,0.0374658202134755
AKVA.OL,2026-08-03 19:13,2026-08-04,after-close,10,09:05,-0.03256390410791348,-1,small,AKVA group ASA: Approval of intragroup merger with Submerged AS,0.004901916105562011,0.015365426295353146,0.032540135618570304,0.0374658202134755
AKVA.OL,2026-08-03 19:13,2026-08-04,after-close,15,09:10,-0.03229195076414516,-1,small,AKVA group ASA: Approval of intragroup merger with Submerged AS,0.005173869449330335,0.01563737963912147,0.03281208896233863,0.0374658202134755
AKVA.OL,2026-08-03 19:13,2026-08-04,after-close,30,09:25,-0.03148730869790128,-1,small,AKVA group ASA: Approval of intragroup merger with Submerged AS,0.005978511515574215,0.01644202170536535,0.03361673102858251,0.0374658202134755
AKVA.OL,2026-08-03 19:13,2026-08-04,after-close,60,09:55,-0.03394642888341035,-1,small,AKVA group ASA: Approval of intragroup merger with Submerged AS,0.0035193913300651395,0.013982901519856275,0.031157610843073436,0.0374658202134755
COSH.OL,2026-08-03 17:33,2026-08-04,after-close,5,09:00,-0.00659607379948348,-1,small,COSH Successfully Settles USD 650 Million Senior Secured Bond,0.016375216843306575,0.012023641247957012,0.047515111561721536,0.022971290642790056
COSH.OL,2026-08-03 17:33,2026-08-04,after-close,10,09:05,-0.007246096123623584,-1,small,COSH Successfully Settles USD 650 Million Senior Secured Bond,0.01572519451916647,0.011373618923816909,0.04686508923758143,0.022971290642790056
COSH.OL,2026-08-03 17:33,2026-08-04,after-close,15,09:10,-0.006974142779855259,-1,small,COSH Successfully Settles USD 650 Million Senior Secured Bond,0.015997147862934796,0.011645572267585233,0.04713704258134976,0.022971290642790056
COSH.OL,2026-08-03 17:33,2026-08-04,after-close,30,09:25,-0.00616950071361138,-1,small,COSH Successfully Settles USD 650 Million Senior Secured Bond,0.016801789929178676,0.012450214333829113,0.04794168464759364,0.022971290642790056
COSH.OL,2026-08-03 17:33,2026-08-04,after-close,60,09:55,-0.015848868872607474,-1,small,COSH Successfully Settles USD 650 Million Senior Secured Bond,0.0071224217701825465,0.002770846174832982,0.03826231648859747,0.022971290642790056
PEXIP.OL,2026-08-03 11:06,2026-08-03,intraday,5,11:10,-0.004145920241255178,-1,small,Pexip Q2 2026 results presentation on August 13,0.0011016310736968124,-0.0036224492755310943,-0.027939297449127397,0.005247551314951992
PEXIP.OL,2026-08-03 11:06,2026-08-03,intraday,10,11:15,-0.0033531568784381156,-1,small,Pexip Q2 2026 results presentation on August 13,0.0018943944365138754,-0.0028296859127140313,-0.027146534086310334,0.005247551314951992
PEXIP.OL,2026-08-03 11:06,2026-08-03,intraday,15,11:20,-0.003639293969407416,-1,small,Pexip Q2 2026 results presentation on August 13,0.001608257345544575,-0.0031158230036833316,-0.027432671177279634,0.005247551314951992
PEXIP.OL,2026-08-03 11:06,2026-08-03,intraday,30,11:35,-0.004223878485363012,-1,small,Pexip Q2 2026 results presentation on August 13,0.0010236728295889782,-0.0037004075196389284,-0.02801725569323523,0.005247551314951992
PEXIP.OL,2026-08-03 11:06,2026-08-03,intraday,60,12:05,-0.003198999695010882,-1,small,Pexip Q2 2026 results presentation on August 13,0.002048551619941109,-0.0026755287292867976,-0.0269923769028831,0.005247551314951992
HSHP.OL,2026-08-03 08:30,2026-08-03,pre-open,5,09:00,0.013358112044661868,1,small,Himalaya Shipping Ltd. (HSHP)   Conversions to fixed rate time charters for two vessels,0.0037836102526234566,0.0025943563443298606,-0.02489191072001376,0.017141722297285382
HSHP.OL,2026-08-03 08:30,2026-08-03,pre-open,10,09:05,0.013889777696413181,1,small,Himalaya Shipping Ltd. (HSHP)   Conversions to fixed rate time charters for two vessels,0.0032519446008721434,0.0020626906925785473,-0.025423576371765073,0.017141722297285382
HSHP.OL,2026-08-03 08:30,2026-08-03,pre-open,15,09:10,0.009100217560518785,1,small,Himalaya Shipping Ltd. (HSHP)   Conversions to fixed rate time charters for two vessels,0.008041504736766455,0.006852250828472677,-0.02063401623587089,0.017141722297285382
HSHP.OL,2026-08-03 08:30,2026-08-03,pre-open,30,09:25,0.023696502153554715,1,small,Himalaya Shipping Ltd. (HSHP)   Conversions to fixed rate time charters for two vessels,-0.0065547798562695285,-0.007744033764563167,-0.03523030082890683,0.017141722297285382
HSHP.OL,2026-08-03 08:30,2026-08-03,pre-open,60,09:55,0.02347386934423066,1,small,Himalaya Shipping Ltd. (HSHP)   Conversions to fixed rate time charters for two vessels,-0.006332147046945426,-0.007521400955239153,-0.03500766801958264,0.017141722297285382
CMBTO.OL,2026-08-03 08:00,2026-08-03,pre-open,5,09:00,0.0025909093614529255,1,mid,CMB.TECH fleet update,0.000951476229633659,-0.012023925279399973,-0.01741482533690467,0.0035423855910865845
CMBTO.OL,2026-08-03 08:00,2026-08-03,pre-open,10,09:05,-0.0020721625969283616,-1,mid,CMB.TECH fleet update,-0.005614548188014733,0.007360853321018671,0.012751753378523398,-0.0035423855910865845
CMBTO.OL,2026-08-03 08:00,2026-08-03,pre-open,15,09:10,0.001108077718889162,1,mid,CMB.TECH fleet update,0.0024343078721973423,-0.010541093636836264,-0.015931993694340955,0.0035423855910865845
CMBTO.OL,2026-08-03 08:00,2026-08-03,pre-open,30,09:25,0.011262496943098341,1,mid,CMB.TECH fleet update,-0.007720111352011917,-0.020695512861045377,-0.02608641291855002,0.0035423855910865845
CMBTO.OL,2026-08-03 08:00,2026-08-03,pre-open,60,09:55,0.00715065072654964,1,mid,CMB.TECH fleet update,-0.003608265135463128,-0.016583666644496623,-0.02197456670200129,0.0035423855910865845
ODL.OL,2026-08-03 07:00,2026-08-03,pre-open,5,09:00,-0.0018095546805985624,-1,mid,Odfjell Drilling Ltd – Deepsea Atlantic Returns to Operations,-0.006748508712286801,0.0032422764722912206,0.04488174800222611,-0.0049389540316881414
ODL.OL,2026-08-03 07:00,2026-08-03,pre-open,10,09:05,0.0020242940136358653,1,mid,Odfjell Drilling Ltd – Deepsea Atlantic Returns to Operations,0.002914660018052316,-0.007076125166525716,-0.04871559669646052,0.0049389540316881414
ODL.OL,2026-08-03 07:00,2026-08-03,pre-open,15,09:10,0.004799149467003456,1,mid,Odfjell Drilling Ltd – Deepsea Atlantic Returns to Operations,0.0001398045646848079,-0.00985098061989332,-0.05149045214982806,0.0049389540316881414
ODL.OL,2026-08-03 07:00,2026-08-03,pre-open,30,09:25,0.006426555259293964,1,mid,Odfjell Drilling Ltd – Deepsea Atlantic Returns to Operations,-0.0014876012276058821,-0.011478386412183923,-0.053117857942118665,0.0049389540316881414
ODL.OL,2026-08-03 07:00,2026-08-03,pre-open,60,09:55,0.015739935474254858,1,mid,Odfjell Drilling Ltd – Deepsea Atlantic Returns to Operations,-0.010800981442566733,-0.020791766627144735,-0.062431238157079516,0.0049389540316881414
ENVIP.OL,2026-08-07 14:42,2026-08-07,intraday,5,14:45,0.00048193452816681914,1,small,Second Quarter 2026 Results Release and Earnings Call,-3.9978760452118785e-05,-0.013851817712495964,-0.06713418550539332,0.00044195576771470036
ENVIP.OL,2026-08-07 14:42,2026-08-07,intraday,10,14:50,0.003979033304747454,1,small,Second Quarter 2026 Results Release and Earnings Call,-0.003537077537032812,-0.017348916489076605,-0.07063128428197407,0.00044195576771470036
ENVIP.OL,2026-08-07 14:42,2026-08-07,intraday,15,14:55,0.0035901426283476675,1,small,Second Quarter 2026 Results Release and Earnings Call,-0.0031481868606330256,-0.01696002581267682,-0.0702423936055743,0.00044195576771470036
ENVIP.OL,2026-08-07 14:42,2026-08-07,intraday,30,15:10,0.0049909587915011435,1,small,Second Quarter 2026 Results Release and Earnings Call,-0.004549003023786502,-0.018360841975830294,-0.07164320976872776,0.00044195576771470036
ENVIP.OL,2026-08-07 14:42,2026-08-07,intraday,60,15:40,0.008644213804908155,1,small,Second Quarter 2026 Results Release and Earnings Call,-0.00820225803719352,-0.02201409698923734,-0.0752964647821348,0.00044195576771470036
POL.OL,2026-08-07 11:50,2026-08-07,intraday,5,11:55,-0.003518144658101352,-1,small,Polaris Media ASA (POL): Invitasjon til resultatpresentasjon 2. kvartal 2026,0.002342867445385921,0.028138905627954795,0.02767039039308063,0.005861012103487273
POL.OL,2026-08-07 11:50,2026-08-07,intraday,10,12:00,-0.003265174303962906,-1,small,Polaris Media ASA (POL): Invitasjon til resultatpresentasjon 2. kvartal 2026,0.002595837799524367,0.02839187598209324,0.027923360747219076,0.005861012103487273
POL.OL,2026-08-07 11:50,2026-08-07,intraday,15,12:05,-0.004452856257855575,-1,small,Polaris Media ASA (POL): Invitasjon til resultatpresentasjon 2. kvartal 2026,0.0014081558456316978,0.02720419402820057,0.026735678793326407,0.005861012103487273
POL.OL,2026-08-07 11:50,2026-08-07,intraday,30,12:20,-0.005404676051520271,-1,small,Polaris Media ASA (POL): Invitasjon til resultatpresentasjon 2. kvartal 2026,0.0004563360519670018,0.026252374234535875,0.02578385899966171,0.005861012103487273
POL.OL,2026-08-07 11:50,2026-08-07,intraday,60,12:50,-0.00649747475644219,-1,small,Polaris Media ASA (POL): Invitasjon til resultatpresentasjon 2. kvartal 2026,-0.0006364626529549167,0.025159575529613957,0.024691060294739792,0.005861012103487273
DNO.OL,2026-08-07 08:19,2026-08-07,pre-open,5,09:00,0.012961514672073217,1,mid,Statement Regarding Possible Offer for Genel Energy plc        ,-0.022177487004130747,-0.007379135741461621,0.02388836656190621,-0.00921597233205753
DNO.OL,2026-08-07 08:19,2026-08-07,pre-open,10,09:05,0.011322163219199682,1,mid,Statement Regarding Possible Offer for Genel Energy plc        ,-0.02053813555125716,-0.005739784288588073,0.02552771801477985,-0.00921597233205753
DNO.OL,2026-08-07 08:19,2026-08-07,pre-open,15,09:10,0.014382946218604246,1,mid,Statement Regarding Possible Offer for Genel Energy plc        ,-0.02359891855066188,-0.008800567287992642,0.02246693501537514,-0.00921597233205753
DNO.OL,2026-08-07 08:19,2026-08-07,pre-open,30,09:25,0.014759091828748128,1,mid,Statement Regarding Possible Offer for Genel Energy plc        ,-0.023975064160805606,-0.009176712898136518,0.022090789405231404,-0.00921597233205753
DNO.OL,2026-08-07 08:19,2026-08-07,pre-open,60,09:55,0.010160487090754095,1,mid,Statement Regarding Possible Offer for Genel Energy plc        ,-0.019376459422811628,-0.004578108160142614,0.026689394143225215,-0.00921597233205753
NONG.OL,2026-08-06 12:16,2026-08-06,intraday,5,12:20,-0.0005399138041355667,-1,small,"SpareBank 1 Nord-Norge, påminnelse: Felles resultatpresentasjon 2. kvartal 2026",0.0039805170954207506,0.015648012059377926,0.014683990810777172,0.004520430899556317
NONG.OL,2026-08-06 12:16,2026-08-06,intraday,10,12:25,-0.0010279533962371536,-1,small,"SpareBank 1 Nord-Norge, påminnelse: Felles resultatpresentasjon 2. kvartal 2026",0.0034924775033192365,0.015159972467276395,0.014195951218675649,0.004520430899556317
NONG.OL,2026-08-06 12:16,2026-08-06,intraday,15,12:30,0.0001467266479226523,1,small,"SpareBank 1 Nord-Norge, påminnelse: Felles resultatpresentasjon 2. kvartal 2026",-0.004667157547478923,-0.016334652511436107,-0.015370631262835346,-0.004520430899556317
NONG.OL,2026-08-06 12:16,2026-08-06,intraday,30,12:45,0.001039729481296754,1,small,"SpareBank 1 Nord-Norge, påminnelse: Felles resultatpresentasjon 2. kvartal 2026",-0.005560160380853129,-0.01722765534481038,-0.016263634096209626,-0.004520430899556317
NONG.OL,2026-08-06 12:16,2026-08-06,intraday,60,13:15,-0.00020653499951354178,-1,small,"SpareBank 1 Nord-Norge, påminnelse: Felles resultatpresentasjon 2. kvartal 2026",0.004313895900042741,0.015981390863999932,0.015017369615399009,0.004520430899556317
HELG.OL,2026-08-06 10:35,2026-08-06,intraday,5,10:40,-0.0004109670188333775,-1,small,Vellykket utstedelse senior MREL tellende obligasjonslån,0.03061416080680867,0.01866532212338011,0.04786874069720865,0.031025127825642047
HELG.OL,2026-08-06 10:35,2026-08-06,intraday,10,10:45,-0.000639846433980712,-1,small,Vellykket utstedelse senior MREL tellende obligasjonslån,0.030385281391661335,0.018436442708232775,0.04763986128206132,0.031025127825642047
HELG.OL,2026-08-06 10:35,2026-08-06,intraday,15,10:50,-0.0009400869574326676,-1,small,Vellykket utstedelse senior MREL tellende obligasjonslån,0.03008504086820938,0.01813620218478082,0.04733962075860936,0.031025127825642047
HELG.OL,2026-08-06 10:35,2026-08-06,intraday,30,11:05,-0.0027905501161051144,-1,small,Vellykket utstedelse senior MREL tellende obligasjonslån,0.028234577709536933,0.016285739026108373,0.045489157599936915,0.031025127825642047
HELG.OL,2026-08-06 10:35,2026-08-06,intraday,60,11:35,-0.003229021749631994,-1,small,Vellykket utstedelse senior MREL tellende obligasjonslån,0.027796106076010053,0.015847267392581493,0.045050685966410035,0.031025127825642047
VEI.OL,2026-08-06 10:34,2026-08-06,intraday,5,10:35,0.00042944115886612167,1,small,Veidekke: Invitasjon til presentasjon av resultat for andre kvartal 14. august 2026,-0.003269515909375258,-0.01069076571225139,-0.03850284160276191,-0.0028400747505090288
VEI.OL,2026-08-06 10:34,2026-08-06,intraday,10,10:40,0.0007415193270170943,1,small,Veidekke: Invitasjon til presentasjon av resultat for andre kvartal 14. august 2026,-0.0035815940775262307,-0.011002843880402362,-0.038814919770912885,-0.0028400747505090288
VEI.OL,2026-08-06 10:34,2026-08-06,intraday,15,10:45,0.0005126399118697599,1,small,Veidekke: Invitasjon til presentasjon av resultat for andre kvartal 14. august 2026,-0.0033527146623788962,-0.010773964465255028,-0.03858604035576555,-0.0028400747505090288
VEI.OL,2026-08-06 10:34,2026-08-06,intraday,30,11:00,-0.0013361027469480464,-1,small,Veidekke: Invitasjon til presentasjon av resultat for andre kvartal 14. august 2026,0.00150397200356109,0.008925221806437221,0.036737297696947745,0.0028400747505090288
VEI.OL,2026-08-06 10:34,2026-08-06,intraday,60,11:30,0.002051457240276772,1,small,Veidekke: Invitasjon til presentasjon av resultat for andre kvartal 14. august 2026,-0.004891531990785801,-0.012312781793661933,-0.040124857684172566,-0.0028400747505090288
KCC.OL,2026-08-06 08:30,2026-08-06,pre-open,5,09:00,-0.003009284423402731,-1,small,KCC: Klaveness Combination Carriers ASA takes delivery of final third-generation CABU vessel,0.016336773444776548,0.019958112513216962,0.021458266229372667,0.019346057868179355
KCC.OL,2026-08-06 08:30,2026-08-06,pre-open,10,09:05,-0.0037387994947837015,-1,small,KCC: Klaveness Combination Carriers ASA takes delivery of final third-generation CABU vessel,0.015607258373395577,0.01922859744183599,0.020728751157991696,0.019346057868179355
KCC.OL,2026-08-06 08:30,2026-08-06,pre-open,15,09:10,-0.001112895846809028,-1,small,KCC: Klaveness Combination Carriers ASA takes delivery of final third-generation CABU vessel,0.01823316202137038,0.021854501089810706,0.0233546548059665,0.019346057868179355
KCC.OL,2026-08-06 08:30,2026-08-06,pre-open,30,09:25,-0.000696464017211186,-1,small,KCC: Klaveness Combination Carriers ASA takes delivery of final third-generation CABU vessel,0.018649593850968198,0.02227093291940855,0.023771086635564227,0.019346057868179355
KCC.OL,2026-08-06 08:30,2026-08-06,pre-open,60,09:55,-0.0067417167116267844,-1,small,KCC: Klaveness Combination Carriers ASA takes delivery of final third-generation CABU vessel,0.012604341156552554,0.016225680224992958,0.01772583394114866,0.019346057868179355
AGLX.OL,2026-08-06 08:13,2026-08-06,pre-open,5,09:00,0.015649185790652737,1,small,Agilyx ASA – Termination of Dallas-Fort Worth Lease,-0.04412915807729672,-0.04351825669203346,-0.11353685510066865,-0.02847997228664397
AGLX.OL,2026-08-06 08:13,2026-08-06,pre-open,10,09:05,0.014919670719271767,1,small,Agilyx ASA – Termination of Dallas-Fort Worth Lease,-0.04339964300591575,-0.042788741620652486,-0.11280734002928768,-0.02847997228664397
AGLX.OL,2026-08-06 08:13,2026-08-06,pre-open,15,09:10,-0.01605813184614098,-1,small,Agilyx ASA – Termination of Dallas-Fort Worth Lease,0.01242184044050304,0.011810939055239635,0.0818295374638749,0.02847997228664397
AGLX.OL,2026-08-06 08:13,2026-08-06,pre-open,30,09:25,-0.016651275820530026,-1,small,Agilyx ASA – Termination of Dallas-Fort Worth Lease,0.011828696466113994,0.01121779508085059,0.08123639348948586,0.02847997228664397
AGLX.OL,2026-08-06 08:13,2026-08-06,pre-open,60,09:55,-0.017638348709513155,-1,small,Agilyx ASA – Termination of Dallas-Fort Worth Lease,0.010841623577130866,0.01023072219186746,0.08024932060050273,0.02847997228664397
NAS.OL,2026-08-06 08:00,2026-08-06,pre-open,5,09:00,0.014989889779885024,1,mid,Norwegian Air Shuttle ASA (NAS) - Traffic Figures for July 2026,-0.01200502888979214,-0.022403576167251353,-0.05913558796820731,0.002984860890092816
NAS.OL,2026-08-06 08:00,2026-08-06,pre-open,10,09:05,0.012779955679810488,1,mid,Norwegian Air Shuttle ASA (NAS) - Traffic Figures for July 2026,-0.00979509478971765,-0.020193642067177033,-0.05692565386813284,0.002984860890092816
NAS.OL,2026-08-06 08:00,2026-08-06,pre-open,15,09:10,0.008929263264392636,1,mid,Norwegian Air Shuttle ASA (NAS) - Traffic Figures for July 2026,-0.00594440237429982,-0.016342949651759055,-0.05307496145271485,0.002984860890092816
NAS.OL,2026-08-06 08:00,2026-08-06,pre-open,30,09:25,0.010936960520983358,1,mid,Norwegian Air Shuttle ASA (NAS) - Traffic Figures for July 2026,-0.007952099630890396,-0.018350646908349717,-0.0550826587093056,0.002984860890092816
NAS.OL,2026-08-06 08:00,2026-08-06,pre-open,60,09:55,0.006232397129864823,1,mid,Norwegian Air Shuttle ASA (NAS) - Traffic Figures for July 2026,-0.003247536239772083,-0.013646083517231369,-0.0503780953181872,0.002984860890092816
CAPT.OL,2026-08-06 07:58,2026-08-06,pre-open,5,09:00,-0.00247808218041153,-1,small,CAPITAL TANKERS CORP. ANNOUNCES THE SUCCESSFUL DELIVERY OF ONE DUAL FUEL LR2 TANKER INCREASING ITS S,-0.025129181670165673,-0.00791055827959215,-0.022315284503562946,-0.022651099489754134
CAPT.OL,2026-08-06 07:58,2026-08-06,pre-open,10,09:05,0.005430394801062525,1,small,CAPITAL TANKERS CORP. ANNOUNCES THE SUCCESSFUL DELIVERY OF ONE DUAL FUEL LR2 TANKER INCREASING ITS S,0.017220704688691774,2.08129811813014e-06,0.014406807522089046,0.022651099489754134
CAPT.OL,2026-08-06 07:58,2026-08-06,pre-open,15,09:10,0.007415349460079901,1,small,CAPITAL TANKERS CORP. ANNOUNCES THE SUCCESSFUL DELIVERY OF ONE DUAL FUEL LR2 TANKER INCREASING ITS S,0.015235750029674398,-0.001982873360899376,0.012421852863071625,0.022651099489754134
CAPT.OL,2026-08-06 07:58,2026-08-06,pre-open,30,09:25,0.014461662399859156,1,small,CAPITAL TANKERS CORP. ANNOUNCES THE SUCCESSFUL DELIVERY OF ONE DUAL FUEL LR2 TANKER INCREASING ITS S,0.008189437089895087,-0.00902918630067872,0.005375539923292184,0.022651099489754134
CAPT.OL,2026-08-06 07:58,2026-08-06,pre-open,60,09:55,0.01088374489345136,1,small,CAPITAL TANKERS CORP. ANNOUNCES THE SUCCESSFUL DELIVERY OF ONE DUAL FUEL LR2 TANKER INCREASING ITS S,0.011767354596302841,-0.005451268794270663,0.008953457429700155,0.022651099489754134
SBO.OL,2026-08-06 07:01,2026-08-06,pre-open,5,09:00,0.015583555872877505,1,small,Selvaag Bolig ASA: Q2 2026: Record-high sales and strong profitability,-0.013067983069987,-0.02186915857301181,-0.07520806534328997,0.0025155728028904856
SBO.OL,2026-08-06 07:01,2026-08-06,pre-open,10,09:05,0.011917225875369817,1,small,Selvaag Bolig ASA: Q2 2026: Record-high sales and strong profitability,-0.009401653072479327,-0.018202828575504062,-0.07154173534578231,0.0025155728028904856
SBO.OL,2026-08-06 07:01,2026-08-06,pre-open,15,09:10,0.006621170331451494,1,small,Selvaag Bolig ASA: Q2 2026: Record-high sales and strong profitability,-0.0041055975285609865,-0.012906773031585893,-0.06624567980186401,0.0025155728028904856
SBO.OL,2026-08-06 07:01,2026-08-06,pre-open,30,09:25,0.011927771056424183,1,small,Selvaag Bolig ASA: Q2 2026: Record-high sales and strong profitability,-0.009412198253533694,-0.01821337375655843,-0.07155228052683668,0.0025155728028904856
SBO.OL,2026-08-06 07:01,2026-08-06,pre-open,60,09:55,0.0005932749875994514,1,small,Selvaag Bolig ASA: Q2 2026: Record-high sales and strong profitability,0.0019222978152908712,-0.006878877687733809,-0.06021778445801205,0.0025155728028904856
SBO.OL,2026-08-06 07:00,2026-08-06,pre-open,5,09:00,0.015583555872877505,1,small,Selvaag Bolig ASA: Q2 2026: Rekordsalg og god lønnsomhet,-0.013067983069987,-0.02186915857301181,-0.07520806534328997,0.0025155728028904856
SBO.OL,2026-08-06 07:00,2026-08-06,pre-open,10,09:05,0.011917225875369817,1,small,Selvaag Bolig ASA: Q2 2026: Rekordsalg og god lønnsomhet,-0.009401653072479327,-0.018202828575504062,-0.07154173534578231,0.0025155728028904856
SBO.OL,2026-08-06 07:00,2026-08-06,pre-open,15,09:10,0.006621170331451494,1,small,Selvaag Bolig ASA: Q2 2026: Rekordsalg og god lønnsomhet,-0.0041055975285609865,-0.012906773031585893,-0.06624567980186401,0.0025155728028904856
SBO.OL,2026-08-06 07:00,2026-08-06,pre-open,30,09:25,0.011927771056424183,1,small,Selvaag Bolig ASA: Q2 2026: Rekordsalg og god lønnsomhet,-0.009412198253533694,-0.01821337375655843,-0.07155228052683668,0.0025155728028904856
SBO.OL,2026-08-06 07:00,2026-08-06,pre-open,60,09:55,0.0005932749875994514,1,small,Selvaag Bolig ASA: Q2 2026: Rekordsalg og god lønnsomhet,0.0019222978152908712,-0.006878877687733809,-0.06021778445801205,0.0025155728028904856
HEX.OL,2026-08-06 07:00,2026-08-06,pre-open,5,09:00,0.11371434067209585,1,small,Hexagon Composites ASA: Second quarter and half year 2026,0.009343566171862001,-0.023340624210106336,-0.010691322376329832,0.12305790684395773
HEX.OL,2026-08-06 07:00,2026-08-06,pre-open,10,09:05,0.11298482560071488,1,small,Hexagon Composites ASA: Second quarter and half year 2026,0.010073081243242972,-0.022611109138725365,-0.009961807304948861,0.12305790684395773
HEX.OL,2026-08-06 07:00,2026-08-06,pre-open,15,09:10,0.09972470020923502,1,small,Hexagon Composites ASA: Second quarter and half year 2026,0.023333206634722756,-0.009350983747245422,0.0032983180865308256,0.12305790684395773
HEX.OL,2026-08-06 07:00,2026-08-06,pre-open,30,09:25,0.09692488130968258,1,small,Hexagon Composites ASA: Second quarter and half year 2026,0.026133025534275246,-0.006551164847693191,0.006098136986083219,0.12305790684395773
HEX.OL,2026-08-06 07:00,2026-08-06,pre-open,60,09:55,0.09002937735264399,1,small,Hexagon Composites ASA: Second quarter and half year 2026,0.033028529491313845,0.0003443391093455282,0.012993640943121817,0.12305790684395773
PEN.OL,2026-08-06 07:00,2026-08-06,pre-open,5,09:00,0.01421057478858995,1,small,Panoro Energy - Trading Statement and Operations Update,-0.007185702925279647,-0.025496393992617078,-0.04891108025878552,0.007024871863310304
PEN.OL,2026-08-06 07:00,2026-08-06,pre-open,10,09:05,0.01348105971720898,1,small,Panoro Energy - Trading Statement and Operations Update,-0.006456187853898676,-0.024766878921236107,-0.04818156518740455,0.007024871863310304
PEN.OL,2026-08-06 07:00,2026-08-06,pre-open,15,09:10,0.006838312808945021,1,small,Panoro Energy - Trading Statement and Operations Update,0.00018655905436529632,-0.018124132012972187,-0.04153881827914061,0.007024871863310304
PEN.OL,2026-08-06 07:00,2026-08-06,pre-open,30,09:25,0.004425359911356671,1,small,Panoro Energy - Trading Statement and Operations Update,0.002599511951953723,-0.01571117911538375,-0.039125865381552084,0.007024871863310304
PEN.OL,2026-08-06 07:00,2026-08-06,pre-open,60,09:55,0.014307931465490701,1,small,Panoro Energy - Trading Statement and Operations Update,-0.00728305960218043,-0.025593750669517894,-0.049008436935686316,0.007024871863310304
BNOR.OL,2026-08-06 07:00,2026-08-06,pre-open,5,09:00,-0.00020177586634904715,-1,mid,BlueNord: Preliminary Production Figures for July 2026,0.011122715884619178,0.020518299991213015,0.024025280813207615,0.011324491750968266
BNOR.OL,2026-08-06 07:00,2026-08-06,pre-open,10,09:05,-0.0009312909377300178,-1,mid,BlueNord: Preliminary Production Figures for July 2026,0.010393200813238208,0.019788784919832044,0.023295765741826645,0.011324491750968266
BNOR.OL,2026-08-06 07:00,2026-08-06,pre-open,15,09:10,-0.00032760178228660513,-1,mid,BlueNord: Preliminary Production Figures for July 2026,0.01099688996868162,0.020392474075275457,0.023899454897270057,0.011324491750968266
BNOR.OL,2026-08-06 07:00,2026-08-06,pre-open,30,09:25,-0.002887314728716499,-1,mid,BlueNord: Preliminary Production Figures for July 2026,0.008437177022251767,0.017832761128845513,0.02133974195084018,0.011324491750968266
BNOR.OL,2026-08-06 07:00,2026-08-06,pre-open,60,09:55,5.4890522189929465e-05,1,mid,BlueNord: Preliminary Production Figures for July 2026,-0.011379382273158184,-0.02077496637975193,-0.024281947201746642,-0.011324491750968266
CRNA.OL,2026-08-06 07:00,2026-08-06,pre-open,5,09:00,0.008707914247313655,1,mid,Circio selected to deliver oral presentation at the prestigious ESGCT annual meeting,0.03632496991137747,0.04034553647577975,0.0505170574468138,0.04503288415869114
CRNA.OL,2026-08-06 07:00,2026-08-06,pre-open,10,09:05,0.004366145568236189,1,mid,Circio selected to deliver oral presentation at the prestigious ESGCT annual meeting,0.04066673859045495,0.044687305154857165,0.0548588261258912,0.04503288415869114
CRNA.OL,2026-08-06 07:00,2026-08-06,pre-open,15,09:10,0.01218145472580125,1,mid,Circio selected to deliver oral presentation at the prestigious ESGCT annual meeting,0.032851429432889906,0.0368719959972923,0.047043516968326246,0.04503288415869114
CRNA.OL,2026-08-06 07:00,2026-08-06,pre-open,30,09:25,0.004376690749290556,1,mid,Circio selected to deliver oral presentation at the prestigious ESGCT annual meeting,0.04065619340940058,0.0446767599738028,0.05484828094483683,0.04503288415869114
CRNA.OL,2026-08-06 07:00,2026-08-06,pre-open,60,09:55,0.00940288798123424,1,mid,Circio selected to deliver oral presentation at the prestigious ESGCT annual meeting,0.03562999617745702,0.03965056274185933,0.04982208371289333,0.04503288415869114
NOD.OL,2026-08-06 07:00,2026-08-06,pre-open,5,09:00,0.01597000074898522,1,mid,NOD: Second quarter results 2026,-0.017423654409405208,-0.023030552008930966,-0.024489406242724877,-0.0014536536604199263
NOD.OL,2026-08-06 07:00,2026-08-06,pre-open,10,09:05,0.02537477334862612,1,mid,NOD: Second quarter results 2026,-0.026828427009046113,-0.03243532460857193,-0.0338941788423657,-0.0014536536604199263
NOD.OL,2026-08-06 07:00,2026-08-06,pre-open,15,09:10,0.0236031101303767,1,mid,NOD: Second quarter results 2026,-0.025056763790796823,-0.030663661390322627,-0.032122515624116395,-0.0014536536604199263
NOD.OL,2026-08-06 07:00,2026-08-06,pre-open,30,09:25,0.031298996106277885,1,mid,NOD: Second quarter results 2026,-0.03275264976669792,-0.038359547366223684,-0.03981840160001755,-0.0014536536604199263
NOD.OL,2026-08-06 07:00,2026-08-06,pre-open,60,09:55,0.030901318128711434,1,mid,NOD: Second quarter results 2026,-0.032354971789131416,-0.03796186938865722,-0.03942072362245097,-0.0014536536604199263
AKAST.OL,2026-08-05 22:30,2026-08-06,after-close,5,09:00,-0.0006286633859495518,-1,small,Akastor ASA: HMH Holding Inc releases second quarter results,0.013358556127256501,0.022329028393363155,-0.01913245632454974,0.013987219513206143
AKAST.OL,2026-08-05 22:30,2026-08-06,after-close,10,09:05,-0.0013581784573305224,-1,small,Akastor ASA: HMH Holding Inc releases second quarter results,0.01262904105587553,0.021599513321982185,-0.01986197139593071,0.013987219513206143
AKAST.OL,2026-08-05 22:30,2026-08-06,after-close,15,09:10,-0.005380590118544701,-1,small,Akastor ASA: HMH Holding Inc releases second quarter results,0.008606629394661391,0.01757710166076808,-0.023884383057144812,0.013987219513206143
AKAST.OL,2026-08-05 22:30,2026-08-06,after-close,30,09:25,-0.005973734092933747,-1,small,Akastor ASA: HMH Holding Inc releases second quarter results,0.008013485420272345,0.016983957686379034,-0.024477527031533858,0.013987219513206143
AKAST.OL,2026-08-05 22:30,2026-08-06,after-close,60,09:55,-0.006960806981916876,-1,small,Akastor ASA: HMH Holding Inc releases second quarter results,0.007026412531289217,0.015996884797395906,-0.025464599920516987,0.013987219513206143
TRMED.OL,2026-08-05 07:00,2026-08-05,pre-open,5,09:00,0.04895545706892805,1,small,Thor Medical ASA: First Customer Delivery Completed from AlphaOne,0.014020905523082865,-0.055846547123973474,0.10571703804674293,0.06297636259201078
TRMED.OL,2026-08-05 07:00,2026-08-05,pre-open,10,09:05,0.06716195942058477,1,small,Thor Medical ASA: First Customer Delivery Completed from AlphaOne,-0.00418559682857393,-0.07405304947563031,0.08751053569508609,0.06297636259201078
TRMED.OL,2026-08-05 07:00,2026-08-05,pre-open,15,09:10,0.06480275090667509,1,small,Thor Medical ASA: First Customer Delivery Completed from AlphaOne,-0.0018263883146643293,-0.07169384096172066,0.08986974420899568,0.06297636259201078
TRMED.OL,2026-08-05 07:00,2026-08-05,pre-open,30,09:25,0.04447448328688772,1,small,Thor Medical ASA: First Customer Delivery Completed from AlphaOne,0.018501879305123266,-0.05136557334193311,0.11019801182878328,0.06297636259201078
TRMED.OL,2026-08-05 07:00,2026-08-05,pre-open,60,09:55,0.03540976066440393,1,small,Thor Medical ASA: First Customer Delivery Completed from AlphaOne,0.027566601927606824,-0.04230085071944947,0.11926273445126692,0.06297636259201078
CADLR.OL,2026-08-10 08:58,2026-08-10,pre-open,5,09:00,0.003975747372637006,1,mid,Cadeler strengthens future installation capacity with firm orders for two new T-class vessels,0.003906898923801717,-0.026988747299641423,-0.061680575578267706,0.007882646296438995
CADLR.OL,2026-08-10 08:58,2026-08-10,pre-open,10,09:05,0.0005726677008496628,1,mid,Cadeler strengthens future installation capacity with firm orders for two new T-class vessels,0.0073099785955893296,-0.02358566762785401,-0.05827749590648024,0.007882646296438995
CADLR.OL,2026-08-10 08:58,2026-08-10,pre-open,15,09:10,-0.0025470708049049147,-1,mid,Cadeler strengthens future installation capacity with firm orders for two new T-class vessels,-0.010429717101343631,0.020465929122099543,0.05515775740072583,-0.007882646296438995
CADLR.OL,2026-08-10 08:58,2026-08-10,pre-open,30,09:25,0.006526230516309966,1,mid,Cadeler strengthens future installation capacity with firm orders for two new T-class vessels,0.0013564157801289767,-0.029539230443314305,-0.06423105872194054,0.007882646296438995
CADLR.OL,2026-08-10 08:58,2026-08-10,pre-open,60,09:55,0.00023542496153611432,1,mid,Cadeler strengthens future installation capacity with firm orders for two new T-class vessels,0.007647221334902645,-0.023248424888540575,-0.05794025316716683,0.007882646296438995
DOFG.OL,2026-08-10 07:58,2026-08-10,pre-open,5,09:00,0.0031931751973197173,1,mid,DOF Group ASA - Contract awards for 2x AHTS vessels in the CARICOM region,0.003221250023667849,0.015411071023778755,0.04587298422868527,0.0064144252209875074
DOFG.OL,2026-08-10 07:58,2026-08-10,pre-open,10,09:05,0.0009342306113829697,1,mid,DOF Group ASA - Contract awards for 2x AHTS vessels in the CARICOM region,0.00548019460960468,0.017670015609715647,0.048131928814622124,0.0064144252209875074
DOFG.OL,2026-08-10 07:58,2026-08-10,pre-open,15,09:10,0.0021577268686264785,1,mid,DOF Group ASA - Contract awards for 2x AHTS vessels in the CARICOM region,0.004256698352361093,0.016446519352472006,0.04690843255737845,0.0064144252209875074
DOFG.OL,2026-08-10 07:58,2026-08-10,pre-open,30,09:25,0.004066376736193672,1,mid,DOF Group ASA - Contract awards for 2x AHTS vessels in the CARICOM region,0.0023480484847940852,0.014537869484905017,0.04499978268981135,0.0064144252209875074
DOFG.OL,2026-08-10 07:58,2026-08-10,pre-open,60,09:55,0.003871772864662887,1,mid,DOF Group ASA - Contract awards for 2x AHTS vessels in the CARICOM region,0.0025426523563246792,0.014732473356435585,0.0451943865613421,0.0064144252209875074
TGS.OL,2026-08-10 07:00,2026-08-10,pre-open,5,09:00,-0.002492083199423961,-1,mid,TGS Awarded 4D Streamer Contract Offshore Australia,-0.00954023559007151,-0.041606712257466594,-0.038043440787972685,-0.007048152390647369
TGS.OL,2026-08-10 07:00,2026-08-10,pre-open,10,09:05,0.0021261353887015366,1,mid,TGS Awarded 4D Streamer Contract Offshore Australia,0.004922017001945993,0.036988493669341115,0.03342522219984714,0.007048152390647369
TGS.OL,2026-08-10 07:00,2026-08-10,pre-open,15,09:10,-0.0004369797223498827,-1,mid,TGS Awarded 4D Streamer Contract Offshore Australia,-0.007485132112997317,-0.039551608780392385,-0.03598833731089837,-0.007048152390647369
TGS.OL,2026-08-10 07:00,2026-08-10,pre-open,30,09:25,-0.0008230322278346049,-1,mid,TGS Awarded 4D Streamer Contract Offshore Australia,-0.007871184618482154,-0.03993766128587724,-0.03637438981638333,-0.007048152390647369
TGS.OL,2026-08-10 07:00,2026-08-10,pre-open,60,09:55,0.0019276338543721032,1,mid,TGS Awarded 4D Streamer Contract Offshore Australia,0.005120518536275201,0.037186995203670484,0.033623723734176394,0.007048152390647369
HUNT.OL,2026-08-10 06:52,2026-08-10,pre-open,5,09:00,-0.01910023199085563,-1,small,Hunter Group ASA - Business Update on reduced charter hire from one of the counterparties.,-0.048228852864494465,-0.05501622471922997,-0.09315272878278841,-0.029128620873638766
HUNT.OL,2026-08-10 06:52,2026-08-10,pre-open,10,09:05,-0.03193392074430589,-1,small,Hunter Group ASA - Business Update on reduced charter hire from one of the counterparties.,-0.06106254161794468,-0.06784991347268035,-0.10598641753623865,-0.029128620873638766
HUNT.OL,2026-08-10 06:52,2026-08-10,pre-open,15,09:10,-0.03984596487761661,-1,small,Hunter Group ASA - Business Update on reduced charter hire from one of the counterparties.,-0.06897458575125533,-0.07576195760599115,-0.11389846166954923,-0.029128620873638766
HUNT.OL,2026-08-10 06:52,2026-08-10,pre-open,30,09:25,-0.026843006225655785,-1,small,Hunter Group ASA - Business Update on reduced charter hire from one of the counterparties.,-0.055971627099294555,-0.06275899895403024,-0.10089550301758847,-0.029128620873638766
HUNT.OL,2026-08-10 06:52,2026-08-10,pre-open,60,09:55,-0.012583883897535276,-1,small,Hunter Group ASA - Business Update on reduced charter hire from one of the counterparties.,-0.041712504771174094,-0.048499876625909724,-0.08663638068946798,-0.029128620873638766
NAPA.OL,2026-08-13 20:38,2026-08-14,after-close,10,09:05,0.18169983883363444,1,small,Napatech Receives Follow-On Production Order for AI Infrastructure Design Win,-0.049297460219758824,-0.06073498057287156,-0.15656505007047095,0.13240237861387574
NAPA.OL,2026-08-13 20:38,2026-08-14,after-close,15,09:10,0.1925525546815448,1,small,Napatech Receives Follow-On Production Order for AI Infrastructure Design Win,-0.060150176067669155,-0.07158769642078193,-0.16741776591838126,0.13240237861387574
NAPA.OL,2026-08-13 20:38,2026-08-14,after-close,30,09:25,0.1931050076987298,1,small,Napatech Receives Follow-On Production Order for AI Infrastructure Design Win,-0.06070262908485415,-0.07214014943796693,-0.16797021893556627,0.13240237861387574
NAPA.OL,2026-08-13 20:38,2026-08-14,after-close,60,09:55,0.174475749713304,1,small,Napatech Receives Follow-On Production Order for AI Infrastructure Design Win,-0.04207337109942829,-0.05351089145254102,-0.14934096095014043,0.13240237861387574
NHY.OL,2026-08-13 20:00,2026-08-14,after-close,5,09:00,-0.006667124932179233,-1,large,Norsk Hydro: Alunorte trapper opp aluminaproduksjonen,0.0030944485508077857,-0.002063270694399776,-0.012574509494075983,0.009761573482987122
NHY.OL,2026-08-13 20:00,2026-08-14,after-close,10,09:05,-0.007330816629401622,-1,large,Norsk Hydro: Alunorte trapper opp aluminaproduksjonen,0.0024307568535855187,-0.0027269623916220563,-0.01323820119129845,0.009761573482987122
NHY.OL,2026-08-13 20:00,2026-08-14,after-close,15,09:10,-0.013232639731398543,-1,large,Norsk Hydro: Alunorte trapper opp aluminaproduksjonen,-0.0034710662484114243,-0.008628785493619057,-0.01914002429329548,0.009761573482987122
NHY.OL,2026-08-13 20:00,2026-08-14,after-close,30,09:25,-0.012680186714213545,-1,large,Norsk Hydro: Alunorte trapper opp aluminaproduksjonen,-0.0029186132312264265,-0.00807633247643406,-0.018587571276110482,0.009761573482987122
NHY.OL,2026-08-13 20:00,2026-08-14,after-close,60,09:55,-0.010285748607993462,-1,large,Norsk Hydro: Alunorte trapper opp aluminaproduksjonen,-0.0005241751250063143,-0.0056818943702140225,-0.0161931331698902,0.009761573482987122
NHY.OL,2026-08-13 20:00,2026-08-14,after-close,5,09:00,-0.006667124932179233,-1,large,Norsk Hydro: Alunorte ramps up alumina production  ,0.0030944485508077857,-0.002063270694399776,-0.012574509494075983,0.009761573482987122
NHY.OL,2026-08-13 20:00,2026-08-14,after-close,10,09:05,-0.007330816629401622,-1,large,Norsk Hydro: Alunorte ramps up alumina production  ,0.0024307568535855187,-0.0027269623916220563,-0.01323820119129845,0.009761573482987122
NHY.OL,2026-08-13 20:00,2026-08-14,after-close,15,09:10,-0.013232639731398543,-1,large,Norsk Hydro: Alunorte ramps up alumina production  ,-0.0034710662484114243,-0.008628785493619057,-0.01914002429329548,0.009761573482987122
NHY.OL,2026-08-13 20:00,2026-08-14,after-close,30,09:25,-0.012680186714213545,-1,large,Norsk Hydro: Alunorte ramps up alumina production  ,-0.0029186132312264265,-0.00807633247643406,-0.018587571276110482,0.009761573482987122
NHY.OL,2026-08-13 20:00,2026-08-14,after-close,60,09:55,-0.010285748607993462,-1,large,Norsk Hydro: Alunorte ramps up alumina production  ,-0.0005241751250063143,-0.0056818943702140225,-0.0161931331698902,0.009761573482987122
AUTO.OL,2026-08-13 18:03,2026-08-14,after-close,5,09:00,0.011342677054036989,1,mid,AutoStore Holdings Ltd. - Exercise of share options under incentive plans and sale of option shares,0.005619809700783513,0.014318084516349135,-0.07498762641931263,0.016962486754820354
AUTO.OL,2026-08-13 18:03,2026-08-14,after-close,10,09:05,0.006703503583567428,1,mid,AutoStore Holdings Ltd. - Exercise of share options under incentive plans and sale of option shares,0.010258983171252997,0.01895725798681864,-0.0703484529488431,0.016962486754820354
AUTO.OL,2026-08-13 18:03,2026-08-14,after-close,15,09:10,0.008261384610525956,1,mid,AutoStore Holdings Ltd. - Exercise of share options under incentive plans and sale of option shares,0.008701102144294367,0.017399376959860192,-0.07190633397580162,0.016962486754820354
AUTO.OL,2026-08-13 18:03,2026-08-14,after-close,30,09:25,0.012402326226384403,1,mid,AutoStore Holdings Ltd. - Exercise of share options under incentive plans and sale of option shares,0.0045601605284360785,0.013258435344001828,-0.07604727559165994,0.016962486754820354
AUTO.OL,2026-08-13 18:03,2026-08-14,after-close,60,09:55,0.02385682219169225,1,mid,AutoStore Holdings Ltd. - Exercise of share options under incentive plans and sale of option shares,-0.006894335436871777,0.001803939378693921,-0.08750177155696777,0.016962486754820354
VEI.OL,2026-08-13 15:45,2026-08-13,intraday,5,15:50,-0.0015438008013465149,-1,small,Veidekke: Building More Homes at Hinna in Stavanger,-0.0045986087336077255,-0.04945803716472318,-0.06777359031257003,-0.003054807932261211
VEI.OL,2026-08-13 15:45,2026-08-13,intraday,10,15:55,-0.002287864104356519,-1,small,Veidekke: Building More Homes at Hinna in Stavanger,-0.005342672036617695,-0.050202100467733164,-0.06851765361558015,-0.003054807932261211
VEI.OL,2026-08-13 15:45,2026-08-13,intraday,15,16:00,1.3580895103934565e-05,1,small,Veidekke: Building More Homes at Hinna in Stavanger,0.0030412270371572765,0.04790065546827273,0.06621620861611958,0.003054807932261211
VEI.OL,2026-08-13 15:45,2026-08-13,intraday,30,16:15,0.003054807932261211,1,small,Veidekke: Building More Homes at Hinna in Stavanger,0.0,0.04485942843111557,0.0631749815789624,0.003054807932261211
SBNOR.OL,2026-08-13 15:45,2026-08-13,intraday,5,15:45,0.0003507322954234278,1,small,Sparebanken Norge: Successful issuance of Senior Preferred Bonds in NOK,0.009338826574390308,-0.0008617860650046976,-0.009425441196032452,0.009689558869813888
SBNOR.OL,2026-08-13 15:45,2026-08-13,intraday,10,15:50,-5.866870304471663e-05,-1,small,Sparebanken Norge: Successful issuance of Senior Preferred Bonds in NOK,-0.009748227572858722,0.0004523850665364825,0.009016040197564225,-0.009689558869813888
SBNOR.OL,2026-08-13 15:45,2026-08-13,intraday,15,15:55,-0.0007672490452097104,-1,small,Sparebanken Norge: Successful issuance of Senior Preferred Bonds in NOK,-0.010456807915023661,-0.00025619527562837936,0.008307459855399362,-0.009689558869813888
SBNOR.OL,2026-08-13 15:45,2026-08-13,intraday,30,16:10,0.005090647404179596,1,small,Sparebanken Norge: Successful issuance of Senior Preferred Bonds in NOK,0.004598911465634309,-0.005601701173760712,-0.014165356304788513,0.009689558869813888
VEI.OL,2026-08-13 15:40,2026-08-13,intraday,5,15:45,-0.001751292879971278,-1,small,Veidekke: Bygger flere boliger på Hinna i Stavanger,-0.0048061008122324885,-0.049665529243347946,-0.0679810823911948,-0.003054807932261211
VEI.OL,2026-08-13 15:40,2026-08-13,intraday,10,15:50,-0.0015438008013465149,-1,small,Veidekke: Bygger flere boliger på Hinna i Stavanger,-0.0045986087336077255,-0.04945803716472318,-0.06777359031257003,-0.003054807932261211
VEI.OL,2026-08-13 15:40,2026-08-13,intraday,15,15:55,-0.002287864104356519,-1,small,Veidekke: Bygger flere boliger på Hinna i Stavanger,-0.005342672036617695,-0.050202100467733164,-0.06851765361558015,-0.003054807932261211
VEI.OL,2026-08-13 15:40,2026-08-13,intraday,30,16:10,0.004121704512991782,1,small,Veidekke: Bygger flere boliger på Hinna i Stavanger,-0.0010668965807305942,0.0437925318503848,0.06210808499823182,0.003054807932261211
SOMA.OL,2026-08-13 14:30,2026-08-13,intraday,5,14:35,0.02484085472573596,1,small,Solstad Maritime ASA - Letter of Intent for CSV Normand Cutter,-0.021770562939331592,-0.013519408704741286,-0.02603736808306234,0.003070291786404304
SOMA.OL,2026-08-13 14:30,2026-08-13,intraday,10,14:40,0.022174752660720838,1,small,Solstad Maritime ASA - Letter of Intent for CSV Normand Cutter,-0.019104460874316637,-0.01085330663972639,-0.023371266018047385,0.003070291786404304
SOMA.OL,2026-08-13 14:30,2026-08-13,intraday,15,14:45,0.022444196415611233,1,small,Solstad Maritime ASA - Letter of Intent for CSV Normand Cutter,-0.01937390462920703,-0.011122750394616784,-0.02364070977293778,0.003070291786404304
SOMA.OL,2026-08-13 14:30,2026-08-13,intraday,30,15:00,0.010835121235394514,1,small,Solstad Maritime ASA - Letter of Intent for CSV Normand Cutter,-0.007764829448990264,0.00048632478559990956,-0.012031634592721076,0.003070291786404304
SOMA.OL,2026-08-13 14:30,2026-08-13,intraday,60,15:30,0.007787127114355587,1,small,Solstad Maritime ASA - Letter of Intent for CSV Normand Cutter,-0.004716835327951337,0.0035343189066388368,-0.00898364047168215,0.003070291786404304
SKUE.OL,2026-08-13 14:00,2026-08-13,intraday,5,14:00,-0.006128510647414875,-1,small,Delårsregnskap 2.kvartal 2026,-0.007903842653129343,0.00684292723173824,0.0003417422957988675,-0.001775332005714468
SKUE.OL,2026-08-13 14:00,2026-08-13,intraday,10,14:05,-0.00568344158311955,-1,small,Delårsregnskap 2.kvartal 2026,-0.007458773588834018,0.007287996296033565,0.0007868113600941929,-0.001775332005714468
SKUE.OL,2026-08-13 14:00,2026-08-13,intraday,15,14:10,-0.006410835167525553,-1,small,Delårsregnskap 2.kvartal 2026,-0.00818616717324002,0.006560602711627563,5.9417775688190306e-05,-0.001775332005714468
SKUE.OL,2026-08-13 14:00,2026-08-13,intraday,30,14:25,-0.00733356209594159,-1,small,Delårsregnskap 2.kvartal 2026,-0.009108894101656058,0.005637875783211526,-0.0008633091527278469,-0.001775332005714468
SKUE.OL,2026-08-13 14:00,2026-08-13,intraday,60,14:55,-0.007935166811872216,-1,small,Delårsregnskap 2.kvartal 2026,-0.009710498817586684,0.0050362710672809,-0.0014649138686584728,-0.001775332005714468
SBNOR.OL,2026-08-13 13:19,2026-08-13,intraday,5,13:20,-0.0008050058796827408,-1,small,Finansiell kalender,-0.007024279553044244,0.0031763330863508934,0.011739988217378622,-0.006219273673361503
SBNOR.OL,2026-08-13 13:19,2026-08-13,intraday,10,13:25,-0.0012952747466821318,-1,small,Finansiell kalender,-0.007514548420043635,0.0026860642193515024,0.011249719350379231,-0.006219273673361503
SBNOR.OL,2026-08-13 13:19,2026-08-13,intraday,15,13:30,0.0005299331736906016,1,small,Finansiell kalender,0.00568934049967095,-0.004511272139724156,-0.013074927270752027,0.006219273673361503
SBNOR.OL,2026-08-13 13:19,2026-08-13,intraday,30,13:45,0.0037766428519894497,1,small,Finansiell kalender,0.0024426308213722544,-0.00775798181802295,-0.016321636949050693,0.006219273673361503
SBNOR.OL,2026-08-13 13:19,2026-08-13,intraday,60,14:15,0.002888277721387285,1,small,Finansiell kalender,0.0033309959519741902,-0.0068696166874209945,-0.015433271818448748,0.006219273673361503
MEDI.OL,2026-08-13 12:34,2026-08-13,intraday,5,12:35,-0.0022600170796881758,-1,small,First half and second quarter results and financials for 2026 for Medistim ASA,0.005959678328241028,-0.023552013283504175,-0.016474591470743528,0.008219695407929203
MEDI.OL,2026-08-13 12:34,2026-08-13,intraday,10,12:40,-0.002566764932287066,-1,small,First half and second quarter results and financials for 2026 for Medistim ASA,0.005652930475642137,-0.023858761136103065,-0.016781339323342418,0.008219695407929203
MEDI.OL,2026-08-13 12:34,2026-08-13,intraday,15,12:45,-0.002443486054665489,-1,small,First half and second quarter results and financials for 2026 for Medistim ASA,0.005776209353263714,-0.02373548225848149,-0.01665806044572084,0.008219695407929203
MEDI.OL,2026-08-13 12:34,2026-08-13,intraday,30,13:00,-0.002897664825352919,-1,small,First half and second quarter results and financials for 2026 for Medistim ASA,0.005322030582576284,-0.02418966102916892,-0.01711223921640827,0.008219695407929203
MEDI.OL,2026-08-13 12:34,2026-08-13,intraday,60,13:30,-0.0029249935678178907,-1,small,First half and second quarter results and financials for 2026 for Medistim ASA,0.005294701840111313,-0.02421698977163389,-0.017139567958873243,0.008219695407929203
RING.OL,2026-08-13 11:30,2026-08-13,intraday,5,11:30,-0.001582777896121379,-1,small,SpareBank 1 Ringerike Hadeland: Solid første halvår – styrker satsingen på Romerike,-0.005324529699828049,0.0038067018394671946,-0.004005245737339553,-0.0037417518037066704
RING.OL,2026-08-13 11:30,2026-08-13,intraday,10,11:35,-0.0017568170870047584,-1,small,SpareBank 1 Ringerike Hadeland: Solid første halvår – styrker satsingen på Romerike,-0.005498568890711429,0.003632662648583815,-0.004179284928222933,-0.0037417518037066704
RING.OL,2026-08-13 11:30,2026-08-13,intraday,15,11:40,-0.0020522550466496176,-1,small,SpareBank 1 Ringerike Hadeland: Solid første halvår – styrker satsingen på Romerike,-0.005794006850356288,0.003337224688938956,-0.004474722887867792,-0.0037417518037066704
RING.OL,2026-08-13 11:30,2026-08-13,intraday,30,11:55,-0.003049055627070252,-1,small,SpareBank 1 Ringerike Hadeland: Solid første halvår – styrker satsingen på Romerike,-0.006790807430776922,0.0023404241085183217,-0.005471523468288426,-0.0037417518037066704
RING.OL,2026-08-13 11:30,2026-08-13,intraday,60,12:25,0.010580879676712703,1,small,SpareBank 1 Ringerike Hadeland: Solid første halvår – styrker satsingen på Romerike,-0.006839127873006015,-0.015970359412301367,-0.008158411835494511,0.0037417518037066704
AKSO.OL,2026-08-13 11:18,2026-08-13,intraday,5,11:20,0.0010589400084608084,1,small,Aker Solutions ASA: Disclosure of SLB OneSubsea US GAAP financial information,-0.013502207012781191,-0.0037088113969453856,0.028040625886769976,-0.01244326700432042
AKSO.OL,2026-08-13 11:18,2026-08-13,intraday,10,11:25,3.32167290358255e-06,1,small,Aker Solutions ASA: Disclosure of SLB OneSubsea US GAAP financial information,-0.012446588677223966,-0.0026531930613882156,0.029096244222327323,-0.01244326700432042
AKSO.OL,2026-08-13 11:18,2026-08-13,intraday,15,11:30,0.0004757031569795206,1,small,Aker Solutions ASA: Disclosure of SLB OneSubsea US GAAP financial information,-0.0129189701612999,-0.003125574545464079,0.028623862738251245,-0.01244326700432042
AKSO.OL,2026-08-13 11:18,2026-08-13,intraday,30,11:45,-6.831674687929334e-05,-1,small,Aker Solutions ASA: Disclosure of SLB OneSubsea US GAAP financial information,0.012374950257441087,0.0025815546416052652,-0.02916788264211006,0.01244326700432042
AKSO.OL,2026-08-13 11:18,2026-08-13,intraday,60,12:15,-0.0026728641355483473,-1,small,Aker Solutions ASA: Disclosure of SLB OneSubsea US GAAP financial information,0.009770402868772073,-2.2992747063861618e-05,-0.031772430030779106,0.01244326700432042
SBNOR.OL,2026-08-13 08:45,2026-08-13,pre-open,5,09:00,0.009299759828913129,1,small,Sparebanken Norge: Contemplating issuance of NOK Senior Preferred bonds,0.003953289204063853,-0.006247323435331157,-0.01481097856635898,0.013253049032977103
SBNOR.OL,2026-08-13 08:45,2026-08-13,pre-open,10,09:05,0.008364172208495326,1,small,Sparebanken Norge: Contemplating issuance of NOK Senior Preferred bonds,0.004888876824481655,-0.005311735814913355,-0.013875390945941177,0.013253049032977103
SBNOR.OL,2026-08-13 08:45,2026-08-13,pre-open,15,09:10,0.008299458309042307,1,small,Sparebanken Norge: Contemplating issuance of NOK Senior Preferred bonds,0.004953590723934675,-0.005247021915460335,-0.013810677046488157,0.013253049032977103
SBNOR.OL,2026-08-13 08:45,2026-08-13,pre-open,30,09:25,0.006159841819195138,1,small,Sparebanken Norge: Contemplating issuance of NOK Senior Preferred bonds,0.007093207213782114,-0.003107405425613016,-0.01167106055664092,0.013253049032977103
SBNOR.OL,2026-08-13 08:45,2026-08-13,pre-open,60,09:55,0.0065112723291915284,1,small,Sparebanken Norge: Contemplating issuance of NOK Senior Preferred bonds,0.006741776703785597,-0.003458835935609573,-0.012022491066637362,0.013253049032977103
CMBTO.OL,2026-08-13 08:00,2026-08-13,pre-open,5,09:00,0.007671466520032482,1,mid,CMB.TECH announces Q2 2026 results on 27/08/2026,0.001461704313293918,-0.001256981508897824,0.018311758982796467,0.009133170833326487
CMBTO.OL,2026-08-13 08:00,2026-08-13,pre-open,10,09:05,0.00297879173133956,1,mid,CMB.TECH announces Q2 2026 results on 27/08/2026,0.006154379101986931,0.0034356932797952183,0.02300443377148948,0.009133170833326487
CMBTO.OL,2026-08-13 08:00,2026-08-13,pre-open,15,09:10,0.00291407783188654,1,mid,CMB.TECH announces Q2 2026 results on 27/08/2026,0.006219093001439951,0.0035004071792482383,0.0230691476709425,0.009133170833326487
CMBTO.OL,2026-08-13 08:00,2026-08-13,pre-open,30,09:25,0.004732609970213252,1,mid,CMB.TECH announces Q2 2026 results on 27/08/2026,0.004400560863113063,0.0016818750409213802,0.021250615532615626,0.009133170833326487
CMBTO.OL,2026-08-13 08:00,2026-08-13,pre-open,60,09:55,-0.00014230836310329467,-1,mid,CMB.TECH announces Q2 2026 results on 27/08/2026,-0.009275479196429823,-0.006556793374237993,-0.02612553386593229,-0.009133170833326487
CAPT.OL,2026-08-13 07:32,2026-08-13,pre-open,5,09:00,0.0028614413564866563,1,small,"CAPITAL TANKERS CORP. ANNOUNCES THE SUCCESSFUL DELIVERY OF ONE DUAL FUEL SUEZMAX TANKER, INCREASING ",0.0027680756408424,-0.0016179271904921619,0.1082730356756305,0.005629516997328932
CAPT.OL,2026-08-13 07:32,2026-08-13,pre-open,10,09:05,0.001778752678555266,1,small,"CAPITAL TANKERS CORP. ANNOUNCES THE SUCCESSFUL DELIVERY OF ONE DUAL FUEL SUEZMAX TANKER, INCREASING ",0.0038507643187736754,-0.0005352385125607616,0.10935572435356165,0.005629516997328932
CAPT.OL,2026-08-13 07:32,2026-08-13,pre-open,15,09:10,0.00450470584629685,1,small,"CAPITAL TANKERS CORP. ANNOUNCES THE SUCCESSFUL DELIVERY OF ONE DUAL FUEL SUEZMAX TANKER, INCREASING ",0.001124811151032008,-0.003261191680302424,0.10662977118582012,0.005629516997328932
CAPT.OL,2026-08-13 07:32,2026-08-13,pre-open,30,09:25,0.005282522483193601,1,small,"CAPITAL TANKERS CORP. ANNOUNCES THE SUCCESSFUL DELIVERY OF ONE DUAL FUEL SUEZMAX TANKER, INCREASING ",0.0003469945141354354,-0.004039008317199135,0.10585195454892356,0.005629516997328932
CAPT.OL,2026-08-13 07:32,2026-08-13,pre-open,60,09:55,0.009664691156539654,1,small,"CAPITAL TANKERS CORP. ANNOUNCES THE SUCCESSFUL DELIVERY OF ONE DUAL FUEL SUEZMAX TANKER, INCREASING ",-0.004035174159210589,-0.008421176990545134,0.1014697858755775,0.005629516997328932
NONG.OL,2026-08-13 07:30,2026-08-13,pre-open,5,09:00,0.04336295909724834,1,small,Continued growth at SpareBank 1 Nord-Norge ,0.009162555264785457,0.01607819060097742,0.001795862489711305,0.05252551436203377
NONG.OL,2026-08-13 07:30,2026-08-13,pre-open,10,09:05,0.05008270869903461,1,small,Continued growth at SpareBank 1 Nord-Norge ,0.002442805662999403,0.009358440999191118,-0.004923887112074973,0.05252551436203377
NONG.OL,2026-08-13 07:30,2026-08-13,pre-open,15,09:10,0.05541539271049529,1,small,Continued growth at SpareBank 1 Nord-Norge ,-0.0028898783484614067,0.004025756987730205,-0.010256571123535762,0.05252551436203377
NONG.OL,2026-08-13 07:30,2026-08-13,pre-open,30,09:25,0.0552168484929928,1,small,Continued growth at SpareBank 1 Nord-Norge ,-0.0026913341309587986,0.004224301205232952,-0.01005802690603314,0.05252551436203377
NONG.OL,2026-08-13 07:30,2026-08-13,pre-open,60,09:55,0.06169922512307156,1,small,Continued growth at SpareBank 1 Nord-Norge ,-0.009173710761037717,-0.002258075424845969,-0.016540403536111928,0.05252551436203377
MORLD.OL,2026-08-13 07:01,2026-08-13,pre-open,5,09:00,-0.010291324728175039,-1,small,Moreld announces NOK 0.50 dividend distribution,0.004072172390008821,-0.01636964642362776,-0.0802374836684945,0.014363497118183952
MORLD.OL,2026-08-13 07:01,2026-08-13,pre-open,10,09:05,-0.013533771224856344,-1,small,Moreld announces NOK 0.50 dividend distribution,0.0008297258933275924,-0.019612092920309146,-0.08347993016517577,0.014363497118183952
MORLD.OL,2026-08-13 07:01,2026-08-13,pre-open,15,09:10,-0.01129162624804586,-1,small,Moreld announces NOK 0.50 dividend distribution,0.003071870870137999,-0.01736994794349858,-0.08123778518836532,0.014363497118183952
MORLD.OL,2026-08-13 07:01,2026-08-13,pre-open,30,09:25,-0.014286277349962963,-1,small,Moreld announces NOK 0.50 dividend distribution,7.721976822097285e-05,-0.020364599045415765,-0.08423243629028239,0.014363497118183952
MORLD.OL,2026-08-13 07:01,2026-08-13,pre-open,60,09:55,0.010944540942246367,1,small,Moreld announces NOK 0.50 dividend distribution,-0.025308038060430197,-0.004866219246793495,0.059001617998073255,-0.014363497118183952
MORLD.OL,2026-08-13 07:00,2026-08-13,pre-open,5,09:00,-0.010291324728175039,-1,small,Moreld ASA: Second quarter and first half 2026 results,0.004072172390008821,-0.01636964642362776,-0.0802374836684945,0.014363497118183952
MORLD.OL,2026-08-13 07:00,2026-08-13,pre-open,10,09:05,-0.013533771224856344,-1,small,Moreld ASA: Second quarter and first half 2026 results,0.0008297258933275924,-0.019612092920309146,-0.08347993016517577,0.014363497118183952
MORLD.OL,2026-08-13 07:00,2026-08-13,pre-open,15,09:10,-0.01129162624804586,-1,small,Moreld ASA: Second quarter and first half 2026 results,0.003071870870137999,-0.01736994794349858,-0.08123778518836532,0.014363497118183952
MORLD.OL,2026-08-13 07:00,2026-08-13,pre-open,30,09:25,-0.014286277349962963,-1,small,Moreld ASA: Second quarter and first half 2026 results,7.721976822097285e-05,-0.020364599045415765,-0.08423243629028239,0.014363497118183952
MORLD.OL,2026-08-13 07:00,2026-08-13,pre-open,60,09:55,0.010944540942246367,1,small,Moreld ASA: Second quarter and first half 2026 results,-0.025308038060430197,-0.004866219246793495,0.059001617998073255,-0.014363497118183952
NORBT.OL,2026-08-13 07:00,2026-08-13,pre-open,5,09:00,-0.010414289560900684,-1,small,NORBIT - Results for the second quarter 2026,3.174515307296198e-05,0.01435390131720771,0.0871036883916212,0.010446034713973523
NORBT.OL,2026-08-13 07:00,2026-08-13,pre-open,10,09:05,-0.020179990462826276,-1,small,NORBIT - Results for the second quarter 2026,-0.009733955748852652,0.004588200415282059,0.07733798748969559,0.010446034713973523
NORBT.OL,2026-08-13 07:00,2026-08-13,pre-open,15,09:10,-0.019690500384631198,-1,small,NORBIT - Results for the second quarter 2026,-0.009244465670657676,0.0050776904934770415,0.07782747756789073,0.010446034713973523
NORBT.OL,2026-08-13 07:00,2026-08-13,pre-open,30,09:25,-0.024820293576221446,-1,small,NORBIT - Results for the second quarter 2026,-0.01437425886224786,-5.2102698113221796e-05,0.0726976843763004,0.010446034713973523
NORBT.OL,2026-08-13 07:00,2026-08-13,pre-open,60,09:55,-0.02802079536175677,-1,small,NORBIT - Results for the second quarter 2026,-0.017574760647783155,-0.0032526044836483498,0.06949718259076512,0.010446034713973523
NORBT.OL,2026-08-13 07:00,2026-08-13,pre-open,5,09:00,-0.010414289560900684,-1,small,NORBIT - Resultater for andre kvartal 2026,3.174515307296198e-05,0.01435390131720771,0.0871036883916212,0.010446034713973523
NORBT.OL,2026-08-13 07:00,2026-08-13,pre-open,10,09:05,-0.020179990462826276,-1,small,NORBIT - Resultater for andre kvartal 2026,-0.009733955748852652,0.004588200415282059,0.07733798748969559,0.010446034713973523
NORBT.OL,2026-08-13 07:00,2026-08-13,pre-open,15,09:10,-0.019690500384631198,-1,small,NORBIT - Resultater for andre kvartal 2026,-0.009244465670657676,0.0050776904934770415,0.07782747756789073,0.010446034713973523
NORBT.OL,2026-08-13 07:00,2026-08-13,pre-open,30,09:25,-0.024820293576221446,-1,small,NORBIT - Resultater for andre kvartal 2026,-0.01437425886224786,-5.2102698113221796e-05,0.0726976843763004,0.010446034713973523
NORBT.OL,2026-08-13 07:00,2026-08-13,pre-open,60,09:55,-0.02802079536175677,-1,small,NORBIT - Resultater for andre kvartal 2026,-0.017574760647783155,-0.0032526044836483498,0.06949718259076512,0.010446034713973523
DNO.OL,2026-08-13 07:00,2026-08-13,pre-open,5,09:00,0.03363096182364581,1,mid,DNO Reports Record Revenue as It Chases New Growth,-0.02147851787118368,-0.01983336708183328,0.017128071363953275,0.012152443952462243
DNO.OL,2026-08-13 07:00,2026-08-13,pre-open,10,09:05,0.037639089460998316,1,mid,DNO Reports Record Revenue as It Chases New Growth,-0.025486645508536045,-0.023841494719185632,0.0131199437266009,0.012152443952462243
DNO.OL,2026-08-13 07:00,2026-08-13,pre-open,15,09:10,0.03812218323446922,1,mid,DNO Reports Record Revenue as It Chases New Growth,-0.025969739282007076,-0.024324588492656642,0.012636849953129973,0.012152443952462243
DNO.OL,2026-08-13 07:00,2026-08-13,pre-open,30,09:25,0.04235109859651123,1,mid,DNO Reports Record Revenue as It Chases New Growth,-0.030198654644048896,-0.0285535038546986,0.008407934591088021,0.012152443952462243
DNO.OL,2026-08-13 07:00,2026-08-13,pre-open,60,09:55,0.03757832288479957,1,mid,DNO Reports Record Revenue as It Chases New Growth,-0.02542587893233743,-0.023780728142986995,0.01318071030279962,0.012152443952462243
GENO.OL,2026-08-13 07:00,2026-08-13,pre-open,5,09:00,0.09419317877498248,1,small,General Oceans ASA – Revenue growth of 22% in Q2 2026,-0.0019109457987038815,-0.01756325314772353,-0.09787093500436646,0.09228223297627848
GENO.OL,2026-08-13 07:00,2026-08-13,pre-open,10,09:05,0.09325759115456468,1,small,General Oceans ASA – Revenue growth of 22% in Q2 2026,-0.0009753581782860794,-0.016627665527305727,-0.09693534738394866,0.09228223297627848
GENO.OL,2026-08-13 07:00,2026-08-13,pre-open,15,09:10,0.08176418143148875,1,small,General Oceans ASA – Revenue growth of 22% in Q2 2026,0.010518051544789644,-0.005134255804229933,-0.08544193766087291,0.09228223297627848
GENO.OL,2026-08-13 07:00,2026-08-13,pre-open,30,09:25,0.0879492510748881,1,small,General Oceans ASA – Revenue growth of 22% in Q2 2026,0.004332981901390517,-0.011319325447629123,-0.09162700730427213,0.09228223297627848
GENO.OL,2026-08-13 07:00,2026-08-13,pre-open,60,09:55,0.08580750254729386,1,small,General Oceans ASA – Revenue growth of 22% in Q2 2026,0.006474730428984728,-0.009177576920034854,-0.08948525877667783,0.09228223297627848
MORG.OL,2026-08-13 07:00,2026-08-13,pre-open,5,09:00,0.018490122964804737,1,small,Sparebanken Møre delivers a strong second quarter with higher lending growth and improved earnings,0.013951531511485305,0.000675626574989794,-0.014318462503272972,0.03244165447629001
MORG.OL,2026-08-13 07:00,2026-08-13,pre-open,10,09:05,0.017554535344386935,1,small,Sparebanken Møre delivers a strong second quarter with higher lending growth and improved earnings,0.014887119131903107,0.001611214195407596,-0.01338287488285517,0.03244165447629001
MORG.OL,2026-08-13 07:00,2026-08-13,pre-open,15,09:10,0.017489821444933915,1,small,Sparebanken Møre delivers a strong second quarter with higher lending growth and improved earnings,0.014951833031356127,0.001675928094860616,-0.01331816098340215,0.03244165447629001
MORG.OL,2026-08-13 07:00,2026-08-13,pre-open,30,09:25,0.023983415924525988,1,small,Sparebanken Møre delivers a strong second quarter with higher lending growth and improved earnings,0.008458238551764072,-0.004817666384731507,-0.019811755462994303,0.03244165447629001
MORG.OL,2026-08-13 07:00,2026-08-13,pre-open,60,09:55,0.02609315659734584,1,small,Sparebanken Møre delivers a strong second quarter with higher lending growth and improved earnings,0.006348497878944297,-0.006927407057551273,-0.02192149613581411,0.03244165447629001
SPOL.OL,2026-08-13 07:00,2026-08-13,pre-open,5,09:00,0.025197413075828307,1,small,SpareBank 1 Østlandet (SPOL): Good growth in a challenging market,-0.0024816650994146285,0.0035213792260998557,0.007168167823382025,0.022715747976413694
SPOL.OL,2026-08-13 07:00,2026-08-13,pre-open,10,09:05,0.024261825455410505,1,small,SpareBank 1 Østlandet (SPOL): Good growth in a challenging market,-0.0015460774789968264,0.004456966846517658,0.008103755443799827,0.022715747976413694
SPOL.OL,2026-08-13 07:00,2026-08-13,pre-open,15,09:10,0.031303317409771804,1,small,SpareBank 1 Østlandet (SPOL): Good growth in a challenging market,-0.008587569433358127,-0.002584525107843634,0.0010622634894385825,0.022715747976413694
SPOL.OL,2026-08-13 07:00,2026-08-13,pre-open,30,09:25,0.03777646863641509,1,small,SpareBank 1 Østlandet (SPOL): Good growth in a challenging market,-0.015060720660001293,-0.009057676334486994,-0.0054108877372045575,0.022715747976413694
SPOL.OL,2026-08-13 07:00,2026-08-13,pre-open,60,09:55,0.03602983908704299,1,small,SpareBank 1 Østlandet (SPOL): Good growth in a challenging market,-0.013314091110629193,-0.007311046785114943,-0.0036642581878326393,0.022715747976413694
MING.OL,2026-08-13 07:00,2026-08-13,pre-open,5,09:00,0.024029976062392194,1,small,SpareBank 1 SMN: Robust operations and strong results in all business areas,0.010165202725467556,0.007451064498204343,0.013068058813975766,0.034195178787859756
MING.OL,2026-08-13 07:00,2026-08-13,pre-open,10,09:05,0.028631253212102182,1,small,SpareBank 1 SMN: Robust operations and strong results in all business areas,0.005563925575757692,0.002849787348494219,0.008466781664265753,0.034195178787859756
MING.OL,2026-08-13 07:00,2026-08-13,pre-open,15,09:10,0.03571885776242503,1,small,SpareBank 1 SMN: Robust operations and strong results in all business areas,-0.0015236789745651496,-0.004237817201828588,0.001379177113942821,0.034195178787859756
MING.OL,2026-08-13 07:00,2026-08-13,pre-open,30,09:25,0.03627624068258765,1,small,SpareBank 1 SMN: Robust operations and strong results in all business areas,-0.002081061894727681,-0.0047952001219910365,0.000821794193780364,0.034195178787859756
MING.OL,2026-08-13 07:00,2026-08-13,pre-open,60,09:55,0.03716657964092928,1,small,SpareBank 1 SMN: Robust operations and strong results in all business areas,-0.0029714008530693017,-0.00568553908033261,-6.854476456117677e-05,0.034195178787859756
ACR.OL,2026-08-13 07:00,2026-08-13,pre-open,5,09:00,-0.05290229753967206,-1,small,Axactor ASA announces second quarter and first half year financial results,-0.03143479428862504,-0.046794488678599824,-0.013314591228459967,0.021467503251046897
ACR.OL,2026-08-13 07:00,2026-08-13,pre-open,10,09:05,-0.061743057217553646,-1,small,Axactor ASA announces second quarter and first half year financial results,-0.04027555396650671,-0.0556352483564814,-0.022155350906341714,0.021467503251046897
ACR.OL,2026-08-13 07:00,2026-08-13,pre-open,15,09:10,-0.042160792139931826,-1,small,Axactor ASA announces second quarter and first half year financial results,-0.020693288888884786,-0.036052983278859474,-0.002573085828719828,0.021467503251046897
ACR.OL,2026-08-13 07:00,2026-08-13,pre-open,30,09:25,-0.05066111682631027,-1,small,Axactor ASA announces second quarter and first half year financial results,-0.02919361357526322,-0.044553307965238015,-0.011073410515098157,0.021467503251046897
ACR.OL,2026-08-13 07:00,2026-08-13,pre-open,60,09:55,-0.04076097278751724,-1,small,Axactor ASA announces second quarter and first half year financial results,-0.019293469536470417,-0.034653163926444915,-0.0011732664763051907,0.021467503251046897
AUTO.OL,2026-08-13 06:00,2026-08-13,pre-open,10,09:05,0.21443099938528587,1,mid,AutoStore: Q2 2026 financial results,-0.05640683446740835,-0.039444347712587854,-0.11697872951441012,0.15802416491787752
AUTO.OL,2026-08-13 06:00,2026-08-13,pre-open,15,09:10,0.22189170861195,1,mid,AutoStore: Q2 2026 financial results,-0.06386754369407266,-0.04690505693925224,-0.12443943874107444,0.15802416491787752
AUTO.OL,2026-08-13 06:00,2026-08-13,pre-open,30,09:25,0.230388817163606,1,mid,AutoStore: Q2 2026 financial results,-0.07236465224572862,-0.05540216549090814,-0.1329365472927304,0.15802416491787752
AUTO.OL,2026-08-13 06:00,2026-08-13,pre-open,60,09:55,0.20624005200368695,1,mid,AutoStore: Q2 2026 financial results,-0.0482158870858094,-0.031253400330988924,-0.10878778213281122,0.15802416491787752
PEXIP.OL,2026-08-13 06:00,2026-08-13,pre-open,5,09:00,-0.036429566024798105,-1,small,Pexip Q2 2026 report – Continued growth and margin expansion,-0.024351749310192336,-0.015479197913622247,0.02425404368155163,0.012077816714605644
PEXIP.OL,2026-08-13 06:00,2026-08-13,pre-open,10,09:05,-0.042513189750279366,-1,small,Pexip Q2 2026 report – Continued growth and margin expansion,-0.030435373035673757,-0.02156282163910367,0.018170419956070313,0.012077816714605644
PEXIP.OL,2026-08-13 06:00,2026-08-13,pre-open,15,09:10,-0.045161844936255774,-1,small,Pexip Q2 2026 report – Continued growth and margin expansion,-0.033084028221650186,-0.024211476825080097,0.015521764770093895,0.012077816714605644
PEXIP.OL,2026-08-13 06:00,2026-08-13,pre-open,30,09:25,-0.03427402370845862,-1,small,Pexip Q2 2026 report – Continued growth and margin expansion,-0.022196206993852927,-0.013323655597282838,0.026409585997891078,0.012077816714605644
PEXIP.OL,2026-08-13 06:00,2026-08-13,pre-open,60,09:55,-0.021423440070619516,-1,small,Pexip Q2 2026 report – Continued growth and margin expansion,-0.0093456233560139,-0.0004730719594438111,0.039260169635730084,0.012077816714605644
AUTO.OL,2026-08-13 02:57,2026-08-13,pre-open,10,09:05,0.21443099938528587,1,mid,AutoStore Holdings Ltd - Strategic supply agreement with Amazon,-0.05640683446740835,-0.039444347712587854,-0.11697872951441012,0.15802416491787752
AUTO.OL,2026-08-13 02:57,2026-08-13,pre-open,15,09:10,0.22189170861195,1,mid,AutoStore Holdings Ltd - Strategic supply agreement with Amazon,-0.06386754369407266,-0.04690505693925224,-0.12443943874107444,0.15802416491787752
AUTO.OL,2026-08-13 02:57,2026-08-13,pre-open,30,09:25,0.230388817163606,1,mid,AutoStore Holdings Ltd - Strategic supply agreement with Amazon,-0.07236465224572862,-0.05540216549090814,-0.1329365472927304,0.15802416491787752
AUTO.OL,2026-08-13 02:57,2026-08-13,pre-open,60,09:55,0.20624005200368695,1,mid,AutoStore Holdings Ltd - Strategic supply agreement with Amazon,-0.0482158870858094,-0.031253400330988924,-0.10878778213281122,0.15802416491787752
WWI.OL,2026-08-12 18:00,2026-08-13,after-close,5,09:00,0.006555670882317735,1,small,Wilh. Wilhelmsen Holding ASA: Second quarter 2026 results,0.009216413600687593,0.005325192554321654,-0.017705423018902485,0.015772084483005235
WWI.OL,2026-08-12 18:00,2026-08-13,after-close,10,09:05,0.009434455337370525,1,small,Wilh. Wilhelmsen Holding ASA: Second quarter 2026 results,0.006337629145634672,0.0024464080992688576,-0.020584207473955327,0.015772084483005235
WWI.OL,2026-08-12 18:00,2026-08-13,after-close,15,09:10,0.00809989999744164,1,small,Wilh. Wilhelmsen Holding ASA: Second quarter 2026 results,0.00767218448556372,0.0037809634391977147,-0.019249652134026435,0.015772084483005235
WWI.OL,2026-08-12 18:00,2026-08-13,after-close,30,09:25,-0.0002409908059292391,-1,small,Wilh. Wilhelmsen Holding ASA: Second quarter 2026 results,-0.016013075288934392,-0.012121854242568564,0.010908761330655544,-0.015772084483005235
WWI.OL,2026-08-12 18:00,2026-08-13,after-close,60,09:55,0.0037368115807767154,1,small,Wilh. Wilhelmsen Holding ASA: Second quarter 2026 results,0.012035272902228607,0.00814405185586262,-0.014886563717361426,0.015772084483005235
BOUV.OL,2026-08-12 14:08,2026-08-12,intraday,5,14:10,0.00016555747241636665,1,small,Bouvet ASA   Invitasjon til presentasjon av andre kvartal 2026,-0.005468237536200201,-0.027932778324137292,0.10801391580434817,-0.005302680063783835
BOUV.OL,2026-08-12 14:08,2026-08-12,intraday,10,14:15,0.0005251548751848494,1,small,Bouvet ASA   Invitasjon til presentasjon av andre kvartal 2026,-0.00582783493896863,-0.028292375726905745,0.10765431840157978,-0.005302680063783835
BOUV.OL,2026-08-12 14:08,2026-08-12,intraday,15,14:20,-0.00016982575416152898,-1,small,Bouvet ASA   Invitasjon til presentasjon av andre kvartal 2026,0.0051328543096222515,0.027597395097559367,-0.10834929903092616,0.005302680063783835
BOUV.OL,2026-08-12 14:08,2026-08-12,intraday,30,14:35,-0.001089366185096377,-1,small,Bouvet ASA   Invitasjon til presentasjon av andre kvartal 2026,0.004213313878687458,0.026677854666624548,-0.10926883946186092,0.005302680063783835
BOUV.OL,2026-08-12 14:08,2026-08-12,intraday,60,15:05,0.0009222994347113517,1,small,Bouvet ASA   Invitasjon til presentasjon av andre kvartal 2026,-0.006224979498495186,-0.028689520286432277,0.10725717384205319,-0.005302680063783835
SCATC.OL,2026-08-12 08:12,2026-08-12,pre-open,5,09:00,0.007674368969067117,1,mid,Commercial operations reached for the final phase of the Obelisk project in Egypt,-0.0011106403444017974,0.00424785081926167,-0.03453525220074713,0.00656372862466542
SCATC.OL,2026-08-12 08:12,2026-08-12,pre-open,10,09:05,0.010991527653006166,1,mid,Commercial operations reached for the final phase of the Obelisk project in Egypt,-0.004427799028340704,0.000930692135322625,-0.03785241088468613,0.00656372862466542
SCATC.OL,2026-08-12 08:12,2026-08-12,pre-open,15,09:10,0.01005590557861351,1,mid,Commercial operations reached for the final phase of the Obelisk project in Egypt,-0.003492176953948159,0.0018663142097151524,-0.036916788810293505,0.00656372862466542
SCATC.OL,2026-08-12 08:12,2026-08-12,pre-open,30,09:25,0.012412051889271032,1,mid,Commercial operations reached for the final phase of the Obelisk project in Egypt,-0.005848323264605691,-0.0004898321009422155,-0.03927293512095097,0.00656372862466542
SCATC.OL,2026-08-12 08:12,2026-08-12,pre-open,60,09:55,0.01687354289868459,1,mid,Commercial operations reached for the final phase of the Obelisk project in Egypt,-0.010309814274019256,-0.004951323110355869,-0.04373442613036462,0.00656372862466542
ENVIP.OL,2026-08-12 07:00,2026-08-12,pre-open,5,09:00,-0.10468425724542,-1,small,"ENVIPCO Q2 26 Return to positive growth, building a strong pipeline",0.038087253728094135,-0.034496148739478615,0.010272233659161845,0.14277151097351418
ENVIP.OL,2026-08-12 07:00,2026-08-12,pre-open,10,09:05,-0.09322925905042515,-1,small,"ENVIPCO Q2 26 Return to positive growth, building a strong pipeline",0.049542251923088886,-0.02304115054448381,0.021727231854156568,0.14277151097351418
ENVIP.OL,2026-08-12 07:00,2026-08-12,pre-open,15,09:10,-0.08723472026126884,-1,small,"ENVIPCO Q2 26 Return to positive growth, building a strong pipeline",0.055536790712245314,-0.01704661175532749,0.027721770643312924,0.14277151097351418
ENVIP.OL,2026-08-12 07:00,2026-08-12,pre-open,30,09:25,-0.08158425553785283,-1,small,"ENVIPCO Q2 26 Return to positive growth, building a strong pipeline",0.06118725543566137,-0.011396147031911455,0.033372235366729,0.14277151097351418
ENVIP.OL,2026-08-12 07:00,2026-08-12,pre-open,60,09:55,-0.10889734869747555,-1,small,"ENVIPCO Q2 26 Return to positive growth, building a strong pipeline",0.033874162276038594,-0.038709240191534135,0.006059142207106136,0.14277151097351418
LSG.OL,2026-08-12 06:30,2026-08-12,pre-open,5,09:00,0.011873143559893,1,small,Lerøy Seafood Group ASA: Invitasjon til presentasjon av resultater for andre kvartal og første halvå,-0.0006873810005093919,-0.017477759698180287,-0.04723553941236961,0.011185762559383507
LSG.OL,2026-08-12 06:30,2026-08-12,pre-open,10,09:05,0.01387757484181133,1,small,Lerøy Seafood Group ASA: Invitasjon til presentasjon av resultater for andre kvartal og første halvå,-0.002691812282427872,-0.019482190980098794,-0.04923997069428803,0.011185762559383507
LSG.OL,2026-08-12 06:30,2026-08-12,pre-open,15,09:10,0.015475069396265858,1,small,Lerøy Seafood Group ASA: Invitasjon til presentasjon av resultater for andre kvartal og første halvå,-0.0042893068368823825,-0.02107968553455334,-0.050837465248742573,0.011185762559383507
LSG.OL,2026-08-12 06:30,2026-08-12,pre-open,30,09:25,0.015344343217906446,1,small,Lerøy Seafood Group ASA: Invitasjon til presentasjon av resultater for andre kvartal og første halvå,-0.0041585806585229135,-0.020948959356193807,-0.05070673907038315,0.011185762559383507
LSG.OL,2026-08-12 06:30,2026-08-12,pre-open,60,09:55,0.013852022355758557,1,small,Lerøy Seafood Group ASA: Invitasjon til presentasjon av resultater for andre kvartal og første halvå,-0.0026662597963749493,-0.019456638494045844,-0.04921441820823517,0.011185762559383507
HSHP.OL,2026-08-11 15:00,2026-08-11,intraday,5,15:05,-0.0024715017324264594,-1,small,Himalaya Shipping Ltd. (HSHP)   Interim Financial Report on Form 6-K,0.021335597166095642,0.06144344921957332,0.035385116491886734,0.02380709889852201
HSHP.OL,2026-08-11 15:00,2026-08-11,intraday,10,15:10,0.003043954426506577,1,small,Himalaya Shipping Ltd. (HSHP)   Interim Financial Report on Form 6-K,-0.026851053325028754,-0.06695890537850645,-0.04090057265081992,-0.02380709889852201
HSHP.OL,2026-08-11 15:00,2026-08-11,intraday,15,15:15,0.002955579055956235,1,small,Himalaya Shipping Ltd. (HSHP)   Interim Financial Report on Form 6-K,-0.02676267795447841,-0.0668705300079561,-0.04081219728026958,-0.02380709889852201
HSHP.OL,2026-08-11 15:00,2026-08-11,intraday,30,15:30,-0.004280206273024772,-1,small,Himalaya Shipping Ltd. (HSHP)   Interim Financial Report on Form 6-K,0.019526892625497245,0.05963474467897498,0.033576411951288465,0.02380709889852201
HSHP.OL,2026-08-11 15:00,2026-08-11,intraday,60,16:00,-0.02019428599889252,-1,small,Himalaya Shipping Ltd. (HSHP)   Interim Financial Report on Form 6-K,0.0036128128996295353,0.04372066495310715,0.01766233222542067,0.02380709889852201
SKUE.OL,2026-08-11 14:10,2026-08-11,intraday,5,14:15,0.0007928413696639824,1,small,SKUE30 PRO - Nøkkelinformasjon ved innfrielse av deler av obligasjonslån,-0.0007154830055833283,0.0003314392677705282,-0.03264859298000027,7.735836408065411e-05
SKUE.OL,2026-08-11 14:10,2026-08-11,intraday,10,14:20,0.00043605316314727915,1,small,SKUE30 PRO - Nøkkelinformasjon ved innfrielse av deler av obligasjonslån,-0.00035869479906662505,0.0006882274742872315,-0.03229180477348357,7.735836408065411e-05
SKUE.OL,2026-08-11 14:10,2026-08-11,intraday,15,14:25,0.0001813451751351003,1,small,SKUE30 PRO - Nøkkelinformasjon ved innfrielse av deler av obligasjonslån,-0.00010398681105444618,0.0009429354622994103,-0.03203709678547139,7.735836408065411e-05
SKUE.OL,2026-08-11 14:10,2026-08-11,intraday,30,14:40,0.00037707396477910937,1,small,SKUE30 PRO - Nøkkelinformasjon ved innfrielse av deler av obligasjonslån,-0.00029971560069845526,0.0007472066726554013,-0.0322328255751154,7.735836408065411e-05
SKUE.OL,2026-08-11 14:10,2026-08-11,intraday,60,15:10,8.886881678771275e-06,1,small,SKUE30 PRO - Nøkkelinformasjon ved innfrielse av deler av obligasjonslån,6.847148240188283e-05,0.0011153937557557394,-0.03186463849201506,7.735836408065411e-05
CADLR.OL,2026-08-11 13:20,2026-08-11,intraday,5,13:25,-0.022534849559537155,-1,mid,Cadeler significantly expands its capabilities in offshore wind foundation T&I with the acquisition ,-0.0080625305154042,0.03865293948146255,0.016383780039693666,0.014472319044132955
CADLR.OL,2026-08-11 13:20,2026-08-11,intraday,10,13:30,-0.024953140288692277,-1,mid,Cadeler significantly expands its capabilities in offshore wind foundation T&I with the acquisition ,-0.010480821244559442,0.036234648752307454,0.013965489310538653,0.014472319044132955
CADLR.OL,2026-08-11 13:20,2026-08-11,intraday,15,13:35,-0.02547975488739257,-1,mid,Cadeler significantly expands its capabilities in offshore wind foundation T&I with the acquisition ,-0.011007435843259684,0.035708034153607196,0.013438874711838333,0.014472319044132955
CADLR.OL,2026-08-11 13:20,2026-08-11,intraday,30,13:50,-0.04603844105303462,-1,mid,Cadeler significantly expands its capabilities in offshore wind foundation T&I with the acquisition ,-0.03156612200890175,0.015149347987965075,-0.007119811453803842,0.014472319044132955
CADLR.OL,2026-08-11 13:20,2026-08-11,intraday,60,14:20,-0.0276946391556217,-1,mid,Cadeler significantly expands its capabilities in offshore wind foundation T&I with the acquisition ,-0.013222320111488836,0.03349314988537802,0.011223990443609201,0.014472319044132955
SBNOR.OL,2026-08-11 11:00,2026-08-11,intraday,5,11:00,0.005474108995325114,1,small,On track with the realization of Sparebanken Norge,0.016491947033628083,-0.007175877750114521,0.004671248325308866,0.021966056028953216
SBNOR.OL,2026-08-11 11:00,2026-08-11,intraday,10,11:05,0.008102501572124806,1,small,On track with the realization of Sparebanken Norge,0.013863554456828346,-0.009804270326914243,0.00204285574850932,0.021966056028953216
SBNOR.OL,2026-08-11 11:00,2026-08-11,intraday,15,11:10,0.007767601941587489,1,small,On track with the realization of Sparebanken Norge,0.014198454087365569,-0.009469370696376982,0.0023777553790465637,0.021966056028953216
SBNOR.OL,2026-08-11 11:00,2026-08-11,intraday,30,11:25,0.0025732201584075846,1,small,On track with the realization of Sparebanken Norge,0.019392835870545376,-0.004274988913197129,0.007572137162226388,0.021966056028953216
SBNOR.OL,2026-08-11 11:00,2026-08-11,intraday,60,11:55,0.0076482718009403955,1,small,On track with the realization of Sparebanken Norge,0.014317784228012716,-0.009350040555729959,0.002497085519693503,0.021966056028953216
WAWI.OL,2026-08-11 09:55,2026-08-11,intraday,5,09:55,0.00010558078913149027,1,mid,Wallenius Wilhelmsen Q2 2026 presentation,-0.0007873087146516855,0.03611277980660568,0.09367412687999149,-0.0006817279255201952
WAWI.OL,2026-08-11 09:55,2026-08-11,intraday,10,10:00,-0.0003576259110238016,-1,mid,Wallenius Wilhelmsen Q2 2026 presentation,0.0003241020144963227,-0.036575986506760985,-0.09413733358014682,0.0006817279255201952
WAWI.OL,2026-08-11 09:55,2026-08-11,intraday,15,10:05,-0.0001563146466996739,-1,mid,Wallenius Wilhelmsen Q2 2026 presentation,0.0005254132788204504,-0.03637467524243686,-0.0939360223158227,0.0006817279255201952
WAWI.OL,2026-08-11 09:55,2026-08-11,intraday,30,10:20,-0.0018652522302050833,-1,mid,Wallenius Wilhelmsen Q2 2026 presentation,-0.0011835243046848668,-0.03808361282594234,-0.09564495989932821,0.0006817279255201952
WAWI.OL,2026-08-11 09:55,2026-08-11,intraday,60,10:50,0.005784167054611633,1,mid,Wallenius Wilhelmsen Q2 2026 presentation,-0.006465894980131885,0.030434193541125636,0.0879955406145114,-0.0006817279255201952
NHY.OL,2026-08-11 08:01,2026-08-11,pre-open,5,09:00,-0.0159068668965009,-1,large,Norsk Hydro: Alunorte reduces alumina production on natural gas supply disruptions,0.005406927536605682,0.005606004169896562,0.04660066672643671,0.02131379443310658
NHY.OL,2026-08-11 08:01,2026-08-11,pre-open,10,09:05,-0.024067102377274115,-1,large,Norsk Hydro: Alunorte reduces alumina production on natural gas supply disruptions,-0.0027533079441675913,-0.0025542313108767676,0.03844043124566365,0.02131379443310658
NHY.OL,2026-08-11 08:01,2026-08-11,pre-open,15,09:10,-0.0075695058144136605,-1,large,Norsk Hydro: Alunorte reduces alumina production on natural gas supply disruptions,0.013744288618692903,0.013943365251983711,0.054938027808523957,0.02131379443310658
NHY.OL,2026-08-11 08:01,2026-08-11,pre-open,30,09:25,-0.014451396265363679,-1,large,Norsk Hydro: Alunorte reduces alumina production on natural gas supply disruptions,0.00686239816774294,0.007061474801033728,0.04805613735757398,0.02131379443310658
NHY.OL,2026-08-11 08:01,2026-08-11,pre-open,60,09:55,-0.01726884984955606,-1,large,Norsk Hydro: Alunorte reduces alumina production on natural gas supply disruptions,0.004044944583550595,0.004244021216841313,0.04523868377338164,0.02131379443310658
NHY.OL,2026-08-11 08:01,2026-08-11,pre-open,5,09:00,-0.0159068668965009,-1,large,Norsk Hydro: Alunorte reduserer aluminaproduksjonen som følge av forstyrrelser i naturgassforsyning,0.005406927536605682,0.005606004169896562,0.04660066672643671,0.02131379443310658
NHY.OL,2026-08-11 08:01,2026-08-11,pre-open,10,09:05,-0.024067102377274115,-1,large,Norsk Hydro: Alunorte reduserer aluminaproduksjonen som følge av forstyrrelser i naturgassforsyning,-0.0027533079441675913,-0.0025542313108767676,0.03844043124566365,0.02131379443310658
NHY.OL,2026-08-11 08:01,2026-08-11,pre-open,15,09:10,-0.0075695058144136605,-1,large,Norsk Hydro: Alunorte reduserer aluminaproduksjonen som følge av forstyrrelser i naturgassforsyning,0.013744288618692903,0.013943365251983711,0.054938027808523957,0.02131379443310658
NHY.OL,2026-08-11 08:01,2026-08-11,pre-open,30,09:25,-0.014451396265363679,-1,large,Norsk Hydro: Alunorte reduserer aluminaproduksjonen som følge av forstyrrelser i naturgassforsyning,0.00686239816774294,0.007061474801033728,0.04805613735757398,0.02131379443310658
NHY.OL,2026-08-11 08:01,2026-08-11,pre-open,60,09:55,-0.01726884984955606,-1,large,Norsk Hydro: Alunorte reduserer aluminaproduksjonen som følge av forstyrrelser i naturgassforsyning,0.004044944583550595,0.004244021216841313,0.04523868377338164,0.02131379443310658
HSHP.OL,2026-08-11 08:00,2026-08-11,pre-open,5,09:00,-0.0010133019522459471,-1,small,Himalaya Shipping Ltd. (HSHP) Announces its Preliminary Results for the Three and Six Months Ended J,0.02885196799232631,0.068959820045804,0.04290148731811748,0.02986526994457209
HSHP.OL,2026-08-11 08:00,2026-08-11,pre-open,10,09:05,-0.007564057984867875,-1,small,Himalaya Shipping Ltd. (HSHP) Announces its Preliminary Results for the Three and Six Months Ended J,0.022301211959704224,0.062409064013181956,0.036350731285495444,0.02986526994457209
HSHP.OL,2026-08-11 08:00,2026-08-11,pre-open,15,09:10,0.008132401389029622,1,small,Himalaya Shipping Ltd. (HSHP) Announces its Preliminary Results for the Three and Six Months Ended J,-0.03799767133360185,-0.07810552338707948,-0.05204719065939304,-0.02986526994457209
HSHP.OL,2026-08-11 08:00,2026-08-11,pre-open,30,09:25,-0.004416569254374466,-1,small,Himalaya Shipping Ltd. (HSHP) Announces its Preliminary Results for the Three and Six Months Ended J,0.025448700690197716,0.06555655274367539,0.03949822001598881,0.02986526994457209
HSHP.OL,2026-08-11 08:00,2026-08-11,pre-open,60,09:55,0.0018176512455746127,1,small,Himalaya Shipping Ltd. (HSHP) Announces its Preliminary Results for the Three and Six Months Ended J,-0.031682921190146686,-0.07179077324362443,-0.04573244051593787,-0.02986526994457209
CMBTO.OL,2026-08-11 08:00,2026-08-11,pre-open,5,09:00,-0.0074639564197649284,-1,mid,CMB.TECH fleet update,0.00708047928995922,-0.010473506144579953,-0.02783177938916328,0.014544435709724229
CMBTO.OL,2026-08-11 08:00,2026-08-11,pre-open,10,09:05,-0.009923217264805826,-1,mid,CMB.TECH fleet update,0.004621218444918335,-0.012932766989620974,-0.03029104023420419,0.014544435709724229
CMBTO.OL,2026-08-11 08:00,2026-08-11,pre-open,15,09:10,-0.004971928024813693,-1,mid,CMB.TECH fleet update,0.009572507684910444,-0.007981477749628825,-0.025339750994212165,0.014544435709724229
CMBTO.OL,2026-08-11 08:00,2026-08-11,pre-open,30,09:25,-0.009445916291290905,-1,mid,CMB.TECH fleet update,0.005098519418433256,-0.012455466016106052,-0.029813739260689268,0.014544435709724229
CMBTO.OL,2026-08-11 08:00,2026-08-11,pre-open,60,09:55,-0.006045026046235708,-1,mid,CMB.TECH fleet update,0.00849940966348851,-0.009054575771050817,-0.026412849015634114,0.014544435709724229
WAWI.OL,2026-08-11 07:00,2026-08-11,pre-open,5,09:00,-0.0023422869121775963,-1,mid,Wallenius Wilhelmsen pays high dividends in a strong market ,-0.013719478795299982,-0.05061956731655725,-0.10818091438994318,-0.011377191883122386
WAWI.OL,2026-08-11 07:00,2026-08-11,pre-open,10,09:05,0.003241197190380625,1,mid,Wallenius Wilhelmsen pays high dividends in a strong market ,0.008135994692741644,0.04503608321399916,0.10259743028738497,0.011377191883122386
WAWI.OL,2026-08-11 07:00,2026-08-11,pre-open,15,09:10,-0.0018192609924648192,-1,mid,Wallenius Wilhelmsen pays high dividends in a strong market ,-0.013196452875587121,-0.050096541396844455,-0.10765788847023038,-0.011377191883122386
WAWI.OL,2026-08-11 07:00,2026-08-11,pre-open,30,09:25,0.0071233361772209715,1,mid,Wallenius Wilhelmsen pays high dividends in a strong market ,0.004253855705901413,0.041153944227158755,0.09871529130054461,0.011377191883122386
WAWI.OL,2026-08-11 07:00,2026-08-11,pre-open,60,09:55,0.012164500597774072,1,mid,Wallenius Wilhelmsen pays high dividends in a strong market ,-0.0007873087146516855,0.03611277980660568,0.09367412687999149,0.011377191883122386
HAUTO.OL,2026-08-11 06:45,2026-08-11,pre-open,5,09:00,0.002244894553297048,1,mid,Höegh Autoliners ASA (HAUTO) – July 2026 Trading Update,0.016208626427185794,0.026963189465962004,0.0655098366042646,0.01845352098048282
HAUTO.OL,2026-08-11 06:45,2026-08-11,pre-open,10,09:05,0.005782952535566278,1,mid,Höegh Autoliners ASA (HAUTO) – July 2026 Trading Update,0.012670568444916668,0.0234251314836927,0.06197177862199557,0.01845352098048282
HAUTO.OL,2026-08-11 06:45,2026-08-11,pre-open,15,09:10,0.0005895580776436038,1,mid,Höegh Autoliners ASA (HAUTO) – July 2026 Trading Update,0.017863962902839408,0.028618525941615555,0.06716517307991818,0.01845352098048282
HAUTO.OL,2026-08-11 06:45,2026-08-11,pre-open,30,09:25,-3.082159668055251e-05,-1,mid,Höegh Autoliners ASA (HAUTO) – July 2026 Trading Update,-0.018484342577163564,-0.02923890561593971,-0.06778555275424233,-0.01845352098048282
HAUTO.OL,2026-08-11 06:45,2026-08-11,pre-open,60,09:55,0.01021138837531094,1,mid,Höegh Autoliners ASA (HAUTO) – July 2026 Trading Update,0.008242132605171917,0.018996695643948073,0.057543342782250734,0.01845352098048282
WEST.OL,2026-08-14 16:32,2026-08-17,after-close,5,09:00,-0.03853779750790114,-1,small,Western Bulk - Positioning for a profitable full year 2026,-0.016702753670400795,-0.03105226543327382,-0.013141123166557765,0.021835043837500248
WEST.OL,2026-08-14 16:32,2026-08-17,after-close,10,09:05,-0.03895741432113716,-1,small,Western Bulk - Positioning for a profitable full year 2026,-0.017122370483636812,-0.03147188224650983,-0.013560739979793783,0.021835043837500248
WEST.OL,2026-08-14 16:32,2026-08-17,after-close,15,09:10,-0.039432115889172954,-1,small,Western Bulk - Positioning for a profitable full year 2026,-0.017597072051672605,-0.031946583814545626,-0.014035441547829576,0.021835043837500248
WEST.OL,2026-08-14 16:32,2026-08-17,after-close,30,09:25,-0.03924826329546866,-1,small,Western Bulk - Positioning for a profitable full year 2026,-0.017413219457968313,-0.031762731220841334,-0.013851588954125284,0.021835043837500248
WEST.OL,2026-08-14 16:32,2026-08-17,after-close,60,09:55,-0.03826478801932196,-1,small,Western Bulk - Positioning for a profitable full year 2026,-0.016429744181821613,-0.030779255944694637,-0.012868113677978583,0.021835043837500248
DOFG.OL,2026-08-14 15:19,2026-08-14,intraday,5,15:20,0.0004707890931115136,1,mid,DOF Group ASA - Subsea service contract awards in the APAC region,0.009249098754051496,0.021954101989573604,-0.010891874163140493,0.009719887847163168
DOFG.OL,2026-08-14 15:19,2026-08-14,intraday,10,15:25,0.002286115597043015,1,mid,DOF Group ASA - Subsea service contract awards in the APAC region,0.007433772250120133,0.020138775485642104,-0.012707200667072038,0.009719887847163168
DOFG.OL,2026-08-14 15:19,2026-08-14,intraday,15,15:30,0.0035321970920500602,1,mid,DOF Group ASA - Subsea service contract awards in the APAC region,0.0061876907551130875,0.01889269399063506,-0.013953282162079084,0.009719887847163168
DOFG.OL,2026-08-14 15:19,2026-08-14,intraday,30,15:45,0.006397009795241871,1,mid,DOF Group ASA - Subsea service contract awards in the APAC region,0.0033228780519213917,0.016027881287443334,-0.01681809486527066,0.009719887847163168
DOFG.OL,2026-08-14 15:19,2026-08-14,intraday,60,16:15,0.009719887847163168,1,mid,DOF Group ASA - Subsea service contract awards in the APAC region,0.0,0.012705003235521976,-0.020140972917192107,0.009719887847163168
SBNOR.OL,2026-08-14 14:05,2026-08-14,intraday,5,14:05,-0.0017265403590855494,-1,small,Sparebanken Norge: Issuance of Senior Preferred Bond in SEK,-0.003094626236966113,-0.016994506118360918,0.018317529186861567,-0.001368085877880521
SBNOR.OL,2026-08-14 14:05,2026-08-14,intraday,10,14:10,-0.0015989830676188944,-1,small,Sparebanken Norge: Issuance of Senior Preferred Bond in SEK,-0.002967068945499431,-0.016866948826894136,0.018445086478328168,-0.001368085877880521
SBNOR.OL,2026-08-14 14:05,2026-08-14,intraday,15,14:15,-0.0009536319906904361,-1,small,Sparebanken Norge: Issuance of Senior Preferred Bond in SEK,-0.002321717868571016,-0.016221597749965844,0.019090437555256586,-0.001368085877880521
SBNOR.OL,2026-08-14 14:05,2026-08-14,intraday,30,14:30,-0.0018872488371001832,-1,small,Sparebanken Norge: Issuance of Senior Preferred Bond in SEK,-0.0032553347149806688,-0.017155214596375458,0.018156820708846895,-0.001368085877880521
SBNOR.OL,2026-08-14 14:05,2026-08-14,intraday,60,15:00,-0.0025384532470574756,-1,small,Sparebanken Norge: Issuance of Senior Preferred Bond in SEK,-0.003906539124937992,-0.017806419006332796,0.01750561629888965,-0.001368085877880521
SKUE.OL,2026-08-14 10:37,2026-08-14,intraday,5,10:40,-2.3205964265901602e-05,-1,small,Finansiell kalender,0.006771944689507041,0.004349739013965408,0.016665055981076433,0.006795150653772943
SKUE.OL,2026-08-14 10:37,2026-08-14,intraday,10,10:45,-0.0006813773710106913,-1,small,Finansiell kalender,0.006113773282762251,0.003691567607220618,0.016006884574331644,0.006795150653772943
SKUE.OL,2026-08-14 10:37,2026-08-14,intraday,15,10:50,-0.0002642742696120637,-1,small,Finansiell kalender,0.006530876384160879,0.004108670708619246,0.01642398767573027,0.006795150653772943
SKUE.OL,2026-08-14 10:37,2026-08-14,intraday,30,11:05,0.0009554973291273777,1,small,Finansiell kalender,-0.00775064798290032,-0.005328442307358687,-0.017643759274469713,-0.006795150653772943
SKUE.OL,2026-08-14 10:37,2026-08-14,intraday,60,11:35,-0.010376376389666235,-1,small,Finansiell kalender,-0.0035812257358932963,-0.00600343141143493,0.00631188555567621,0.006795150653772943
MING.OL,2026-08-14 10:32,2026-08-14,intraday,5,10:35,0.0009634612022222332,1,small,SpareBank 1 SMN: Issuance of Tier 2 bonds,-0.0017098903072004143,0.02319818529639131,-0.003977540429243769,-0.0007464291049783657
MING.OL,2026-08-14 10:32,2026-08-14,intraday,10,10:40,0.0003969695856584031,1,small,SpareBank 1 SMN: Issuance of Tier 2 bonds,-0.0011433986906365843,0.02376467691295514,-0.003411048812679939,-0.0007464291049783657
MING.OL,2026-08-14 10:32,2026-08-14,intraday,15,10:45,-1.5214603599712252e-05,-1,small,SpareBank 1 SMN: Issuance of Tier 2 bonds,0.0007312145013785381,-0.024176861102213152,0.002998864623421982,0.0007464291049783657
MING.OL,2026-08-14 10:32,2026-08-14,intraday,30,11:00,0.001795443391342744,1,small,SpareBank 1 SMN: Issuance of Tier 2 bonds,-0.002541872496321108,0.022366203107270617,-0.004809522618364444,-0.0007464291049783657
MING.OL,2026-08-14 10:32,2026-08-14,intraday,60,11:30,-0.0013160274397407976,-1,small,SpareBank 1 SMN: Issuance of Tier 2 bonds,-0.0005695983347624453,-0.02547767393835421,0.001698051787280894,0.0007464291049783657
MING.OL,2026-08-14 10:32,2026-08-14,intraday,5,10:35,0.0009634612022222332,1,small,SpareBank 1 SMN: Utstedelse av ansvarlig obligasjonslån,-0.0017098903072004143,0.02319818529639131,-0.003977540429243769,-0.0007464291049783657
MING.OL,2026-08-14 10:32,2026-08-14,intraday,10,10:40,0.0003969695856584031,1,small,SpareBank 1 SMN: Utstedelse av ansvarlig obligasjonslån,-0.0011433986906365843,0.02376467691295514,-0.003411048812679939,-0.0007464291049783657
MING.OL,2026-08-14 10:32,2026-08-14,intraday,15,10:45,-1.5214603599712252e-05,-1,small,SpareBank 1 SMN: Utstedelse av ansvarlig obligasjonslån,0.0007312145013785381,-0.024176861102213152,0.002998864623421982,0.0007464291049783657
MING.OL,2026-08-14 10:32,2026-08-14,intraday,30,11:00,0.001795443391342744,1,small,SpareBank 1 SMN: Utstedelse av ansvarlig obligasjonslån,-0.002541872496321108,0.022366203107270617,-0.004809522618364444,-0.0007464291049783657
MING.OL,2026-08-14 10:32,2026-08-14,intraday,60,11:30,-0.0013160274397407976,-1,small,SpareBank 1 SMN: Utstedelse av ansvarlig obligasjonslån,-0.0005695983347624453,-0.02547767393835421,0.001698051787280894,0.0007464291049783657
AKVA.OL,2026-08-14 08:00,2026-08-14,pre-open,5,09:00,-0.0019258920900179044,-1,small,AKVA group ASA: Q2 2026 financial reporting,-0.007494024848242221,-0.005463423176385667,0.00696083779048372,-0.005568132758224339
AKVA.OL,2026-08-14 08:00,2026-08-14,pre-open,10,09:05,-0.0023671764556557023,-1,small,AKVA group ASA: Q2 2026 financial reporting,-0.00793530921388002,-0.005904707542023465,0.006519553424845922,-0.005568132758224339
AKVA.OL,2026-08-14 08:00,2026-08-14,pre-open,15,09:10,-0.003809666387818818,-1,small,AKVA group ASA: Q2 2026 financial reporting,-0.009377799146043135,-0.00734719747418658,0.005077063492682807,-0.005568132758224339
AKVA.OL,2026-08-14 08:00,2026-08-14,pre-open,30,09:25,-0.00325721337063382,-1,small,AKVA group ASA: Q2 2026 financial reporting,-0.008825346128858137,-0.0067947444570015825,0.0056295165098678044,-0.005568132758224339
AKVA.OL,2026-08-14 08:00,2026-08-14,pre-open,60,09:55,-0.0013096130212095314,-1,small,AKVA group ASA: Q2 2026 financial reporting,-0.006877745779433848,-0.004847144107577294,0.007577116859292093,-0.005568132758224339
MING.OL,2026-08-14 08:00,2026-08-14,pre-open,5,09:00,0.006479346440882026,1,small,SpareBank 1 SMN: Meldepliktig handel - Spareprogram for ansatte ,-0.009193484668145444,0.015714590935446318,-0.011461134790188785,-0.0027141382272633293
MING.OL,2026-08-14 08:00,2026-08-14,pre-open,10,09:05,0.003838393886966449,1,small,SpareBank 1 SMN: Meldepliktig handel - Spareprogram for ansatte ,-0.006552532114229887,0.0183555434893618,-0.008820182236273361,-0.0027141382272633293
MING.OL,2026-08-14 08:00,2026-08-14,pre-open,15,09:10,-0.0025096735553698834,-1,small,SpareBank 1 SMN: Meldepliktig handel - Spareprogram for ansatte ,0.0002044646718934826,-0.024703610931698216,0.002472114793936951,0.0027141382272633293
MING.OL,2026-08-14 08:00,2026-08-14,pre-open,30,09:25,-0.0024491344783275776,-1,small,SpareBank 1 SMN: Meldepliktig handel - Spareprogram for ansatte ,0.00026500374893564027,-0.024643071854656085,0.002532653870978995,0.0027141382272633293
MING.OL,2026-08-14 08:00,2026-08-14,pre-open,60,09:55,-0.0005015341289032887,-1,small,SpareBank 1 SMN: Meldepliktig handel - Spareprogram for ansatte ,0.002212604098359929,-0.022695471505231796,0.004480254220403284,0.0027141382272633293
CADLR.OL,2026-08-14 08:00,2026-08-14,pre-open,5,09:00,-0.009232148920355704,-1,mid,CADELER A/S: Notice of Upcoming H1 2026 Interim Report Release and Earnings Presentation on 25 Augus,0.007006946497763033,-0.012006854830473845,-0.026329600679828973,0.016239095418118736
CADLR.OL,2026-08-14 08:00,2026-08-14,pre-open,10,09:05,-0.00875306068326367,-1,mid,CADELER A/S: Notice of Upcoming H1 2026 Interim Report Release and Earnings Presentation on 25 Augus,0.007486034734855062,-0.011527766593381792,-0.02585051244273684,0.016239095418118736
CADLR.OL,2026-08-14 08:00,2026-08-14,pre-open,15,09:10,-0.010195550615426785,-1,mid,CADELER A/S: Notice of Upcoming H1 2026 Interim Report Release and Earnings Presentation on 25 Augus,0.006043544802691946,-0.012970256525544907,-0.027293002374899955,0.016239095418118736
CADLR.OL,2026-08-14 08:00,2026-08-14,pre-open,30,09:25,-0.0179571768660182,-1,mid,CADELER A/S: Notice of Upcoming H1 2026 Interim Report Release and Earnings Presentation on 25 Augus,-0.0017180814478993567,-0.020731882776136468,-0.035054628625491434,0.016239095418118736
CADLR.OL,2026-08-14 08:00,2026-08-14,pre-open,60,09:55,-0.01600957651659391,-1,mid,CADELER A/S: Notice of Upcoming H1 2026 Interim Report Release and Earnings Presentation on 25 Augus,0.00022951890152493213,-0.01878428242671218,-0.033107028276067145,0.016239095418118736
SOAG.OL,2026-08-14 07:30,2026-08-14,pre-open,5,09:00,0.013571686741167592,1,small,"Sterk utlånsvekst, godt resultat fra SpareBank 1 Gruppen og kostnadsprogram iverksatt",0.0102273338517838,0.017537208434649253,-0.008125659976579313,0.023799020592951428
SOAG.OL,2026-08-14 07:30,2026-08-14,pre-open,10,09:05,0.013130402375529794,1,small,"Sterk utlånsvekst, godt resultat fra SpareBank 1 Gruppen og kostnadsprogram iverksatt",0.010668618217421598,0.01797849280028705,-0.007684375610941515,0.023799020592951428
SOAG.OL,2026-08-14 07:30,2026-08-14,pre-open,15,09:10,0.011687912443366678,1,small,"Sterk utlånsvekst, godt resultat fra SpareBank 1 Gruppen og kostnadsprogram iverksatt",0.012111108149584713,0.019420982732450166,-0.006241885678778399,0.023799020592951428
SOAG.OL,2026-08-14 07:30,2026-08-14,pre-open,30,09:25,0.012240365460551676,1,small,"Sterk utlånsvekst, godt resultat fra SpareBank 1 Gruppen og kostnadsprogram iverksatt",0.011558655132399715,0.01886852971526517,-0.006794338695963397,0.023799020592951428
SOAG.OL,2026-08-14 07:30,2026-08-14,pre-open,60,09:55,0.01407435073564417,1,small,"Sterk utlånsvekst, godt resultat fra SpareBank 1 Gruppen og kostnadsprogram iverksatt",0.009724669857307083,0.01703454444017253,-0.00862832397105595,0.023799020592951428
HELG.OL,2026-08-14 07:30,2026-08-14,pre-open,5,09:00,-0.0025223177362595777,-1,small,SpareBank 1 Helgeland: Regnskap 2. kvartal 2026,-0.005728412055050595,-0.038560273672175426,0.02637254372499815,-0.0032060943187909915
HELG.OL,2026-08-14 07:30,2026-08-14,pre-open,10,09:05,0.0003122246870303222,1,small,SpareBank 1 Helgeland: Regnskap 2. kvartal 2026,0.0028938696317607655,0.035725731248885444,-0.029207086148287938,0.0032060943187909915
HELG.OL,2026-08-14 07:30,2026-08-14,pre-open,15,09:10,-0.0011302652451327935,-1,small,SpareBank 1 Helgeland: Regnskap 2. kvartal 2026,-0.004336359563923881,-0.03716822118104856,0.027764596216124822,-0.0032060943187909915
HELG.OL,2026-08-14 07:30,2026-08-14,pre-open,30,09:25,0.005191664294148529,1,small,SpareBank 1 Helgeland: Regnskap 2. kvartal 2026,-0.0019855699753575373,0.030846291641767158,-0.0340865257554062,0.0032060943187909915
HELG.OL,2026-08-14 07:30,2026-08-14,pre-open,60,09:55,0.006263447315241338,1,small,SpareBank 1 Helgeland: Regnskap 2. kvartal 2026,-0.003057352996450496,0.02977450862067426,-0.03515830877649906,0.0032060943187909915
POL.OL,2026-08-14 07:00,2026-08-14,pre-open,5,09:00,-0.018548663874506086,-1,small,2. kvartal 2026: Sterk resultatvekst for Polaris Media i andre kvartal,-0.013267236969400364,0.0010731765935549698,0.004364621467108065,0.005281426905105842
POL.OL,2026-08-14 07:00,2026-08-14,pre-open,10,09:05,-0.018989948240143883,-1,small,2. kvartal 2026: Sterk resultatvekst for Polaris Media i andre kvartal,-0.013708521335038162,0.0006318922279171719,0.003923337101470267,0.005281426905105842
POL.OL,2026-08-14 07:00,2026-08-14,pre-open,15,09:10,-0.020432438172307,-1,small,2. kvartal 2026: Sterk resultatvekst for Polaris Media i andre kvartal,-0.015151011267201277,-0.0008105977042459438,0.0024808471693071516,0.005281426905105842
POL.OL,2026-08-14 07:00,2026-08-14,pre-open,30,09:25,-0.019879985155122,-1,small,2. kvartal 2026: Sterk resultatvekst for Polaris Media i andre kvartal,-0.01459855825001628,-0.000258144687060946,0.0030333001864921495,0.005281426905105842
POL.OL,2026-08-14 07:00,2026-08-14,pre-open,60,09:55,-0.05889370309532232,-1,small,2. kvartal 2026: Sterk resultatvekst for Polaris Media i andre kvartal,-0.05361227619021653,-0.03927186262726121,-0.03598041775370812,0.005281426905105842
SATS.OL,2026-08-14 07:00,2026-08-14,pre-open,5,09:00,0.07856731141186728,1,small,"SATS ASA Q2 2026: Growth, margin expansion and continued distributions",0.007982663997960012,0.03619789908666705,0.05203294235879542,0.08654997540982727
SATS.OL,2026-08-14 07:00,2026-08-14,pre-open,10,09:05,0.08942558230016293,1,small,"SATS ASA Q2 2026: Growth, margin expansion and continued distributions",-0.002875606890335655,0.025339628198371395,0.04117467147049991,0.08654997540982727
SATS.OL,2026-08-14 07:00,2026-08-14,pre-open,15,09:10,0.08121870954053113,1,small,"SATS ASA Q2 2026: Growth, margin expansion and continued distributions",0.005331265869296015,0.03354650095800311,0.04938154423013173,0.08654997540982727
SATS.OL,2026-08-14 07:00,2026-08-14,pre-open,30,09:25,0.08741133533689592,1,small,"SATS ASA Q2 2026: Growth, margin expansion and continued distributions",-0.0008613599270687025,0.027353875161638407,0.043188918433766946,0.08654997540982727
SATS.OL,2026-08-14 07:00,2026-08-14,pre-open,60,09:55,0.08145370441478549,1,small,"SATS ASA Q2 2026: Growth, margin expansion and continued distributions",0.005096270995041776,0.03331150608374887,0.04914654935587734,0.08654997540982727
VEI.OL,2026-08-14 07:00,2026-08-14,pre-open,5,09:00,0.05918191817279664,1,small,Veidekke: Q2 2026 results,-0.014322489741681224,0.017994289489584037,-0.0008273288552087515,0.04485942843111557
VEI.OL,2026-08-14 07:00,2026-08-14,pre-open,10,09:05,0.06370342314928783,1,small,Veidekke: Q2 2026 results,-0.01884399471817243,0.013472784513092929,-0.005348833831699914,0.04485942843111557
VEI.OL,2026-08-14 07:00,2026-08-14,pre-open,15,09:10,0.059782617202657734,1,small,Veidekke: Q2 2026 results,-0.014923188771542268,0.01739359045972317,-0.0014280278850697554,0.04485942843111557
VEI.OL,2026-08-14 07:00,2026-08-14,pre-open,30,09:25,0.05535993557972897,1,small,Veidekke: Q2 2026 results,-0.010500507148613418,0.021816272082651963,0.0029946537378590845,0.04485942843111557
VEI.OL,2026-08-14 07:00,2026-08-14,pre-open,60,09:55,0.04979811390702173,1,small,Veidekke: Q2 2026 results,-0.004938685475906218,0.02737809375535902,0.00855647541056636,0.04485942843111557
VEI.OL,2026-08-14 07:00,2026-08-14,pre-open,5,09:00,0.05918191817279664,1,small,Veidekke: Resultat for andre kvartal 2026,-0.014322489741681224,0.017994289489584037,-0.0008273288552087515,0.04485942843111557
VEI.OL,2026-08-14 07:00,2026-08-14,pre-open,10,09:05,0.06370342314928783,1,small,Veidekke: Resultat for andre kvartal 2026,-0.01884399471817243,0.013472784513092929,-0.005348833831699914,0.04485942843111557
VEI.OL,2026-08-14 07:00,2026-08-14,pre-open,15,09:10,0.059782617202657734,1,small,Veidekke: Resultat for andre kvartal 2026,-0.014923188771542268,0.01739359045972317,-0.0014280278850697554,0.04485942843111557
VEI.OL,2026-08-14 07:00,2026-08-14,pre-open,30,09:25,0.05535993557972897,1,small,Veidekke: Resultat for andre kvartal 2026,-0.010500507148613418,0.021816272082651963,0.0029946537378590845,0.04485942843111557
VEI.OL,2026-08-14 07:00,2026-08-14,pre-open,60,09:55,0.04979811390702173,1,small,Veidekke: Resultat for andre kvartal 2026,-0.004938685475906218,0.02737809375535902,0.00855647541056636,0.04485942843111557
ZAL.OL,2026-08-14 07:00,2026-08-14,pre-open,60,09:55,-0.021400642297241,-1,small,Zalaris ASA: Revenue stable in constant currency; reported EBIT affected by transaction-related cost,0.003933170324781826,-0.034829192836297214,-0.02643950212895601,0.025333812622022826
BWLPG.OL,2026-08-14 07:00,2026-08-14,pre-open,5,09:00,-0.01589894417669626,-1,mid,BW LPG Limited   Q2 2026 Financial Report Release and Earnings Presentation on 28 August 2026,-0.009828780644047286,-0.03266321939801677,-0.07352235436414169,0.006070163532649072
BWLPG.OL,2026-08-14 07:00,2026-08-14,pre-open,10,09:05,-0.011625462754306261,-1,mid,BW LPG Limited   Q2 2026 Financial Report Release and Earnings Presentation on 28 August 2026,-0.0055552992216572165,-0.028389737975626873,-0.06924887294175171,0.006070163532649072
BWLPG.OL,2026-08-14 07:00,2026-08-14,pre-open,15,09:10,-0.010249769325604563,-1,mid,BW LPG Limited   Q2 2026 Financial Report Release and Earnings Presentation on 28 August 2026,-0.004179605792955663,-0.02701404454692515,-0.06787317951305008,0.006070163532649072
BWLPG.OL,2026-08-14 07:00,2026-08-14,pre-open,30,09:25,-0.017230265457312176,-1,mid,BW LPG Limited   Q2 2026 Financial Report Release and Earnings Presentation on 28 August 2026,-0.011160101924663202,-0.03399454067863269,-0.0748536756447576,0.006070163532649072
BWLPG.OL,2026-08-14 07:00,2026-08-14,pre-open,60,09:55,-0.01907056279238699,-1,mid,BW LPG Limited   Q2 2026 Financial Report Release and Earnings Presentation on 28 August 2026,-0.013000399259737987,-0.03583483801370758,-0.07669397297983249,0.006070163532649072
SATS.OL,2026-08-14 07:00,2026-08-14,pre-open,5,09:00,0.07856731141186728,1,small,Pressemelding Q2 2026: SATS leverer sterk vekst - driftsresultatet opp 23 prosent i andre kvartal,0.007982663997960012,0.03619789908666705,0.05203294235879542,0.08654997540982727
SATS.OL,2026-08-14 07:00,2026-08-14,pre-open,10,09:05,0.08942558230016293,1,small,Pressemelding Q2 2026: SATS leverer sterk vekst - driftsresultatet opp 23 prosent i andre kvartal,-0.002875606890335655,0.025339628198371395,0.04117467147049991,0.08654997540982727
SATS.OL,2026-08-14 07:00,2026-08-14,pre-open,15,09:10,0.08121870954053113,1,small,Pressemelding Q2 2026: SATS leverer sterk vekst - driftsresultatet opp 23 prosent i andre kvartal,0.005331265869296015,0.03354650095800311,0.04938154423013173,0.08654997540982727
SATS.OL,2026-08-14 07:00,2026-08-14,pre-open,30,09:25,0.08741133533689592,1,small,Pressemelding Q2 2026: SATS leverer sterk vekst - driftsresultatet opp 23 prosent i andre kvartal,-0.0008613599270687025,0.027353875161638407,0.043188918433766946,0.08654997540982727
SATS.OL,2026-08-14 07:00,2026-08-14,pre-open,60,09:55,0.08145370441478549,1,small,Pressemelding Q2 2026: SATS leverer sterk vekst - driftsresultatet opp 23 prosent i andre kvartal,0.005096270995041776,0.03331150608374887,0.04914654935587734,0.08654997540982727
DNO.OL,2026-08-19 19:03,2026-08-20,after-close,5,09:00,-0.0009120784215174227,-1,mid,"DNO Divests Côte d'Ivoire Business, Streamlines Portfolio and Realizes Strong Returns",-0.015192500813366594,0.024784838887258173,0.07505323100791014,-0.014280422391849191
DNO.OL,2026-08-19 19:03,2026-08-20,after-close,10,09:05,0.00018679294568338996,1,mid,"DNO Divests Côte d'Ivoire Business, Streamlines Portfolio and Realizes Strong Returns",0.014093629446165781,-0.025883710254458986,-0.07615210237511096,0.014280422391849191
DNO.OL,2026-08-19 19:03,2026-08-20,after-close,15,09:10,0.00480786804268226,1,mid,"DNO Divests Côte d'Ivoire Business, Streamlines Portfolio and Realizes Strong Returns",0.009472554349166967,-0.03050478535145789,-0.08077317747210971,0.014280422391849191
DNO.OL,2026-08-19 19:03,2026-08-20,after-close,30,09:25,0.006518107554247718,1,mid,"DNO Divests Côte d'Ivoire Business, Streamlines Portfolio and Realizes Strong Returns",0.007762314837601416,-0.03221502486302334,-0.08248341698367524,0.014280422391849191
DNO.OL,2026-08-19 19:03,2026-08-20,after-close,60,09:55,0.01331350213304619,1,mid,"DNO Divests Côte d'Ivoire Business, Streamlines Portfolio and Realizes Strong Returns",0.0009669202588029986,-0.03901041944182187,-0.08927881156247375,0.014280422391849191
PEN.OL,2026-08-19 18:59,2026-08-20,after-close,5,09:00,-0.049966973879547294,-1,small,Panoro Energy to Acquire Côte d'Ivoire Producing Asset from DNO,-0.04900906157536406,-0.02500577825668386,-0.02224711321917027,0.0009579123041831574
PEN.OL,2026-08-19 18:59,2026-08-20,after-close,10,09:05,-0.05064276647662773,-1,small,Panoro Energy to Acquire Côte d'Ivoire Producing Asset from DNO,-0.04968485417244447,-0.025681570853764123,-0.022922905816250852,0.0009579123041831574
PEN.OL,2026-08-19 18:59,2026-08-20,after-close,15,09:10,-0.04287639923424416,-1,small,Panoro Energy to Acquire Côte d'Ivoire Producing Asset from DNO,-0.04191848693006105,-0.017915203611380756,-0.015156538573867132,0.0009579123041831574
PEN.OL,2026-08-19 18:59,2026-08-20,after-close,30,09:25,-0.04210585325460141,-1,small,Panoro Energy to Acquire Côte d'Ivoire Producing Asset from DNO,-0.041147940950418266,-0.017144657631738044,-0.014385992594224399,0.0009579123041831574
PEN.OL,2026-08-19 18:59,2026-08-20,after-close,60,09:55,-0.047778125771322344,-1,small,Panoro Energy to Acquire Côte d'Ivoire Producing Asset from DNO,-0.046820213467139084,-0.022816930148458738,-0.020058265110945467,0.0009579123041831574
KMAR.OL,2026-08-19 16:08,2026-08-19,intraday,5,16:10,0.0003024150299902835,1,mid,Kongsberg Maritime ASA: Successful placement of new senior unsecured bonds,0.0008186527677436237,0.006166320454804113,0.015872360463831045,0.0011210677977340816
KMAR.OL,2026-08-19 16:08,2026-08-19,intraday,10,16:15,0.0011210677977340816,1,mid,Kongsberg Maritime ASA: Successful placement of new senior unsecured bonds,0.0,0.005347667687060448,0.015053707696087458,0.0011210677977340816
AUTO.OL,2026-08-19 14:58,2026-08-19,intraday,5,15:00,0.0009645505947425695,1,mid,AutoStore Holdings Ltd. - Settlement of PSUs and RSUs- Long-term incentive plan 2023,-0.013554159436092013,-0.03099978515004806,-0.018808149320244785,-0.012589608841349485
AUTO.OL,2026-08-19 14:58,2026-08-19,intraday,10,15:05,0.0006403997984648774,1,mid,AutoStore Holdings Ltd. - Settlement of PSUs and RSUs- Long-term incentive plan 2023,-0.013230008639814363,-0.030675634353770333,-0.018483998523967118,-0.012589608841349485
AUTO.OL,2026-08-19 14:58,2026-08-19,intraday,15,15:10,0.001863807949811211,1,mid,AutoStore Holdings Ltd. - Settlement of PSUs and RSUs- Long-term incentive plan 2023,-0.014453416791160696,-0.031899042505116666,-0.01970740667531345,-0.012589608841349485
AUTO.OL,2026-08-19 14:58,2026-08-19,intraday,30,15:25,-0.002929402758854245,-1,mid,AutoStore Holdings Ltd. - Settlement of PSUs and RSUs- Long-term incentive plan 2023,0.009660206082495189,0.027105831796451214,0.014914195966648083,0.012589608841349485
AUTO.OL,2026-08-19 14:58,2026-08-19,intraday,60,15:55,-0.009377381461658634,-1,mid,AutoStore Holdings Ltd. - Settlement of PSUs and RSUs- Long-term incentive plan 2023,0.003212227379690894,0.020657853093646875,0.008466217263843674,0.012589608841349485
HAVI.OL,2026-08-19 14:35,2026-08-19,intraday,5,14:40,-0.0468238951774932,-1,small,Havila Shipping ASA: Regnskap for andre kvartal 2026,-0.024317765163694407,0.004819041153706852,0.0313981098252441,0.02250613001379875
HAVI.OL,2026-08-19 14:35,2026-08-19,intraday,10,14:45,-0.028755713398507854,-1,small,Havila Shipping ASA: Regnskap for andre kvartal 2026,-0.006249583384708984,0.022887222932692266,0.04946629160422952,0.02250613001379875
HAVI.OL,2026-08-19 14:35,2026-08-19,intraday,15,14:50,0.018454926898313743,1,small,Havila Shipping ASA: Regnskap for andre kvartal 2026,-0.04096105691211257,-0.07009786322951383,-0.09667693190105109,-0.02250613001379875
HAVI.OL,2026-08-19 14:35,2026-08-19,intraday,30,15:05,0.01909532669677862,1,small,Havila Shipping ASA: Regnskap for andre kvartal 2026,-0.041601456710577446,-0.07073826302797871,-0.09731733169951597,-0.02250613001379875
HAVI.OL,2026-08-19 14:35,2026-08-19,intraday,60,15:35,-0.06519812859030173,-1,small,Havila Shipping ASA: Regnskap for andre kvartal 2026,-0.042691998576502944,-0.013555192259101677,0.013023876412435577,0.02250613001379875
HAVI.OL,2026-08-19 14:35,2026-08-19,intraday,5,14:40,-0.0468238951774932,-1,small,Havila Shipping ASA: Second quarter 2026 account ,-0.024317765163694407,0.004819041153706852,0.0313981098252441,0.02250613001379875
HAVI.OL,2026-08-19 14:35,2026-08-19,intraday,10,14:45,-0.028755713398507854,-1,small,Havila Shipping ASA: Second quarter 2026 account ,-0.006249583384708984,0.022887222932692266,0.04946629160422952,0.02250613001379875
HAVI.OL,2026-08-19 14:35,2026-08-19,intraday,15,14:50,0.018454926898313743,1,small,Havila Shipping ASA: Second quarter 2026 account ,-0.04096105691211257,-0.07009786322951383,-0.09667693190105109,-0.02250613001379875
HAVI.OL,2026-08-19 14:35,2026-08-19,intraday,30,15:05,0.01909532669677862,1,small,Havila Shipping ASA: Second quarter 2026 account ,-0.041601456710577446,-0.07073826302797871,-0.09731733169951597,-0.02250613001379875
HAVI.OL,2026-08-19 14:35,2026-08-19,intraday,60,15:35,-0.06519812859030173,-1,small,Havila Shipping ASA: Second quarter 2026 account ,-0.042691998576502944,-0.013555192259101677,0.013023876412435577,0.02250613001379875
AKRBP.OL,2026-08-19 10:05,2026-08-19,intraday,5,10:10,-0.0007088941325939101,-1,large,Aker BP acquires interests in the Losgann/Froskelår and Slagugle discoveries,-0.0022288418755538686,-0.01785736248463166,0.04101699994991628,-0.001519947742959913
AKRBP.OL,2026-08-19 10:05,2026-08-19,intraday,10,10:15,-0.0026586836204142788,-1,large,Aker BP acquires interests in the Losgann/Froskelår and Slagugle discoveries,-0.004178631363374338,-0.01980715197245216,0.039067210462095894,-0.001519947742959913
AKRBP.OL,2026-08-19 10:05,2026-08-19,intraday,15,10:20,-0.0036103521423897274,-1,large,Aker BP acquires interests in the Losgann/Froskelår and Slagugle discoveries,-0.00513029988534971,-0.02075882049442753,0.03811554194012052,-0.001519947742959913
AKRBP.OL,2026-08-19 10:05,2026-08-19,intraday,30,10:35,-0.0035066567939732373,-1,large,Aker BP acquires interests in the Losgann/Froskelår and Slagugle discoveries,-0.005026604536933276,-0.020655125146011213,0.038219237288536885,-0.001519947742959913
AKRBP.OL,2026-08-19 10:05,2026-08-19,intraday,60,11:05,0.0011280770795656933,1,large,Aker BP acquires interests in the Losgann/Froskelår and Slagugle discoveries,0.0003918706633941544,0.016020391272472095,-0.04285397116207593,0.001519947742959913
BINT.OL,2026-08-19 08:00,2026-08-19,pre-open,5,09:00,0.006794977728269036,1,small,Strong earnings improvement and cash generation for BEWI ASA,0.037448687768139456,-0.0020048644636152663,-0.016157865888425587,0.04424366549640849
BINT.OL,2026-08-19 08:00,2026-08-19,pre-open,10,09:05,0.053180757289757484,1,small,Strong earnings improvement and cash generation for BEWI ASA,-0.00893709179334886,-0.04839064402510368,-0.06254364544991406,0.04424366549640849
BINT.OL,2026-08-19 08:00,2026-08-19,pre-open,15,09:10,0.04838280961690188,1,small,Strong earnings improvement and cash generation for BEWI ASA,-0.00413914412049339,-0.0435926963522481,-0.05774569777705856,0.04424366549640849
BINT.OL,2026-08-19 08:00,2026-08-19,pre-open,30,09:25,0.045838164798943586,1,small,Strong earnings improvement and cash generation for BEWI ASA,-0.0015944993025350934,-0.0410480515342898,-0.055201052959100265,0.04424366549640849
BINT.OL,2026-08-19 08:00,2026-08-19,pre-open,60,09:55,0.05102882153944326,1,small,Strong earnings improvement and cash generation for BEWI ASA,-0.006785156043034638,-0.04623870827478946,-0.06039170969959984,0.04424366549640849
MING.OL,2026-08-19 08:00,2026-08-19,pre-open,5,09:00,-0.010319338773760307,-1,small,SpareBank 1 SMN: Meldepliktig handel - Spareprogram for ansatte ,-0.0035557115921052967,-0.00572960006276455,-0.01860891717518335,0.006763627181655029
MING.OL,2026-08-19 08:00,2026-08-19,pre-open,10,09:05,-0.009408500324739326,-1,small,SpareBank 1 SMN: Meldepliktig handel - Spareprogram for ansatte ,-0.0026448731430842266,-0.004818761613743606,-0.017698078726162594,0.006763627181655029
MING.OL,2026-08-19 08:00,2026-08-19,pre-open,15,09:10,-0.00980005221587677,-1,small,SpareBank 1 SMN: Meldepliktig handel - Spareprogram for ansatte ,-0.0030364250342217397,-0.005210313504880997,-0.018089630617299964,0.006763627181655029
MING.OL,2026-08-19 08:00,2026-08-19,pre-open,30,09:25,-0.008626760034215376,-1,small,SpareBank 1 SMN: Meldepliktig handel - Spareprogram for ansatte ,-0.0018631328525602993,-0.004037021323219537,-0.016916338435638438,0.006763627181655029
MING.OL,2026-08-19 08:00,2026-08-19,pre-open,60,09:55,-0.006852227942445659,-1,small,SpareBank 1 SMN: Meldepliktig handel - Spareprogram for ansatte ,-8.860076079050729e-05,-0.00226248923144991,-0.015141806343868872,0.006763627181655029
TRMED.OL,2026-08-19 07:00,2026-08-19,pre-open,5,09:00,0.005037673896183861,1,small,Thor Medical's AlphaOne Facility to be Officially Opened by Norwegian Prime Minister Jonas Gahr Stør,-0.013859838912687215,0.10301850042718018,0.16636825620344908,-0.008822165016503361
TRMED.OL,2026-08-19 07:00,2026-08-19,pre-open,10,09:05,0.002962176660357922,1,small,Thor Medical's AlphaOne Facility to be Officially Opened by Norwegian Prime Minister Jonas Gahr Stør,-0.011784341676861165,0.10509399766300631,0.16844375343927526,-0.008822165016503361
TRMED.OL,2026-08-19 07:00,2026-08-19,pre-open,15,09:10,0.0023222549647853486,1,small,Thor Medical's AlphaOne Facility to be Officially Opened by Norwegian Prime Minister Jonas Gahr Stør,-0.011144419981288591,0.10573391935857888,0.16908367513484784,-0.008822165016503361
TRMED.OL,2026-08-19 07:00,2026-08-19,pre-open,30,09:25,-0.0019691551966029425,-1,small,Thor Medical's AlphaOne Facility to be Officially Opened by Norwegian Prime Minister Jonas Gahr Stør,0.0068530098199004194,-0.11002532951996719,-0.17337508529623602,0.008822165016503361
TRMED.OL,2026-08-19 07:00,2026-08-19,pre-open,60,09:55,-0.0009365244333862932,-1,small,Thor Medical's AlphaOne Facility to be Officially Opened by Norwegian Prime Minister Jonas Gahr Stør,0.007885640583117068,-0.10899269875675054,-0.17234245453301938,0.008822165016503361
DOFG.OL,2026-08-19 07:00,2026-08-19,pre-open,5,09:00,-0.004233112750708494,-1,mid,DOF Group ASA - Financial Report for 2nd quarter 2026,0.03676615052537761,0.03809239437238701,0.062373700163733725,0.04099926327608619
DOFG.OL,2026-08-19 07:00,2026-08-19,pre-open,10,09:05,-0.008922323375766827,-1,mid,DOF Group ASA - Financial Report for 2nd quarter 2026,0.03207693990031932,0.03340318374732873,0.05768448953867544,0.04099926327608619
DOFG.OL,2026-08-19 07:00,2026-08-19,pre-open,15,09:10,-0.008107610581889054,-1,mid,DOF Group ASA - Financial Report for 2nd quarter 2026,0.032891652694197124,0.03421789654120648,0.05849920233255317,0.04099926327608619
DOFG.OL,2026-08-19 07:00,2026-08-19,pre-open,30,09:25,-0.01356353220738275,-1,mid,DOF Group ASA - Financial Report for 2nd quarter 2026,0.027435731068703412,0.02876197491571277,0.053043280707059444,0.04099926327608619
DOFG.OL,2026-08-19 07:00,2026-08-19,pre-open,60,09:55,-0.017645979867803505,-1,mid,DOF Group ASA - Financial Report for 2nd quarter 2026,0.023353283408282677,0.024679527255292055,0.048960833046638744,0.04099926327608619
CLOUD.OL,2026-08-19 07:00,2026-08-19,pre-open,5,09:00,0.004475529068488027,1,small,Cloudberry Clean Energy ASA | Second quarter 2026 report,-0.0036500422414054035,-0.033825356659081346,-0.03950816268263353,0.0008254868270827316
CLOUD.OL,2026-08-19 07:00,2026-08-19,pre-open,10,09:05,0.004143668233897543,1,small,Cloudberry Clean Energy ASA | Second quarter 2026 report,-0.00331818140681492,-0.03349349582449086,-0.03917630184804305,0.0008254868270827316
CLOUD.OL,2026-08-19 07:00,2026-08-19,pre-open,15,09:10,0.00350374653832497,1,small,Cloudberry Clean Energy ASA | Second quarter 2026 report,-0.002678259711242347,-0.03285357412891829,-0.038536380152470476,0.0008254868270827316
CLOUD.OL,2026-08-19 07:00,2026-08-19,pre-open,30,09:25,0.002419986129617825,1,small,Cloudberry Clean Energy ASA | Second quarter 2026 report,-0.0015944993025350934,-0.03176981372021102,-0.03745261974376324,0.0008254868270827316
CLOUD.OL,2026-08-19 07:00,2026-08-19,pre-open,60,09:55,0.00491143974148829,1,small,Cloudberry Clean Energy ASA | Second quarter 2026 report,-0.004085952914405487,-0.03426126733208151,-0.03994407335563369,0.0008254868270827316
TGS.OL,2026-08-19 07:00,2026-08-19,pre-open,5,09:00,0.01807659585438817,1,mid,TGS Awarded Streamer Contract ,-0.02164025035352622,-0.012719247451950601,-0.09475844210628923,-0.003563654499138036
TGS.OL,2026-08-19 07:00,2026-08-19,pre-open,10,09:05,0.017744735019797685,1,mid,TGS Awarded Streamer Contract ,-0.021308389518935735,-0.012387386617360118,-0.09442658127169874,-0.003563654499138036
TGS.OL,2026-08-19 07:00,2026-08-19,pre-open,15,09:10,0.012819048881985666,1,mid,TGS Awarded Streamer Contract ,-0.016382703381123624,-0.007461700479547981,-0.08950089513388658,-0.003563654499138036
TGS.OL,2026-08-19 07:00,2026-08-19,pre-open,30,09:25,0.014560168506266815,1,mid,TGS Awarded Streamer Contract ,-0.018123823005404865,-0.009202820103829248,-0.09124201475816787,-0.003563654499138036
TGS.OL,2026-08-19 07:00,2026-08-19,pre-open,60,09:55,0.011307034827244019,1,mid,TGS Awarded Streamer Contract ,-0.014870689326381975,-0.005949686424806333,-0.08798888107914493,-0.003563654499138036
ELMRA.OL,2026-08-19 07:00,2026-08-19,pre-open,5,09:00,0.0015472721515184112,1,small,Elmera Group ASA: Q2 2026 results – Strong quarter with customer growth and solid YoY improvement in,-0.005110926650656447,-0.00488347792048574,-0.02484996789074434,-0.003563654499138036
ELMRA.OL,2026-08-19 07:00,2026-08-19,pre-open,10,09:05,0.001215411316927928,1,small,Elmera Group ASA: Q2 2026 results – Strong quarter with customer growth and solid YoY improvement in,-0.004779065816065964,-0.004551617085895257,-0.024518107056153857,-0.003563654499138036
ELMRA.OL,2026-08-19 07:00,2026-08-19,pre-open,15,09:10,0.0005754896213553545,1,small,Elmera Group ASA: Q2 2026 results – Strong quarter with customer growth and solid YoY improvement in,-0.00413914412049339,-0.003911695390322684,-0.023878185360581283,-0.003563654499138036
ELMRA.OL,2026-08-19 07:00,2026-08-19,pre-open,30,09:25,-0.0019691551966029425,-1,small,Elmera Group ASA: Q2 2026 results – Strong quarter with customer growth and solid YoY improvement in,0.0015944993025350934,0.0013670505723643862,0.021333540542622986,0.003563654499138036
ELMRA.OL,2026-08-19 07:00,2026-08-19,pre-open,60,09:55,-0.0009365244333862932,-1,small,Elmera Group ASA: Q2 2026 results – Strong quarter with customer growth and solid YoY improvement in,0.0026271300657517427,0.0023996813355810355,0.022366171305839636,0.003563654499138036
ZAP.OL,2026-08-19 07:00,2026-08-19,pre-open,5,09:00,0.041779634608146494,1,small,Zaptec ASA: Second quarter 2026 financial results,-0.014252702037253462,-0.007758878902437901,0.00750717096055277,0.027526932570893146
ZAP.OL,2026-08-19 07:00,2026-08-19,pre-open,10,09:05,0.033325870733383195,1,small,Zaptec ASA: Second quarter 2026 financial results,-0.005798938162490183,0.0006948849723252956,0.015960934835316104,0.027526932570893146
ZAP.OL,2026-08-19 07:00,2026-08-19,pre-open,15,09:10,0.04181844815540436,1,small,Zaptec ASA: Second quarter 2026 financial results,-0.014291515584511352,-0.007797692449695928,0.007468357413294852,0.027526932570893146
ZAP.OL,2026-08-19 07:00,2026-08-19,pre-open,30,09:25,0.043306082216278914,1,small,Zaptec ASA: Second quarter 2026 financial results,-0.015779149645385796,-0.009285326510570405,0.005980723352420343,0.027526932570893146
ZAP.OL,2026-08-19 07:00,2026-08-19,pre-open,60,09:55,0.05035676995416419,1,small,Zaptec ASA: Second quarter 2026 financial results,-0.02282983738327121,-0.01633601424845567,-0.0010699643854649617,0.027526932570893146
AUSS.OL,2026-08-19 07:00,2026-08-19,pre-open,5,09:00,-0.02699213757536801,-1,small,Austevoll Seafood ASA: Financial report Q2 and H1 2026,0.0014986960507841016,-0.010491273885429022,-0.055172819841000476,0.028490833626152214
AUSS.OL,2026-08-19 07:00,2026-08-19,pre-open,10,09:05,-0.034587934193546756,-1,small,Austevoll Seafood ASA: Financial report Q2 and H1 2026,-0.006097100567394613,-0.018087070503607562,-0.06276861645917915,0.028490833626152214
AUSS.OL,2026-08-19 07:00,2026-08-19,pre-open,15,09:10,-0.02675839285644163,-1,small,Austevoll Seafood ASA: Financial report Q2 and H1 2026,0.0017324407697104998,-0.010257529166502554,-0.05493907512207406,0.028490833626152214
AUSS.OL,2026-08-19 07:00,2026-08-19,pre-open,30,09:25,-0.022100143632482187,-1,small,Austevoll Seafood ASA: Financial report Q2 and H1 2026,0.006390689993670017,-0.005599279942543115,-0.050280825898114556,0.028490833626152214
AUSS.OL,2026-08-19 07:00,2026-08-19,pre-open,60,09:55,-0.02706633120833928,-1,small,Austevoll Seafood ASA: Financial report Q2 and H1 2026,0.0014245024178128278,-0.010565467518400328,-0.055247013473971804,0.028490833626152214
LSG.OL,2026-08-19 06:30,2026-08-19,pre-open,5,09:00,-0.023832345973497093,-1,small,Lerøy Seafood Group ASA: Resultat andre kvartal 2026,-0.012042171496366494,-0.028934649859198712,-0.10344451264306366,0.011790174477130586
LSG.OL,2026-08-19 06:30,2026-08-19,pre-open,10,09:05,-0.02713447961111336,-1,small,Lerøy Seafood Group ASA: Resultat andre kvartal 2026,-0.015344305133982685,-0.03223678349681512,-0.10674664628067984,0.011790174477130586
LSG.OL,2026-08-19 06:30,2026-08-19,pre-open,15,09:10,-0.018889826421307016,-1,small,Lerøy Seafood Group ASA: Resultat andre kvartal 2026,-0.007099651944176522,-0.0239921303070088,-0.09850199309087355,0.011790174477130586
LSG.OL,2026-08-19 06:30,2026-08-19,pre-open,30,09:25,-0.014090515728947792,-1,small,Lerøy Seafood Group ASA: Resultat andre kvartal 2026,-0.0023003412518171626,-0.019192819614649456,-0.09370268239851426,0.011790174477130586
LSG.OL,2026-08-19 06:30,2026-08-19,pre-open,60,09:55,-0.015988979646526832,-1,small,Lerøy Seafood Group ASA: Resultat andre kvartal 2026,-0.004198805169396158,-0.021091283532228618,-0.09560114631609344,0.011790174477130586
LSG.OL,2026-08-19 06:30,2026-08-19,pre-open,5,09:00,-0.023832345973497093,-1,small,Lerøy Seafood Group ASA: Q2 2026 Results,-0.012042171496366494,-0.028934649859198712,-0.10344451264306366,0.011790174477130586
LSG.OL,2026-08-19 06:30,2026-08-19,pre-open,10,09:05,-0.02713447961111336,-1,small,Lerøy Seafood Group ASA: Q2 2026 Results,-0.015344305133982685,-0.03223678349681512,-0.10674664628067984,0.011790174477130586
LSG.OL,2026-08-19 06:30,2026-08-19,pre-open,15,09:10,-0.018889826421307016,-1,small,Lerøy Seafood Group ASA: Q2 2026 Results,-0.007099651944176522,-0.0239921303070088,-0.09850199309087355,0.011790174477130586
LSG.OL,2026-08-19 06:30,2026-08-19,pre-open,30,09:25,-0.014090515728947792,-1,small,Lerøy Seafood Group ASA: Q2 2026 Results,-0.0023003412518171626,-0.019192819614649456,-0.09370268239851426,0.011790174477130586
LSG.OL,2026-08-19 06:30,2026-08-19,pre-open,60,09:55,-0.015988979646526832,-1,small,Lerøy Seafood Group ASA: Q2 2026 Results,-0.004198805169396158,-0.021091283532228618,-0.09560114631609344,0.011790174477130586
BOUV.OL,2026-08-19 06:00,2026-08-19,pre-open,5,09:00,0.08525478696970583,1,small,Bouvet ASA - God fart og solid lønnsomhet,0.05210696583468235,0.0695804164734196,0.02799639963850558,0.13736175280438823
BOUV.OL,2026-08-19 06:00,2026-08-19,pre-open,10,09:05,0.09768902449131961,1,small,Bouvet ASA - God fart og solid lønnsomhet,0.03967272831306872,0.057146178951805945,0.015562162116891952,0.13736175280438823
BOUV.OL,2026-08-19 06:00,2026-08-19,pre-open,15,09:10,0.10337155260875222,1,small,Bouvet ASA - God fart og solid lønnsomhet,0.03399020019563593,0.05146365083437304,0.00987963399945916,0.13736175280438823
BOUV.OL,2026-08-19 06:00,2026-08-19,pre-open,30,09:25,0.09872388965029527,1,small,Bouvet ASA - God fart og solid lønnsomhet,0.03863786315409299,0.05611131379283024,0.01452729695791622,0.13736175280438823
BOUV.OL,2026-08-19 06:00,2026-08-19,pre-open,60,09:55,0.09764907026548468,1,small,Bouvet ASA - God fart og solid lønnsomhet,0.0397126825389035,0.057186133177640666,0.015602116342726728,0.13736175280438823
BOUV.OL,2026-08-19 06:00,2026-08-19,pre-open,5,09:00,0.08525478696970583,1,small,Bouvet ASA - Strong momentum and robust profitability,0.05210696583468235,0.0695804164734196,0.02799639963850558,0.13736175280438823
BOUV.OL,2026-08-19 06:00,2026-08-19,pre-open,10,09:05,0.09768902449131961,1,small,Bouvet ASA - Strong momentum and robust profitability,0.03967272831306872,0.057146178951805945,0.015562162116891952,0.13736175280438823
BOUV.OL,2026-08-19 06:00,2026-08-19,pre-open,15,09:10,0.10337155260875222,1,small,Bouvet ASA - Strong momentum and robust profitability,0.03399020019563593,0.05146365083437304,0.00987963399945916,0.13736175280438823
BOUV.OL,2026-08-19 06:00,2026-08-19,pre-open,30,09:25,0.09872388965029527,1,small,Bouvet ASA - Strong momentum and robust profitability,0.03863786315409299,0.05611131379283024,0.01452729695791622,0.13736175280438823
BOUV.OL,2026-08-19 06:00,2026-08-19,pre-open,60,09:55,0.09764907026548468,1,small,Bouvet ASA - Strong momentum and robust profitability,0.0397126825389035,0.057186133177640666,0.015602116342726728,0.13736175280438823
LINK.OL,2026-08-19 06:00,2026-08-19,pre-open,5,09:00,-0.029860888839683034,-1,small,LINK Mobility – Q2 2026 – Return to organic gross profit growth and 2H guidance reiterated,-0.008031904260677744,0.03672620278980211,0.04411792921114755,0.021828984579005194
LINK.OL,2026-08-19 06:00,2026-08-19,pre-open,10,09:05,-0.030192749674273517,-1,small,LINK Mobility – Q2 2026 – Return to organic gross profit growth and 2H guidance reiterated,-0.008363765095268228,0.03639434195521163,0.04378606837655707,0.021828984579005194
LINK.OL,2026-08-19 06:00,2026-08-19,pre-open,15,09:10,-0.01999669933477532,-1,small,LINK Mobility – Q2 2026 – Return to organic gross profit growth and 2H guidance reiterated,0.0018322852442299,0.0465903922947098,0.05398211871605531,0.021828984579005194
LINK.OL,2026-08-19 06:00,2026-08-19,pre-open,30,09:25,-0.021002847098216964,-1,small,LINK Mobility – Q2 2026 – Return to organic gross profit growth and 2H guidance reiterated,0.0008261374807884068,0.04558424453126824,0.052975970952613714,0.021828984579005194
LINK.OL,2026-08-19 06:00,2026-08-19,pre-open,60,09:55,-0.04329943824947812,-1,small,LINK Mobility – Q2 2026 – Return to organic gross profit growth and 2H guidance reiterated,-0.021470453670472935,0.02328765338000709,0.030679379801352498,0.021828984579005194
SOAG.OL,2026-08-18 14:22,2026-08-18,intraday,5,14:25,-0.00036252401211166185,-1,small,Kapitalmarkedsdag 18. august 2026 - nå med vedlegg,-0.005306479362436181,0.027481123634311468,0.02854635969398881,-0.004943955350324519
SOAG.OL,2026-08-18 14:22,2026-08-18,intraday,10,14:30,0.00024037884986548297,1,small,Kapitalmarkedsdag 18. august 2026 - nå med vedlegg,0.004703576500459036,-0.028084026496288612,-0.029149262555965956,0.004943955350324519
SOAG.OL,2026-08-18 14:22,2026-08-18,intraday,15,14:35,0.00046777515770217437,1,small,Kapitalmarkedsdag 18. august 2026 - nå med vedlegg,0.004476180192622345,-0.028311422804125304,-0.029376658863802647,0.004943955350324519
SOAG.OL,2026-08-18 14:22,2026-08-18,intraday,30,14:50,0.00021255405101980318,1,small,Kapitalmarkedsdag 18. august 2026 - nå med vedlegg,0.004731401299304716,-0.028056201697442933,-0.029121437757120276,0.004943955350324519
SOAG.OL,2026-08-18 14:22,2026-08-18,intraday,60,15:20,0.0004501345390138384,1,small,Kapitalmarkedsdag 18. august 2026 - nå med vedlegg,0.004493820811310681,-0.028293782185436968,-0.02935901824511431,0.004943955350324519
SBNOR.OL,2026-08-18 13:50,2026-08-18,intraday,5,13:50,0.0002122943382529413,1,small,Sparebanken Norge: Issuance of Senior Preferred Bond in SEK,0.0012939962670521343,-0.01256734982481764,0.020471136881340807,0.0015062906053050756
SBNOR.OL,2026-08-18 13:50,2026-08-18,intraday,10,13:55,-0.0002097526915134651,-1,small,Sparebanken Norge: Issuance of Senior Preferred Bond in SEK,-0.0017160432968185407,0.012145302795051233,-0.020893183911107213,-0.0015062906053050756
SBNOR.OL,2026-08-18 13:50,2026-08-18,intraday,15,14:00,-0.0003092848847232378,-1,small,Sparebanken Norge: Issuance of Senior Preferred Bond in SEK,-0.0018155754900284217,0.01204577060184142,-0.020992716104317077,-0.0015062906053050756
SBNOR.OL,2026-08-18 13:50,2026-08-18,intraday,30,14:15,-0.0012734267911419296,-1,small,Sparebanken Norge: Issuance of Senior Preferred Bond in SEK,-0.0027797173964471135,0.011081628695422728,-0.02195685801073577,-0.0015062906053050756
SBNOR.OL,2026-08-18 13:50,2026-08-18,intraday,60,14:45,-0.0032099924304296117,-1,small,Sparebanken Norge: Issuance of Senior Preferred Bond in SEK,-0.004716283035734755,0.009145063056135118,-0.023893423650023317,-0.0015062906053050756
SALM.OL,2026-08-18 12:13,2026-08-18,intraday,5,12:15,0.0017789851148590882,1,mid,Euronext Oslo Børs – SALMAR ASA - Received application for listing of bonds,0.004758518026829334,-0.0017419961456184158,0.041788705235319176,0.0065375031416884215
SALM.OL,2026-08-18 12:13,2026-08-18,intraday,10,12:20,2.281726235670023e-05,1,mid,Euronext Oslo Børs – SALMAR ASA - Received application for listing of bonds,0.006514685879331721,1.4171706883941895e-05,0.043544873087821706,0.0065375031416884215
SALM.OL,2026-08-18 12:13,2026-08-18,intraday,15,12:25,0.001055355905705779,1,mid,Euronext Oslo Børs – SALMAR ASA - Received application for listing of bonds,0.005482147235982643,-0.0010183669364651066,0.042512334444472485,0.0065375031416884215
SALM.OL,2026-08-18 12:13,2026-08-18,intraday,30,12:40,0.004044453356901741,1,mid,Euronext Oslo Børs – SALMAR ASA - Received application for listing of bonds,0.0024930497847868477,-0.004007464387660988,0.03952323699327677,0.0065375031416884215
SALM.OL,2026-08-18 12:13,2026-08-18,intraday,60,13:10,0.0006155526033871928,1,mid,Euronext Oslo Børs – SALMAR ASA - Received application for listing of bonds,0.005921950538301229,-0.0005785636341465506,0.042952137746791214,0.0065375031416884215
SALM.OL,2026-08-18 12:13,2026-08-18,intraday,5,12:15,0.0017789851148590882,1,mid,Euronext Oslo Børs – SALMAR ASA - Mottatt søknad om notering av obligasjonslån  ,0.004758518026829334,-0.0017419961456184158,0.041788705235319176,0.0065375031416884215
SALM.OL,2026-08-18 12:13,2026-08-18,intraday,10,12:20,2.281726235670023e-05,1,mid,Euronext Oslo Børs – SALMAR ASA - Mottatt søknad om notering av obligasjonslån  ,0.006514685879331721,1.4171706883941895e-05,0.043544873087821706,0.0065375031416884215
SALM.OL,2026-08-18 12:13,2026-08-18,intraday,15,12:25,0.001055355905705779,1,mid,Euronext Oslo Børs – SALMAR ASA - Mottatt søknad om notering av obligasjonslån  ,0.005482147235982643,-0.0010183669364651066,0.042512334444472485,0.0065375031416884215
SALM.OL,2026-08-18 12:13,2026-08-18,intraday,30,12:40,0.004044453356901741,1,mid,Euronext Oslo Børs – SALMAR ASA - Mottatt søknad om notering av obligasjonslån  ,0.0024930497847868477,-0.004007464387660988,0.03952323699327677,0.0065375031416884215
SALM.OL,2026-08-18 12:13,2026-08-18,intraday,60,13:10,0.0006155526033871928,1,mid,Euronext Oslo Børs – SALMAR ASA - Mottatt søknad om notering av obligasjonslån  ,0.005921950538301229,-0.0005785636341465506,0.042952137746791214,0.0065375031416884215
SALM.OL,2026-08-18 12:12,2026-08-18,intraday,5,12:15,0.0017789851148590882,1,mid,Euronext Oslo Børs – SALMAR ASA - Mottatt søknad om notering av obligasjonslån  ,0.004758518026829334,-0.0017419961456184158,0.041788705235319176,0.0065375031416884215
SALM.OL,2026-08-18 12:12,2026-08-18,intraday,10,12:20,2.281726235670023e-05,1,mid,Euronext Oslo Børs – SALMAR ASA - Mottatt søknad om notering av obligasjonslån  ,0.006514685879331721,1.4171706883941895e-05,0.043544873087821706,0.0065375031416884215
SALM.OL,2026-08-18 12:12,2026-08-18,intraday,15,12:25,0.001055355905705779,1,mid,Euronext Oslo Børs – SALMAR ASA - Mottatt søknad om notering av obligasjonslån  ,0.005482147235982643,-0.0010183669364651066,0.042512334444472485,0.0065375031416884215
SALM.OL,2026-08-18 12:12,2026-08-18,intraday,30,12:40,0.004044453356901741,1,mid,Euronext Oslo Børs – SALMAR ASA - Mottatt søknad om notering av obligasjonslån  ,0.0024930497847868477,-0.004007464387660988,0.03952323699327677,0.0065375031416884215
SALM.OL,2026-08-18 12:12,2026-08-18,intraday,60,13:10,0.0006155526033871928,1,mid,Euronext Oslo Børs – SALMAR ASA - Mottatt søknad om notering av obligasjonslån  ,0.005921950538301229,-0.0005785636341465506,0.042952137746791214,0.0065375031416884215
SALM.OL,2026-08-18 12:12,2026-08-18,intraday,5,12:15,0.0017789851148590882,1,mid,Euronext Oslo Børs – SALMAR ASA - Received application for listing of bonds,0.004758518026829334,-0.0017419961456184158,0.041788705235319176,0.0065375031416884215
SALM.OL,2026-08-18 12:12,2026-08-18,intraday,10,12:20,2.281726235670023e-05,1,mid,Euronext Oslo Børs – SALMAR ASA - Received application for listing of bonds,0.006514685879331721,1.4171706883941895e-05,0.043544873087821706,0.0065375031416884215
SALM.OL,2026-08-18 12:12,2026-08-18,intraday,15,12:25,0.001055355905705779,1,mid,Euronext Oslo Børs – SALMAR ASA - Received application for listing of bonds,0.005482147235982643,-0.0010183669364651066,0.042512334444472485,0.0065375031416884215
SALM.OL,2026-08-18 12:12,2026-08-18,intraday,30,12:40,0.004044453356901741,1,mid,Euronext Oslo Børs – SALMAR ASA - Received application for listing of bonds,0.0024930497847868477,-0.004007464387660988,0.03952323699327677,0.0065375031416884215
SALM.OL,2026-08-18 12:12,2026-08-18,intraday,60,13:10,0.0006155526033871928,1,mid,Euronext Oslo Børs – SALMAR ASA - Received application for listing of bonds,0.005921950538301229,-0.0005785636341465506,0.042952137746791214,0.0065375031416884215
SALM.OL,2026-08-18 12:11,2026-08-18,intraday,5,12:15,0.0017789851148590882,1,mid,Euronext Oslo Børs – SALMAR ASA - Received application for listing of bonds,0.004758518026829334,-0.0017419961456184158,0.041788705235319176,0.0065375031416884215
SALM.OL,2026-08-18 12:11,2026-08-18,intraday,10,12:20,2.281726235670023e-05,1,mid,Euronext Oslo Børs – SALMAR ASA - Received application for listing of bonds,0.006514685879331721,1.4171706883941895e-05,0.043544873087821706,0.0065375031416884215
SALM.OL,2026-08-18 12:11,2026-08-18,intraday,15,12:25,0.001055355905705779,1,mid,Euronext Oslo Børs – SALMAR ASA - Received application for listing of bonds,0.005482147235982643,-0.0010183669364651066,0.042512334444472485,0.0065375031416884215
SALM.OL,2026-08-18 12:11,2026-08-18,intraday,30,12:40,0.004044453356901741,1,mid,Euronext Oslo Børs – SALMAR ASA - Received application for listing of bonds,0.0024930497847868477,-0.004007464387660988,0.03952323699327677,0.0065375031416884215
SALM.OL,2026-08-18 12:11,2026-08-18,intraday,60,13:10,0.0006155526033871928,1,mid,Euronext Oslo Børs – SALMAR ASA - Received application for listing of bonds,0.005921950538301229,-0.0005785636341465506,0.042952137746791214,0.0065375031416884215
SALM.OL,2026-08-18 12:11,2026-08-18,intraday,5,12:15,0.0017789851148590882,1,mid,Euronext Oslo Børs – SALMAR ASA - Mottatt søknad om notering av obligasjonslån  ,0.004758518026829334,-0.0017419961456184158,0.041788705235319176,0.0065375031416884215
SALM.OL,2026-08-18 12:11,2026-08-18,intraday,10,12:20,2.281726235670023e-05,1,mid,Euronext Oslo Børs – SALMAR ASA - Mottatt søknad om notering av obligasjonslån  ,0.006514685879331721,1.4171706883941895e-05,0.043544873087821706,0.0065375031416884215
SALM.OL,2026-08-18 12:11,2026-08-18,intraday,15,12:25,0.001055355905705779,1,mid,Euronext Oslo Børs – SALMAR ASA - Mottatt søknad om notering av obligasjonslån  ,0.005482147235982643,-0.0010183669364651066,0.042512334444472485,0.0065375031416884215
SALM.OL,2026-08-18 12:11,2026-08-18,intraday,30,12:40,0.004044453356901741,1,mid,Euronext Oslo Børs – SALMAR ASA - Mottatt søknad om notering av obligasjonslån  ,0.0024930497847868477,-0.004007464387660988,0.03952323699327677,0.0065375031416884215
SALM.OL,2026-08-18 12:11,2026-08-18,intraday,60,13:10,0.0006155526033871928,1,mid,Euronext Oslo Børs – SALMAR ASA - Mottatt søknad om notering av obligasjonslån  ,0.005921950538301229,-0.0005785636341465506,0.042952137746791214,0.0065375031416884215
SOAG.OL,2026-08-18 09:10,2026-08-18,intraday,5,09:10,-0.003897631372527771,-1,small,Kapitalmarkedsdag 18. august 2026,-0.012737880125177051,0.020049722871570558,0.021114958931247863,-0.00884024875264928
SOAG.OL,2026-08-18 09:10,2026-08-18,intraday,10,09:15,-0.003820399894015225,-1,small,Kapitalmarkedsdag 18. august 2026,-0.012660648646664505,0.020126954350083104,0.02119219040976041,-0.00884024875264928
SOAG.OL,2026-08-18 09:10,2026-08-18,intraday,15,09:20,-0.004099935781919167,-1,small,Kapitalmarkedsdag 18. august 2026,-0.012940184534568447,0.01984741846217916,0.020912654521856467,-0.00884024875264928
SOAG.OL,2026-08-18 09:10,2026-08-18,intraday,30,09:35,-0.00345061688898754,-1,small,Kapitalmarkedsdag 18. august 2026,-0.01229086564163682,0.02049673735511079,0.021561973414788094,-0.00884024875264928
SOAG.OL,2026-08-18 09:10,2026-08-18,intraday,60,10:05,-0.0005556613028320501,-1,small,Kapitalmarkedsdag 18. august 2026,-0.00939591005548133,0.02339169294126628,0.024456929000943584,-0.00884024875264928
MING.OL,2026-08-18 08:00,2026-08-18,pre-open,5,09:00,-0.00550060794905865,-1,small,SpareBank 1 SMN: Meldepliktig handel - Spareprogram for ansatte ,0.009200734627765824,0.015964361809420867,0.0045648983671028945,0.014701342576824473
MING.OL,2026-08-18 08:00,2026-08-18,pre-open,10,09:05,-0.010711488832483322,-1,small,SpareBank 1 SMN: Meldepliktig handel - Spareprogram for ansatte ,0.00398985374434113,0.010753480925996161,-0.000645982516321978,0.014701342576824473
MING.OL,2026-08-18 08:00,2026-08-18,pre-open,15,09:10,-0.012782322577265963,-1,small,SpareBank 1 SMN: Meldepliktig handel - Spareprogram for ansatte ,0.0019190199995585376,0.008682647181213525,-0.0027168162611045966,0.014701342576824473
MING.OL,2026-08-18 08:00,2026-08-18,pre-open,30,09:25,-0.015334334388123174,-1,small,SpareBank 1 SMN: Meldepliktig handel - Spareprogram for ansatte ,-0.0006329918112987394,0.006130635370356331,-0.0052688280719617835,0.014701342576824473
MING.OL,2026-08-18 08:00,2026-08-18,pre-open,60,09:55,-0.015591599349621055,-1,small,SpareBank 1 SMN: Meldepliktig handel - Spareprogram for ansatte ,-0.0008902567727965341,0.005873370408858417,-0.005526093033459679,0.014701342576824473
ALNG.OL,2026-08-18 07:30,2026-08-18,pre-open,5,09:00,-0.06993008536099563,-1,small,ALNG ASA – Second quarter 2026 results,0.006203956099836773,0.010355227315594987,0.0032556020297036074,0.07613404146083244
ALNG.OL,2026-08-18 07:30,2026-08-18,pre-open,10,09:05,-0.04238805116732477,-1,small,ALNG ASA – Second quarter 2026 results,0.03374599029350766,0.037897261509265874,0.03079763622337453,0.07613404146083244
ALNG.OL,2026-08-18 07:30,2026-08-18,pre-open,15,09:10,-0.029375925891711875,-1,small,ALNG ASA – Second quarter 2026 results,0.046758115569120524,0.05090938678487874,0.04380976149898751,0.07613404146083244
ALNG.OL,2026-08-18 07:30,2026-08-18,pre-open,30,09:25,-0.06694184557401517,-1,small,ALNG ASA – Second quarter 2026 results,0.009192195886817321,0.013343467102575536,0.006243841816684215,0.07613404146083244
ALNG.OL,2026-08-18 07:30,2026-08-18,pre-open,60,09:55,-0.05103565291275215,-1,small,ALNG ASA – Second quarter 2026 results,0.025098388548080254,0.02924965976383847,0.022150034477947056,0.07613404146083244
ELO.OL,2026-08-18 07:01,2026-08-18,pre-open,5,09:00,0.00300648163041523,1,small,Elopak ASA: Proposed dividend of EUR 0.065 per share for the first half of 2026,-0.06893490898754194,-0.046296258027379744,-0.07385146259031557,-0.06592842735712655
ELO.OL,2026-08-18 07:01,2026-08-18,pre-open,10,09:05,-0.007523797788797395,-1,small,Elopak ASA: Proposed dividend of EUR 0.065 per share for the first half of 2026,0.058404629568329106,0.035765978608166965,0.0633211831711028,0.06592842735712655
ELO.OL,2026-08-18 07:01,2026-08-18,pre-open,15,09:10,-0.01186523840789201,-1,small,Elopak ASA: Proposed dividend of EUR 0.065 per share for the first half of 2026,0.054063188949234495,0.03142453798907241,0.05897974255200829,0.06592842735712655
ELO.OL,2026-08-18 07:01,2026-08-18,pre-open,30,09:25,-0.01655421477946109,-1,small,Elopak ASA: Proposed dividend of EUR 0.065 per share for the first half of 2026,0.04937421257766555,0.02673556161750336,0.054290766180439216,0.06592842735712655
ELO.OL,2026-08-18 07:01,2026-08-18,pre-open,60,09:55,-0.035204463092831845,-1,small,Elopak ASA: Proposed dividend of EUR 0.065 per share for the first half of 2026,0.030723964264294724,0.008085313304132667,0.0356405178670684,0.06592842735712655
ELO.OL,2026-08-18 07:00,2026-08-18,pre-open,5,09:00,0.00300648163041523,1,small,Elopak s second quarter (Q2): Progress and resilience: staying the course in a challenging environme,-0.06893490898754194,-0.046296258027379744,-0.07385146259031557,-0.06592842735712655
ELO.OL,2026-08-18 07:00,2026-08-18,pre-open,10,09:05,-0.007523797788797395,-1,small,Elopak s second quarter (Q2): Progress and resilience: staying the course in a challenging environme,0.058404629568329106,0.035765978608166965,0.0633211831711028,0.06592842735712655
ELO.OL,2026-08-18 07:00,2026-08-18,pre-open,15,09:10,-0.01186523840789201,-1,small,Elopak s second quarter (Q2): Progress and resilience: staying the course in a challenging environme,0.054063188949234495,0.03142453798907241,0.05897974255200829,0.06592842735712655
ELO.OL,2026-08-18 07:00,2026-08-18,pre-open,30,09:25,-0.01655421477946109,-1,small,Elopak s second quarter (Q2): Progress and resilience: staying the course in a challenging environme,0.04937421257766555,0.02673556161750336,0.054290766180439216,0.06592842735712655
ELO.OL,2026-08-18 07:00,2026-08-18,pre-open,60,09:55,-0.035204463092831845,-1,small,Elopak s second quarter (Q2): Progress and resilience: staying the course in a challenging environme,0.030723964264294724,0.008085313304132667,0.0356405178670684,0.06592842735712655
MULTI.OL,2026-08-18 07:00,2026-08-18,pre-open,5,09:00,-0.04868489361514076,-1,small,Multiconsult second quarter and first half 2026 - Improved reported profitability and good order int,-0.029682788784076337,-0.015175070628208779,0.020567534630209893,0.01900210483106436
MULTI.OL,2026-08-18 07:00,2026-08-18,pre-open,10,09:05,-0.05099586507000619,-1,small,Multiconsult second quarter and first half 2026 - Improved reported profitability and good order int,-0.031993760238941765,-0.01748604208307421,0.01825656317534446,0.01900210483106436
MULTI.OL,2026-08-18 07:00,2026-08-18,pre-open,15,09:10,-0.033324687594713194,-1,small,Multiconsult second quarter and first half 2026 - Improved reported profitability and good order int,-0.014322582763648815,0.00018513539221887317,0.03592774065063742,0.01900210483106436
MULTI.OL,2026-08-18 07:00,2026-08-18,pre-open,30,09:25,-0.04068908451980834,-1,small,Multiconsult second quarter and first half 2026 - Improved reported profitability and good order int,-0.021686979688744067,-0.00717926153287633,0.02856334372554228,0.01900210483106436
MULTI.OL,2026-08-18 07:00,2026-08-18,pre-open,60,09:55,-0.03835817661993365,-1,small,Multiconsult second quarter and first half 2026 - Improved reported profitability and good order int,-0.019356071788869264,-0.004848353633001573,0.03089425162541704,0.01900210483106436
TGS.OL,2026-08-18 07:00,2026-08-18,pre-open,5,09:00,0.010009955323864441,1,mid,TGS Awarded Multi-Year AI Seismic Foundation Model Contract,-0.036962320813941456,-0.04052597531307949,-0.08201066476406069,-0.026952365490076895
TGS.OL,2026-08-18 07:00,2026-08-18,pre-open,10,09:05,0.00700666050712348,1,mid,TGS Awarded Multi-Year AI Seismic Foundation Model Contract,-0.033959025997200395,-0.03752268049633843,-0.07900736994731955,-0.026952365490076895
TGS.OL,2026-08-18 07:00,2026-08-18,pre-open,15,09:10,0.005420000589461141,1,mid,TGS Awarded Multi-Year AI Seismic Foundation Model Contract,-0.032372366079538056,-0.03593602057867609,-0.07742071002965722,-0.026952365490076895
TGS.OL,2026-08-18 07:00,2026-08-18,pre-open,30,09:25,0.0007080778780894476,1,mid,TGS Awarded Multi-Year AI Seismic Foundation Model Contract,-0.02766044336816629,-0.031224097867304325,-0.07270878731828562,-0.026952365490076895
TGS.OL,2026-08-18 07:00,2026-08-18,pre-open,60,09:55,-0.003220333939070701,-1,mid,TGS Awarded Multi-Year AI Seismic Foundation Model Contract,0.023732031551006193,0.02729568605014423,0.06878037550112548,0.026952365490076895
TGS.OL,2026-08-18 07:00,2026-08-18,pre-open,5,09:00,0.010009955323864441,1,mid,TGS Announces Sarawak Phase 4 Offshore Malaysia ,-0.036962320813941456,-0.04052597531307949,-0.08201066476406069,-0.026952365490076895
TGS.OL,2026-08-18 07:00,2026-08-18,pre-open,10,09:05,0.00700666050712348,1,mid,TGS Announces Sarawak Phase 4 Offshore Malaysia ,-0.033959025997200395,-0.03752268049633843,-0.07900736994731955,-0.026952365490076895
TGS.OL,2026-08-18 07:00,2026-08-18,pre-open,15,09:10,0.005420000589461141,1,mid,TGS Announces Sarawak Phase 4 Offshore Malaysia ,-0.032372366079538056,-0.03593602057867609,-0.07742071002965722,-0.026952365490076895
TGS.OL,2026-08-18 07:00,2026-08-18,pre-open,30,09:25,0.0007080778780894476,1,mid,TGS Announces Sarawak Phase 4 Offshore Malaysia ,-0.02766044336816629,-0.031224097867304325,-0.07270878731828562,-0.026952365490076895
TGS.OL,2026-08-18 07:00,2026-08-18,pre-open,60,09:55,-0.003220333939070701,-1,mid,TGS Announces Sarawak Phase 4 Offshore Malaysia ,0.023732031551006193,0.02729568605014423,0.06878037550112548,0.026952365490076895
REACH.OL,2026-08-18 07:00,2026-08-18,pre-open,5,09:00,0.07905510616275224,1,small,Reach Subsea ASA –2Q 2026: Strong Results; Building the Fleet for the Future,0.029064149212616457,-0.009767650983784834,0.0074019109742396935,0.10811925537536873
REACH.OL,2026-08-18 07:00,2026-08-18,pre-open,10,09:05,0.08512636561695962,1,small,Reach Subsea ASA –2Q 2026: Strong Results; Building the Fleet for the Future,0.022992889758409102,-0.015838910437992102,0.0013306515200322798,0.10811925537536873
REACH.OL,2026-08-18 07:00,2026-08-18,pre-open,15,09:10,0.10009643855988536,1,small,Reach Subsea ASA –2Q 2026: Strong Results; Building the Fleet for the Future,0.008022816815483318,-0.030808983380917837,-0.01363942142289345,0.10811925537536873
REACH.OL,2026-08-18 07:00,2026-08-18,pre-open,30,09:25,0.13484155781698481,1,small,Reach Subsea ASA –2Q 2026: Strong Results; Building the Fleet for the Future,-0.02672230244161601,-0.0655541026380172,-0.048384540679992843,0.10811925537536873
REACH.OL,2026-08-18 07:00,2026-08-18,pre-open,60,09:55,0.12623028492220587,1,small,Reach Subsea ASA –2Q 2026: Strong Results; Building the Fleet for the Future,-0.01811102954683705,-0.05694282974323821,-0.039773267785213826,0.10811925537536873
ODL.OL,2026-08-18 07:00,2026-08-18,pre-open,5,09:00,0.04401454783558967,1,small,Odfjell Drilling Ltd. Reports for the Second Quarter and First Half of 2026 ,0.0059270322357014085,-0.03606182378479218,-0.05423177387733756,0.04994158007129108
ODL.OL,2026-08-18 07:00,2026-08-18,pre-open,10,09:05,0.04483015964661479,1,small,Odfjell Drilling Ltd. Reports for the Second Quarter and First Half of 2026 ,0.005111420424676364,-0.03687743559581725,-0.05504738568836267,0.04994158007129108
ODL.OL,2026-08-18 07:00,2026-08-18,pre-open,15,09:10,0.04324349972895245,1,small,Odfjell Drilling Ltd. Reports for the Second Quarter and First Half of 2026 ,0.006698080342338703,-0.03529077567815491,-0.05346072577070033,0.04994158007129108
ODL.OL,2026-08-18 07:00,2026-08-18,pre-open,30,09:25,0.04720397943738318,1,small,Odfjell Drilling Ltd. Reports for the Second Quarter and First Half of 2026 ,0.0027376006339079224,-0.039251255386585665,-0.05742120547913101,0.04994158007129108
ODL.OL,2026-08-18 07:00,2026-08-18,pre-open,60,09:55,0.050234732491416724,1,small,Odfjell Drilling Ltd. Reports for the Second Quarter and First Half of 2026 ,-0.00029315242012561277,-0.04228200844061932,-0.060451958533164665,0.04994158007129108
MOWI.OL,2026-08-18 06:31,2026-08-18,pre-open,5,09:00,-0.004728334849830507,-1,mid,Mowi ASA (OSE: MOWI): Quarterly dividend,-0.006049984236377582,0.004074395494951904,-0.02304755121959355,-0.001321649386547068
MOWI.OL,2026-08-18 06:31,2026-08-18,pre-open,10,09:05,-0.0030352815854525297,-1,mid,Mowi ASA (OSE: MOWI): Quarterly dividend,-0.0043569309719995244,0.005767448759329861,-0.0213544979552156,-0.001321649386547068
MOWI.OL,2026-08-18 06:31,2026-08-18,pre-open,15,09:10,-0.008124556810771278,-1,mid,Mowi ASA (OSE: MOWI): Quarterly dividend,-0.009446206197318313,0.0006781735340111242,-0.0264437731805343,-0.001321649386547068
MOWI.OL,2026-08-18 06:31,2026-08-18,pre-open,30,09:25,-0.008283988248032174,-1,mid,Mowi ASA (OSE: MOWI): Quarterly dividend,-0.009605637634579174,0.000518742096750225,-0.026603204617795223,-0.001321649386547068
MOWI.OL,2026-08-18 06:31,2026-08-18,pre-open,60,09:55,-0.01944103105560352,-1,mid,Mowi ASA (OSE: MOWI): Quarterly dividend,-0.02076268044215051,-0.010638300710821048,-0.03776024742536648,-0.001321649386547068
SALME.OL,2026-08-18 06:30,2026-08-18,pre-open,5,09:00,-0.024540968642011406,-1,small,Salmon Evolution ASA: Phase 2 ramp-up and operation according to plan,0.028048877741060012,0.009690303741364698,0.06020912050929651,0.052589846383071404
SALME.OL,2026-08-18 06:30,2026-08-18,pre-open,10,09:05,-0.020590155090722904,-1,small,Salmon Evolution ASA: Phase 2 ramp-up and operation according to plan,0.03199969129234855,0.013641117292653198,0.06415993406058496,0.052589846383071404
SALME.OL,2026-08-18 06:30,2026-08-18,pre-open,15,09:10,-0.03221459066349172,-1,small,Salmon Evolution ASA: Phase 2 ramp-up and operation according to plan,0.020375255719579675,0.0020166817198843997,0.052535498487816086,0.052589846383071404
SALME.OL,2026-08-18 06:30,2026-08-18,pre-open,30,09:25,-0.015110433721477313,-1,small,Salmon Evolution ASA: Phase 2 ramp-up and operation according to plan,0.03747941266159409,0.01912083866189885,0.06963965542983058,0.052589846383071404
SALME.OL,2026-08-18 06:30,2026-08-18,pre-open,60,09:55,-0.017881302520338822,-1,small,Salmon Evolution ASA: Phase 2 ramp-up and operation according to plan,0.03470854386273264,0.0163499698630373,0.06686878663096914,0.052589846383071404
MOWI.OL,2026-08-18 06:30,2026-08-18,pre-open,5,09:00,-0.004728334849830507,-1,mid,Rekordhøye inntekter og volumer for Mowi i andre kvartal,-0.006049984236377582,0.004074395494951904,-0.02304755121959355,-0.001321649386547068
MOWI.OL,2026-08-18 06:30,2026-08-18,pre-open,10,09:05,-0.0030352815854525297,-1,mid,Rekordhøye inntekter og volumer for Mowi i andre kvartal,-0.0043569309719995244,0.005767448759329861,-0.0213544979552156,-0.001321649386547068
MOWI.OL,2026-08-18 06:30,2026-08-18,pre-open,15,09:10,-0.008124556810771278,-1,mid,Rekordhøye inntekter og volumer for Mowi i andre kvartal,-0.009446206197318313,0.0006781735340111242,-0.0264437731805343,-0.001321649386547068
MOWI.OL,2026-08-18 06:30,2026-08-18,pre-open,30,09:25,-0.008283988248032174,-1,mid,Rekordhøye inntekter og volumer for Mowi i andre kvartal,-0.009605637634579174,0.000518742096750225,-0.026603204617795223,-0.001321649386547068
MOWI.OL,2026-08-18 06:30,2026-08-18,pre-open,60,09:55,-0.01944103105560352,-1,mid,Rekordhøye inntekter og volumer for Mowi i andre kvartal,-0.02076268044215051,-0.010638300710821048,-0.03776024742536648,-0.001321649386547068
MOWI.OL,2026-08-18 06:30,2026-08-18,pre-open,5,09:00,-0.004728334849830507,-1,mid,Record-high revenues and volumes for Mowi in the second quarter,-0.006049984236377582,0.004074395494951904,-0.02304755121959355,-0.001321649386547068
MOWI.OL,2026-08-18 06:30,2026-08-18,pre-open,10,09:05,-0.0030352815854525297,-1,mid,Record-high revenues and volumes for Mowi in the second quarter,-0.0043569309719995244,0.005767448759329861,-0.0213544979552156,-0.001321649386547068
MOWI.OL,2026-08-18 06:30,2026-08-18,pre-open,15,09:10,-0.008124556810771278,-1,mid,Record-high revenues and volumes for Mowi in the second quarter,-0.009446206197318313,0.0006781735340111242,-0.0264437731805343,-0.001321649386547068
MOWI.OL,2026-08-18 06:30,2026-08-18,pre-open,30,09:25,-0.008283988248032174,-1,mid,Record-high revenues and volumes for Mowi in the second quarter,-0.009605637634579174,0.000518742096750225,-0.026603204617795223,-0.001321649386547068
MOWI.OL,2026-08-18 06:30,2026-08-18,pre-open,60,09:55,-0.01944103105560352,-1,mid,Record-high revenues and volumes for Mowi in the second quarter,-0.02076268044215051,-0.010638300710821048,-0.03776024742536648,-0.001321649386547068
SOAG.OL,2026-08-17 18:00,2026-08-18,after-close,5,09:00,-0.0009553075358363439,-1,small,SpareBank 1 Østfold Akershus viderefører spareprogram for ansatte,-0.00884024875264928,0.02394735424409833,0.025012590303775634,-0.007884941216812923
SOAG.OL,2026-08-17 18:00,2026-08-18,after-close,10,09:05,-0.003266278990701776,-1,small,SpareBank 1 Østfold Akershus viderefører spareprogram for ansatte,-0.011151220207514712,0.021636382789232897,0.022701618848910202,-0.007884941216812923
SOAG.OL,2026-08-17 18:00,2026-08-18,after-close,15,09:10,-0.004852938908364115,-1,small,SpareBank 1 Østfold Akershus viderefører spareprogram for ansatte,-0.012737880125177051,0.020049722871570558,0.021114958931247863,-0.007884941216812923
SOAG.OL,2026-08-17 18:00,2026-08-18,after-close,30,09:25,-0.004009376546838189,-1,small,SpareBank 1 Østfold Akershus viderefører spareprogram for ansatte,-0.011894317763651125,0.020893285233096484,0.02195852129277379,-0.007884941216812923
SOAG.OL,2026-08-17 18:00,2026-08-18,after-close,60,09:55,-0.0030511314703096865,-1,small,SpareBank 1 Østfold Akershus viderefører spareprogram for ansatte,-0.010936072687122622,0.021851530309624986,0.022916766369302292,-0.007884941216812923
ACR.OL,2026-08-17 16:22,2026-08-18,after-close,5,09:00,0.007507474406691885,1,small,"Axactor ASA: S&P upgrades Axactor ASA rating to “B“, with stable outlook",-0.029508778997029465,-0.06542541176539486,-0.1336758789229375,-0.0220013045903375
ACR.OL,2026-08-17 16:22,2026-08-18,after-close,10,09:05,0.005196502951826453,1,small,"Axactor ASA: S&P upgrades Axactor ASA rating to “B“, with stable outlook",-0.027197807542164033,-0.06311444031052943,-0.13136490746807206,-0.0220013045903375
ACR.OL,2026-08-17 16:22,2026-08-18,after-close,15,09:10,0.003609843034164114,1,small,"Axactor ASA: S&P upgrades Axactor ASA rating to “B“, with stable outlook",-0.025611147624501694,-0.06152778039286709,-0.12977824755040973,-0.0220013045903375
ACR.OL,2026-08-17 16:22,2026-08-18,after-close,30,09:25,-0.0009666998956321551,-1,small,"Axactor ASA: S&P upgrades Axactor ASA rating to “B“, with stable outlook",0.021034604694705243,0.0569512374630706,0.12520170462061322,0.0220013045903375
ACR.OL,2026-08-17 16:22,2026-08-18,after-close,60,09:55,-0.0109375149093273,-1,small,"Axactor ASA: S&P upgrades Axactor ASA rating to “B“, with stable outlook",0.011063789681010246,0.046980422449375656,0.11523088960691827,0.0220013045903375
SBNOR.OL,2026-08-17 16:00,2026-08-17,intraday,5,16:05,0.00022681324130316752,1,small,Sparebanken Norge: Successful issuance of Tier 2 bonds,0.00045005206251460763,-0.004655138137038668,0.005152716560697698,0.0006768653038179192
SBNOR.OL,2026-08-17 16:00,2026-08-17,intraday,10,16:10,0.0004417830638314723,1,small,Sparebanken Norge: Successful issuance of Tier 2 bonds,0.00023508223998630287,-0.004870107959566973,0.0049377467381693935,0.0006768653038179192
SBNOR.OL,2026-08-17 16:00,2026-08-17,intraday,15,16:15,0.0006768653038179192,1,small,Sparebanken Norge: Successful issuance of Tier 2 bonds,0.0,-0.005105190199553319,0.004702664498182928,0.0006768653038179192
ZAL.OL,2026-08-17 15:14,2026-08-17,intraday,5,15:15,-0.021764695833188654,-1,small, Received application for delisting,-0.00577399277469311,-0.01511167134191663,0.0022660918464166725,0.015990703058495637
ZAL.OL,2026-08-17 15:14,2026-08-17,intraday,10,15:20,-0.021712176255202314,-1,small, Received application for delisting,-0.00572147319670677,-0.01505915176393029,0.0023186114244030127,0.015990703058495637
ZAL.OL,2026-08-17 15:14,2026-08-17,intraday,15,15:25,-0.02235002697352385,-1,small, Received application for delisting,-0.006359323915028307,-0.015697002482251827,0.0016807607060814762,0.015990703058495637
ZAL.OL,2026-08-17 15:14,2026-08-17,intraday,30,15:40,-0.015498418106614054,-1,small, Received application for delisting,0.0004922849518815831,-0.008845393615341937,0.00853236957299149,0.015990703058495637
ZAL.OL,2026-08-17 15:14,2026-08-17,intraday,60,16:10,-0.015821776443320463,-1,small, Received application for delisting,0.0001689266151751745,-0.009168751952048346,0.008209011236285082,0.015990703058495637
ZAL.OL,2026-08-17 15:14,2026-08-17,intraday,5,15:15,-0.021764695833188654,-1,small,Mottatt søknad om strykning,-0.00577399277469311,-0.01511167134191663,0.0022660918464166725,0.015990703058495637
ZAL.OL,2026-08-17 15:14,2026-08-17,intraday,10,15:20,-0.021712176255202314,-1,small,Mottatt søknad om strykning,-0.00572147319670677,-0.01505915176393029,0.0023186114244030127,0.015990703058495637
ZAL.OL,2026-08-17 15:14,2026-08-17,intraday,15,15:25,-0.02235002697352385,-1,small,Mottatt søknad om strykning,-0.006359323915028307,-0.015697002482251827,0.0016807607060814762,0.015990703058495637
ZAL.OL,2026-08-17 15:14,2026-08-17,intraday,30,15:40,-0.015498418106614054,-1,small,Mottatt søknad om strykning,0.0004922849518815831,-0.008845393615341937,0.00853236957299149,0.015990703058495637
ZAL.OL,2026-08-17 15:14,2026-08-17,intraday,60,16:10,-0.015821776443320463,-1,small,Mottatt søknad om strykning,0.0001689266151751745,-0.009168751952048346,0.008209011236285082,0.015990703058495637
SNTIA.OL,2026-08-17 14:00,2026-08-17,intraday,5,14:05,0.007847409482944247,1,small,HENT signs preliminary agreement for the Skive DC data centre project in Denmark,-0.004660808896363415,0.0021547424882355825,-0.03902218173450086,0.0031866005865808507
SNTIA.OL,2026-08-17 14:00,2026-08-17,intraday,10,14:10,0.008183750420489626,1,small,HENT signs preliminary agreement for the Skive DC data centre project in Denmark,-0.004997149833908794,0.0018184015506902034,-0.03935852267204624,0.0031866005865808507
SNTIA.OL,2026-08-17 14:00,2026-08-17,intraday,15,14:15,0.005547325340903736,1,small,HENT signs preliminary agreement for the Skive DC data centre project in Denmark,-0.002360724754322869,0.004454826630276066,-0.03672209759246038,0.0031866005865808507
SNTIA.OL,2026-08-17 14:00,2026-08-17,intraday,30,14:30,0.007022105066630756,1,small,HENT signs preliminary agreement for the Skive DC data centre project in Denmark,-0.003835504480049903,0.0029800469045491145,-0.03819687731818733,0.0031866005865808507
SNTIA.OL,2026-08-17 14:00,2026-08-17,intraday,60,15:00,0.0038256272564812475,1,small,HENT signs preliminary agreement for the Skive DC data centre project in Denmark,-0.0006390266699003633,0.0061765247146985894,-0.03500039950803778,0.0031866005865808507
SNTIA.OL,2026-08-17 14:00,2026-08-17,intraday,5,14:05,0.007847409482944247,1,small,HENT inngår innledende avtale for datasenterprosjektet Skive DC i Danmark,-0.004660808896363415,0.0021547424882355825,-0.03902218173450086,0.0031866005865808507
SNTIA.OL,2026-08-17 14:00,2026-08-17,intraday,10,14:10,0.008183750420489626,1,small,HENT inngår innledende avtale for datasenterprosjektet Skive DC i Danmark,-0.004997149833908794,0.0018184015506902034,-0.03935852267204624,0.0031866005865808507
SNTIA.OL,2026-08-17 14:00,2026-08-17,intraday,15,14:15,0.005547325340903736,1,small,HENT inngår innledende avtale for datasenterprosjektet Skive DC i Danmark,-0.002360724754322869,0.004454826630276066,-0.03672209759246038,0.0031866005865808507
SNTIA.OL,2026-08-17 14:00,2026-08-17,intraday,30,14:30,0.007022105066630756,1,small,HENT inngår innledende avtale for datasenterprosjektet Skive DC i Danmark,-0.003835504480049903,0.0029800469045491145,-0.03819687731818733,0.0031866005865808507
SNTIA.OL,2026-08-17 14:00,2026-08-17,intraday,60,15:00,0.0038256272564812475,1,small,HENT inngår innledende avtale for datasenterprosjektet Skive DC i Danmark,-0.0006390266699003633,0.0061765247146985894,-0.03500039950803778,0.0031866005865808507
RING.OL,2026-08-17 12:23,2026-08-17,intraday,5,12:25,-0.0015533897760300758,-1,small,SpareBank 1 Ringerike Hadeland: Mulig erverv av egne egenkapitalbevis,0.013911214250073942,-0.017156622294243862,0.03250283403443309,0.015464604026104018
RING.OL,2026-08-17 12:23,2026-08-17,intraday,10,12:30,-0.0009977283885138494,-1,small,SpareBank 1 Ringerike Hadeland: Mulig erverv av egne egenkapitalbevis,0.014466875637590169,-0.016600960906727635,0.033058495421949316,0.015464604026104018
RING.OL,2026-08-17 12:23,2026-08-17,intraday,15,12:35,-0.0011992709486067649,-1,small,SpareBank 1 Ringerike Hadeland: Mulig erverv av egne egenkapitalbevis,0.014265333077497253,-0.01680250346682055,0.0328569528618564,0.015464604026104018
RING.OL,2026-08-17 12:23,2026-08-17,intraday,30,12:50,-0.0007915368400203959,-1,small,SpareBank 1 Ringerike Hadeland: Mulig erverv av egne egenkapitalbevis,0.014673067186083622,-0.016394769358234182,0.03326468697044277,0.015464604026104018
RING.OL,2026-08-17 12:23,2026-08-17,intraday,60,13:20,6.923985238251051e-05,1,small,SpareBank 1 Ringerike Hadeland: Mulig erverv av egne egenkapitalbevis,-0.015533843878486529,0.015533992665831275,-0.034125463662845676,-0.015464604026104018
ELK.OL,2026-08-17 11:13,2026-08-17,intraday,5,11:15,-0.0012424682809781423,-1,small,Finansiell kalender,-0.0008430472464596083,-0.004242556748415412,0.02267961557695468,0.00039942103451846844
ELK.OL,2026-08-17 11:13,2026-08-17,intraday,10,11:20,-0.001016963943061111,-1,small,Finansiell kalender,-0.0006175429085426426,-0.004017052410498309,0.022905119914871788,0.00039942103451846844
ELK.OL,2026-08-17 11:13,2026-08-17,intraday,15,11:25,-0.0010363426502050382,-1,small,Finansiell kalender,-0.0006369216156865698,-0.004036431117642236,0.02288574120772786,0.00039942103451846844
ELK.OL,2026-08-17 11:13,2026-08-17,intraday,30,11:40,-0.0017270788689141003,-1,small,Finansiell kalender,-0.001327657834395632,-0.004727167336351298,0.022195004989018798,0.00039942103451846844
ELK.OL,2026-08-17 11:13,2026-08-17,intraday,60,12:10,-0.0006268828751837775,-1,small,Finansiell kalender,-0.0002274618406653019,-0.0036269713426210657,0.023295200982749044,0.00039942103451846844
SBNOR.OL,2026-08-17 10:20,2026-08-17,intraday,5,10:20,-0.0004465862646797433,-1,small,Sparebanken Norge: Contemplating issuance of NOK Tier 2 bonds,0.0008267900104858884,0.005931980210039257,-0.0038758744876971687,0.001273376275165522
SBNOR.OL,2026-08-17 10:20,2026-08-17,intraday,10,10:25,-0.0014938135357595848,-1,small,Sparebanken Norge: Contemplating issuance of NOK Tier 2 bonds,-0.00022043726059408904,0.00488475293895935,-0.004923101758777127,0.001273376275165522
SBNOR.OL,2026-08-17 10:20,2026-08-17,intraday,15,10:30,0.00014470762039263613,1,small,Sparebanken Norge: Contemplating issuance of NOK Tier 2 bonds,-0.0014180838955582485,-0.006523274095111529,0.003284580602624834,-0.001273376275165522
SBNOR.OL,2026-08-17 10:20,2026-08-17,intraday,30,10:45,-0.0014685140461700324,-1,small,Sparebanken Norge: Contemplating issuance of NOK Tier 2 bonds,-0.00019513777100453334,0.004910052428548849,-0.00489780226918738,0.001273376275165522
SBNOR.OL,2026-08-17 10:20,2026-08-17,intraday,60,11:15,-0.0020430732075986586,-1,small,Sparebanken Norge: Contemplating issuance of NOK Tier 2 bonds,-0.0007696969324330805,0.004335493267120174,-0.005472361430616038,0.001273376275165522
COSH.OL,2026-08-17 08:30,2026-08-17,pre-open,5,09:00,-0.000912044830973624,-1,small,Constellation Announces the Occurrence of Qualified Liquidity Event ,-0.009738402470685874,-0.011855833064422297,0.004266053306767213,-0.00882635763971225
COSH.OL,2026-08-17 08:30,2026-08-17,pre-open,10,09:05,-0.0013316616442096418,-1,small,Constellation Announces the Occurrence of Qualified Liquidity Event ,-0.010158019283921892,-0.012275449877658315,0.003846436493531195,-0.00882635763971225
COSH.OL,2026-08-17 08:30,2026-08-17,pre-open,15,09:10,-0.0018063632122454348,-1,small,Constellation Announces the Occurrence of Qualified Liquidity Event ,-0.010632720851957685,-0.012750151445694108,0.003371734925495402,-0.00882635763971225
COSH.OL,2026-08-17 08:30,2026-08-17,pre-open,30,09:25,-0.0016225106185411425,-1,small,Constellation Announces the Occurrence of Qualified Liquidity Event ,-0.010448868258253393,-0.012566298851989816,0.0035555875191996943,-0.00882635763971225
COSH.OL,2026-08-17 08:30,2026-08-17,pre-open,60,09:55,-0.0006390353423944423,-1,small,Constellation Announces the Occurrence of Qualified Liquidity Event ,-0.009465392982106692,-0.011582823575843115,0.004539062795346395,-0.00882635763971225
KMAR.OL,2026-08-17 08:00,2026-08-17,pre-open,5,09:00,-0.010750517945344807,-1,mid,Kongsberg Maritime ASA   Contemplating inaugural NOK-denominated bond issue,-0.0007510843457196143,0.02665890387586265,0.036152450768459535,0.009999433599625119
KMAR.OL,2026-08-17 08:00,2026-08-17,pre-open,10,09:05,-0.009406114405639175,-1,mid,Kongsberg Maritime ASA   Contemplating inaugural NOK-denominated bond issue,0.0005933191939859125,0.02800330741556817,0.03749685430816513,0.009999433599625119
KMAR.OL,2026-08-17 08:00,2026-08-17,pre-open,15,09:10,-0.009176145390097163,-1,mid,Kongsberg Maritime ASA   Contemplating inaugural NOK-denominated bond issue,0.0008232882095278891,0.02823327643111015,0.03772682332370712,0.009999433599625119
KMAR.OL,2026-08-17 08:00,2026-08-17,pre-open,30,09:25,-0.006881054393258207,-1,mid,Kongsberg Maritime ASA   Contemplating inaugural NOK-denominated bond issue,0.003118379206366848,0.03052836742794919,0.04002191432054607,0.009999433599625119
KMAR.OL,2026-08-17 08:00,2026-08-17,pre-open,60,09:55,-0.00800881752024617,-1,mid,Kongsberg Maritime ASA   Contemplating inaugural NOK-denominated bond issue,0.0019906160793788817,0.029400604300961142,0.038894151193558116,0.009999433599625119
MING.OL,2026-08-17 08:00,2026-08-17,pre-open,5,09:00,0.00983547874338887,1,small,SpareBank 1 SMN: Meldepliktig handel - Spareprogram for ansatte ,0.015072596860202951,0.00037125428337846447,-0.00013219519065350502,0.02490807560359185
MING.OL,2026-08-17 08:00,2026-08-17,pre-open,10,09:05,0.015229816966817605,1,small,SpareBank 1 SMN: Meldepliktig handel - Spareprogram for ansatte ,0.009678258636774219,-0.0050230839400503685,-0.005526533414082242,0.02490807560359185
MING.OL,2026-08-17 08:00,2026-08-17,pre-open,15,09:10,0.015720817790179666,1,small,SpareBank 1 SMN: Meldepliktig handel - Spareprogram for ansatte ,0.009187257813412035,-0.005514084763412443,-0.006017534237444353,0.02490807560359185
MING.OL,2026-08-17 08:00,2026-08-17,pre-open,30,09:25,0.021439561890110606,1,small,SpareBank 1 SMN: Meldepliktig handel - Spareprogram for ansatte ,0.003468513713481209,-0.011232828863343265,-0.011736278337375157,0.02490807560359185
MING.OL,2026-08-17 08:00,2026-08-17,pre-open,60,09:55,0.016405447876147228,1,small,SpareBank 1 SMN: Meldepliktig handel - Spareprogram for ansatte ,0.008502627727444697,-0.006198714849379842,-0.00670216432341175,0.02490807560359185
YAR.OL,2026-08-21 14:51,2026-08-21,intraday,5,14:55,-0.00532998976576454,-1,mid,Regulatory disclosure regarding Gulf Coast Ammonia plant,-0.0030626938000235743,-0.012796570952021056,0.03384769944063953,0.0022672959657408787
YAR.OL,2026-08-21 14:51,2026-08-21,intraday,10,15:00,-0.006028348333353276,-1,mid,Regulatory disclosure regarding Gulf Coast Ammonia plant,-0.0037610523676123104,-0.013494929519609792,0.03314934087305079,0.0022672959657408787
YAR.OL,2026-08-21 14:51,2026-08-21,intraday,15,15:05,-0.005014837270654929,-1,mid,Regulatory disclosure regarding Gulf Coast Ammonia plant,-0.0027475413049140767,-0.012481418456911489,0.03416285193574912,0.0022672959657408787
YAR.OL,2026-08-21 14:51,2026-08-21,intraday,30,15:20,-0.007188139605303668,-1,mid,Regulatory disclosure regarding Gulf Coast Ammonia plant,-0.004920843639562801,-0.014654720791560258,0.03198954960110031,0.0022672959657408787
YAR.OL,2026-08-21 14:51,2026-08-21,intraday,60,15:50,-0.005537741518431251,-1,mid,Regulatory disclosure regarding Gulf Coast Ammonia plant,-0.0032704455526902576,-0.013004322704687776,0.03363994768797279,0.0022672959657408787
ORK.OL,2026-08-21 14:40,2026-08-21,intraday,5,14:45,0.000544821232640439,1,mid,"Orkla ASA   salg fra egenbeholdning i ORK89 (ISIN NO0012862772, 2023-2028)",0.0018227049197895532,-0.014968237182132655,-0.051539467024832974,0.0023675261524300165
ORK.OL,2026-08-21 14:40,2026-08-21,intraday,10,14:50,-0.0021590336532779546,-1,mid,"Orkla ASA   salg fra egenbeholdning i ORK89 (ISIN NO0012862772, 2023-2028)",-0.004526559805708009,0.0122643822962142,0.04883561213891452,-0.0023675261524300165
ORK.OL,2026-08-21 14:40,2026-08-21,intraday,15,14:55,-0.0014419868204111179,-1,mid,"Orkla ASA   salg fra egenbeholdning i ORK89 (ISIN NO0012862772, 2023-2028)",-0.003809512972841232,0.012981429129080986,0.04955265897178133,-0.0023675261524300165
ORK.OL,2026-08-21 14:40,2026-08-21,intraday,30,15:10,0.000949624629526117,1,mid,"Orkla ASA   salg fra egenbeholdning i ORK89 (ISIN NO0012862772, 2023-2028)",0.0014179015229039311,-0.015373040579018296,-0.051944270421718626,0.0023675261524300165
ORK.OL,2026-08-21 14:40,2026-08-21,intraday,60,15:40,-0.0017271742364538168,-1,mid,"Orkla ASA   salg fra egenbeholdning i ORK89 (ISIN NO0012862772, 2023-2028)",-0.0040947003888840185,0.01269624171303816,0.04926747155573853,-0.0023675261524300165
ORK.OL,2026-08-21 14:40,2026-08-21,intraday,5,14:45,0.000544821232640439,1,mid,"Orkla ASA   sale from own account in ORK89 (ISIN NO0012862772, 2023-2028)",0.0018227049197895532,-0.014968237182132655,-0.051539467024832974,0.0023675261524300165
ORK.OL,2026-08-21 14:40,2026-08-21,intraday,10,14:50,-0.0021590336532779546,-1,mid,"Orkla ASA   sale from own account in ORK89 (ISIN NO0012862772, 2023-2028)",-0.004526559805708009,0.0122643822962142,0.04883561213891452,-0.0023675261524300165
ORK.OL,2026-08-21 14:40,2026-08-21,intraday,15,14:55,-0.0014419868204111179,-1,mid,"Orkla ASA   sale from own account in ORK89 (ISIN NO0012862772, 2023-2028)",-0.003809512972841232,0.012981429129080986,0.04955265897178133,-0.0023675261524300165
ORK.OL,2026-08-21 14:40,2026-08-21,intraday,30,15:10,0.000949624629526117,1,mid,"Orkla ASA   sale from own account in ORK89 (ISIN NO0012862772, 2023-2028)",0.0014179015229039311,-0.015373040579018296,-0.051944270421718626,0.0023675261524300165
ORK.OL,2026-08-21 14:40,2026-08-21,intraday,60,15:40,-0.0017271742364538168,-1,mid,"Orkla ASA   sale from own account in ORK89 (ISIN NO0012862772, 2023-2028)",-0.0040947003888840185,0.01269624171303816,0.04926747155573853,-0.0023675261524300165
HAVI.OL,2026-08-21 13:17,2026-08-21,intraday,5,13:20,-8.16154001500452e-05,-1,small,Havila Shipping ASA: Kontraktsforlengelse med Equinor Energy AS for Havila Troll,-0.03155860624875849,-0.017521941986484928,-0.0051859734109480915,-0.031476990848608444
HAVI.OL,2026-08-21 13:17,2026-08-21,intraday,10,13:25,7.265932412783838e-05,1,small,Havila Shipping ASA: Kontraktsforlengelse med Equinor Energy AS for Havila Troll,0.031404331524480605,0.017367667262207044,0.005031698686670208,0.031476990848608444
HAVI.OL,2026-08-21 13:17,2026-08-21,intraday,15,13:30,-0.00016171453910066025,-1,small,Havila Shipping ASA: Kontraktsforlengelse med Equinor Energy AS for Havila Troll,-0.031638705387709104,-0.017602041125435543,-0.0052660725498987065,-0.031476990848608444
HAVI.OL,2026-08-21 13:17,2026-08-21,intraday,30,13:45,0.018162723814347206,1,small,Havila Shipping ASA: Kontraktsforlengelse med Equinor Energy AS for Havila Troll,0.013314267034261397,-0.0007223972280122424,-0.013058365803549256,0.031476990848608444
HAVI.OL,2026-08-21 13:17,2026-08-21,intraday,60,14:15,0.016495946058304928,1,small,Havila Shipping ASA: Kontraktsforlengelse med Equinor Energy AS for Havila Troll,0.014981044790303676,0.0009443805280300362,-0.011391588047506977,0.031476990848608444
HAVI.OL,2026-08-21 13:17,2026-08-21,intraday,5,13:20,-8.16154001500452e-05,-1,small,Havila Shipping ASA: Contract extension with Equinor Energy for Havila Troll,-0.03155860624875849,-0.017521941986484928,-0.0051859734109480915,-0.031476990848608444
HAVI.OL,2026-08-21 13:17,2026-08-21,intraday,10,13:25,7.265932412783838e-05,1,small,Havila Shipping ASA: Contract extension with Equinor Energy for Havila Troll,0.031404331524480605,0.017367667262207044,0.005031698686670208,0.031476990848608444
HAVI.OL,2026-08-21 13:17,2026-08-21,intraday,15,13:30,-0.00016171453910066025,-1,small,Havila Shipping ASA: Contract extension with Equinor Energy for Havila Troll,-0.031638705387709104,-0.017602041125435543,-0.0052660725498987065,-0.031476990848608444
HAVI.OL,2026-08-21 13:17,2026-08-21,intraday,30,13:45,0.018162723814347206,1,small,Havila Shipping ASA: Contract extension with Equinor Energy for Havila Troll,0.013314267034261397,-0.0007223972280122424,-0.013058365803549256,0.031476990848608444
HAVI.OL,2026-08-21 13:17,2026-08-21,intraday,60,14:15,0.016495946058304928,1,small,Havila Shipping ASA: Contract extension with Equinor Energy for Havila Troll,0.014981044790303676,0.0009443805280300362,-0.011391588047506977,0.031476990848608444
SALM.OL,2026-08-21 10:16,2026-08-21,intraday,5,10:20,-0.0017814302686974585,-1,mid,SalMar - Invitasjon til presentasjon av resultater for andre kvartal 2026,0.0024458430429554054,-0.002028127931992297,-0.0743976469656185,0.004227273311653024
SALM.OL,2026-08-21 10:16,2026-08-21,intraday,10,10:25,-0.0008636311622779936,-1,mid,SalMar - Invitasjon til presentasjon av resultater for andre kvartal 2026,0.003363642149374924,-0.0011103288255728573,-0.07347984785919903,0.004227273311653024
SALM.OL,2026-08-21 10:16,2026-08-21,intraday,15,10:30,0.00010627301062727471,1,mid,SalMar - Invitasjon til presentasjon av resultater for andre kvartal 2026,-0.004333546322280376,0.0001404246526675989,0.07250994368629368,-0.004227273311653024
SALM.OL,2026-08-21 10:16,2026-08-21,intraday,30,10:45,0.0017874546862357912,1,mid,SalMar - Invitasjon til presentasjon av resultater for andre kvartal 2026,-0.006014727997888849,-0.0015407570229410087,0.07082876201068515,-0.004227273311653024
SALM.OL,2026-08-21 10:16,2026-08-21,intraday,60,11:15,0.0015704205083575326,1,mid,SalMar - Invitasjon til presentasjon av resultater for andre kvartal 2026,-0.00579769382001059,-0.00132372284506275,0.07104579618856341,-0.004227273311653024
AFG.OL,2026-08-21 10:00,2026-08-21,intraday,5,10:00,0.0010567654104140544,1,small,Invitasjon til presentasjon av resultat for 2. kvartal 2026,-0.003941212485379112,-0.005785088601179433,0.018445995710643467,-0.0028844470749649857
AFG.OL,2026-08-21 10:00,2026-08-21,intraday,10,10:05,-0.0016357645854852636,-1,small,Invitasjon til presentasjon av resultat for 2. kvartal 2026,0.0012486824894798257,0.003092558605280066,-0.021138525706542774,0.0028844470749649857
AFG.OL,2026-08-21 10:00,2026-08-21,intraday,15,10:10,-0.0013674332736262392,-1,small,Invitasjon til presentasjon av resultat for 2. kvartal 2026,0.0015170138013387308,0.00336088991713902,-0.0208701943946838,0.0028844470749649857
AFG.OL,2026-08-21 10:00,2026-08-21,intraday,30,10:25,-0.004245375865843596,-1,small,Invitasjon til presentasjon av resultat for 2. kvartal 2026,-0.0013609287908785059,0.00048294732492173455,-0.023748136986901106,0.0028844470749649857
AFG.OL,2026-08-21 10:00,2026-08-21,intraday,60,10:55,-0.004505777246340945,-1,small,Invitasjon til presentasjon av resultat for 2. kvartal 2026,-0.0016213301713758552,0.00022254594442438526,-0.024008538367398455,0.0028844470749649857
MEDI.OL,2026-08-21 08:30,2026-08-21,pre-open,5,09:00,0.03644718057249266,1,small,First half and second quarter results and financials for 2026 for Medistim ASA,-0.016076593979987605,0.023031888355955675,0.022016289401143446,0.020370586592505055
MEDI.OL,2026-08-21 08:30,2026-08-21,pre-open,10,09:05,0.03306511849755053,1,small,First half and second quarter results and financials for 2026 for Medistim ASA,-0.012694531905045284,0.026413950430897802,0.025398351476085698,0.020370586592505055
MEDI.OL,2026-08-21 08:30,2026-08-21,pre-open,15,09:10,0.035452124641919006,1,small,First half and second quarter results and financials for 2026 for Medistim ASA,-0.01508153804941395,0.02402694428652933,0.0230113453317171,0.020370586592505055
MEDI.OL,2026-08-21 08:30,2026-08-21,pre-open,30,09:25,0.04107083196130453,1,small,First half and second quarter results and financials for 2026 for Medistim ASA,-0.02070024536879951,0.01840823696714374,0.017392638012331575,0.020370586592505055
MEDI.OL,2026-08-21 08:30,2026-08-21,pre-open,60,09:55,0.03882261285472769,1,small,First half and second quarter results and financials for 2026 for Medistim ASA,-0.01845202626222267,0.020656456073720582,0.019640857118908416,0.020370586592505055
VEI.OL,2026-08-21 08:29,2026-08-21,pre-open,5,09:00,0.0013551307359016382,1,small,Veidekke: Two New Residential Projects for K2 Bolig in Stavanger,-0.006175522997276068,-0.011162360526557167,-0.0011875591918695388,-0.00482039226137434
VEI.OL,2026-08-21 08:29,2026-08-21,pre-open,10,09:05,0.0020798506136128184,1,small,Veidekke: Two New Residential Projects for K2 Bolig in Stavanger,-0.0069002428749872485,-0.011887080404268347,-0.001912279069580719,-0.00482039226137434
VEI.OL,2026-08-21 08:29,2026-08-21,pre-open,15,09:10,0.0003600748053279837,1,small,Veidekke: Two New Residential Projects for K2 Bolig in Stavanger,-0.005180467066702414,-0.010167304595983513,-0.00019250326129588435,-0.00482039226137434
VEI.OL,2026-08-21 08:29,2026-08-21,pre-open,30,09:25,-0.002184528514447437,-1,small,Veidekke: Two New Residential Projects for K2 Bolig in Stavanger,0.002635863746926993,0.007622701276208092,-0.0023521000584795365,0.00482039226137434
VEI.OL,2026-08-21 08:29,2026-08-21,pre-open,60,09:55,0.0030022308664938904,1,small,Veidekke: Two New Residential Projects for K2 Bolig in Stavanger,-0.00782262312786822,-0.01280946065714932,-0.002834659322461658,-0.00482039226137434
VEI.OL,2026-08-21 08:29,2026-08-21,pre-open,5,09:00,0.0013551307359016382,1,small,Veidekke: To nye prosjekter for K2 Bolig i Stavanger,-0.006175522997276068,-0.011162360526557167,-0.0011875591918695388,-0.00482039226137434
VEI.OL,2026-08-21 08:29,2026-08-21,pre-open,10,09:05,0.0020798506136128184,1,small,Veidekke: To nye prosjekter for K2 Bolig i Stavanger,-0.0069002428749872485,-0.011887080404268347,-0.001912279069580719,-0.00482039226137434
VEI.OL,2026-08-21 08:29,2026-08-21,pre-open,15,09:10,0.0003600748053279837,1,small,Veidekke: To nye prosjekter for K2 Bolig i Stavanger,-0.005180467066702414,-0.010167304595983513,-0.00019250326129588435,-0.00482039226137434
VEI.OL,2026-08-21 08:29,2026-08-21,pre-open,30,09:25,-0.002184528514447437,-1,small,Veidekke: To nye prosjekter for K2 Bolig i Stavanger,0.002635863746926993,0.007622701276208092,-0.0023521000584795365,0.00482039226137434
VEI.OL,2026-08-21 08:29,2026-08-21,pre-open,60,09:55,0.0030022308664938904,1,small,Veidekke: To nye prosjekter for K2 Bolig i Stavanger,-0.00782262312786822,-0.01280946065714932,-0.002834659322461658,-0.00482039226137434
ELMRA.OL,2026-08-21 08:01,2026-08-21,pre-open,5,09:00,0.006519012777024835,1,small,Independent statement related to the voluntary cash offer by Fortum Consumer Solutions for the share,-0.02702960563306638,-0.027620898761233702,-0.03673297727631441,-0.020510592856041638
ELMRA.OL,2026-08-21 08:01,2026-08-21,pre-open,10,09:05,0.008332447750071472,1,small,Independent statement related to the voluntary cash offer by Fortum Consumer Solutions for the share,-0.02884304060611323,-0.029434333734280435,-0.0385464122493611,-0.020510592856041638
ELMRA.OL,2026-08-21 08:01,2026-08-21,pre-open,15,09:10,0.007700203025498007,1,small,Independent statement related to the voluntary cash offer by Fortum Consumer Solutions for the share,-0.02821079588153967,-0.02880208900970692,-0.03791416752478761,-0.020510592856041638
ELMRA.OL,2026-08-21 08:01,2026-08-21,pre-open,30,09:25,0.004068068622011216,1,small,Independent statement related to the voluntary cash offer by Fortum Consumer Solutions for the share,-0.024578661478052974,-0.02516995460622018,-0.03428203312130085,-0.020510592856041638
ELMRA.OL,2026-08-21 08:01,2026-08-21,pre-open,60,09:55,0.0007311344200989197,1,small,Independent statement related to the voluntary cash offer by Fortum Consumer Solutions for the share,-0.021241727276140463,-0.021833020404307787,-0.030945098919388493,-0.020510592856041638
AFK.OL,2026-08-21 08:00,2026-08-21,pre-open,5,09:00,0.003979570090220217,1,small,Second quarter financial results: Solid performance and improved operating profit,-0.04716718105001873,-0.07612320869229613,-0.10645019876074623,-0.04318761095979848
AFK.OL,2026-08-21 08:00,2026-08-21,pre-open,10,09:05,-0.00813285679274929,-1,small,Second quarter financial results: Solid performance and improved operating profit,0.03505475416704913,0.0640107818093266,0.09433777187777664,0.04318761095979848
AFK.OL,2026-08-21 08:00,2026-08-21,pre-open,15,09:10,-0.009852632601034125,-1,small,Second quarter financial results: Solid performance and improved operating profit,0.0333349783587643,0.06229100600104175,0.09261799606949181,0.04318761095979848
AFK.OL,2026-08-21 08:00,2026-08-21,pre-open,30,09:25,-0.022786939769945436,-1,small,Second quarter financial results: Solid performance and improved operating profit,0.020400671189853108,0.04935669883213053,0.07968368890058058,0.04318761095979848
AFK.OL,2026-08-21 08:00,2026-08-21,pre-open,60,09:55,-0.027649539450593077,-1,small,Second quarter financial results: Solid performance and improved operating profit,0.015538071509205368,0.04449409915148278,0.074821089219933,0.04318761095979848
ELMRA.OL,2026-08-21 08:00,2026-08-21,pre-open,5,09:00,0.006519012777024835,1,small,Fortum launches recommended voluntary cash tender offer to the shareholders of Elmera Group ASA and ,-0.02702960563306638,-0.027620898761233702,-0.03673297727631441,-0.020510592856041638
ELMRA.OL,2026-08-21 08:00,2026-08-21,pre-open,10,09:05,0.008332447750071472,1,small,Fortum launches recommended voluntary cash tender offer to the shareholders of Elmera Group ASA and ,-0.02884304060611323,-0.029434333734280435,-0.0385464122493611,-0.020510592856041638
ELMRA.OL,2026-08-21 08:00,2026-08-21,pre-open,15,09:10,0.007700203025498007,1,small,Fortum launches recommended voluntary cash tender offer to the shareholders of Elmera Group ASA and ,-0.02821079588153967,-0.02880208900970692,-0.03791416752478761,-0.020510592856041638
ELMRA.OL,2026-08-21 08:00,2026-08-21,pre-open,30,09:25,0.004068068622011216,1,small,Fortum launches recommended voluntary cash tender offer to the shareholders of Elmera Group ASA and ,-0.024578661478052974,-0.02516995460622018,-0.03428203312130085,-0.020510592856041638
ELMRA.OL,2026-08-21 08:00,2026-08-21,pre-open,60,09:55,0.0007311344200989197,1,small,Fortum launches recommended voluntary cash tender offer to the shareholders of Elmera Group ASA and ,-0.021241727276140463,-0.021833020404307787,-0.030945098919388493,-0.020510592856041638
MING.OL,2026-08-21 08:00,2026-08-21,pre-open,5,09:00,0.006235510168039758,1,small,SpareBank 1 SMN: Meldepliktig handel – Viderefordeling av egenkapitalbevis i spareprogram for ansatt,-0.0141201546058546,-0.002149220931075984,0.001775562252709334,-0.007884644437814788
MING.OL,2026-08-21 08:00,2026-08-21,pre-open,10,09:05,0.010869363026700354,1,small,SpareBank 1 SMN: Meldepliktig handel – Viderefordeling av egenkapitalbevis i spareprogram for ansatt,-0.01875400746451509,-0.006783073789736457,-0.002858290605951122,-0.007884644437814788
MING.OL,2026-08-21 08:00,2026-08-21,pre-open,15,09:10,0.008905699635762012,1,small,SpareBank 1 SMN: Meldepliktig handel – Viderefordeling av egenkapitalbevis i spareprogram for ansatt,-0.016790344073576855,-0.004819410398798185,-0.0008946272150128984,-0.007884644437814788
MING.OL,2026-08-21 08:00,2026-08-21,pre-open,30,09:25,0.007336215602078684,1,small,SpareBank 1 SMN: Meldepliktig handel – Viderefordeling av egenkapitalbevis i spareprogram for ansatt,-0.01522086003989344,-0.003249926365114772,0.0006748568186703482,-0.007884644437814788
MING.OL,2026-08-21 08:00,2026-08-21,pre-open,60,09:55,0.0038689301310927213,1,small,SpareBank 1 SMN: Meldepliktig handel – Viderefordeling av egenkapitalbevis i spareprogram for ansatt,-0.01175357456890759,0.0002173591058710657,0.004142142289656363,-0.007884644437814788
HAFNI.OL,2026-08-21 07:30,2026-08-21,pre-open,5,09:00,-0.00045544825560705094,-1,mid,HAFNIA’S Q2 2026 FINANCIAL RESULTS PRESENTATION TO BE HELD ON 28 AUGUST 2026,-0.020630895767514597,-0.0017869835799824187,-0.022202856396754088,-0.020175447511907578
HAFNI.OL,2026-08-21 07:30,2026-08-21,pre-open,10,09:05,0.009741560765178896,1,mid,HAFNIA’S Q2 2026 FINANCIAL RESULTS PRESENTATION TO BE HELD ON 28 AUGUST 2026,0.010433886746728696,-0.008410025440803834,0.012005847375967917,0.020175447511907578
HAFNI.OL,2026-08-21 07:30,2026-08-21,pre-open,15,09:10,0.008021784956894061,1,mid,HAFNIA’S Q2 2026 FINANCIAL RESULTS PRESENTATION TO BE HELD ON 28 AUGUST 2026,0.01215366255501353,-0.0066902496325189995,0.013725623184252751,0.020175447511907578
HAFNI.OL,2026-08-21 07:30,2026-08-21,pre-open,30,09:25,0.012188616225105458,1,mid,HAFNIA’S Q2 2026 FINANCIAL RESULTS PRESENTATION TO BE HELD ON 28 AUGUST 2026,0.007986831286802002,-0.010857080900730332,0.009558791916041524,0.020175447511907578
HAFNI.OL,2026-08-21 07:30,2026-08-21,pre-open,60,09:55,0.014611723299860335,1,mid,HAFNIA’S Q2 2026 FINANCIAL RESULTS PRESENTATION TO BE HELD ON 28 AUGUST 2026,0.005563724212047375,-0.013280187975485105,0.007135684841286599,0.020175447511907578
SCATC.OL,2026-08-21 07:00,2026-08-21,pre-open,5,09:00,0.007620625985235286,1,mid,Scatec second quarter 2026: Growth journey and solid project execution continues,-0.021733621772775078,-0.03500632160850618,-0.026095822439225494,-0.014112995787539755
SCATC.OL,2026-08-21 07:00,2026-08-21,pre-open,10,09:05,0.006291988415521364,1,mid,Scatec second quarter 2026: Growth journey and solid project execution continues,-0.02040498420306104,-0.03367768403879211,-0.024767184869511398,-0.014112995787539755
SCATC.OL,2026-08-21 07:00,2026-08-21,pre-open,15,09:10,-0.006277834781246241,-1,mid,Scatec second quarter 2026: Growth journey and solid project execution continues,0.007835161006293554,0.021107860842024637,0.01219736167274385,0.014112995787539755
SCATC.OL,2026-08-21 07:00,2026-08-21,pre-open,30,09:25,0.0015135712296403077,1,mid,Scatec second quarter 2026: Growth journey and solid project execution continues,-0.015626567017180272,-0.028899266852911325,-0.01998876768363051,-0.014112995787539755
SCATC.OL,2026-08-21 07:00,2026-08-21,pre-open,60,09:55,-0.010032251351950263,-1,mid,Scatec second quarter 2026: Growth journey and solid project execution continues,0.004080744435589393,0.01735344427132055,0.0084429451020398,0.014112995787539755
AKAST.OL,2026-08-21 07:00,2026-08-21,pre-open,5,09:00,0.0003043187925489163,1,small,Akastor ASA: Second Quarter and Half Year Results 2026,-0.024747160465253437,0.012886116049190592,-0.06406224039765542,-0.024442841672704527
AKAST.OL,2026-08-21 07:00,2026-08-21,pre-open,10,09:05,-0.006191168037994491,-1,small,Akastor ASA: Second Quarter and Half Year Results 2026,0.01825167363470996,-0.019381602879734144,0.057566753567111995,0.024442841672704527
AKAST.OL,2026-08-21 07:00,2026-08-21,pre-open,15,09:10,-0.007910943846279325,-1,small,Akastor ASA: Second Quarter and Half Year Results 2026,0.016531897826425127,-0.02110137868801898,0.05584697775882716,0.024442841672704527
AKAST.OL,2026-08-21 07:00,2026-08-21,pre-open,30,09:25,-0.01481288301444411,-1,small,Akastor ASA: Second Quarter and Half Year Results 2026,0.009629958658260438,-0.02800331785618381,0.048945038590662314,0.024442841672704527
AKAST.OL,2026-08-21 07:00,2026-08-21,pre-open,60,09:55,-0.008365403266162063,-1,small,Akastor ASA: Second Quarter and Half Year Results 2026,0.01607743840654249,-0.021555838107901647,0.055392518338944444,0.024442841672704527
AKAST.OL,2026-08-21 07:00,2026-08-21,pre-open,5,09:00,0.0003043187925489163,1,small,Akastor ASA: Resultat for andre kvartal og første halvår 2026,-0.024747160465253437,0.012886116049190592,-0.06406224039765542,-0.024442841672704527
AKAST.OL,2026-08-21 07:00,2026-08-21,pre-open,10,09:05,-0.006191168037994491,-1,small,Akastor ASA: Resultat for andre kvartal og første halvår 2026,0.01825167363470996,-0.019381602879734144,0.057566753567111995,0.024442841672704527
AKAST.OL,2026-08-21 07:00,2026-08-21,pre-open,15,09:10,-0.007910943846279325,-1,small,Akastor ASA: Resultat for andre kvartal og første halvår 2026,0.016531897826425127,-0.02110137868801898,0.05584697775882716,0.024442841672704527
AKAST.OL,2026-08-21 07:00,2026-08-21,pre-open,30,09:25,-0.01481288301444411,-1,small,Akastor ASA: Resultat for andre kvartal og første halvår 2026,0.009629958658260438,-0.02800331785618381,0.048945038590662314,0.024442841672704527
AKAST.OL,2026-08-21 07:00,2026-08-21,pre-open,60,09:55,-0.008365403266162063,-1,small,Akastor ASA: Resultat for andre kvartal og første halvår 2026,0.01607743840654249,-0.021555838107901647,0.055392518338944444,0.024442841672704527
AKAST.OL,2026-08-21 07:00,2026-08-21,pre-open,5,09:00,0.0003043187925489163,1,small,Akastor ASA: Declaration of cash dividend,-0.024747160465253437,0.012886116049190592,-0.06406224039765542,-0.024442841672704527
AKAST.OL,2026-08-21 07:00,2026-08-21,pre-open,10,09:05,-0.006191168037994491,-1,small,Akastor ASA: Declaration of cash dividend,0.01825167363470996,-0.019381602879734144,0.057566753567111995,0.024442841672704527
AKAST.OL,2026-08-21 07:00,2026-08-21,pre-open,15,09:10,-0.007910943846279325,-1,small,Akastor ASA: Declaration of cash dividend,0.016531897826425127,-0.02110137868801898,0.05584697775882716,0.024442841672704527
AKAST.OL,2026-08-21 07:00,2026-08-21,pre-open,30,09:25,-0.01481288301444411,-1,small,Akastor ASA: Declaration of cash dividend,0.009629958658260438,-0.02800331785618381,0.048945038590662314,0.024442841672704527
AKAST.OL,2026-08-21 07:00,2026-08-21,pre-open,60,09:55,-0.008365403266162063,-1,small,Akastor ASA: Declaration of cash dividend,0.01607743840654249,-0.021555838107901647,0.055392518338944444,0.024442841672704527
SCATC.OL,2026-08-21 06:58,2026-08-21,pre-open,5,09:00,0.007620625985235286,1,mid,Scatec ASA: Fixed income investor meetings,-0.021733621772775078,-0.03500632160850618,-0.026095822439225494,-0.014112995787539755
SCATC.OL,2026-08-21 06:58,2026-08-21,pre-open,10,09:05,0.006291988415521364,1,mid,Scatec ASA: Fixed income investor meetings,-0.02040498420306104,-0.03367768403879211,-0.024767184869511398,-0.014112995787539755
SCATC.OL,2026-08-21 06:58,2026-08-21,pre-open,15,09:10,-0.006277834781246241,-1,mid,Scatec ASA: Fixed income investor meetings,0.007835161006293554,0.021107860842024637,0.01219736167274385,0.014112995787539755
SCATC.OL,2026-08-21 06:58,2026-08-21,pre-open,30,09:25,0.0015135712296403077,1,mid,Scatec ASA: Fixed income investor meetings,-0.015626567017180272,-0.028899266852911325,-0.01998876768363051,-0.014112995787539755
SCATC.OL,2026-08-21 06:58,2026-08-21,pre-open,60,09:55,-0.010032251351950263,-1,mid,Scatec ASA: Fixed income investor meetings,0.004080744435589393,0.01735344427132055,0.0084429451020398,0.014112995787539755
SCATC.OL,2026-08-20 18:05,2026-08-21,after-close,5,09:00,0.007620625985235286,1,mid,Scatec s 77 MW Urleasca wind project in Romania is starting construction,-0.021733621772775078,-0.03500632160850618,-0.026095822439225494,-0.014112995787539755
SCATC.OL,2026-08-20 18:05,2026-08-21,after-close,10,09:05,0.006291988415521364,1,mid,Scatec s 77 MW Urleasca wind project in Romania is starting construction,-0.02040498420306104,-0.03367768403879211,-0.024767184869511398,-0.014112995787539755
SCATC.OL,2026-08-20 18:05,2026-08-21,after-close,15,09:10,-0.006277834781246241,-1,mid,Scatec s 77 MW Urleasca wind project in Romania is starting construction,0.007835161006293554,0.021107860842024637,0.01219736167274385,0.014112995787539755
SCATC.OL,2026-08-20 18:05,2026-08-21,after-close,30,09:25,0.0015135712296403077,1,mid,Scatec s 77 MW Urleasca wind project in Romania is starting construction,-0.015626567017180272,-0.028899266852911325,-0.01998876768363051,-0.014112995787539755
SCATC.OL,2026-08-20 18:05,2026-08-21,after-close,60,09:55,-0.010032251351950263,-1,mid,Scatec s 77 MW Urleasca wind project in Romania is starting construction,0.004080744435589393,0.01735344427132055,0.0084429451020398,0.014112995787539755
NYKD.OL,2026-08-20 15:22,2026-08-20,intraday,5,15:25,0.0637628561105072,1,small,Nykode Therapeutics Receives New U.S. Patent Strengthening Intellectual Property Protection for its ,-0.09893924444909899,-0.01067004268610004,0.05014018364866134,-0.035176388338591894
NYKD.OL,2026-08-20 15:22,2026-08-20,intraday,10,15:30,0.017413519972694635,1,small,Nykode Therapeutics Receives New U.S. Patent Strengthening Intellectual Property Protection for its ,-0.05258990831128647,0.03567929345171238,0.09648951978647377,-0.035176388338591894
NYKD.OL,2026-08-20 15:22,2026-08-20,intraday,15,15:35,0.019434589063528653,1,small,Nykode Therapeutics Receives New U.S. Patent Strengthening Intellectual Property Protection for its ,-0.05461097740212064,0.03365822436087824,0.09446845069563958,-0.035176388338591894
NYKD.OL,2026-08-20 15:22,2026-08-20,intraday,30,15:50,0.0071326231320022315,1,small,Nykode Therapeutics Receives New U.S. Patent Strengthening Intellectual Property Protection for its ,-0.04230901147059414,0.04596019029240459,0.10677041662716616,-0.035176388338591894
SNTIA.OL,2026-08-20 14:15,2026-08-20,intraday,5,14:20,0.0008554707929950896,1,small,Invitasjon til presentasjon av resultat for 2. kvartal 2026,-0.0026006593565869873,-0.005682832166799538,0.04365906147310128,-0.0017451885635918977
SNTIA.OL,2026-08-20 14:15,2026-08-20,intraday,10,14:25,0.0007187376583496837,1,small,Invitasjon til presentasjon av resultat for 2. kvartal 2026,-0.0024639262219415814,-0.005546099032154132,0.043795794607746685,-0.0017451885635918977
SNTIA.OL,2026-08-20 14:15,2026-08-20,intraday,15,14:30,0.0006499086565528924,1,small,Invitasjon til presentasjon av resultat for 2. kvartal 2026,-0.00239509722014479,-0.005477270030357341,0.04386462360954348,-0.0017451885635918977
SNTIA.OL,2026-08-20 14:15,2026-08-20,intraday,30,14:45,0.00011435965952658685,1,small,Invitasjon til presentasjon av resultat for 2. kvartal 2026,-0.0018595482231184846,-0.0049417210333310355,0.04440017260656978,-0.0017451885635918977
SNTIA.OL,2026-08-20 14:15,2026-08-20,intraday,60,15:15,0.0002583302257256892,1,small,Invitasjon til presentasjon av resultat for 2. kvartal 2026,-0.002003518789317587,-0.005085691599530229,0.044256202040370785,-0.0017451885635918977
VEI.OL,2026-08-20 11:55,2026-08-20,intraday,5,12:00,-0.0006836797192921601,-1,small,Veidekke: Yet another Logistics Facility at Gardermoen,0.006256788572961407,0.011077180834335804,0.00880277858967949,0.006940468292253567
VEI.OL,2026-08-20 11:55,2026-08-20,intraday,10,12:05,-0.0040550693187967925,-1,small,Veidekke: Yet another Logistics Facility at Gardermoen,0.0028853989734567717,0.007705791234831102,0.00543138899017491,0.006940468292253567
VEI.OL,2026-08-20 11:55,2026-08-20,intraday,15,12:10,-0.0061881247586924,-1,small,Veidekke: Yet another Logistics Facility at Gardermoen,0.000752343533561281,0.005572735794935616,0.0032983335502793434,0.006940468292253567
VEI.OL,2026-08-20 11:55,2026-08-20,intraday,30,12:25,-0.004547213675699071,-1,small,Veidekke: Yet another Logistics Facility at Gardermoen,0.0023932546165546104,0.0072136468779289455,0.004939244633272673,0.006940468292253567
VEI.OL,2026-08-20 11:55,2026-08-20,intraday,60,12:55,-0.007861606688151196,-1,small,Veidekke: Yet another Logistics Facility at Gardermoen,-0.0009211383958975506,0.003899253865476791,0.0016248516208206623,0.006940468292253567
VEI.OL,2026-08-20 11:55,2026-08-20,intraday,5,12:00,-0.0006836797192921601,-1,small,Veidekke: Nok et logistikkbygg på Gardermoen,0.006256788572961407,0.011077180834335804,0.00880277858967949,0.006940468292253567
VEI.OL,2026-08-20 11:55,2026-08-20,intraday,10,12:05,-0.0040550693187967925,-1,small,Veidekke: Nok et logistikkbygg på Gardermoen,0.0028853989734567717,0.007705791234831102,0.00543138899017491,0.006940468292253567
VEI.OL,2026-08-20 11:55,2026-08-20,intraday,15,12:10,-0.0061881247586924,-1,small,Veidekke: Nok et logistikkbygg på Gardermoen,0.000752343533561281,0.005572735794935616,0.0032983335502793434,0.006940468292253567
VEI.OL,2026-08-20 11:55,2026-08-20,intraday,30,12:25,-0.004547213675699071,-1,small,Veidekke: Nok et logistikkbygg på Gardermoen,0.0023932546165546104,0.0072136468779289455,0.004939244633272673,0.006940468292253567
VEI.OL,2026-08-20 11:55,2026-08-20,intraday,60,12:55,-0.007861606688151196,-1,small,Veidekke: Nok et logistikkbygg på Gardermoen,-0.0009211383958975506,0.003899253865476791,0.0016248516208206623,0.006940468292253567
PRS.OL,2026-08-20 10:43,2026-08-20,intraday,5,10:45,0.006052464801343371,1,small,Prosafe SE: Operational update - July  2026 ,-0.014055462851775473,-0.049093354693371706,-0.10724586796649586,-0.008002998050432173
PRS.OL,2026-08-20 10:43,2026-08-20,intraday,10,10:50,0.0059395651470990594,1,small,Prosafe SE: Operational update - July  2026 ,-0.013942563197531161,-0.048980455039127395,-0.10713296831225155,-0.008002998050432173
PRS.OL,2026-08-20 10:43,2026-08-20,intraday,15,10:55,0.0049374329581793434,1,small,Prosafe SE: Operational update - July  2026 ,-0.012940431008611445,-0.04797832285020768,-0.10613083612333184,-0.008002998050432173
PRS.OL,2026-08-20 10:43,2026-08-20,intraday,30,11:10,0.0024027324469449076,1,small,Prosafe SE: Operational update - July  2026 ,-0.010405730497377128,-0.045443622338973366,-0.1035961356120975,-0.008002998050432173
PRS.OL,2026-08-20 10:43,2026-08-20,intraday,60,11:40,-0.004537690953594159,-1,small,Prosafe SE: Operational update - July  2026 ,0.003465307096838015,0.03850319893843431,0.09665571221155839,0.008002998050432173
AFG.OL,2026-08-20 10:00,2026-08-20,intraday,5,10:00,-0.0010287188391853302,-1,small,Awarded new EPRD contract in the North Sea,0.015486884911351015,0.017899569249349295,0.015754144001859885,0.016515603750536345
AFG.OL,2026-08-20 10:00,2026-08-20,intraday,10,10:05,-0.001010894332539966,-1,small,Awarded new EPRD contract in the North Sea,0.015504709417996379,0.01791739375599466,0.01577196850850525,0.016515603750536345
AFG.OL,2026-08-20 10:00,2026-08-20,intraday,15,10:10,-0.0004217546414560236,-1,small,Awarded new EPRD contract in the North Sea,0.01609384910908032,0.018506533447078602,0.01636110819958919,0.016515603750536345
AFG.OL,2026-08-20 10:00,2026-08-20,intraday,30,10:25,-0.0004035913911279304,-1,small,Awarded new EPRD contract in the North Sea,0.016112012359408415,0.018524696697406695,0.016379271449917285,0.016515603750536345
AFG.OL,2026-08-20 10:00,2026-08-20,intraday,60,10:55,-0.0007146329199890712,-1,small,Awarded new EPRD contract in the North Sea,0.015800970830547323,0.01821365516854565,0.016068229921056044,0.016515603750536345
SOAG.OL,2026-08-20 09:37,2026-08-20,intraday,5,09:40,0.002765349370151604,1,small,SOAG – Utstedelse av nytt fastrente MREL tellende obligasjonslån,0.00861448273363024,-0.005994901961566363,-0.022796407985769818,0.011379832103781844
SOAG.OL,2026-08-20 09:37,2026-08-20,intraday,10,09:45,0.002392087604585716,1,small,SOAG – Utstedelse av nytt fastrente MREL tellende obligasjonslån,0.008987744499196128,-0.005621640196000475,-0.02242314622020393,0.011379832103781844
SOAG.OL,2026-08-20 09:37,2026-08-20,intraday,15,09:50,0.003025557233437781,1,small,SOAG – Utstedelse av nytt fastrente MREL tellende obligasjonslån,0.008354274870344063,-0.0062551098248525405,-0.023056615849055995,0.011379832103781844
SOAG.OL,2026-08-20 09:37,2026-08-20,intraday,30,10:05,0.0029526177399662318,1,small,SOAG – Utstedelse av nytt fastrente MREL tellende obligasjonslån,0.008427214363815612,-0.006182170331380991,-0.022983676355584445,0.011379832103781844
SOAG.OL,2026-08-20 09:37,2026-08-20,intraday,60,10:35,0.0032080704687943162,1,small,SOAG – Utstedelse av nytt fastrente MREL tellende obligasjonslån,0.008171761634987527,-0.0064376230602090755,-0.02323912908441253,0.011379832103781844
NORCO.OL,2026-08-20 08:29,2026-08-20,pre-open,5,09:00,-0.007608986720052525,-1,small,Norconsult: Corrected Q2 2026 Report,0.021469217813235682,0.003314237808645303,0.01783037698225527,0.02907820453328823
NORCO.OL,2026-08-20 08:29,2026-08-20,pre-open,10,09:05,-0.011732079098195597,-1,small,Norconsult: Corrected Q2 2026 Report,0.017346125435092626,-0.0008088545694979118,0.01370728460411215,0.02907820453328823
NORCO.OL,2026-08-20 08:29,2026-08-20,pre-open,15,09:10,-0.027774751120036675,-1,small,Norconsult: Corrected Q2 2026 Report,0.001303453413251554,-0.016851526591338893,-0.0023353874177289152,0.02907820453328823
NORCO.OL,2026-08-20 08:29,2026-08-20,pre-open,30,09:25,-0.03545845923047351,-1,small,Norconsult: Corrected Q2 2026 Report,-0.006380254697185403,-0.02453523470177578,-0.010019095528165767,0.02907820453328823
NORCO.OL,2026-08-20 08:29,2026-08-20,pre-open,60,09:55,-0.035394192189430816,-1,small,Norconsult: Corrected Q2 2026 Report,-0.006315987656142618,-0.02447096766073288,-0.009954828487122869,0.02907820453328823
KID.OL,2026-08-20 07:30,2026-08-20,pre-open,5,09:00,-0.02130010716142335,-1,small,Kid ASA - Second Quarter 2026 Results,-0.02826254158268333,0.007242729922118109,0.046749186911100256,-0.006962434421260134
KID.OL,2026-08-20 07:30,2026-08-20,pre-open,10,09:05,-0.020201235794222536,-1,small,Kid ASA - Second Quarter 2026 Results,-0.027163670215482518,0.008341601289318922,0.04784805827830107,-0.006962434421260134
KID.OL,2026-08-20 07:30,2026-08-20,pre-open,15,09:10,-0.017749305207662425,-1,small,Kid ASA - Second Quarter 2026 Results,-0.024711739628922407,0.010793531875879033,0.05029998886486118,-0.006962434421260134
KID.OL,2026-08-20 07:30,2026-08-20,pre-open,30,09:25,0.005759474804209739,1,small,Kid ASA - Second Quarter 2026 Results,0.0012029596170502063,-0.034302311887751374,-0.0738087688767334,0.006962434421260134
KID.OL,2026-08-20 07:30,2026-08-20,pre-open,60,09:55,0.01320012877116436,1,small,Kid ASA - Second Quarter 2026 Results,-0.006237694349904397,-0.04174296585470602,-0.08124942284368808,0.006962434421260134
HAUTO.OL,2026-08-20 07:30,2026-08-20,pre-open,5,09:00,-0.10190612666918718,-1,mid,Höegh Autoliners ASA: Second quarter results and distribution of dividends,0.028093350433029175,0.025944336548127563,0.05669683540601532,0.12999947710221627
HAUTO.OL,2026-08-20 07:30,2026-08-20,pre-open,10,09:05,-0.1077276804859248,-1,mid,Höegh Autoliners ASA: Second quarter results and distribution of dividends,0.022271796616291493,0.02012278273138995,0.05087528158927766,0.12999947710221627
HAUTO.OL,2026-08-20 07:30,2026-08-20,pre-open,15,09:10,-0.10585465644818412,-1,mid,Höegh Autoliners ASA: Second quarter results and distribution of dividends,0.024144820654032065,0.02199580676913048,0.05274830562701825,0.12999947710221627
HAUTO.OL,2026-08-20 07:30,2026-08-20,pre-open,30,09:25,-0.131469594097179,-1,mid,Höegh Autoliners ASA: Second quarter results and distribution of dividends,-0.0014701169949628335,-0.003619130879864381,0.027133367978023383,0.12999947710221627
HAUTO.OL,2026-08-20 07:30,2026-08-20,pre-open,60,09:55,-0.13900410139445485,-1,mid,Höegh Autoliners ASA: Second quarter results and distribution of dividends,-0.009004624292238547,-0.011153638177140195,0.019598860680747586,0.12999947710221627
ORK.OL,2026-08-20 07:00,2026-08-20,pre-open,5,09:00,-0.05567386451935226,-1,mid,Orkla med moderat underliggende resultatvekst for andre kvartal,0.00032004696473643965,0.009849675349258019,0.06798689040250319,0.05599391148408877
ORK.OL,2026-08-20 07:00,2026-08-20,pre-open,10,09:05,-0.06126399705802206,-1,mid,Orkla med moderat underliggende resultatvekst for andre kvartal,-0.005270085573933453,0.004259542810588088,0.06239675786383337,0.05599391148408877
ORK.OL,2026-08-20 07:00,2026-08-20,pre-open,15,09:10,-0.05417642001301657,-1,mid,Orkla med moderat underliggende resultatvekst for andre kvartal,0.0018174914710721128,0.011347119855593741,0.0694843349088389,0.05599391148408877
ORK.OL,2026-08-20 07:00,2026-08-20,pre-open,30,09:25,-0.06187393908701709,-1,mid,Orkla med moderat underliggende resultatvekst for andre kvartal,-0.005880027602928268,0.003649600781593248,0.0617868158348384,0.05599391148408877
ORK.OL,2026-08-20 07:00,2026-08-20,pre-open,60,09:55,-0.0625380227397375,-1,mid,Orkla med moderat underliggende resultatvekst for andre kvartal,-0.006544111255648674,0.00298551712887277,0.061122732182118014,0.05599391148408877
NORCO.OL,2026-08-20 07:00,2026-08-20,pre-open,5,09:00,-0.007608986720052525,-1,small,Norconsult: Q2 and first half year 2026 - Strong growth and stable profitability,0.021469217813235682,0.003314237808645303,0.01783037698225527,0.02907820453328823
NORCO.OL,2026-08-20 07:00,2026-08-20,pre-open,10,09:05,-0.011732079098195597,-1,small,Norconsult: Q2 and first half year 2026 - Strong growth and stable profitability,0.017346125435092626,-0.0008088545694979118,0.01370728460411215,0.02907820453328823
NORCO.OL,2026-08-20 07:00,2026-08-20,pre-open,15,09:10,-0.027774751120036675,-1,small,Norconsult: Q2 and first half year 2026 - Strong growth and stable profitability,0.001303453413251554,-0.016851526591338893,-0.0023353874177289152,0.02907820453328823
NORCO.OL,2026-08-20 07:00,2026-08-20,pre-open,30,09:25,-0.03545845923047351,-1,small,Norconsult: Q2 and first half year 2026 - Strong growth and stable profitability,-0.006380254697185403,-0.02453523470177578,-0.010019095528165767,0.02907820453328823
NORCO.OL,2026-08-20 07:00,2026-08-20,pre-open,60,09:55,-0.035394192189430816,-1,small,Norconsult: Q2 and first half year 2026 - Strong growth and stable profitability,-0.006315987656142618,-0.02447096766073288,-0.009954828487122869,0.02907820453328823
ORK.OL,2026-08-20 07:00,2026-08-20,pre-open,5,09:00,-0.05567386451935226,-1,mid,Orkla reports moderate underlying profit growth in the second quarter,0.00032004696473643965,0.009849675349258019,0.06798689040250319,0.05599391148408877
ORK.OL,2026-08-20 07:00,2026-08-20,pre-open,10,09:05,-0.06126399705802206,-1,mid,Orkla reports moderate underlying profit growth in the second quarter,-0.005270085573933453,0.004259542810588088,0.06239675786383337,0.05599391148408877
ORK.OL,2026-08-20 07:00,2026-08-20,pre-open,15,09:10,-0.05417642001301657,-1,mid,Orkla reports moderate underlying profit growth in the second quarter,0.0018174914710721128,0.011347119855593741,0.0694843349088389,0.05599391148408877
ORK.OL,2026-08-20 07:00,2026-08-20,pre-open,30,09:25,-0.06187393908701709,-1,mid,Orkla reports moderate underlying profit growth in the second quarter,-0.005880027602928268,0.003649600781593248,0.0617868158348384,0.05599391148408877
ORK.OL,2026-08-20 07:00,2026-08-20,pre-open,60,09:55,-0.0625380227397375,-1,mid,Orkla reports moderate underlying profit growth in the second quarter,-0.006544111255648674,0.00298551712887277,0.061122732182118014,0.05599391148408877
B2I.OL,2026-08-20 07:00,2026-08-20,pre-open,5,09:00,0.0354709756378239,1,small,B2 Impact ASA: Second quarter and half year results 2026,-0.00743326888421845,0.013527178952424772,-0.026938197489419977,0.028037706753605555
B2I.OL,2026-08-20 07:00,2026-08-20,pre-open,10,09:05,0.044247383915942524,1,small,B2 Impact ASA: Second quarter and half year results 2026,-0.01620967716233713,0.004750770674306192,-0.035714605767538724,0.028037706753605555
B2I.OL,2026-08-20 07:00,2026-08-20,pre-open,15,09:10,0.048609578466200475,1,small,B2 Impact ASA: Second quarter and half year results 2026,-0.020571871712595075,0.0003885761240481657,-0.040076800317796715,0.028037706753605555
B2I.OL,2026-08-20 07:00,2026-08-20,pre-open,30,09:25,0.04761485850656023,1,small,B2 Impact ASA: Second quarter and half year results 2026,-0.019577151752954828,0.001383296083688413,-0.03908208035815647,0.028037706753605555
B2I.OL,2026-08-20 07:00,2026-08-20,pre-open,60,09:55,0.03557346440955604,1,small,B2 Impact ASA: Second quarter and half year results 2026,-0.007535757655950468,0.013424690180692742,-0.027040686261152278,0.028037706753605555
ENDUR.OL,2026-08-20 07:00,2026-08-20,pre-open,5,09:00,0.016259298505985568,1,small,Endúr ASA - Q2/H1 2026 financial results,0.009314475276979031,-0.020298176245249,-0.05941852174149696,0.02557377378296454
ENDUR.OL,2026-08-20 07:00,2026-08-20,pre-open,10,09:05,0.013805754789663331,1,small,Endúr ASA - Q2/H1 2026 financial results,0.0117680189933011,-0.017844632528926825,-0.05696497802517484,0.02557377378296454
ENDUR.OL,2026-08-20 07:00,2026-08-20,pre-open,15,09:10,0.007321075531678554,1,small,Endúr ASA - Q2/H1 2026 financial results,0.01825269825128586,-0.011359953270941945,-0.050480298767189985,0.02557377378296454
ENDUR.OL,2026-08-20 07:00,2026-08-20,pre-open,30,09:25,-0.004504116592530922,-1,small,Endúr ASA - Q2/H1 2026 financial results,-0.030077890375495273,-0.000465238853267453,0.038655106642980594,-0.02557377378296454
ENDUR.OL,2026-08-20 07:00,2026-08-20,pre-open,60,09:55,-0.014045673310913321,-1,small,Endúr ASA - Q2/H1 2026 financial results,-0.03961944709387768,-0.010006795571649758,0.029113549924598227,-0.02557377378296454
ORK.OL,2026-08-20 06:59,2026-08-20,pre-open,5,09:00,-0.05567386451935226,-1,mid,Orkla ASA: Jotun Quarterly Update (Q2-2026),0.00032004696473643965,0.009849675349258019,0.06798689040250319,0.05599391148408877
ORK.OL,2026-08-20 06:59,2026-08-20,pre-open,10,09:05,-0.06126399705802206,-1,mid,Orkla ASA: Jotun Quarterly Update (Q2-2026),-0.005270085573933453,0.004259542810588088,0.06239675786383337,0.05599391148408877
ORK.OL,2026-08-20 06:59,2026-08-20,pre-open,15,09:10,-0.05417642001301657,-1,mid,Orkla ASA: Jotun Quarterly Update (Q2-2026),0.0018174914710721128,0.011347119855593741,0.0694843349088389,0.05599391148408877
ORK.OL,2026-08-20 06:59,2026-08-20,pre-open,30,09:25,-0.06187393908701709,-1,mid,Orkla ASA: Jotun Quarterly Update (Q2-2026),-0.005880027602928268,0.003649600781593248,0.0617868158348384,0.05599391148408877
ORK.OL,2026-08-20 06:59,2026-08-20,pre-open,60,09:55,-0.0625380227397375,-1,mid,Orkla ASA: Jotun Quarterly Update (Q2-2026),-0.006544111255648674,0.00298551712887277,0.061122732182118014,0.05599391148408877
PEN.OL,2026-08-20 06:30,2026-08-20,pre-open,5,09:00,-0.049966973879547294,-1,small,"Panoro Energy - Accretive Acquisition of Producing Asset Offshore Côte d'Ivoire, 2026 Half Year Resu",-0.04900906157536406,-0.02500577825668386,-0.02224711321917027,0.0009579123041831574
PEN.OL,2026-08-20 06:30,2026-08-20,pre-open,10,09:05,-0.05064276647662773,-1,small,"Panoro Energy - Accretive Acquisition of Producing Asset Offshore Côte d'Ivoire, 2026 Half Year Resu",-0.04968485417244447,-0.025681570853764123,-0.022922905816250852,0.0009579123041831574
PEN.OL,2026-08-20 06:30,2026-08-20,pre-open,15,09:10,-0.04287639923424416,-1,small,"Panoro Energy - Accretive Acquisition of Producing Asset Offshore Côte d'Ivoire, 2026 Half Year Resu",-0.04191848693006105,-0.017915203611380756,-0.015156538573867132,0.0009579123041831574
PEN.OL,2026-08-20 06:30,2026-08-20,pre-open,30,09:25,-0.04210585325460141,-1,small,"Panoro Energy - Accretive Acquisition of Producing Asset Offshore Côte d'Ivoire, 2026 Half Year Resu",-0.041147940950418266,-0.017144657631738044,-0.014385992594224399,0.0009579123041831574
PEN.OL,2026-08-20 06:30,2026-08-20,pre-open,60,09:55,-0.047778125771322344,-1,small,"Panoro Energy - Accretive Acquisition of Producing Asset Offshore Côte d'Ivoire, 2026 Half Year Resu",-0.046820213467139084,-0.022816930148458738,-0.020058265110945467,0.0009579123041831574
HAUTO.OL,2026-08-25 23:59,2026-08-26,after-close,5,09:00,-0.014124232861823705,-1,mid,Höegh Autoliners ASA – Successfully Completed Private Placement,0.016743234332585375,0.020591362626777517,0.03623553683978355,0.030867467194409165
HAUTO.OL,2026-08-25 23:59,2026-08-26,after-close,10,09:05,-0.0021207371141083275,-1,mid,Höegh Autoliners ASA – Successfully Completed Private Placement,0.028746730080300802,0.032594858374492844,0.04823903258749894,0.030867467194409165
HAUTO.OL,2026-08-25 23:59,2026-08-26,after-close,15,09:10,-0.010651857400729573,-1,mid,Höegh Autoliners ASA – Successfully Completed Private Placement,0.020215609793679593,0.024063738087871614,0.039707912300877654,0.030867467194409165
HAUTO.OL,2026-08-25 23:59,2026-08-26,after-close,30,09:25,-0.016288067373940788,-1,mid,Höegh Autoliners ASA – Successfully Completed Private Placement,0.014579399820468244,0.018427528114660335,0.03407170232766642,0.030867467194409165
HAUTO.OL,2026-08-25 23:59,2026-08-26,after-close,60,09:55,-0.018681832662152596,-1,mid,Höegh Autoliners ASA – Successfully Completed Private Placement,0.012185634532256594,0.016033762826448684,0.03167793703945473,0.030867467194409165
SCATC.OL,2026-08-25 21:35,2026-08-26,after-close,5,09:00,-0.0022109591192835984,-1,mid,Scatec ASA: Exercise of call option,0.027334024699984628,0.034045693451384196,0.02641278714437552,0.0295449838192683
SCATC.OL,2026-08-25 21:35,2026-08-26,after-close,10,09:05,-0.006753108411417717,-1,mid,Scatec ASA: Exercise of call option,0.02279187540785054,0.02950354415925006,0.02187063785224128,0.0295449838192683
SCATC.OL,2026-08-25 21:35,2026-08-26,after-close,15,09:10,-0.0061144976783412885,-1,mid,Scatec ASA: Exercise of call option,0.023430486140927045,0.030142154892326616,0.02250924858531783,0.0295449838192683
SCATC.OL,2026-08-25 21:35,2026-08-26,after-close,30,09:25,-0.010788933148585866,-1,mid,Scatec ASA: Exercise of call option,0.01875605067068231,0.02546771942208196,0.017834813115073126,0.0295449838192683
SCATC.OL,2026-08-25 21:35,2026-08-26,after-close,60,09:55,-0.014344063518950761,-1,mid,Scatec ASA: Exercise of call option,0.015200920300317559,0.02191258905171712,0.01427968274470832,0.0295449838192683
HAUTO.OL,2026-08-25 16:31,2026-08-26,after-close,5,09:00,-0.014124232861823705,-1,mid,Höegh Autoliners ASA – Contemplated Private Placement,0.016743234332585375,0.020591362626777517,0.03623553683978355,0.030867467194409165
HAUTO.OL,2026-08-25 16:31,2026-08-26,after-close,10,09:05,-0.0021207371141083275,-1,mid,Höegh Autoliners ASA – Contemplated Private Placement,0.028746730080300802,0.032594858374492844,0.04823903258749894,0.030867467194409165
HAUTO.OL,2026-08-25 16:31,2026-08-26,after-close,15,09:10,-0.010651857400729573,-1,mid,Höegh Autoliners ASA – Contemplated Private Placement,0.020215609793679593,0.024063738087871614,0.039707912300877654,0.030867467194409165
HAUTO.OL,2026-08-25 16:31,2026-08-26,after-close,30,09:25,-0.016288067373940788,-1,mid,Höegh Autoliners ASA – Contemplated Private Placement,0.014579399820468244,0.018427528114660335,0.03407170232766642,0.030867467194409165
HAUTO.OL,2026-08-25 16:31,2026-08-26,after-close,60,09:55,-0.018681832662152596,-1,mid,Höegh Autoliners ASA – Contemplated Private Placement,0.012185634532256594,0.016033762826448684,0.03167793703945473,0.030867467194409165
HAUTO.OL,2026-08-25 16:30,2026-08-26,after-close,5,09:00,-0.014124232861823705,-1,mid,Höegh Autoliners ASA: Höegh Autoliners orders six additional Aurora class vessels,0.016743234332585375,0.020591362626777517,0.03623553683978355,0.030867467194409165
HAUTO.OL,2026-08-25 16:30,2026-08-26,after-close,10,09:05,-0.0021207371141083275,-1,mid,Höegh Autoliners ASA: Höegh Autoliners orders six additional Aurora class vessels,0.028746730080300802,0.032594858374492844,0.04823903258749894,0.030867467194409165
HAUTO.OL,2026-08-25 16:30,2026-08-26,after-close,15,09:10,-0.010651857400729573,-1,mid,Höegh Autoliners ASA: Höegh Autoliners orders six additional Aurora class vessels,0.020215609793679593,0.024063738087871614,0.039707912300877654,0.030867467194409165
HAUTO.OL,2026-08-25 16:30,2026-08-26,after-close,30,09:25,-0.016288067373940788,-1,mid,Höegh Autoliners ASA: Höegh Autoliners orders six additional Aurora class vessels,0.014579399820468244,0.018427528114660335,0.03407170232766642,0.030867467194409165
HAUTO.OL,2026-08-25 16:30,2026-08-26,after-close,60,09:55,-0.018681832662152596,-1,mid,Höegh Autoliners ASA: Höegh Autoliners orders six additional Aurora class vessels,0.012185634532256594,0.016033762826448684,0.03167793703945473,0.030867467194409165
GJF.OL,2026-08-25 16:00,2026-08-25,intraday,5,16:05,0.0002703061295512587,1,mid,Gjensidige hosts its Analyst Day 2026 today,0.0010106010954756546,0.010046207971211515,-0.0061704891257336174,0.0012809072250269749
GJF.OL,2026-08-25 16:00,2026-08-25,intraday,10,16:10,0.0014946804643960912,1,mid,Gjensidige hosts its Analyst Day 2026 today,-0.00021377323936931517,0.008821833636366447,-0.0073948634605785785,0.0012809072250269749
GJF.OL,2026-08-25 16:00,2026-08-25,intraday,15,16:15,0.0012809072250269749,1,mid,Gjensidige hosts its Analyst Day 2026 today,0.0,0.0090356068757358,-0.007181090221209369,0.0012809072250269749
BWLPG.OL,2026-08-25 15:45,2026-08-25,intraday,5,15:50,0.010065308697921818,1,mid,BW LPG Limited announces sale of BW Birch,-0.007992537093235932,-0.06192062402792619,-0.04453728349527724,0.0020727716046858493
BWLPG.OL,2026-08-25 15:45,2026-08-25,intraday,10,15:55,0.00974040790381269,1,mid,BW LPG Limited announces sale of BW Birch,-0.007667636299126803,-0.06159572323381706,-0.04421238270116811,0.0020727716046858493
BWLPG.OL,2026-08-25 15:45,2026-08-25,intraday,15,16:00,0.001792875835853435,1,mid,BW LPG Limited announces sale of BW Birch,0.0002798957688326046,-0.05364819116585781,-0.03626485063320886,0.0020727716046858493
BWLPG.OL,2026-08-25 15:45,2026-08-25,intraday,30,16:15,0.0020727716046858493,1,mid,BW LPG Limited announces sale of BW Birch,0.0,-0.05392808693469031,-0.03654474640204136,0.0020727716046858493
SOAG.OL,2026-08-25 15:06,2026-08-25,intraday,5,15:10,-0.002979261888734902,-1,small,Spareprogram for ansatt i SpareBank 1 Østfold Akershus - påmelding avsluttet,0.0001545193536430789,-0.005646371528614406,0.003726857336615508,0.003133781242377981
SOAG.OL,2026-08-25 15:06,2026-08-25,intraday,10,15:15,-0.003052305503116387,-1,small,Spareprogram for ansatt i SpareBank 1 Østfold Akershus - påmelding avsluttet,8.14757392615939e-05,-0.0057194151429958906,0.003653813722234023,0.003133781242377981
SOAG.OL,2026-08-25 15:06,2026-08-25,intraday,15,15:20,-0.0035901421627509422,-1,small,Spareprogram for ansatt i SpareBank 1 Østfold Akershus - påmelding avsluttet,-0.0004563609203729613,-0.006257251802630446,0.003115977062599468,0.003133781242377981
SOAG.OL,2026-08-25 15:06,2026-08-25,intraday,30,15:35,-0.0016415327471803187,-1,small,Spareprogram for ansatt i SpareBank 1 Østfold Akershus - påmelding avsluttet,0.0014922484951976622,-0.004308642387059822,0.0050645864781700915,0.003133781242377981
SOAG.OL,2026-08-25 15:06,2026-08-25,intraday,60,16:05,-0.0027258558089866547,-1,small,Spareprogram for ansatt i SpareBank 1 Østfold Akershus - påmelding avsluttet,0.00040792543339132625,-0.005392965448866158,0.0039802634163637555,0.003133781242377981
SCATC.OL,2026-08-25 12:43,2026-08-25,intraday,5,12:45,-0.00010204083180896184,-1,mid,Scatec ASA: Successful placement of senior unsecured green bonds,-0.015277819232743886,0.0142671645865244,0.01954527711667056,-0.01517577840093489
SCATC.OL,2026-08-25 12:43,2026-08-25,intraday,10,12:50,0.005775713355187096,1,mid,Scatec ASA: Successful placement of senior unsecured green bonds,0.009400065045748026,-0.020144918773520273,-0.02542303130366642,0.01517577840093489
SCATC.OL,2026-08-25 12:43,2026-08-25,intraday,15,12:55,0.0057882116427000535,1,mid,Scatec ASA: Successful placement of senior unsecured green bonds,0.009387566758235068,-0.02015741706103323,-0.025435529591179378,0.01517577840093489
SCATC.OL,2026-08-25 12:43,2026-08-25,intraday,30,13:10,0.008108442791517022,1,mid,Scatec ASA: Successful placement of senior unsecured green bonds,0.00706733560941809,-0.02247764820985025,-0.0277557607399964,0.01517577840093489
SCATC.OL,2026-08-25 12:43,2026-08-25,intraday,60,13:40,0.009651333392983408,1,mid,Scatec ASA: Successful placement of senior unsecured green bonds,0.005524445007951679,-0.02402053881131654,-0.029298651341462766,0.01517577840093489
KIT.OL,2026-08-25 12:41,2026-08-25,intraday,5,12:45,-0.0027769307490750875,-1,mid,Kitron åpner fabrikk på Longum for å møte økende forsvarsetterspørsel,-0.0031709205542067103,0.0038750165466270763,0.027395349251839365,-0.0003939898051317026
KIT.OL,2026-08-25 12:41,2026-08-25,intraday,10,12:50,-0.0035328133780959396,-1,mid,Kitron åpner fabrikk på Longum for å møte økende forsvarsetterspørsel,-0.003926803183227733,0.0031191339176061756,0.026639466622818457,-0.0003939898051317026
KIT.OL,2026-08-25 12:41,2026-08-25,intraday,15,12:55,-0.0018947224313381292,-1,mid,Kitron åpner fabrikk på Longum for å møte økende forsvarsetterspørsel,-0.002288712236469912,0.0047572248643640395,0.028277557569576273,-0.0003939898051317026
KIT.OL,2026-08-25 12:41,2026-08-25,intraday,30,13:10,2.6248620859969213e-05,1,mid,Kitron åpner fabrikk på Longum for å møte økende forsvarsetterspørsel,0.0003677411842717094,-0.006678195916562208,-0.030198528621774513,0.0003939898051317026
KIT.OL,2026-08-25 12:41,2026-08-25,intraday,60,13:40,0.0006314864853574807,1,mid,Kitron åpner fabrikk på Longum for å møte økende forsvarsetterspørsel,-0.00023749668022582208,-0.007283433781059681,-0.03080376648627197,0.0003939898051317026
KIT.OL,2026-08-25 12:41,2026-08-25,intraday,5,12:45,-0.0027769307490750875,-1,mid,Kitron opens Longum facility as defence demand accelerates,-0.0031709205542067103,0.0038750165466270763,0.027395349251839365,-0.0003939898051317026
KIT.OL,2026-08-25 12:41,2026-08-25,intraday,10,12:50,-0.0035328133780959396,-1,mid,Kitron opens Longum facility as defence demand accelerates,-0.003926803183227733,0.0031191339176061756,0.026639466622818457,-0.0003939898051317026
KIT.OL,2026-08-25 12:41,2026-08-25,intraday,15,12:55,-0.0018947224313381292,-1,mid,Kitron opens Longum facility as defence demand accelerates,-0.002288712236469912,0.0047572248643640395,0.028277557569576273,-0.0003939898051317026
KIT.OL,2026-08-25 12:41,2026-08-25,intraday,30,13:10,2.6248620859969213e-05,1,mid,Kitron opens Longum facility as defence demand accelerates,0.0003677411842717094,-0.006678195916562208,-0.030198528621774513,0.0003939898051317026
KIT.OL,2026-08-25 12:41,2026-08-25,intraday,60,13:40,0.0006314864853574807,1,mid,Kitron opens Longum facility as defence demand accelerates,-0.00023749668022582208,-0.007283433781059681,-0.03080376648627197,0.0003939898051317026
EPR.OL,2026-08-25 09:00,2026-08-25,intraday,5,09:05,-0.009688945425330657,-1,small,Europris opens a new store in Høyanger,-0.010455614160950632,-0.015532204280336893,-0.0035409085652599107,-0.0007666687356199398
EPR.OL,2026-08-25 09:00,2026-08-25,intraday,10,09:10,-0.009363354529828748,-1,small,Europris opens a new store in Høyanger,-0.010130023265448722,-0.015206613384834984,-0.0032153176697580013,-0.0007666687356199398
EPR.OL,2026-08-25 09:00,2026-08-25,intraday,15,09:15,-0.009076041818389578,-1,small,Europris opens a new store in Høyanger,-0.009842710554009553,-0.014919300673395815,-0.002928004958318832,-0.0007666687356199398
EPR.OL,2026-08-25 09:00,2026-08-25,intraday,30,09:30,-0.0061215340291667615,-1,small,Europris opens a new store in Høyanger,-0.006888202764786832,-0.011964792884173058,2.6502830903924954e-05,-0.0007666687356199398
EPR.OL,2026-08-25 09:00,2026-08-25,intraday,60,10:00,-0.007574850257699049,-1,small,Europris opens a new store in Høyanger,-0.008341518993319006,-0.013418109112705271,-0.0014268133976282887,-0.0007666687356199398
CADLR.OL,2026-08-25 08:00,2026-08-25,pre-open,5,09:00,0.04475474030968797,1,small,"H1 Interim Financial Results 2026:  Cadeler delivers on its strategy, with strong financial results",0.008581782852987422,-0.003408955503916472,-0.014558094508035802,0.05333652316267556
CADLR.OL,2026-08-25 08:00,2026-08-25,pre-open,10,09:05,0.042830440089227366,1,small,"H1 Interim Financial Results 2026:  Cadeler delivers on its strategy, with strong financial results",0.010506083073448283,-0.001484655283455677,-0.012633794287575047,0.05333652316267556
CADLR.OL,2026-08-25 08:00,2026-08-25,pre-open,15,09:10,0.04735948410819949,1,small,"H1 Interim Financial Results 2026:  Cadeler delivers on its strategy, with strong financial results",0.005977039054476075,-0.006013699302427919,-0.017162838306547253,0.05333652316267556
CADLR.OL,2026-08-25 08:00,2026-08-25,pre-open,30,09:25,0.050239288773133335,1,small,"H1 Interim Financial Results 2026:  Cadeler delivers on its strategy, with strong financial results",0.0030972343895420114,-0.008893503967361877,-0.020042642971481194,0.05333652316267556
CADLR.OL,2026-08-25 08:00,2026-08-25,pre-open,60,09:55,0.04291318817135193,1,small,"H1 Interim Financial Results 2026:  Cadeler delivers on its strategy, with strong financial results",0.01042333499132359,-0.0015674033655804554,-0.012716542369699728,0.05333652316267556
NAPA.OL,2026-08-25 08:00,2026-08-25,pre-open,5,09:00,-0.07753085303689386,-1,small,Napatech A/S: Q2 & H1 2026 Financial Results,-0.0545262802710892,-0.05752640961166022,-0.057612554941207345,0.02300457276580469
NAPA.OL,2026-08-25 08:00,2026-08-25,pre-open,10,09:05,-0.04811506103611149,-1,small,Napatech A/S: Q2 & H1 2026 Financial Results,-0.025110488270306746,-0.028110617610877846,-0.028196762940424794,0.02300457276580469
NAPA.OL,2026-08-25 08:00,2026-08-25,pre-open,15,09:10,-0.03782680455037589,-1,small,Napatech A/S: Q2 & H1 2026 Financial Results,-0.014822231784571118,-0.017822361125142374,-0.01790850645468936,0.02300457276580469
NAPA.OL,2026-08-25 08:00,2026-08-25,pre-open,30,09:25,-0.008624084237502012,-1,small,Napatech A/S: Q2 & H1 2026 Financial Results,0.014380488528302732,0.011380359187731611,0.011294213858184436,0.02300457276580469
NAPA.OL,2026-08-25 08:00,2026-08-25,pre-open,60,09:55,-0.010925061319917734,-1,small,Napatech A/S: Q2 & H1 2026 Financial Results,0.012079511445887009,0.009079382105315888,0.008993236775768713,0.02300457276580469
KCC.OL,2026-08-25 07:01,2026-08-25,pre-open,5,09:00,0.01928809243349274,1,small,KCC Second Quarter 2026   Solid Q2 financials driven by strong markets and operations amidst geopoli,-0.003133781242377981,0.004980435633002014,-0.024072914287516012,0.01615431119111476
KCC.OL,2026-08-25 07:01,2026-08-25,pre-open,10,09:05,0.02198668621350667,1,small,KCC Second Quarter 2026   Solid Q2 financials driven by strong markets and operations amidst geopoli,-0.005832375022391835,0.002281841852988242,-0.02677150806752982,0.01615431119111476
KCC.OL,2026-08-25 07:01,2026-08-25,pre-open,15,09:10,0.01473645429144569,1,small,KCC Second Quarter 2026   Solid Q2 financials driven by strong markets and operations amidst geopoli,0.0014178568996689356,0.009532073775049107,-0.01952127614546899,0.01615431119111476
KCC.OL,2026-08-25 07:01,2026-08-25,pre-open,30,09:25,0.007710666665324741,1,small,KCC Second Quarter 2026   Solid Q2 financials driven by strong markets and operations amidst geopoli,0.008443644525789992,0.01655786140117009,-0.012495488519348091,0.01615431119111476
KCC.OL,2026-08-25 07:01,2026-08-25,pre-open,60,09:55,0.01112942383434349,1,small,KCC Second Quarter 2026   Solid Q2 financials driven by strong markets and operations amidst geopoli,0.005024887356771136,0.013139104232151307,-0.01591424568836679,0.01615431119111476
TRMED.OL,2026-08-25 07:00,2026-08-25,pre-open,5,09:00,-0.00611000256482487,-1,small,Thor Medical ASA: Strengthening Executive Management Following AlphaOne Start-Up,0.03259096419667736,-0.010411055066344179,0.20591890196104592,0.038700966761502135
TRMED.OL,2026-08-25 07:00,2026-08-25,pre-open,10,09:05,-0.01155575052136242,-1,small,Thor Medical ASA: Strengthening Executive Management Following AlphaOne Start-Up,0.027145216240139707,-0.015856803022881866,0.20047315400450835,0.038700966761502135
TRMED.OL,2026-08-25 07:00,2026-08-25,pre-open,15,09:10,-0.01707812380073502,-1,small,Thor Medical ASA: Strengthening Executive Management Following AlphaOne Start-Up,0.021622842960767084,-0.021379176302254388,0.19495078072513564,0.038700966761502135
TRMED.OL,2026-08-25 07:00,2026-08-25,pre-open,30,09:25,-0.016919011788799808,-1,small,Thor Medical ASA: Strengthening Executive Management Following AlphaOne Start-Up,0.02178195497270238,-0.02122006429031909,0.195109892737071,0.038700966761502135
TRMED.OL,2026-08-25 07:00,2026-08-25,pre-open,60,09:55,-0.029521727370365698,-1,small,Thor Medical ASA: Strengthening Executive Management Following AlphaOne Start-Up,0.009179239391136547,-0.03382277987188499,0.18250717715550505,0.038700966761502135
DNO.OL,2026-08-25 07:00,2026-08-25,pre-open,5,09:00,-0.01748715434624155,-1,mid,"DNO Divests Non-Core Interests, Continues to Build Financial Muscle",-0.009239791512021225,-0.00025881698491327966,-0.006719257353423866,0.00824736283422026
DNO.OL,2026-08-25 07:00,2026-08-25,pre-open,10,09:05,-0.010116183587861781,-1,mid,"DNO Divests Non-Core Interests, Continues to Build Financial Muscle",-0.001868820753641599,0.007112153773466399,0.0006517134049557061,0.00824736283422026
DNO.OL,2026-08-25 07:00,2026-08-25,pre-open,15,09:10,-0.008668861904562153,-1,mid,"DNO Divests Non-Core Interests, Continues to Build Financial Muscle",-0.0004214990703419485,0.008559475456766087,0.0020990350882554853,0.00824736283422026
DNO.OL,2026-08-25 07:00,2026-08-25,pre-open,30,09:25,-0.013906383057208328,-1,mid,"DNO Divests Non-Core Interests, Continues to Build Financial Muscle",-0.005659020222988159,0.0033219543041198597,-0.003138486064390881,0.00824736283422026
DNO.OL,2026-08-25 07:00,2026-08-25,pre-open,60,09:55,-1.9509649118109977e-05,-1,mid,"DNO Divests Non-Core Interests, Continues to Build Financial Muscle",0.008227853185102064,0.017208827712210023,0.010748387343699333,0.00824736283422026
TGS.OL,2026-08-25 07:00,2026-08-25,pre-open,5,09:00,-0.0039949656420520015,-1,mid,TGS Awarded Extension to Largest Seismic Acquisition Project Offshore Indonesia ,-0.006492380433456091,0.025141121868325834,-0.0053321539029600636,-0.0024974147914040255
TGS.OL,2026-08-25 07:00,2026-08-25,pre-open,10,09:05,-0.000622713389111189,-1,mid,TGS Awarded Extension to Largest Seismic Acquisition Project Offshore Indonesia ,-0.0031201281805151807,0.02851337412126664,-0.0019599016500190386,-0.0024974147914040255
TGS.OL,2026-08-25 07:00,2026-08-25,pre-open,15,09:10,-0.004751518256053234,-1,mid,TGS Awarded Extension to Largest Seismic Acquisition Project Offshore Indonesia ,-0.007248933047457324,0.0243845692543246,-0.006088706516961296,-0.0024974147914040255
TGS.OL,2026-08-25 07:00,2026-08-25,pre-open,30,09:25,-0.0038278935463670893,-1,mid,TGS Awarded Extension to Largest Seismic Acquisition Project Offshore Indonesia ,-0.006325308337771115,0.025308193964010718,-0.005165081807275103,-0.0024974147914040255
TGS.OL,2026-08-25 07:00,2026-08-25,pre-open,60,09:55,-0.0016843736569085686,-1,mid,TGS Awarded Extension to Largest Seismic Acquisition Project Offshore Indonesia ,-0.004181788448312691,0.027451713853469163,-0.0030215619178166012,-0.0024974147914040255
SALM.OL,2026-08-25 06:40,2026-08-25,pre-open,5,09:00,0.013188262109378878,1,mid,Finansiell kalender,0.009769623593529802,0.06555989680614349,0.038727647773557784,0.02295788570290892
SALM.OL,2026-08-25 06:40,2026-08-25,pre-open,10,09:05,0.009319307692696526,1,mid,Finansiell kalender,0.013638578010212357,0.06942885122282605,0.04259660219024021,0.02295788570290892
SALM.OL,2026-08-25 06:40,2026-08-25,pre-open,15,09:10,0.024418943859506017,1,mid,Finansiell kalender,-0.0014610581565971665,0.05432921505601646,0.027496966023430693,0.02295788570290892
SALM.OL,2026-08-25 06:40,2026-08-25,pre-open,30,09:25,0.02127802758470917,1,mid,Finansiell kalender,0.0016798581181995268,0.0574701313308132,0.030637882298227476,0.02295788570290892
SALM.OL,2026-08-25 06:40,2026-08-25,pre-open,60,09:55,0.018058354985221015,1,mid,Finansiell kalender,0.004899530717687854,0.06068980393030145,0.033857554897715636,0.02295788570290892
SALM.OL,2026-08-25 06:30,2026-08-25,pre-open,5,09:00,0.013188262109378878,1,mid,SalMar - Rekordsterke biologiske prestasjoner,0.009769623593529802,0.06555989680614349,0.038727647773557784,0.02295788570290892
SALM.OL,2026-08-25 06:30,2026-08-25,pre-open,10,09:05,0.009319307692696526,1,mid,SalMar - Rekordsterke biologiske prestasjoner,0.013638578010212357,0.06942885122282605,0.04259660219024021,0.02295788570290892
SALM.OL,2026-08-25 06:30,2026-08-25,pre-open,15,09:10,0.024418943859506017,1,mid,SalMar - Rekordsterke biologiske prestasjoner,-0.0014610581565971665,0.05432921505601646,0.027496966023430693,0.02295788570290892
SALM.OL,2026-08-25 06:30,2026-08-25,pre-open,30,09:25,0.02127802758470917,1,mid,SalMar - Rekordsterke biologiske prestasjoner,0.0016798581181995268,0.0574701313308132,0.030637882298227476,0.02295788570290892
SALM.OL,2026-08-25 06:30,2026-08-25,pre-open,60,09:55,0.018058354985221015,1,mid,SalMar - Rekordsterke biologiske prestasjoner,0.004899530717687854,0.06068980393030145,0.033857554897715636,0.02295788570290892
SALM.OL,2026-08-25 06:30,2026-08-25,pre-open,5,09:00,0.013188262109378878,1,mid,SalMar - Record-strong biological performance,0.009769623593529802,0.06555989680614349,0.038727647773557784,0.02295788570290892
SALM.OL,2026-08-25 06:30,2026-08-25,pre-open,10,09:05,0.009319307692696526,1,mid,SalMar - Record-strong biological performance,0.013638578010212357,0.06942885122282605,0.04259660219024021,0.02295788570290892
SALM.OL,2026-08-25 06:30,2026-08-25,pre-open,15,09:10,0.024418943859506017,1,mid,SalMar - Record-strong biological performance,-0.0014610581565971665,0.05432921505601646,0.027496966023430693,0.02295788570290892
SALM.OL,2026-08-25 06:30,2026-08-25,pre-open,30,09:25,0.02127802758470917,1,mid,SalMar - Record-strong biological performance,0.0016798581181995268,0.0574701313308132,0.030637882298227476,0.02295788570290892
SALM.OL,2026-08-25 06:30,2026-08-25,pre-open,60,09:55,0.018058354985221015,1,mid,SalMar - Record-strong biological performance,0.004899530717687854,0.06068980393030145,0.033857554897715636,0.02295788570290892
KIT.OL,2026-08-24 17:07,2026-08-25,after-close,5,09:00,0.0828722524101876,1,mid,Kitron oppjusterer utsiktene for 2026,0.002298062459899529,-0.004747874640934431,-0.0282682073461467,0.08517031487008707
KIT.OL,2026-08-24 17:07,2026-08-25,after-close,10,09:05,0.08722195260296191,1,mid,Kitron oppjusterer utsiktene for 2026,-0.002051637732874839,-0.009097574833708743,-0.032617907538921076,0.08517031487008707
KIT.OL,2026-08-24 17:07,2026-08-25,after-close,15,09:10,0.08102571490880979,1,mid,Kitron oppjusterer utsiktene for 2026,0.004144599961277141,-0.002901337139556705,-0.02642166984476903,0.08517031487008707
KIT.OL,2026-08-24 17:07,2026-08-25,after-close,30,09:25,0.08407224224513553,1,mid,Kitron oppjusterer utsiktene for 2026,0.0010980726249516211,-0.005947864475882367,-0.02946819718109465,0.08517031487008707
KIT.OL,2026-08-24 17:07,2026-08-25,after-close,60,09:55,0.08448202859155761,1,mid,Kitron oppjusterer utsiktene for 2026,0.000688286278529363,-0.006357650822304588,-0.029877983527516822,0.08517031487008707
KIT.OL,2026-08-24 17:07,2026-08-25,after-close,5,09:00,0.0828722524101876,1,mid,Kitron revises full-year 2026 outlook upwards,0.002298062459899529,-0.004747874640934431,-0.0282682073461467,0.08517031487008707
KIT.OL,2026-08-24 17:07,2026-08-25,after-close,10,09:05,0.08722195260296191,1,mid,Kitron revises full-year 2026 outlook upwards,-0.002051637732874839,-0.009097574833708743,-0.032617907538921076,0.08517031487008707
KIT.OL,2026-08-24 17:07,2026-08-25,after-close,15,09:10,0.08102571490880979,1,mid,Kitron revises full-year 2026 outlook upwards,0.004144599961277141,-0.002901337139556705,-0.02642166984476903,0.08517031487008707
KIT.OL,2026-08-24 17:07,2026-08-25,after-close,30,09:25,0.08407224224513553,1,mid,Kitron revises full-year 2026 outlook upwards,0.0010980726249516211,-0.005947864475882367,-0.02946819718109465,0.08517031487008707
KIT.OL,2026-08-24 17:07,2026-08-25,after-close,60,09:55,0.08448202859155761,1,mid,Kitron revises full-year 2026 outlook upwards,0.000688286278529363,-0.006357650822304588,-0.029877983527516822,0.08517031487008707
ACR.OL,2026-08-24 15:19,2026-08-24,intraday,5,15:20,0.0037379081222498143,1,small,Axactor ASA: Notice of exercise of call option,0.016162422485709867,-0.010803333539890218,0.018078461814516313,0.01990033060795955
ACR.OL,2026-08-24 15:19,2026-08-24,intraday,10,15:25,0.0031154913234228785,1,small,Axactor ASA: Notice of exercise of call option,0.016784839284536803,-0.010180916741063282,0.01870087861334325,0.01990033060795955
ACR.OL,2026-08-24 15:19,2026-08-24,intraday,15,15:30,0.00017614431074786108,1,small,Axactor ASA: Notice of exercise of call option,0.01972418629721169,-0.007241569728388316,0.021640225626018056,0.01990033060795955
ACR.OL,2026-08-24 15:19,2026-08-24,intraday,30,15:45,0.0017873388694645419,1,small,Axactor ASA: Notice of exercise of call option,0.01811299173849504,-0.008852764287105096,0.020029031067301355,0.01990033060795955
ACR.OL,2026-08-24 15:19,2026-08-24,intraday,60,16:15,0.01990033060795955,1,small,Axactor ASA: Notice of exercise of call option,0.0,-0.026965756025599984,0.0019160393288063689,0.01990033060795955
AKRBP.OL,2026-08-24 13:30,2026-08-24,intraday,5,13:35,-0.0030470474657647386,-1,large,"Equinor, Aker BP and Vår Energi join forces to search for Norway's next major discoveries",0.0054940350397173834,0.020115782449157456,0.011205923456275168,0.00854108250548201
AKRBP.OL,2026-08-24 13:30,2026-08-24,intraday,10,13:40,-0.0041208689811145565,-1,large,"Equinor, Aker BP and Vår Energi join forces to search for Norway's next major discoveries",0.004420213524367523,0.019041960933807736,0.01013210194092532,0.00854108250548201
AKRBP.OL,2026-08-24 13:30,2026-08-24,intraday,15,13:45,-0.003414154070330582,-1,large,"Equinor, Aker BP and Vår Energi join forces to search for Norway's next major discoveries",0.005126928435151504,0.019748675844591647,0.010838816851709345,0.00854108250548201
AKRBP.OL,2026-08-24 13:30,2026-08-24,intraday,30,14:00,-0.002492380496702847,-1,large,"Equinor, Aker BP and Vår Energi join forces to search for Norway's next major discoveries",0.0060487020087792555,0.020670449418219432,0.011760590425337069,0.00854108250548201
AKRBP.OL,2026-08-24 13:30,2026-08-24,intraday,60,14:30,-0.0023042293350468168,-1,large,"Equinor, Aker BP and Vår Energi join forces to search for Norway's next major discoveries",0.006236853170435263,0.020858600579875416,0.01194874158699313,0.00854108250548201
AKRBP.OL,2026-08-24 13:30,2026-08-24,intraday,5,13:35,-0.0030470474657647386,-1,large,"Equinor, Aker BP og Vår Energi går sammen for å lete etter Norges neste store funn",0.0054940350397173834,0.020115782449157456,0.011205923456275168,0.00854108250548201
AKRBP.OL,2026-08-24 13:30,2026-08-24,intraday,10,13:40,-0.0041208689811145565,-1,large,"Equinor, Aker BP og Vår Energi går sammen for å lete etter Norges neste store funn",0.004420213524367523,0.019041960933807736,0.01013210194092532,0.00854108250548201
AKRBP.OL,2026-08-24 13:30,2026-08-24,intraday,15,13:45,-0.003414154070330582,-1,large,"Equinor, Aker BP og Vår Energi går sammen for å lete etter Norges neste store funn",0.005126928435151504,0.019748675844591647,0.010838816851709345,0.00854108250548201
AKRBP.OL,2026-08-24 13:30,2026-08-24,intraday,30,14:00,-0.002492380496702847,-1,large,"Equinor, Aker BP og Vår Energi går sammen for å lete etter Norges neste store funn",0.0060487020087792555,0.020670449418219432,0.011760590425337069,0.00854108250548201
AKRBP.OL,2026-08-24 13:30,2026-08-24,intraday,60,14:30,-0.0023042293350468168,-1,large,"Equinor, Aker BP og Vår Energi går sammen for å lete etter Norges neste store funn",0.006236853170435263,0.020858600579875416,0.01194874158699313,0.00854108250548201
VAR.OL,2026-08-24 13:00,2026-08-24,intraday,5,13:05,0.0026427090692828655,1,large,"Equinor, Aker BP and Vår Energi join forces to search for Norway's next major discoveries",-0.00588500868904302,-0.023468350303817134,-0.019308639812505822,-0.003242299619760228
VAR.OL,2026-08-24 13:00,2026-08-24,intraday,10,13:10,0.00351803617071668,1,large,"Equinor, Aker BP and Vår Energi join forces to search for Norway's next major discoveries",-0.006760335790476877,-0.024343677405251007,-0.020183966913939658,-0.003242299619760228
VAR.OL,2026-08-24 13:00,2026-08-24,intraday,15,13:15,0.0037245729465753144,1,large,"Equinor, Aker BP and Vår Energi join forces to search for Norway's next major discoveries",-0.006966872566335511,-0.024550214181109642,-0.020390503689798292,-0.003242299619760228
VAR.OL,2026-08-24 13:00,2026-08-24,intraday,30,13:30,0.0006290134231446117,1,large,"Equinor, Aker BP and Vår Energi join forces to search for Norway's next major discoveries",-0.0038713130429049647,-0.021454654657679047,-0.01729494416636767,-0.003242299619760228
VAR.OL,2026-08-24 13:00,2026-08-24,intraday,60,14:00,-0.001078220731624158,-1,large,"Equinor, Aker BP and Vår Energi join forces to search for Norway's next major discoveries",0.0021640788881361907,0.019747420502910316,0.015587710011598857,0.003242299619760228
MORG.OL,2026-08-24 10:03,2026-08-24,intraday,5,10:05,-0.0007068762482094204,-1,small,Sparebanken Møre - Contemplating new subordinated NOK Tier 2 bond issue,-0.0017209206376575439,0.0002869308884471313,0.006499189560811174,-0.0010140443894481235
MORG.OL,2026-08-24 10:03,2026-08-24,intraday,10,10:10,-0.0009565147376315308,-1,small,Sparebanken Møre - Contemplating new subordinated NOK Tier 2 bond issue,-0.0019705591270796543,3.729239902502089e-05,0.006249551071389064,-0.0010140443894481235
MORG.OL,2026-08-24 10:03,2026-08-24,intraday,15,10:15,-0.0009681989247925773,-1,small,Sparebanken Møre - Contemplating new subordinated NOK Tier 2 bond issue,-0.00198224331424059,2.560821186394554e-05,0.006237866884227911,-0.0010140443894481235
MORG.OL,2026-08-24 10:03,2026-08-24,intraday,30,10:30,-0.0014816281007472268,-1,small,Sparebanken Møre - Contemplating new subordinated NOK Tier 2 bond issue,-0.0024956724901952394,-0.0004878209640907039,0.005724437708273262,-0.0010140443894481235
MORG.OL,2026-08-24 10:03,2026-08-24,intraday,60,11:00,0.003789285370345702,1,small,Sparebanken Møre - Contemplating new subordinated NOK Tier 2 bond issue,-0.002775240980897609,-0.004783092507002145,-0.010995351179366163,0.0010140443894481235
ACR.OL,2026-08-24 07:00,2026-08-24,pre-open,5,09:00,-0.01325839603464931,-1,small,Axactor ASA: Fixed income investor meetings,0.03425444016524947,0.0612201961908494,0.03233840083644296,0.047512836199898656
ACR.OL,2026-08-24 07:00,2026-08-24,pre-open,10,09:05,-0.014057611748738146,-1,small,Axactor ASA: Fixed income investor meetings,0.033455224451160635,0.06042098047676057,0.031539185122354124,0.047512836199898656
ACR.OL,2026-08-24 07:00,2026-08-24,pre-open,15,09:10,-0.013546376439445944,-1,small,Axactor ASA: Fixed income investor meetings,0.03396645976045284,0.06093221578605277,0.032050420431646326,0.047512836199898656
ACR.OL,2026-08-24 07:00,2026-08-24,pre-open,30,09:25,-0.013782540754201482,-1,small,Axactor ASA: Fixed income investor meetings,0.0337302954456973,0.06069605147129723,0.03181425611689079,0.047512836199898656
ACR.OL,2026-08-24 07:00,2026-08-24,pre-open,60,09:55,-0.02408005850692622,-1,small,Axactor ASA: Fixed income investor meetings,0.023432777692972463,0.050398533718572565,0.021516738364166177,0.047512836199898656
BWE.OL,2026-08-28 20:25,2026-08-31,after-close,5,09:00,0.02041173832661805,1,small,BW Energy: Agreement for strategic entry into Angola through interests in producing Block 14 and Blo,-0.005193517133103958,-0.0017945404467616917,-0.0072824987305703855,0.015218221193514233
BWE.OL,2026-08-28 20:25,2026-08-31,after-close,10,09:05,0.02279605211017452,1,small,BW Energy: Agreement for strategic entry into Angola through interests in producing Block 14 and Blo,-0.007577830916660427,-0.0041788542303181605,-0.009666812514126854,0.015218221193514233
BWE.OL,2026-08-28 20:25,2026-08-31,after-close,15,09:10,0.020564449720039773,1,small,BW Energy: Agreement for strategic entry into Angola through interests in producing Block 14 and Blo,-0.0053462285265257195,-0.001947251840183406,-0.007435210123992147,0.015218221193514233
BWE.OL,2026-08-28 20:25,2026-08-31,after-close,30,09:25,0.020090979106851824,1,small,BW Energy: Agreement for strategic entry into Angola through interests in producing Block 14 and Blo,-0.004872757913337771,-0.0014737812269954575,-0.006961739510804198,0.015218221193514233
BWE.OL,2026-08-28 20:25,2026-08-31,after-close,60,09:55,0.012326426751123441,1,small,BW Energy: Agreement for strategic entry into Angola through interests in producing Block 14 and Blo,0.0028917944423905682,0.006290771128732947,0.000802812844924141,0.015218221193514233
SPOL.OL,2026-08-28 16:00,2026-08-28,intraday,5,16:05,0.00163854561499438,1,small,Førtidig innfrielse av fondsobligasjonslån ISIN NO0011108896,-0.0016213478844918558,-0.017706513801419854,-0.0035829570746038356,1.7197730502524185e-05
SPOL.OL,2026-08-28 16:00,2026-08-28,intraday,10,16:10,0.00019534309696010136,1,small,Førtidig innfrielse av fondsobligasjonslån ISIN NO0011108896,-0.00017814536645757717,-0.016263311283385495,-0.0021397545565694474,1.7197730502524185e-05
SPOL.OL,2026-08-28 16:00,2026-08-28,intraday,15,16:15,1.7197730502524185e-05,1,small,Førtidig innfrielse av fondsobligasjonslån ISIN NO0011108896,0.0,-0.016085165916927918,-0.0019616091901118703,1.7197730502524185e-05
SPOL.OL,2026-08-28 16:00,2026-08-28,intraday,5,16:05,0.00163854561499438,1,small,Exercise of call ISIN NO0011108896,-0.0016213478844918558,-0.017706513801419854,-0.0035829570746038356,1.7197730502524185e-05
SPOL.OL,2026-08-28 16:00,2026-08-28,intraday,10,16:10,0.00019534309696010136,1,small,Exercise of call ISIN NO0011108896,-0.00017814536645757717,-0.016263311283385495,-0.0021397545565694474,1.7197730502524185e-05
SPOL.OL,2026-08-28 16:00,2026-08-28,intraday,15,16:15,1.7197730502524185e-05,1,small,Exercise of call ISIN NO0011108896,0.0,-0.016085165916927918,-0.0019616091901118703,1.7197730502524185e-05
B2I.OL,2026-08-28 15:05,2026-08-28,intraday,5,15:10,0.002303181197613949,1,small,B2 Impact ASA: Successfully Completed New Bond Issue,-0.0060158424304620735,0.002591658062497941,0.02025212638806631,-0.003712661232848171
B2I.OL,2026-08-28 15:05,2026-08-28,intraday,10,15:15,0.0025009448458885673,1,small,B2 Impact ASA: Successfully Completed New Bond Issue,-0.006213606078736692,0.002393894414223323,0.020054362739791692,-0.003712661232848171
B2I.OL,2026-08-28 15:05,2026-08-28,intraday,15,15:20,0.0021342500762278702,1,small,B2 Impact ASA: Successfully Completed New Bond Issue,-0.005846911309075995,0.00276058918388402,0.02042105750945239,-0.003712661232848171
B2I.OL,2026-08-28 15:05,2026-08-28,intraday,30,15:35,-0.004236957356961161,-1,small,B2 Impact ASA: Successfully Completed New Bond Issue,-0.000524296124113019,-0.009131796617073015,-0.0267922649426413,0.003712661232848171
B2I.OL,2026-08-28 15:05,2026-08-28,intraday,60,16:05,0.0019271182036447454,1,small,B2 Impact ASA: Successfully Completed New Bond Issue,-0.005639779436492917,0.002967721056467197,0.02062818938203557,-0.003712661232848171
SOAG.OL,2026-08-28 14:20,2026-08-28,intraday,5,14:25,0.003688927230395308,1,small,SpareBank 1 Østfold Akershus: Utstedelse av ansvarlig obligasjonslån,0.00031241780229909755,0.002481950466609593,0.009640934560340176,0.004001345032694406
SOAG.OL,2026-08-28 14:20,2026-08-28,intraday,10,14:30,0.003067081318800332,1,small,SpareBank 1 Østfold Akershus: Utstedelse av ansvarlig obligasjonslån,0.0009342637138940735,0.003103796378204569,0.010262780471935152,0.004001345032694406
SOAG.OL,2026-08-28 14:20,2026-08-28,intraday,15,14:35,0.00317057712841616,1,small,SpareBank 1 Østfold Akershus: Utstedelse av ansvarlig obligasjonslån,0.0008307679042782457,0.003000300568588741,0.010159284662319324,0.004001345032694406
SOAG.OL,2026-08-28 14:20,2026-08-28,intraday,30,14:50,0.0022601753084639654,1,small,SpareBank 1 Østfold Akershus: Utstedelse av ansvarlig obligasjonslån,0.0017411697242304403,0.003910702388540936,0.011069686482271518,0.004001345032694406
SOAG.OL,2026-08-28 14:20,2026-08-28,intraday,60,15:20,0.0021853544763752865,1,small,SpareBank 1 Østfold Akershus: Utstedelse av ansvarlig obligasjonslån,0.0018159905563191192,0.003985523220629615,0.011144507314360197,0.004001345032694406
FRO.OL,2026-08-28 14:08,2026-08-28,intraday,5,14:10,-0.006235537598856583,-1,large,FRO - Q2 2026 Presentation,-0.018292731678122277,-0.010161488883982854,-0.054200296489034225,-0.012057194079265763
FRO.OL,2026-08-28 14:08,2026-08-28,intraday,10,14:15,-0.007632693957434861,-1,large,FRO - Q2 2026 Presentation,-0.01968988803670063,-0.011558645242561241,-0.05559745284761254,-0.012057194079265763
FRO.OL,2026-08-28 14:08,2026-08-28,intraday,15,14:20,-0.006994799093033606,-1,large,FRO - Q2 2026 Presentation,-0.01905199317229932,-0.010920750378159925,-0.05495955798321141,-0.012057194079265763
FRO.OL,2026-08-28 14:08,2026-08-28,intraday,30,14:35,-0.005234821084036707,-1,large,FRO - Q2 2026 Presentation,-0.017292015163302487,-0.009160772369163043,-0.053199579974214456,-0.012057194079265763
FRO.OL,2026-08-28 14:08,2026-08-28,intraday,60,15:05,-0.0004850124260201153,-1,large,FRO - Q2 2026 Presentation,-0.01254220650528576,-0.004410963711146256,-0.04844977131619766,-0.012057194079265763
LINK.OL,2026-08-28 13:55,2026-08-28,intraday,5,13:55,-0.0018301928234829364,-1,small,LINK Mobility – Resignation of CFO ,0.011060251762627777,0.04874284085333754,0.06723581300313992,0.012890444586110838
LINK.OL,2026-08-28 13:55,2026-08-28,intraday,10,14:00,-0.0041465628225481055,-1,small,LINK Mobility – Resignation of CFO ,0.008743881763562705,0.04642647085427248,0.06491944300407484,0.012890444586110838
LINK.OL,2026-08-28 13:55,2026-08-28,intraday,15,14:05,-0.003894954724598054,-1,small,LINK Mobility – Resignation of CFO ,0.008995489861512756,0.04667807895222253,0.0651710511020249,0.012890444586110838
LINK.OL,2026-08-28 13:55,2026-08-28,intraday,30,14:20,-0.015069834094993993,-1,small,LINK Mobility – Resignation of CFO ,-0.0021793895088831703,0.035503199581826565,0.05399617173162891,0.012890444586110838
LINK.OL,2026-08-28 13:55,2026-08-28,intraday,60,14:50,-0.00848248484248172,-1,small,LINK Mobility – Resignation of CFO ,0.00440795974362913,0.042090548834338916,0.060583520984141215,0.012890444586110838
PARB.OL,2026-08-28 13:22,2026-08-28,intraday,5,13:25,-5.749897942483595e-05,-1,small,"Nordic Credit Rating har i dag bekreftet sin utstederrating på ""BBB+"" med negative utsikter. ",0.009158078410275994,0.030701246918937813,0.061264172175982484,0.00921557738970083
PARB.OL,2026-08-28 13:22,2026-08-28,intraday,10,13:30,-0.003168373771588056,-1,small,"Nordic Credit Rating har i dag bekreftet sin utstederrating på ""BBB+"" med negative utsikter. ",0.00604720361811277,0.027590372126774544,0.058153297383819205,0.00921557738970083
PARB.OL,2026-08-28 13:22,2026-08-28,intraday,15,13:35,-0.003831969918781524,-1,small,"Nordic Credit Rating har i dag bekreftet sin utstederrating på ""BBB+"" med negative utsikter. ",0.005383607470919302,0.026926775979581076,0.05748970123662574,0.00921557738970083
PARB.OL,2026-08-28 13:22,2026-08-28,intraday,30,13:50,-0.002713604186942175,-1,small,"Nordic Credit Rating har i dag bekreftet sin utstederrating på ""BBB+"" med negative utsikter. ",0.006501973202758651,0.028045141711420425,0.058608066968465086,0.00921557738970083
PARB.OL,2026-08-28 13:22,2026-08-28,intraday,60,14:20,-0.009851721399028707,-1,small,"Nordic Credit Rating har i dag bekreftet sin utstederrating på ""BBB+"" med negative utsikter. ",-0.000636144009327877,0.02090702449933397,0.05146994975637857,0.00921557738970083
VEI.OL,2026-08-28 08:52,2026-08-28,pre-open,5,09:00,0.0009071983452094024,1,small,Veidekke: Update on the proposed acquisition of Ucklum Grus AB,0.0018063632155408405,0.004210601744194811,0.005188124776738757,0.002713561560750243
VEI.OL,2026-08-28 08:52,2026-08-28,pre-open,10,09:05,0.0005573291099344058,1,small,Veidekke: Update on the proposed acquisition of Ucklum Grus AB,0.002156232450815837,0.004560470979469808,0.005537994012013754,0.002713561560750243
VEI.OL,2026-08-28 08:52,2026-08-28,pre-open,15,09:10,0.0012774318804542762,1,small,Veidekke: Update on the proposed acquisition of Ucklum Grus AB,0.0014361296802959667,0.0038403682089499375,0.004817891241493883,0.002713561560750243
VEI.OL,2026-08-28 08:52,2026-08-28,pre-open,30,09:25,0.0010761041092060154,1,small,Veidekke: Update on the proposed acquisition of Ucklum Grus AB,0.0016374574515442275,0.004041695980198198,0.005019219012742144,0.002713561560750243
VEI.OL,2026-08-28 08:52,2026-08-28,pre-open,60,09:55,-0.00019760990508431008,-1,small,Veidekke: Update on the proposed acquisition of Ucklum Grus AB,-0.0029111714658348023,-0.005315409994488681,-0.006292933027032639,-0.002713561560750243
VEI.OL,2026-08-28 08:49,2026-08-28,pre-open,5,09:00,0.0009071983452094024,1,small,Veidekke: Oppdatering om planlagt oppkjøp av Ucklum Grus AB,0.0018063632155408405,0.004210601744194811,0.005188124776738757,0.002713561560750243
VEI.OL,2026-08-28 08:49,2026-08-28,pre-open,10,09:05,0.0005573291099344058,1,small,Veidekke: Oppdatering om planlagt oppkjøp av Ucklum Grus AB,0.002156232450815837,0.004560470979469808,0.005537994012013754,0.002713561560750243
VEI.OL,2026-08-28 08:49,2026-08-28,pre-open,15,09:10,0.0012774318804542762,1,small,Veidekke: Oppdatering om planlagt oppkjøp av Ucklum Grus AB,0.0014361296802959667,0.0038403682089499375,0.004817891241493883,0.002713561560750243
VEI.OL,2026-08-28 08:49,2026-08-28,pre-open,30,09:25,0.0010761041092060154,1,small,Veidekke: Oppdatering om planlagt oppkjøp av Ucklum Grus AB,0.0016374574515442275,0.004041695980198198,0.005019219012742144,0.002713561560750243
VEI.OL,2026-08-28 08:49,2026-08-28,pre-open,60,09:55,-0.00019760990508431008,-1,small,Veidekke: Oppdatering om planlagt oppkjøp av Ucklum Grus AB,-0.0029111714658348023,-0.005315409994488681,-0.006292933027032639,-0.002713561560750243
GSF.OL,2026-08-28 07:30,2026-08-28,pre-open,5,09:00,0.058923664760100386,1,small,Grieg Seafood ASA (OSE: GSF)   Change of ownership in Grieg Aqua AS,-0.03593397397754616,-0.0901404759713203,-0.17629427163747188,0.02298969078255416
GSF.OL,2026-08-28 07:30,2026-08-28,pre-open,10,09:05,0.053539176836348734,1,small,Grieg Seafood ASA (OSE: GSF)   Change of ownership in Grieg Aqua AS,-0.03054948605379467,-0.08475598804756873,-0.17090978371372034,0.02298969078255416
GSF.OL,2026-08-28 07:30,2026-08-28,pre-open,15,09:10,0.04665944318496064,1,small,Grieg Seafood ASA (OSE: GSF)   Change of ownership in Grieg Aqua AS,-0.023669752402406444,-0.07787625439618054,-0.1640300500623321,0.02298969078255416
GSF.OL,2026-08-28 07:30,2026-08-28,pre-open,30,09:25,0.05089837954958832,1,small,Grieg Seafood ASA (OSE: GSF)   Change of ownership in Grieg Aqua AS,-0.027908688767034194,-0.08211519076080821,-0.16826898642695984,0.02298969078255416
GSF.OL,2026-08-28 07:30,2026-08-28,pre-open,60,09:55,0.05075897346383841,1,small,Grieg Seafood ASA (OSE: GSF)   Change of ownership in Grieg Aqua AS,-0.02776928268128439,-0.08197578467505845,-0.16812958034120998,0.02298969078255416
HAFNI.OL,2026-08-28 07:30,2026-08-28,pre-open,5,09:00,0.004538385484267698,1,mid,HAFNIA FINANCIAL INFORMATION Q2 2026,0.011455843231545228,0.02193972209795526,0.08473196079595362,0.015994228715813064
HAFNI.OL,2026-08-28 07:30,2026-08-28,pre-open,10,09:05,0.0112739314212239,1,mid,HAFNIA FINANCIAL INFORMATION Q2 2026,0.004720297294588996,0.01520417616099902,0.07799641485899746,0.015994228715813064
HAFNI.OL,2026-08-28 07:30,2026-08-28,pre-open,15,09:10,0.010709532137402951,1,mid,HAFNIA FINANCIAL INFORMATION Q2 2026,0.005284696578409975,0.015768575444820212,0.07856081414281844,0.015994228715813064
HAFNI.OL,2026-08-28 07:30,2026-08-28,pre-open,30,09:25,0.017552683282998895,1,mid,HAFNIA FINANCIAL INFORMATION Q2 2026,-0.0015584545671857688,0.008925424299224176,0.07171766299722265,0.015994228715813064
HAFNI.OL,2026-08-28 07:30,2026-08-28,pre-open,60,09:55,0.019955421757746058,1,mid,HAFNIA FINANCIAL INFORMATION Q2 2026,-0.003961193041933013,0.0065226858244770616,0.06931492452247541,0.015994228715813064
FRO.OL,2026-08-28 07:28,2026-08-28,pre-open,5,09:00,-0.0002352578245978015,-1,large,FRO - Second Quarter and Six Months 2026 Results,-0.01753566512408475,-0.009404422329945317,-0.0534432299349967,-0.017300407299487053
FRO.OL,2026-08-28 07:28,2026-08-28,pre-open,10,09:05,0.0020942219923969305,1,large,FRO - Second Quarter and Six Months 2026 Results,0.015206185307090064,0.007074942512950523,0.05111375011800192,0.017300407299487053
FRO.OL,2026-08-28 07:28,2026-08-28,pre-open,15,09:10,-0.0013295256689579951,-1,large,FRO - Second Quarter and Six Months 2026 Results,-0.018629932968444944,-0.01049869017430551,-0.054537497779356986,-0.017300407299487053
FRO.OL,2026-08-28 07:28,2026-08-28,pre-open,30,09:25,0.005770225583860686,1,large,FRO - Second Quarter and Six Months 2026 Results,0.011530181715626324,0.0033989389214868727,0.04743774652653816,0.017300407299487053
FRO.OL,2026-08-28 07:28,2026-08-28,pre-open,60,09:55,0.002036014748738571,1,large,FRO - Second Quarter and Six Months 2026 Results,0.01526439255074834,0.0071331497566088295,0.05117195736166032,0.017300407299487053
PLSV.OL,2026-08-28 07:14,2026-08-28,pre-open,5,09:00,-0.013772251404647266,-1,small,Paratus Energy: Q2 2026 Results,0.022291203131994987,0.0009757568058011337,0.05348249102734736,0.03606345453664228
PLSV.OL,2026-08-28 07:14,2026-08-28,pre-open,10,09:05,-0.014122120639922263,-1,small,Paratus Energy: Q2 2026 Results,0.02194133389671999,0.0006258875705261371,0.053132621792072364,0.03606345453664228
PLSV.OL,2026-08-28 07:14,2026-08-28,pre-open,15,09:10,-0.02137021779395388,-1,small,Paratus Energy: Q2 2026 Results,0.014693236742688284,-0.0066222095835055325,0.04588452463804074,0.03606345453664228
PLSV.OL,2026-08-28 07:14,2026-08-28,pre-open,30,09:25,-0.027589602539870924,-1,small,Paratus Energy: Q2 2026 Results,0.00847385199677141,-0.012841594329422553,0.03966513989212372,0.03606345453664228
PLSV.OL,2026-08-28 07:14,2026-08-28,pre-open,60,09:55,-0.01645226157442012,-1,small,Paratus Energy: Q2 2026 Results,0.01961119296222216,-0.0017042533639716577,0.050802480857574515,0.03606345453664228
PRS.OL,2026-08-28 07:00,2026-08-28,pre-open,5,09:00,0.04176953440608429,1,small,Prosafe SE: Second-quarter results and first half report 2026,-0.029021115163333753,-0.04303607300038372,-0.06098721184223456,0.012748419242750603
PRS.OL,2026-08-28 07:00,2026-08-28,pre-open,10,09:05,0.03963239892319337,1,small,Prosafe SE: Second-quarter results and first half report 2026,-0.026883979680442798,-0.04089893751749267,-0.05885007635934356,0.012748419242750603
PRS.OL,2026-08-28 07:00,2026-08-28,pre-open,15,09:10,0.03856194995059375,1,small,Prosafe SE: Second-quarter results and first half report 2026,-0.025813530707843136,-0.03982848854489305,-0.057779627386743984,0.012748419242750603
PRS.OL,2026-08-28 07:00,2026-08-28,pre-open,30,09:25,0.009267688986804516,1,small,Prosafe SE: Second-quarter results and first half report 2026,0.003480730255946073,-0.01053422758110385,-0.028485366422954694,0.012748419242750603
PRS.OL,2026-08-28 07:00,2026-08-28,pre-open,60,09:55,0.014078178368441663,1,small,Prosafe SE: Second-quarter results and first half report 2026,-0.0013297591256911073,-0.015344716962741008,-0.03329585580459196,0.012748419242750603
TRMED.OL,2026-08-28 07:00,2026-08-28,pre-open,5,09:00,-0.09803319548271035,-1,small,"Thor Medical ASA: First Half 2026 Results - AlphaOne Operational, Entering Commercial Ramp-Up",0.01945357690796306,0.06641818098940054,0.2388755635098647,0.1174867723906734
TRMED.OL,2026-08-28 07:00,2026-08-28,pre-open,10,09:05,-0.09515204712330473,-1,small,"Thor Medical ASA: First Half 2026 Results - AlphaOne Operational, Entering Commercial Ramp-Up",0.022334725267368655,0.06929932934880614,0.24175671186927025,0.1174867723906734
TRMED.OL,2026-08-28 07:00,2026-08-28,pre-open,15,09:10,-0.08639974189183251,-1,small,"Thor Medical ASA: First Half 2026 Results - AlphaOne Operational, Entering Commercial Ramp-Up",0.031087030498840908,0.07805163458027826,0.25050901710074247,0.1174867723906734
TRMED.OL,2026-08-28 07:00,2026-08-28,pre-open,30,09:25,-0.07072773552528396,-1,small,"Thor Medical ASA: First Half 2026 Results - AlphaOne Operational, Entering Commercial Ramp-Up",0.046759036865389444,0.0937236409468269,0.266181023467291,0.1174867723906734
TRMED.OL,2026-08-28 07:00,2026-08-28,pre-open,60,09:55,-0.09189438379992612,-1,small,"Thor Medical ASA: First Half 2026 Results - AlphaOne Operational, Entering Commercial Ramp-Up",0.025592388590747302,0.07255699267218473,0.24501437519264888,0.1174867723906734
BWLPG.OL,2026-08-28 07:00,2026-08-28,pre-open,5,09:00,-0.042837023191474075,-1,mid,BW LPG Limited   Financial Results for Q2 2026,-0.034506809983827214,-0.04305833482926923,-0.06774545872760672,0.008330213207647
BWLPG.OL,2026-08-28 07:00,2026-08-28,pre-open,10,09:05,-0.039500308560321655,-1,mid,BW LPG Limited   Financial Results for Q2 2026,-0.0311700953526747,-0.03972162019811661,-0.0644087440964541,0.008330213207647
BWLPG.OL,2026-08-28 07:00,2026-08-28,pre-open,15,09:10,-0.03602408961277261,-1,mid,BW LPG Limited   Financial Results for Q2 2026,-0.027693876405125585,-0.036245401250567626,-0.06093252514890517,0.008330213207647
BWLPG.OL,2026-08-28 07:00,2026-08-28,pre-open,30,09:25,-0.038981533561050045,-1,mid,BW LPG Limited   Financial Results for Q2 2026,-0.03065132035340309,-0.039202845198845,-0.06388996909718249,0.008330213207647
BWLPG.OL,2026-08-28 07:00,2026-08-28,pre-open,60,09:55,-0.044314824965697185,-1,mid,BW LPG Limited   Financial Results for Q2 2026,-0.03598461175805025,-0.04453613660349221,-0.06922326050182964,0.008330213207647
AFG.OL,2026-08-28 07:00,2026-08-28,pre-open,5,09:00,0.01743091462705623,1,small,AF Gruppen reports strong growth and solid profitability in the second quarter of 2026,0.002810868321476816,-0.009006277841795859,-0.04989150532466473,0.020241782948533106
AFG.OL,2026-08-28 07:00,2026-08-28,pre-open,10,09:05,0.02459046741391264,1,small,AF Gruppen reports strong growth and solid profitability in the second quarter of 2026,-0.004348684465379618,-0.01616583062865235,-0.057051058111521225,0.020241782948533106
AFG.OL,2026-08-28 07:00,2026-08-28,pre-open,15,09:10,0.025310570184432512,1,small,AF Gruppen reports strong growth and solid profitability in the second quarter of 2026,-0.005068787235899488,-0.016885933399172222,-0.057771160882041095,0.020241782948533106
AFG.OL,2026-08-28 07:00,2026-08-28,pre-open,30,09:25,0.01759982039105284,1,small,AF Gruppen reports strong growth and solid profitability in the second quarter of 2026,0.002641962557480203,-0.009175183605792472,-0.05006041108866134,0.020241782948533106
AFG.OL,2026-08-28 07:00,2026-08-28,pre-open,60,09:55,0.018727067914300535,1,small,AF Gruppen reports strong growth and solid profitability in the second quarter of 2026,0.0015147150342325097,-0.010302431129040165,-0.051187658611909034,0.020241782948533106
NYKD.OL,2026-08-27 23:51,2026-08-28,after-close,5,09:00,-0.09420312320686418,-1,small,Nykode Therapeutics ASA - Private Placement Completed,0.052383020827619795,0.06063358941737431,0.11929668885975929,0.146586144034484
NYKD.OL,2026-08-27 23:51,2026-08-28,after-close,10,09:05,-0.07928558700186182,-1,small,Nykode Therapeutics ASA - Private Placement Completed,0.06730055703262215,0.07555112562237676,0.13421422506476166,0.146586144034484
NYKD.OL,2026-08-27 23:51,2026-08-28,after-close,15,09:10,-0.08181749070504953,-1,small,Nykode Therapeutics ASA - Private Placement Completed,0.06476865332943446,0.073019221919189,0.13168232136157398,0.146586144034484
NYKD.OL,2026-08-27 23:51,2026-08-28,after-close,30,09:25,-0.07876681200259021,-1,small,Nykode Therapeutics ASA - Private Placement Completed,0.06781933203189376,0.07606990062164837,0.13473300006403327,0.146586144034484
NYKD.OL,2026-08-27 23:51,2026-08-28,after-close,60,09:55,-0.08633526333420148,-1,small,Nykode Therapeutics ASA - Private Placement Completed,0.06025088070028249,0.06850144929003708,0.12716454873242197,0.146586144034484
CADLR.OL,2026-08-27 23:20,2026-08-28,after-close,5,09:00,0.014479333842849454,1,small, CADELER A/S: Public filing by Cadeler Limited of a registration statement on Form F-4 with the U.S.,-0.016573473850202334,-0.044366434986843804,-0.05354439907598622,-0.002094140007352835
CADLR.OL,2026-08-27 23:20,2026-08-28,after-close,10,09:05,0.012472425484653896,1,small, CADELER A/S: Public filing by Cadeler Limited of a registration statement on Form F-4 with the U.S.,-0.014566565492006696,-0.04235952662864815,-0.051537490717790554,-0.002094140007352835
CADLR.OL,2026-08-27 23:20,2026-08-28,after-close,15,09:10,0.014849567378094328,1,small, CADELER A/S: Public filing by Cadeler Limited of a registration statement on Form F-4 with the U.S.,-0.016943707385447208,-0.04473666852208868,-0.05391463261123109,-0.002094140007352835
CADLR.OL,2026-08-27 23:20,2026-08-28,after-close,30,09:25,0.012161681773945728,1,small, CADELER A/S: Public filing by Cadeler Limited of a registration statement on Form F-4 with the U.S.,-0.014255821781298493,-0.042048782917939946,-0.051226747007082525,-0.002094140007352835
CADLR.OL,2026-08-27 23:20,2026-08-28,after-close,60,09:55,0.01577548713009376,1,small, CADELER A/S: Public filing by Cadeler Limited of a registration statement on Form F-4 with the U.S.,-0.01786962713744664,-0.04566258827408811,-0.05484055236323052,-0.002094140007352835
NYKD.OL,2026-08-27 16:32,2026-08-28,after-close,5,09:00,-0.09420312320686418,-1,small,Nykode Therapeutics ASA - Contemplated Private Placement,0.052383020827619795,0.06063358941737431,0.11929668885975929,0.146586144034484
NYKD.OL,2026-08-27 16:32,2026-08-28,after-close,10,09:05,-0.07928558700186182,-1,small,Nykode Therapeutics ASA - Contemplated Private Placement,0.06730055703262215,0.07555112562237676,0.13421422506476166,0.146586144034484
NYKD.OL,2026-08-27 16:32,2026-08-28,after-close,15,09:10,-0.08181749070504953,-1,small,Nykode Therapeutics ASA - Contemplated Private Placement,0.06476865332943446,0.073019221919189,0.13168232136157398,0.146586144034484
NYKD.OL,2026-08-27 16:32,2026-08-28,after-close,30,09:25,-0.07876681200259021,-1,small,Nykode Therapeutics ASA - Contemplated Private Placement,0.06781933203189376,0.07606990062164837,0.13473300006403327,0.146586144034484
NYKD.OL,2026-08-27 16:32,2026-08-28,after-close,60,09:55,-0.08633526333420148,-1,small,Nykode Therapeutics ASA - Contemplated Private Placement,0.06025088070028249,0.06850144929003708,0.12716454873242197,0.146586144034484
AGLX.OL,2026-08-27 15:30,2026-08-27,intraday,5,15:30,-0.0009375643565318337,-1,small,Agilyx ASA Strategic Transformation 2026 HY Results Presentation,0.010058549574088324,0.0009793461215479833,0.06357121671363718,0.010996113930620157
AGLX.OL,2026-08-27 15:30,2026-08-27,intraday,10,15:35,-0.002257174193238537,-1,small,Agilyx ASA Strategic Transformation 2026 HY Results Presentation,0.00873893973738162,-0.00034026371515871994,0.062251606876930474,0.010996113930620157
AGLX.OL,2026-08-27 15:30,2026-08-27,intraday,15,15:40,-0.0036145010200425154,-1,small,Agilyx ASA Strategic Transformation 2026 HY Results Presentation,0.007381612910577642,-0.0016975905419626984,0.060894280050126495,0.010996113930620157
AGLX.OL,2026-08-27 15:30,2026-08-27,intraday,30,15:55,-0.002705148541530228,-1,small,Agilyx ASA Strategic Transformation 2026 HY Results Presentation,0.00829096538908993,-0.0007882380634504109,0.06180363252863878,0.010996113930620157
VEI.OL,2026-08-27 13:15,2026-08-27,intraday,5,13:20,0.00031761626272316934,1,small,Veidekke's Swedish subsidiary BRA Bygg awarded major new project,-0.0034200079046998837,-0.0007064463439495471,0.004544539726607901,-0.0031023916419767143
VEI.OL,2026-08-27 13:15,2026-08-27,intraday,10,13:25,0.0002127994618811302,1,small,Veidekke's Swedish subsidiary BRA Bygg awarded major new project,-0.0033151911038578445,-0.000601629543107508,0.00464935652744994,-0.0031023916419767143
VEI.OL,2026-08-27 13:15,2026-08-27,intraday,15,13:30,-0.0002760119164931796,-1,small,Veidekke's Swedish subsidiary BRA Bygg awarded major new project,0.0028263797254835347,0.00011281816473319821,-0.00513816790582425,0.0031023916419767143
VEI.OL,2026-08-27 13:15,2026-08-27,intraday,30,13:45,0.003506163302914006,1,small,Veidekke's Swedish subsidiary BRA Bygg awarded major new project,-0.006608554944890701,-0.0038949933841402914,0.001355992686417118,-0.0031023916419767143
VEI.OL,2026-08-27 13:15,2026-08-27,intraday,60,14:15,0.003376141160406826,1,small,Veidekke's Swedish subsidiary BRA Bygg awarded major new project,-0.006478532802383521,-0.0037649712416331113,0.001486014828924298,-0.0031023916419767143
VEI.OL,2026-08-27 13:12,2026-08-27,intraday,5,13:15,0.00020479569816300724,1,small,Veidekkes datterselskap BRA Bygg tildelt nytt stort prosjekt,-0.0033071873401397216,-0.000593625779389385,0.004657360291168063,-0.0031023916419767143
VEI.OL,2026-08-27 13:12,2026-08-27,intraday,10,13:20,0.00031761626272316934,1,small,Veidekkes datterselskap BRA Bygg tildelt nytt stort prosjekt,-0.0034200079046998837,-0.0007064463439495471,0.004544539726607901,-0.0031023916419767143
VEI.OL,2026-08-27 13:12,2026-08-27,intraday,15,13:25,0.0002127994618811302,1,small,Veidekkes datterselskap BRA Bygg tildelt nytt stort prosjekt,-0.0033151911038578445,-0.000601629543107508,0.00464935652744994,-0.0031023916419767143
VEI.OL,2026-08-27 13:12,2026-08-27,intraday,30,13:40,0.0041916413697928034,1,small,Veidekkes datterselskap BRA Bygg tildelt nytt stort prosjekt,-0.007294033011769499,-0.004580471451019089,0.0006705146195383205,-0.0031023916419767143
VEI.OL,2026-08-27 13:12,2026-08-27,intraday,60,14:10,0.0014330834381465658,1,small,Veidekkes datterselskap BRA Bygg tildelt nytt stort prosjekt,-0.00453547508012328,-0.0018219135193730373,0.0034290725511845373,-0.0031023916419767143
ORK.OL,2026-08-27 13:00,2026-08-27,intraday,5,13:05,-0.0048704972655342765,-1,mid,Johan Clarin to step down as CEO of Orkla Food Ingredients,0.009617828558910902,0.004842785450288224,0.027819201133134228,0.014488325824445104
ORK.OL,2026-08-27 13:00,2026-08-27,intraday,10,13:10,-0.00693307225199024,-1,mid,Johan Clarin to step down as CEO of Orkla Food Ingredients,0.007555253572454774,0.0027802104638321315,0.025756626146678195,0.014488325824445104
ORK.OL,2026-08-27 13:00,2026-08-27,intraday,15,13:15,-0.006649979580860575,-1,mid,Johan Clarin to step down as CEO of Orkla Food Ingredients,0.007838346243584439,0.003063303134961796,0.02603971881780786,0.014488325824445104
ORK.OL,2026-08-27 13:00,2026-08-27,intraday,30,13:30,-0.004488777732678132,-1,mid,Johan Clarin to step down as CEO of Orkla Food Ingredients,0.009999548091766924,0.00522450498314421,0.028200920665990323,0.014488325824445104
ORK.OL,2026-08-27 13:00,2026-08-27,intraday,60,14:00,-0.008837029919924484,-1,mid,Johan Clarin to step down as CEO of Orkla Food Ingredients,0.005651295904520566,0.0008762527958979778,0.023852668478744052,0.014488325824445104
EQNR.OL,2026-08-27 12:00,2026-08-27,intraday,5,12:05,0.0008013282580819447,1,large,Equinor ASA: Endring i styrets sammensetning,-0.011115371793719138,-0.006201015347204984,0.03008773814447354,-0.010314043535637156
EQNR.OL,2026-08-27 12:00,2026-08-27,intraday,10,12:10,0.0008103133436519749,1,large,Equinor ASA: Endring i styrets sammensetning,-0.011124356879289081,-0.006210000432774894,0.030078753058903514,-0.010314043535637156
EQNR.OL,2026-08-27 12:00,2026-08-27,intraday,15,12:15,0.0007738045814920935,1,large,Equinor ASA: Endring i styrets sammensetning,-0.0110878481171292,-0.006173491670615013,0.030115261821063395,-0.010314043535637156
EQNR.OL,2026-08-27 12:00,2026-08-27,intraday,30,12:30,0.0035310318049281047,1,large,Equinor ASA: Endring i styrets sammensetning,-0.013845075340565331,-0.008930718894051195,0.027358034597627506,-0.010314043535637156
EQNR.OL,2026-08-27 12:00,2026-08-27,intraday,60,13:00,0.0010543281671478223,1,large,Equinor ASA: Endring i styrets sammensetning,-0.011368371702784858,-0.006454015256270685,0.02983473823540786,-0.010314043535637156
EQNR.OL,2026-08-27 12:00,2026-08-27,intraday,5,12:05,0.0008013282580819447,1,large,Equinor ASA: Change in the board of directors,-0.011115371793719138,-0.006201015347204984,0.03008773814447354,-0.010314043535637156
EQNR.OL,2026-08-27 12:00,2026-08-27,intraday,10,12:10,0.0008103133436519749,1,large,Equinor ASA: Change in the board of directors,-0.011124356879289081,-0.006210000432774894,0.030078753058903514,-0.010314043535637156
EQNR.OL,2026-08-27 12:00,2026-08-27,intraday,15,12:15,0.0007738045814920935,1,large,Equinor ASA: Change in the board of directors,-0.0110878481171292,-0.006173491670615013,0.030115261821063395,-0.010314043535637156
EQNR.OL,2026-08-27 12:00,2026-08-27,intraday,30,12:30,0.0035310318049281047,1,large,Equinor ASA: Change in the board of directors,-0.013845075340565331,-0.008930718894051195,0.027358034597627506,-0.010314043535637156
EQNR.OL,2026-08-27 12:00,2026-08-27,intraday,60,13:00,0.0010543281671478223,1,large,Equinor ASA: Change in the board of directors,-0.011368371702784858,-0.006454015256270685,0.02983473823540786,-0.010314043535637156
BINT.OL,2026-08-27 11:45,2026-08-27,intraday,5,11:50,-0.0009113352000914288,-1,small,Quarterly Report Q2 2026,-0.014447627803739673,-0.027843873848569088,0.0062000164840594705,-0.013536292603648244
BINT.OL,2026-08-27 11:45,2026-08-27,intraday,10,11:55,-0.0017687044216739833,-1,small,Quarterly Report Q2 2026,-0.015304997025322228,-0.028701243070151643,0.005342647262476916,-0.013536292603648244
BINT.OL,2026-08-27 11:45,2026-08-27,intraday,15,12:00,-0.0022613533795929064,-1,small,Quarterly Report Q2 2026,-0.01579764598324115,-0.029193892028070566,0.004849998304557993,-0.013536292603648244
BINT.OL,2026-08-27 11:45,2026-08-27,intraday,30,12:15,-0.0020325767531706174,-1,small,Quarterly Report Q2 2026,-0.015568869356818862,-0.028965115401648277,0.005078774930980282,-0.013536292603648244
BINT.OL,2026-08-27 11:45,2026-08-27,intraday,60,12:45,-0.0029969866888518715,-1,small,Quarterly Report Q2 2026,-0.016533279292500116,-0.02992952533732953,0.004114364995299028,-0.013536292603648244
NONG.OL,2026-08-27 09:00,2026-08-27,intraday,5,09:05,0.009142840252897706,1,small,Completed block purchase of existing Equity Capital Certificates in SpareBank 1 Helgeland,-0.015483365153174018,-0.014185479928537467,-0.014770612565438743,-0.006340524900276324
NONG.OL,2026-08-27 09:00,2026-08-27,intraday,10,09:10,0.012063753383448911,1,small,Completed block purchase of existing Equity Capital Certificates in SpareBank 1 Helgeland,-0.018404278283725255,-0.017106393059088763,-0.01769152569598993,-0.006340524900276324
NONG.OL,2026-08-27 09:00,2026-08-27,intraday,15,09:15,0.01129811516268761,1,small,Completed block purchase of existing Equity Capital Certificates in SpareBank 1 Helgeland,-0.017638640062963905,-0.016340754838327386,-0.01692588747522871,-0.006340524900276324
NONG.OL,2026-08-27 09:00,2026-08-27,intraday,30,09:30,0.01160678150906143,1,small,Completed block purchase of existing Equity Capital Certificates in SpareBank 1 Helgeland,-0.017947306409337737,-0.01664942118470126,-0.017234553821602466,-0.006340524900276324
NONG.OL,2026-08-27 09:00,2026-08-27,intraday,60,10:00,0.010894753388240912,1,small,Completed block purchase of existing Equity Capital Certificates in SpareBank 1 Helgeland,-0.017235278288517276,-0.015937393063880867,-0.016522525700782047,-0.006340524900276324
NONG.OL,2026-08-27 09:00,2026-08-27,intraday,5,09:05,0.009142840252897706,1,small,Gjennomført blokkjøp av eksisterende egenkapitalbevis i SpareBank 1 Helgeland,-0.015483365153174018,-0.014185479928537467,-0.014770612565438743,-0.006340524900276324
NONG.OL,2026-08-27 09:00,2026-08-27,intraday,10,09:10,0.012063753383448911,1,small,Gjennomført blokkjøp av eksisterende egenkapitalbevis i SpareBank 1 Helgeland,-0.018404278283725255,-0.017106393059088763,-0.01769152569598993,-0.006340524900276324
NONG.OL,2026-08-27 09:00,2026-08-27,intraday,15,09:15,0.01129811516268761,1,small,Gjennomført blokkjøp av eksisterende egenkapitalbevis i SpareBank 1 Helgeland,-0.017638640062963905,-0.016340754838327386,-0.01692588747522871,-0.006340524900276324
NONG.OL,2026-08-27 09:00,2026-08-27,intraday,30,09:30,0.01160678150906143,1,small,Gjennomført blokkjøp av eksisterende egenkapitalbevis i SpareBank 1 Helgeland,-0.017947306409337737,-0.01664942118470126,-0.017234553821602466,-0.006340524900276324
NONG.OL,2026-08-27 09:00,2026-08-27,intraday,60,10:00,0.010894753388240912,1,small,Gjennomført blokkjøp av eksisterende egenkapitalbevis i SpareBank 1 Helgeland,-0.017235278288517276,-0.015937393063880867,-0.016522525700782047,-0.006340524900276324
JIN.OL,2026-08-27 08:57,2026-08-27,pre-open,5,09:00,0.02119447157771067,1,small,CONFERENCE CALL – 27 AUGUST 2026,-0.15998275077884755,-0.13424724042263564,-0.1342227860171316,-0.1387882792011369
JIN.OL,2026-08-27 08:57,2026-08-27,pre-open,10,09:05,-0.005018837953998378,-1,small,CONFERENCE CALL – 27 AUGUST 2026,0.13376944124713858,0.10803393089092675,0.10800947648542272,0.1387882792011369
JIN.OL,2026-08-27 08:57,2026-08-27,pre-open,15,09:10,-0.009719790171697508,-1,small,CONFERENCE CALL – 27 AUGUST 2026,0.12906848902943943,0.10333297867322762,0.10330852426772359,0.1387882792011369
JIN.OL,2026-08-27 08:57,2026-08-27,pre-open,30,09:25,-0.009605400994292869,-1,small,CONFERENCE CALL – 27 AUGUST 2026,0.12918287820684407,0.10344736785063226,0.10342291344512823,0.1387882792011369
JIN.OL,2026-08-27 08:57,2026-08-27,pre-open,60,09:55,-0.07316109074405185,-1,small,CONFERENCE CALL – 27 AUGUST 2026,0.06562718845708511,0.03989167810087324,0.039867223695369214,0.1387882792011369
HSHP.OL,2026-08-27 08:00,2026-08-27,pre-open,5,09:00,-0.013855756005755702,-1,small,Himalaya Shipping Ltd. (HSHP)   Conversions to fixed rate time charters for two vessels,-0.012776886453857411,-0.031516813685958274,-0.09321398744802988,0.0010788695518983062
HSHP.OL,2026-08-27 08:00,2026-08-27,pre-open,10,09:05,-0.008864012612982822,-1,small,Himalaya Shipping Ltd. (HSHP)   Conversions to fixed rate time charters for two vessels,-0.007785143061084448,-0.026525070293185356,-0.08822224405525692,0.0010788695518983062
HSHP.OL,2026-08-27 08:00,2026-08-27,pre-open,15,09:10,-0.0161154218643646,-1,small,Himalaya Shipping Ltd. (HSHP)   Conversions to fixed rate time charters for two vessels,-0.015036552312466218,-0.03377647954456716,-0.09547365330663884,0.0010788695518983062
HSHP.OL,2026-08-27 08:00,2026-08-27,pre-open,30,09:25,-0.014650614181246711,-1,small,Himalaya Shipping Ltd. (HSHP)   Conversions to fixed rate time charters for two vessels,-0.013571744629348324,-0.03231167186144928,-0.09400884562352096,0.0010788695518983062
HSHP.OL,2026-08-27 08:00,2026-08-27,pre-open,60,09:55,-0.016678931488800786,-1,small,Himalaya Shipping Ltd. (HSHP)   Conversions to fixed rate time charters for two vessels,-0.015600061936902405,-0.03433998916900335,-0.09603716293107503,0.0010788695518983062
ACR.OL,2026-08-27 07:55,2026-08-27,pre-open,5,09:00,0.0005139497755929122,1,small,Axactor ASA: Successful completion of Tap Issue,-0.007847412687635487,0.013728168014091203,0.029668637557614515,-0.0073334629120425975
ACR.OL,2026-08-27 07:55,2026-08-27,pre-open,10,09:05,0.0014761992099607579,1,small,Axactor ASA: Successful completion of Tap Issue,-0.008809662122003332,0.012765918579723357,0.02870638812324667,-0.0073334629120425975
ACR.OL,2026-08-27 07:55,2026-08-27,pre-open,15,09:10,0.0023001835099833202,1,small,Axactor ASA: Successful completion of Tap Issue,-0.009633646422025894,0.011941934279700795,0.027882403823224107,-0.0073334629120425975
ACR.OL,2026-08-27 07:55,2026-08-27,pre-open,30,09:25,0.004412621035057097,1,small,Axactor ASA: Successful completion of Tap Issue,-0.011746083947099695,0.009829496754627045,0.025769966298150385,-0.0073334629120425975
ACR.OL,2026-08-27 07:55,2026-08-27,pre-open,60,09:55,0.003734722233216271,1,small,Axactor ASA: Successful completion of Tap Issue,-0.011068185145258869,0.010507395556467871,0.02644786509999121,-0.0073334629120425975
IWS.OL,2026-08-27 07:05,2026-08-27,pre-open,5,09:00,0.014473546519680268,1,small,Integrated Wind Solutions Q2 2026: Record high EPS and third declared dividend,-0.0029249916997772596,0.001740915243490718,-0.0011104864600109121,0.01154855481990311
IWS.OL,2026-08-27 07:05,2026-08-27,pre-open,10,09:05,0.015435795954048113,1,small,Integrated Wind Solutions Q2 2026: Record high EPS and third declared dividend,-0.0038872411341451052,0.0007786658091228724,-0.0020727358943787577,0.01154855481990311
IWS.OL,2026-08-27 07:05,2026-08-27,pre-open,15,09:10,0.016259780254070676,1,small,Integrated Wind Solutions Q2 2026: Record high EPS and third declared dividend,-0.004711225434167667,-4.531849089968974e-05,-0.00289672019440132,0.01154855481990311
IWS.OL,2026-08-27 07:05,2026-08-27,pre-open,30,09:25,0.030167544182827872,1,small,Integrated Wind Solutions Q2 2026: Record high EPS and third declared dividend,-0.018618989362924856,-0.013953082419656898,-0.01680448412315846,0.01154855481990311
IWS.OL,2026-08-27 07:05,2026-08-27,pre-open,60,09:55,0.029489645380987046,1,small,Integrated Wind Solutions Q2 2026: Record high EPS and third declared dividend,-0.01794109056108403,-0.013275183617816072,-0.016126585321317635,0.01154855481990311
SNTIA.OL,2026-08-27 07:01,2026-08-27,pre-open,5,09:00,-0.00048657346908553833,-1,small,A strong quarter with high activity and solid results,-0.020368317561191986,-0.049911227297969006,-0.034098156932141604,-0.019881744092106447
SNTIA.OL,2026-08-27 07:01,2026-08-27,pre-open,10,09:05,-0.0019812901907740868,-1,small,A strong quarter with high activity and solid results,-0.02186303428288037,-0.05140594401965755,-0.03559287365383005,-0.019881744092106447
SNTIA.OL,2026-08-27 07:01,2026-08-27,pre-open,15,09:10,-0.0023881503971049257,-1,small,A strong quarter with high activity and solid results,-0.022269894489211323,-0.0518128042259883,-0.03599973386016095,-0.019881744092106447
SNTIA.OL,2026-08-27 07:01,2026-08-27,pre-open,30,09:25,0.0001863209498280682,1,small,A strong quarter with high activity and solid results,0.019695423142278366,0.04923833287905545,0.03342526251322801,0.019881744092106447
SNTIA.OL,2026-08-27 07:01,2026-08-27,pre-open,60,09:55,0.016561228642243367,1,small,A strong quarter with high activity and solid results,0.003320515449863023,0.032863425186640025,0.01705035482081262,0.019881744092106447
SNTIA.OL,2026-08-27 07:00,2026-08-27,pre-open,5,09:00,-0.00048657346908553833,-1,small,Et godt kvartal med høy aktivitet og solid resultat,-0.020368317561191986,-0.049911227297969006,-0.034098156932141604,-0.019881744092106447
SNTIA.OL,2026-08-27 07:00,2026-08-27,pre-open,10,09:05,-0.0019812901907740868,-1,small,Et godt kvartal med høy aktivitet og solid resultat,-0.02186303428288037,-0.05140594401965755,-0.03559287365383005,-0.019881744092106447
SNTIA.OL,2026-08-27 07:00,2026-08-27,pre-open,15,09:10,-0.0023881503971049257,-1,small,Et godt kvartal med høy aktivitet og solid resultat,-0.022269894489211323,-0.0518128042259883,-0.03599973386016095,-0.019881744092106447
SNTIA.OL,2026-08-27 07:00,2026-08-27,pre-open,30,09:25,0.0001863209498280682,1,small,Et godt kvartal med høy aktivitet og solid resultat,0.019695423142278366,0.04923833287905545,0.03342526251322801,0.019881744092106447
SNTIA.OL,2026-08-27 07:00,2026-08-27,pre-open,60,09:55,0.016561228642243367,1,small,Et godt kvartal med høy aktivitet og solid resultat,0.003320515449863023,0.032863425186640025,0.01705035482081262,0.019881744092106447
CMBTO.OL,2026-08-27 07:00,2026-08-27,pre-open,5,09:00,0.0066563867051217035,1,mid,CMB.TECH ANNOUNCES Q2 2026 RESULTS,0.007791679817914836,0.009187891459887361,0.031481600173800806,0.014448066523036429
CMBTO.OL,2026-08-27 07:00,2026-08-27,pre-open,10,09:05,0.004053533773833872,1,mid,CMB.TECH ANNOUNCES Q2 2026 RESULTS,0.010394532749202708,0.011790744391175313,0.03408445310508872,0.014448066523036429
CMBTO.OL,2026-08-27 07:00,2026-08-27,pre-open,15,09:10,0.009628138911587942,1,mid,CMB.TECH ANNOUNCES Q2 2026 RESULTS,0.0048199276114486225,0.006216139253421061,0.028509847967334558,0.014448066523036429
CMBTO.OL,2026-08-27 07:00,2026-08-27,pre-open,30,09:25,0.008557009616916751,1,mid,CMB.TECH ANNOUNCES Q2 2026 RESULTS,0.005891056906119789,0.007287268548092314,0.02958097726200576,0.014448066523036429
CMBTO.OL,2026-08-27 07:00,2026-08-27,pre-open,60,09:55,0.007879110815075925,1,mid,CMB.TECH ANNOUNCES Q2 2026 RESULTS,0.006568955707960615,0.00796516734993314,0.030258876063846585,0.014448066523036429
BINT.OL,2026-08-27 07:00,2026-08-27,pre-open,60,09:55,-0.029871769089257053,-1,small,Quarterly Report Q2 2026,-0.006476107626459299,-0.01987235367128854,0.014171536661339884,0.023395661462797708
ADS.OL,2026-08-27 07:00,2026-08-27,pre-open,5,09:00,0.021537133528316644,1,small,ADS Maritime Holding Plc - H1  report 2026,-0.03266020774843363,-0.028388492154013758,,-0.011123074220117046
ADS.OL,2026-08-27 07:00,2026-08-27,pre-open,10,09:05,0.02249938296268449,1,small,ADS Maritime Holding Plc - H1  report 2026,-0.03362245718280148,-0.029350741588381603,,-0.011123074220117046
ADS.OL,2026-08-27 07:00,2026-08-27,pre-open,15,09:10,0.02332336726270705,1,small,ADS Maritime Holding Plc - H1  report 2026,-0.03444644148282404,-0.030174725888404166,,-0.011123074220117046
ADS.OL,2026-08-27 07:00,2026-08-27,pre-open,30,09:25,0.02343775644011169,1,small,ADS Maritime Holding Plc - H1  report 2026,-0.03456083066022868,-0.030289115065808805,,-0.011123074220117046
ADS.OL,2026-08-27 07:00,2026-08-27,pre-open,60,09:55,0.022759857638270865,1,small,ADS Maritime Holding Plc - H1  report 2026,-0.03388293185838785,-0.02961121626396798,,-0.011123074220117046
AGLX.OL,2026-08-27 07:00,2026-08-27,pre-open,5,09:00,0.033694389195881434,1,small,Agilyx ASA H1 2026: Strategic transformation completed with GreenDot consolidated for the first time,-0.023792689109808474,-0.014713485657268058,-0.07730535624935721,0.009901700086072978
AGLX.OL,2026-08-27 07:00,2026-08-27,pre-open,10,09:05,0.04841201427616792,1,small,Agilyx ASA H1 2026: Strategic transformation completed with GreenDot consolidated for the first time,-0.03851031419009482,-0.02943111073755447,-0.09202298132964373,0.009901700086072978
AGLX.OL,2026-08-27 07:00,2026-08-27,pre-open,15,09:10,0.04923599857619048,1,small,Agilyx ASA H1 2026: Strategic transformation completed with GreenDot consolidated for the first time,-0.03933429849011738,-0.03025509503757703,-0.0928469656296663,0.009901700086072978
AGLX.OL,2026-08-27 07:00,2026-08-27,pre-open,30,09:25,0.04935038775359512,1,small,Agilyx ASA H1 2026: Strategic transformation completed with GreenDot consolidated for the first time,-0.03944868766752202,-0.03036948421498167,-0.09296135480707093,0.009901700086072978
AGLX.OL,2026-08-27 07:00,2026-08-27,pre-open,60,09:55,0.0321432286912251,1,small,Agilyx ASA H1 2026: Strategic transformation completed with GreenDot consolidated for the first time,-0.022241528605152033,-0.013162325152611704,-0.07575419574470085,0.009901700086072978
HUNT.OL,2026-08-27 06:58,2026-08-27,pre-open,5,09:00,0.012634457194744167,1,small,Hunter Group ASA - NOK 1.50 dividend proposal,0.04803690994963937,0.09899198097578236,0.18410577511320336,0.060671367144383384
HUNT.OL,2026-08-27 06:58,2026-08-27,pre-open,10,09:05,0.024707921751827178,1,small,Hunter Group ASA - NOK 1.50 dividend proposal,0.03596344539255642,0.08691851641869938,0.1720323105561204,0.060671367144383384
HUNT.OL,2026-08-27 06:58,2026-08-27,pre-open,15,09:10,0.03104160046295807,1,small,Hunter Group ASA - NOK 1.50 dividend proposal,0.029629766681425362,0.08058483770756851,0.16569863184498942,0.060671367144383384
HUNT.OL,2026-08-27 06:58,2026-08-27,pre-open,30,09:25,0.04930529086796537,1,small,Hunter Group ASA - NOK 1.50 dividend proposal,0.011366076276417982,0.062321147302560984,0.14743494143998193,0.060671367144383384
HUNT.OL,2026-08-27 06:58,2026-08-27,pre-open,60,09:55,0.05400860855867215,1,small,Hunter Group ASA - NOK 1.50 dividend proposal,0.006662758585711338,0.057617829611854354,0.14273162374927545,0.060671367144383384
HUNT.OL,2026-08-27 06:55,2026-08-27,pre-open,5,09:00,0.012634457194744167,1,small,Hunter Group ASA - Second quarter results 2026,0.04803690994963937,0.09899198097578236,0.18410577511320336,0.060671367144383384
HUNT.OL,2026-08-27 06:55,2026-08-27,pre-open,10,09:05,0.024707921751827178,1,small,Hunter Group ASA - Second quarter results 2026,0.03596344539255642,0.08691851641869938,0.1720323105561204,0.060671367144383384
HUNT.OL,2026-08-27 06:55,2026-08-27,pre-open,15,09:10,0.03104160046295807,1,small,Hunter Group ASA - Second quarter results 2026,0.029629766681425362,0.08058483770756851,0.16569863184498942,0.060671367144383384
HUNT.OL,2026-08-27 06:55,2026-08-27,pre-open,30,09:25,0.04930529086796537,1,small,Hunter Group ASA - Second quarter results 2026,0.011366076276417982,0.062321147302560984,0.14743494143998193,0.060671367144383384
HUNT.OL,2026-08-27 06:55,2026-08-27,pre-open,60,09:55,0.05400860855867215,1,small,Hunter Group ASA - Second quarter results 2026,0.006662758585711338,0.057617829611854354,0.14273162374927545,0.060671367144383384
JIN.OL,2026-08-27 06:20,2026-08-27,pre-open,5,09:00,0.02119447157771067,1,small,SECOND QUARTER AND HALF YEARLY REPORT FOR THE QUARTER AND SIX MONTHS ENDED 30 JUNE 2026,-0.15998275077884755,-0.13424724042263564,-0.1342227860171316,-0.1387882792011369
JIN.OL,2026-08-27 06:20,2026-08-27,pre-open,10,09:05,-0.005018837953998378,-1,small,SECOND QUARTER AND HALF YEARLY REPORT FOR THE QUARTER AND SIX MONTHS ENDED 30 JUNE 2026,0.13376944124713858,0.10803393089092675,0.10800947648542272,0.1387882792011369
JIN.OL,2026-08-27 06:20,2026-08-27,pre-open,15,09:10,-0.009719790171697508,-1,small,SECOND QUARTER AND HALF YEARLY REPORT FOR THE QUARTER AND SIX MONTHS ENDED 30 JUNE 2026,0.12906848902943943,0.10333297867322762,0.10330852426772359,0.1387882792011369
JIN.OL,2026-08-27 06:20,2026-08-27,pre-open,30,09:25,-0.009605400994292869,-1,small,SECOND QUARTER AND HALF YEARLY REPORT FOR THE QUARTER AND SIX MONTHS ENDED 30 JUNE 2026,0.12918287820684407,0.10344736785063226,0.10342291344512823,0.1387882792011369
JIN.OL,2026-08-27 06:20,2026-08-27,pre-open,60,09:55,-0.07316109074405185,-1,small,SECOND QUARTER AND HALF YEARLY REPORT FOR THE QUARTER AND SIX MONTHS ENDED 30 JUNE 2026,0.06562718845708511,0.03989167810087324,0.039867223695369214,0.1387882792011369
GSF.OL,2026-08-27 06:01,2026-08-27,pre-open,5,09:00,-0.026410217772187067,-1,small,Grieg Seafood ASA: H1 2026 results,0.002465376875947436,-0.020524313906606542,0.07974497795656894,0.0288755946481346
GSF.OL,2026-08-27 06:01,2026-08-27,pre-open,10,09:05,-0.028820665617164534,-1,small,Grieg Seafood ASA: H1 2026 results,5.4929030969978754e-05,-0.022934761751583974,0.07733453011159148,0.0288755946481346
GSF.OL,2026-08-27 06:01,2026-08-27,pre-open,15,09:10,-0.027321218361659568,-1,small,Grieg Seafood ASA: H1 2026 results,0.0015543762864751107,-0.021435314496079043,0.07883397736709648,0.0288755946481346
GSF.OL,2026-08-27 06:01,2026-08-27,pre-open,30,09:25,-0.04217311280421448,-1,small,Grieg Seafood ASA: H1 2026 results,-0.013297518156079935,-0.03628720893863396,0.06398208292454147,0.0288755946481346
GSF.OL,2026-08-27 06:01,2026-08-27,pre-open,60,09:55,-0.04011316174475959,-1,small,Grieg Seafood ASA: H1 2026 results,-0.011237567096625014,-0.03422725787917901,0.06604203398399644,0.0288755946481346
CLOUD.OL,2026-08-26 21:15,2026-08-27,after-close,5,09:00,0.0024632783765785923,1,small,Cloudberry Clean Energy ASA | New credit facility signed,-0.01131926409031055,-0.025283039066121477,-0.026310366354660258,-0.008855985713731793
CLOUD.OL,2026-08-26 21:15,2026-08-27,after-close,10,09:05,0.003425527810946438,1,small,Cloudberry Clean Energy ASA | New credit facility signed,-0.012281513524678395,-0.026245288500489322,-0.027272615789028103,-0.008855985713731793
CLOUD.OL,2026-08-26 21:15,2026-08-27,after-close,15,09:10,0.004249512110969,1,small,Cloudberry Clean Energy ASA | New credit facility signed,-0.013105497824700958,-0.027069272800511884,-0.028096600089050665,-0.008855985713731793
CLOUD.OL,2026-08-26 21:15,2026-08-27,after-close,30,09:25,0.004363901288373639,1,small,Cloudberry Clean Energy ASA | New credit facility signed,-0.013219887002105597,-0.027183661977916523,-0.028210989266455305,-0.008855985713731793
CLOUD.OL,2026-08-26 21:15,2026-08-27,after-close,60,09:55,0.006627178293043111,1,small,Cloudberry Clean Energy ASA | New credit facility signed,-0.015483164006774967,-0.02944693898258588,-0.030474266271124695,-0.008855985713731793
COSH.OL,2026-08-26 19:39,2026-08-27,after-close,5,09:00,-0.0012776131848123984,-1,small,Constellation Disclose its 2Q26 Earnings Presentation,0.009845461035304648,-0.002346356204818949,0.011473313095436338,0.011123074220117046
COSH.OL,2026-08-26 19:39,2026-08-27,after-close,10,09:05,-0.0003153637504445528,-1,small,Constellation Disclose its 2Q26 Earnings Presentation,0.010807710469672493,-0.0013841067704511035,0.012435562529804184,0.011123074220117046
COSH.OL,2026-08-26 19:39,2026-08-27,after-close,15,09:10,0.0005086205495780094,1,small,Constellation Disclose its 2Q26 Earnings Presentation,-0.011631694769695056,0.0005601224704285413,-0.013259546829826746,-0.011123074220117046
COSH.OL,2026-08-26 19:39,2026-08-27,after-close,30,09:25,0.0006230097269826484,1,small,Constellation Disclose its 2Q26 Earnings Presentation,-0.011746083947099695,0.00044573329302390226,-0.013373936007231385,-0.011123074220117046
COSH.OL,2026-08-26 19:39,2026-08-27,after-close,60,09:55,-5.488907485817762e-05,-1,small,Constellation Disclose its 2Q26 Earnings Presentation,0.011068185145258869,-0.0011236320948647283,0.012696037205390559,0.011123074220117046
NYKD.OL,2026-08-26 15:15,2026-08-26,intraday,5,15:15,0.1223392146397756,1,small,Nykode Therapeutics receives draft recommendation from Secretariat of Tax Appeal Board in pending ta,-0.021899130169462967,0.04714244742972698,-0.13385980077918022,0.10044008447031277
NYKD.OL,2026-08-26 15:15,2026-08-26,intraday,10,15:20,0.12277812228016027,1,small,Nykode Therapeutics receives draft recommendation from Secretariat of Tax Appeal Board in pending ta,-0.022338037809847645,0.0467035397893423,-0.1342987084195649,0.10044008447031277
NYKD.OL,2026-08-26 15:15,2026-08-26,intraday,15,15:25,0.22116881723513265,1,small,Nykode Therapeutics receives draft recommendation from Secretariat of Tax Appeal Board in pending ta,-0.12072873276482003,-0.05168715516563003,-0.2326894033745372,0.10044008447031277
NYKD.OL,2026-08-26 15:15,2026-08-26,intraday,30,15:40,0.0925323234868003,1,small,Nykode Therapeutics receives draft recommendation from Secretariat of Tax Appeal Board in pending ta,0.007907760983512532,0.07694933858270242,-0.10405290962620486,0.10044008447031277
NYKD.OL,2026-08-26 15:15,2026-08-26,intraday,60,16:10,0.10123112418603963,1,small,Nykode Therapeutics receives draft recommendation from Secretariat of Tax Appeal Board in pending ta,-0.00079103971572686,0.0682505378834631,-0.11275171032544411,0.10044008447031277
SWON.OL,2026-08-26 10:33,2026-08-26,intraday,5,10:35,-0.00042668749884451325,-1,small,Correction – Full Half Year 2026 report attached,0.05726051788541163,0.05307325501305321,0.0791529397662067,0.05768720538425618
SWON.OL,2026-08-26 10:33,2026-08-26,intraday,10,10:40,-0.0006129818969740739,-1,small,Correction – Full Half Year 2026 report attached,0.05707422348728207,0.05288696061492365,0.07896664536807714,0.05768720538425618
SWON.OL,2026-08-26 10:33,2026-08-26,intraday,15,10:45,-0.006193252181501411,-1,small,Correction – Full Half Year 2026 report attached,0.05149395320275482,0.0473066903303964,0.0733863750835498,0.05768720538425618
SWON.OL,2026-08-26 10:33,2026-08-26,intraday,30,11:00,-0.017341983489617335,-1,small,Correction – Full Half Year 2026 report attached,0.040345221894638864,0.036157959022280486,0.06223764377543391,0.05768720538425618
SWON.OL,2026-08-26 10:33,2026-08-26,intraday,60,11:30,-0.013570097294138519,-1,small,Correction – Full Half Year 2026 report attached,0.04411710809011774,0.03992984521775932,0.06600952997091272,0.05768720538425618
B2I.OL,2026-08-26 10:15,2026-08-26,intraday,5,10:20,-0.008278537536080077,-1,small,B2 Impact ASA: Presentation for fixed income investor meetings,0.015445745976811984,0.04283983468664326,0.022955971910892006,0.023724283512892012
B2I.OL,2026-08-26 10:15,2026-08-26,intraday,10,10:25,-0.00796512980993056,-1,small,B2 Impact ASA: Presentation for fixed income investor meetings,0.0157591537029615,0.04315324241279278,0.023269379637041523,0.023724283512892012
B2I.OL,2026-08-26 10:15,2026-08-26,intraday,15,10:30,-0.00922389802958353,-1,small,B2 Impact ASA: Presentation for fixed income investor meetings,0.014500385483308514,0.04189447419313974,0.022010611417388564,0.023724283512892012
B2I.OL,2026-08-26 10:15,2026-08-26,intraday,30,10:45,-0.007225918862093122,-1,small,B2 Impact ASA: Presentation for fixed income investor meetings,0.016498364650798937,0.04389245336063022,0.02400859058487896,0.023724283512892012
B2I.OL,2026-08-26 10:15,2026-08-26,intraday,60,11:15,-0.005368098172076915,-1,small,B2 Impact ASA: Presentation for fixed income investor meetings,0.01835618534081513,0.045750274050646356,0.02586641127489518,0.023724283512892012
RING.OL,2026-08-26 09:28,2026-08-26,intraday,5,09:30,0.002937273539398433,1,small,SpareBank 1 Ringerike Hadeland - Viderefordeling av egenkapitalbevis i spareprogram for ansatte,-0.0032458964779542576,-0.011074217084401804,-0.016744534067567783,-0.0003086229385558247
RING.OL,2026-08-26 09:28,2026-08-26,intraday,10,09:35,0.0019452802991597462,1,small,SpareBank 1 Ringerike Hadeland - Viderefordeling av egenkapitalbevis i spareprogram for ansatte,-0.002253903237715571,-0.010082223844163117,-0.015752540827329096,-0.0003086229385558247
RING.OL,2026-08-26 09:28,2026-08-26,intraday,15,09:40,0.003152310305940126,1,small,SpareBank 1 Ringerike Hadeland - Viderefordeling av egenkapitalbevis i spareprogram for ansatte,-0.0034609332444959506,-0.011289253850943497,-0.016959570834109476,-0.0003086229385558247
RING.OL,2026-08-26 09:28,2026-08-26,intraday,30,09:55,0.0036152061787839695,1,small,SpareBank 1 Ringerike Hadeland - Viderefordeling av egenkapitalbevis i spareprogram for ansatte,-0.003923829117339794,-0.01175214972378734,-0.01742246670695332,-0.0003086229385558247
RING.OL,2026-08-26 09:28,2026-08-26,intraday,60,10:25,0.0010944683094669116,1,small,SpareBank 1 Ringerike Hadeland - Viderefordeling av egenkapitalbevis i spareprogram for ansatte,-0.0014030912480227364,-0.009231411854470283,-0.014901728837636262,-0.0003086229385558247
SOFF.OL,2026-08-26 08:55,2026-08-26,pre-open,5,09:00,-0.005507960141347749,-1,small,Solstad Offshore ASA - Contract Award for CSV Normand Valiant,0.002658715069816817,0.021801356553356632,-0.008214359380039973,0.008166675211164506
SOFF.OL,2026-08-26 08:55,2026-08-26,pre-open,10,09:05,0.0013236182659839835,1,small,Solstad Offshore ASA - Contract Award for CSV Normand Valiant,-0.00949029347714849,-0.02863293496068837,0.0013827809727081815,-0.008166675211164506
SOFF.OL,2026-08-26 08:55,2026-08-26,pre-open,15,09:10,-0.0043584306931697715,-1,small,Solstad Offshore ASA - Contract Award for CSV Normand Valiant,0.0038082445179947943,0.02295088600153461,-0.0070648299318619955,0.008166675211164506
SOFF.OL,2026-08-26 08:55,2026-08-26,pre-open,30,09:25,0.0019381532668172985,1,small,Solstad Offshore ASA - Contract Award for CSV Normand Valiant,-0.010104828477981827,-0.029247469961521718,0.0007682459718748192,-0.008166675211164506
SOFF.OL,2026-08-26 08:55,2026-08-26,pre-open,60,09:55,0.00970162304821599,1,small,Solstad Offshore ASA - Contract Award for CSV Normand Valiant,-0.017868298259380522,-0.03701093974292035,-0.006995223809523863,-0.008166675211164506
SOMA.OL,2026-08-26 08:55,2026-08-26,pre-open,5,09:00,0.0064754347656356065,1,small,Solstad Maritime ASA - Contract Award for CSV Normand Valiant,0.000260950482214084,-0.006543729977248655,0.006648807932121078,0.0067363852478496905
SOMA.OL,2026-08-26 08:55,2026-08-26,pre-open,10,09:05,0.005724700966664246,1,small,Solstad Maritime ASA - Contract Award for CSV Normand Valiant,0.0010116842811855886,-0.005792996178277391,0.007399541731092637,0.0067363852478496905
SOMA.OL,2026-08-26 08:55,2026-08-26,pre-open,15,09:10,0.009390230153096606,1,small,Solstad Maritime ASA - Contract Award for CSV Normand Valiant,-0.0026538449052468703,-0.009458525364709779,0.0037340125446602163,0.0067363852478496905
SOMA.OL,2026-08-26 08:55,2026-08-26,pre-open,30,09:25,0.01660017008101599,1,small,Solstad Maritime ASA - Contract Award for CSV Normand Valiant,-0.00986378483316637,-0.01666846529262915,-0.0034759273832592422,0.0067363852478496905
SOMA.OL,2026-08-26 08:55,2026-08-26,pre-open,60,09:55,0.024126012603050452,1,small,Solstad Maritime ASA - Contract Award for CSV Normand Valiant,-0.017389627355200866,-0.024194307814663682,-0.011001769905293779,0.0067363852478496905
AGLX.OL,2026-08-26 08:30,2026-08-26,pre-open,5,09:00,0.005189199107689035,1,small,Agilyx ASA’s arcLABS Qualified as a Preferred Analytical Laboratory for Advanced Polymer Recycling L,-0.0026002380773603863,0.006926449484627048,-0.008119403973288725,0.0025889610303286505
AGLX.OL,2026-08-26 08:30,2026-08-26,pre-open,10,09:05,0.00620678540646794,1,small,Agilyx ASA’s arcLABS Qualified as a Preferred Analytical Laboratory for Advanced Polymer Recycling L,-0.0036178243761392915,0.005908863185848143,-0.00913699027206763,0.0025889610303286505
AGLX.OL,2026-08-26 08:30,2026-08-26,pre-open,15,09:10,0.006338728555867012,1,small,Agilyx ASA’s arcLABS Qualified as a Preferred Analytical Laboratory for Advanced Polymer Recycling L,-0.0037497675255383635,0.005776920036449071,-0.009268933421466702,0.0025889610303286505
AGLX.OL,2026-08-26 08:30,2026-08-26,pre-open,30,09:25,0.019635426592903134,1,small,Agilyx ASA’s arcLABS Qualified as a Preferred Analytical Laboratory for Advanced Polymer Recycling L,-0.017046465562574446,-0.007519778000586948,-0.022565631458502634,0.0025889610303286505
AGLX.OL,2026-08-26 08:30,2026-08-26,pre-open,60,09:55,0.020168207040711213,1,small,Agilyx ASA’s arcLABS Qualified as a Preferred Analytical Laboratory for Advanced Polymer Recycling L,-0.017579246010382524,-0.008052558448395027,-0.023098411906310713,0.0025889610303286505
2020.OL,2026-08-26 08:00,2026-08-26,pre-open,5,09:00,0.030245537042865384,1,small,2020 Bulkers Ltd. (2020) - Results for the second quarter of 2026,-0.18553004349267907,-0.2841246726561999,-0.20458894346442544,-0.1552845064498137
2020.OL,2026-08-26 08:00,2026-08-26,pre-open,10,09:05,0.029358317264410485,1,small,2020 Bulkers Ltd. (2020) - Results for the second quarter of 2026,-0.1846428237142243,-0.2832374528777451,-0.20370172368597067,-0.1552845064498137
2020.OL,2026-08-26 08:00,2026-08-26,pre-open,15,09:10,0.0266263221083691,1,small,2020 Bulkers Ltd. (2020) - Results for the second quarter of 2026,-0.18191082855818294,-0.2805054577217037,-0.20096972852992936,-0.1552845064498137
2020.OL,2026-08-26 08:00,2026-08-26,pre-open,30,09:25,-0.016414150898502136,-1,small,2020 Bulkers Ltd. (2020) - Results for the second quarter of 2026,0.13887035555131158,0.2374649847148323,0.157929255523058,0.1552845064498137
2020.OL,2026-08-26 08:00,2026-08-26,pre-open,60,09:55,-0.0381270067015733,-1,small,2020 Bulkers Ltd. (2020) - Results for the second quarter of 2026,0.11715749974824036,0.21575212891176118,0.13621639971998678,0.1552845064498137
SWON.OL,2026-08-26 07:01,2026-08-26,pre-open,5,09:00,0.09179843064232285,1,small,SoftwareOne delivers growth of 11.6% and an adjusted EBITDA margin expansion of 4.5 percentage point,-0.003388702451417245,0.0007985604209412248,-0.02528112433221231,0.08840972819090563
SWON.OL,2026-08-26 07:01,2026-08-26,pre-open,10,09:05,0.0946358258643011,1,small,SoftwareOne delivers growth of 11.6% and an adjusted EBITDA margin expansion of 4.5 percentage point,-0.006226097673395558,-0.0020388348010371513,-0.028118519554190535,0.08840972819090563
SWON.OL,2026-08-26 07:01,2026-08-26,pre-open,15,09:10,0.10381760453361802,1,small,SoftwareOne delivers growth of 11.6% and an adjusted EBITDA margin expansion of 4.5 percentage point,-0.015407876342712448,-0.01122061347035408,-0.03730029822350746,0.08840972819090563
SWON.OL,2026-08-26 07:01,2026-08-26,pre-open,30,09:25,0.11114133577854218,1,small,SoftwareOne delivers growth of 11.6% and an adjusted EBITDA margin expansion of 4.5 percentage point,-0.022731607587636656,-0.018544344715278254,-0.04462402946843171,0.08840972819090563
SWON.OL,2026-08-26 07:01,2026-08-26,pre-open,60,09:55,0.12943657280690818,1,small,SoftwareOne delivers growth of 11.6% and an adjusted EBITDA margin expansion of 4.5 percentage point,-0.0410268446160026,-0.036839581743644226,-0.06291926649679765,0.08840972819090563
MPCC.OL,2026-08-26 07:00,2026-08-26,pre-open,5,09:00,0.002808256467393582,1,mid,MPC Container Ships Reports Q2 2026 Results,-0.012313326241178124,-0.04494570437792172,-0.06454404607231148,-0.009505069773784399
MPCC.OL,2026-08-26 07:00,2026-08-26,pre-open,10,09:05,0.026417675168646293,1,mid,MPC Container Ships Reports Q2 2026 Results,-0.0359227449424307,-0.06855512307917434,-0.08815346477356423,-0.009505069773784399
MPCC.OL,2026-08-26 07:00,2026-08-26,pre-open,15,09:10,0.005384793241559091,1,mid,MPC Container Ships Reports Q2 2026 Results,-0.014889863015343424,-0.04752224115208712,-0.06712058284647686,-0.009505069773784399
MPCC.OL,2026-08-26 07:00,2026-08-26,pre-open,30,09:25,0.008386661195509078,1,mid,MPC Container Ships Reports Q2 2026 Results,-0.01789173096929344,-0.05052410910603705,-0.0701224508004269,-0.009505069773784399
MPCC.OL,2026-08-26 07:00,2026-08-26,pre-open,60,09:55,0.0024885403572974347,1,mid,MPC Container Ships Reports Q2 2026 Results,-0.01199361013108177,-0.04462598826782538,-0.06422432996221526,-0.009505069773784399
AKRBP.OL,2026-08-26 07:00,2026-08-26,pre-open,5,09:00,-0.017963252961612747,-1,large,Aker BP has started production from the Skarv Satellites,-0.015075965343891686,-0.005896739076861904,-0.04609456871928071,0.0028872876177210424
AKRBP.OL,2026-08-26 07:00,2026-08-26,pre-open,10,09:05,-0.016068124445885238,-1,large,Aker BP has started production from the Skarv Satellites,-0.01318083682816419,-0.004001610561134371,-0.044199440203553216,0.0028872876177210424
AKRBP.OL,2026-08-26 07:00,2026-08-26,pre-open,15,09:10,-0.01505940848474387,-1,large,Aker BP has started production from the Skarv Satellites,-0.012172120867022747,-0.002992894599992992,-0.04319072424241186,0.0028872876177210424
AKRBP.OL,2026-08-26 07:00,2026-08-26,pre-open,30,09:25,-0.015466343065448605,-1,large,Aker BP has started production from the Skarv Satellites,-0.012579055447727517,-0.0033998291806978734,-0.04359765882311662,0.0028872876177210424
AKRBP.OL,2026-08-26 07:00,2026-08-26,pre-open,60,09:55,-0.016985482492078954,-1,large,Aker BP has started production from the Skarv Satellites,-0.014098194874357869,-0.004918968607328197,-0.04511679824974692,0.0028872876177210424
B2I.OL,2026-08-26 07:00,2026-08-26,pre-open,5,09:00,0.0003060319672050782,1,small,B2 Impact ASA: Fixed Income Investor Meetings and signed renegotiated RCF at improved terms,-0.02754436220486037,-0.05493845091469169,-0.03505458813894045,-0.027238330237655293
B2I.OL,2026-08-26 07:00,2026-08-26,pre-open,10,09:05,0.00315007492206063,1,small,B2 Impact ASA: Fixed Income Investor Meetings and signed renegotiated RCF at improved terms,-0.030388405159716074,-0.05778249386954733,-0.03789863109379617,-0.027238330237655293
B2I.OL,2026-08-26 07:00,2026-08-26,pre-open,15,09:10,0.003282018071459702,1,small,B2 Impact ASA: Fixed Income Investor Meetings and signed renegotiated RCF at improved terms,-0.030520348309115146,-0.0579144370189464,-0.03803057424319524,-0.027238330237655293
B2I.OL,2026-08-26 07:00,2026-08-26,pre-open,30,09:25,0.003388457698180969,1,small,B2 Impact ASA: Fixed Income Investor Meetings and signed renegotiated RCF at improved terms,-0.03062678793583626,-0.05802087664566758,-0.03813701386991634,-0.027238330237655293
B2I.OL,2026-08-26 07:00,2026-08-26,pre-open,60,09:55,0.0020913695747076444,1,small,B2 Impact ASA: Fixed Income Investor Meetings and signed renegotiated RCF at improved terms,-0.029329699812362966,-0.05672378852219432,-0.036839925746443083,-0.027238330237655293
CRNA.OL,2026-08-26 07:00,2026-08-26,pre-open,5,09:00,0.04483110919288486,1,mid,Circio and Full Circles Therapeutics jointly announce in vivo cell therapy research,0.055176767961842975,0.11982469809073593,-0.03692939737521446,0.10000787715472764
CRNA.OL,2026-08-26 07:00,2026-08-26,pre-open,10,09:05,0.07132783254916746,1,mid,Circio and Full Circles Therapeutics jointly announce in vivo cell therapy research,0.02868004460556024,0.09332797473445331,-0.06342612073149706,0.10000787715472764
CRNA.OL,2026-08-26 07:00,2026-08-26,pre-open,15,09:10,0.08551147859008905,1,mid,Circio and Full Circles Therapeutics jointly announce in vivo cell therapy research,0.014496398564638672,0.07914432869353176,-0.07760976677241876,0.10000787715472764
CRNA.OL,2026-08-26 07:00,2026-08-26,pre-open,30,09:25,0.10435486786986967,1,mid,Circio and Full Circles Therapeutics jointly announce in vivo cell therapy research,-0.004346990715141939,0.06030093941375103,-0.09645315605219923,0.10000787715472764
CRNA.OL,2026-08-26 07:00,2026-08-26,pre-open,60,09:55,0.12600455201334088,1,mid,Circio and Full Circles Therapeutics jointly announce in vivo cell therapy research,-0.025996674858613254,0.0386512552702797,-0.11810284019567062,0.10000787715472764
NYKD.OL,2026-08-26 07:00,2026-08-26,pre-open,5,09:00,-0.024600560594397306,-1,small,Nykode Therapeutics - Quarterly Report Q2 2026,-0.008994622267264383,-0.07803619986645435,0.10296604834245278,0.015605938327132838
NYKD.OL,2026-08-26 07:00,2026-08-26,pre-open,10,09:05,-0.06843349729005452,-1,small,Nykode Therapeutics - Quarterly Report Q2 2026,-0.05282755896292166,-0.12186913656211154,0.05913311164679555,0.015605938327132838
NYKD.OL,2026-08-26 07:00,2026-08-26,pre-open,15,09:10,-0.038920991345916055,-1,small,Nykode Therapeutics - Quarterly Report Q2 2026,-0.02331505301878319,-0.09235663061797317,0.088645617590934,0.015605938327132838
NYKD.OL,2026-08-26 07:00,2026-08-26,pre-open,30,09:25,-0.028118760031119155,-1,small,Nykode Therapeutics - Quarterly Report Q2 2026,-0.012512821703986307,-0.08155439930317643,0.09944784890573079,0.015605938327132838
NYKD.OL,2026-08-26 07:00,2026-08-26,pre-open,60,09:55,-0.026482915473185674,-1,small,Nykode Therapeutics - Quarterly Report Q2 2026,-0.010876977146052793,-0.07991855474524281,0.10108369346366432,0.015605938327132838
ENH.OL,2026-08-26 06:00,2026-08-26,pre-open,5,09:00,0.0015631319413963096,1,small,Energy Holdings Q2 2026: Continued strong performance and shareholder returns,-0.0009961494919772881,-0.011328183996367475,-0.04493666146182415,0.0005669824494191622
ENH.OL,2026-08-26 06:00,2026-08-26,pre-open,10,09:05,6.49960572017402e-05,1,small,Energy Holdings Q2 2026: Continued strong performance and shareholder returns,0.0005019863922175326,-0.009830048112172654,-0.04343852557762943,0.0005669824494191622
ENH.OL,2026-08-26 06:00,2026-08-26,pre-open,15,09:10,0.00019693920660081212,1,small,Energy Holdings Q2 2026: Continued strong performance and shareholder returns,0.00037004324281846067,-0.009961991261571726,-0.0435704687270285,0.0005669824494191622
ENH.OL,2026-08-26 06:00,2026-08-26,pre-open,30,09:25,-0.0016556844871947803,-1,small,Energy Holdings Q2 2026: Continued strong performance and shareholder returns,-0.0022226669366138237,0.008109367567776363,0.04171784503323293,-0.0005669824494191622
ENH.OL,2026-08-26 06:00,2026-08-26,pre-open,60,09:55,0.0026626159372068045,1,small,Energy Holdings Q2 2026: Continued strong performance and shareholder returns,-0.0020956334877875317,-0.012427667992177718,-0.04603614545763449,0.0005669824494191622
COSH.OL,2026-08-26 01:10,2026-08-26,pre-open,5,09:00,0.007796703696362737,1,small,Constellation Announces Board of Directors Change,0.03689508366199447,0.02637845418568345,0.04179290880621896,0.04469178735835726
COSH.OL,2026-08-26 01:10,2026-08-26,pre-open,10,09:05,0.016249268482659777,1,small,Constellation Announces Board of Directors Change,0.02844251887569753,0.01792588939938651,0.033340344019922,0.04469178735835726
COSH.OL,2026-08-26 01:10,2026-08-26,pre-open,15,09:10,0.01638121163205885,1,small,Constellation Announces Board of Directors Change,0.028310575726298456,0.01779394624998744,0.03320840087052293,0.04469178735835726
COSH.OL,2026-08-26 01:10,2026-08-26,pre-open,30,09:25,0.010879129427338628,1,small,Constellation Announces Board of Directors Change,0.03381265793101858,0.02329602845470756,0.03871048307524307,0.04469178735835726
COSH.OL,2026-08-26 01:10,2026-08-26,pre-open,60,09:55,0.011411909875146706,1,small,Constellation Announces Board of Directors Change,0.0332798774832105,0.02276324800689948,0.038177702627434994,0.04469178735835726
COSH.OL,2026-08-26 01:03,2026-08-26,pre-open,5,09:00,0.007796703696362737,1,small,Share Premium Distribution in Cash– Third Tranche,0.03689508366199447,0.02637845418568345,0.04179290880621896,0.04469178735835726
COSH.OL,2026-08-26 01:03,2026-08-26,pre-open,10,09:05,0.016249268482659777,1,small,Share Premium Distribution in Cash– Third Tranche,0.02844251887569753,0.01792588939938651,0.033340344019922,0.04469178735835726
COSH.OL,2026-08-26 01:03,2026-08-26,pre-open,15,09:10,0.01638121163205885,1,small,Share Premium Distribution in Cash– Third Tranche,0.028310575726298456,0.01779394624998744,0.03320840087052293,0.04469178735835726
COSH.OL,2026-08-26 01:03,2026-08-26,pre-open,30,09:25,0.010879129427338628,1,small,Share Premium Distribution in Cash– Third Tranche,0.03381265793101858,0.02329602845470756,0.03871048307524307,0.04469178735835726
COSH.OL,2026-08-26 01:03,2026-08-26,pre-open,60,09:55,0.011411909875146706,1,small,Share Premium Distribution in Cash– Third Tranche,0.0332798774832105,0.02276324800689948,0.038177702627434994,0.04469178735835726
COSH.OL,2026-08-26 00:58,2026-08-26,pre-open,5,09:00,0.007796703696362737,1,small,Constellation Reports 2Q26 Results,0.03689508366199447,0.02637845418568345,0.04179290880621896,0.04469178735835726
COSH.OL,2026-08-26 00:58,2026-08-26,pre-open,10,09:05,0.016249268482659777,1,small,Constellation Reports 2Q26 Results,0.02844251887569753,0.01792588939938651,0.033340344019922,0.04469178735835726
COSH.OL,2026-08-26 00:58,2026-08-26,pre-open,15,09:10,0.01638121163205885,1,small,Constellation Reports 2Q26 Results,0.028310575726298456,0.01779394624998744,0.03320840087052293,0.04469178735835726
COSH.OL,2026-08-26 00:58,2026-08-26,pre-open,30,09:25,0.010879129427338628,1,small,Constellation Reports 2Q26 Results,0.03381265793101858,0.02329602845470756,0.03871048307524307,0.04469178735835726
COSH.OL,2026-08-26 00:58,2026-08-26,pre-open,60,09:55,0.011411909875146706,1,small,Constellation Reports 2Q26 Results,0.0332798774832105,0.02276324800689948,0.038177702627434994,0.04469178735835726
CRNA.OL,2026-08-31 20:05,2026-09-01,after-close,5,09:00,0.12363983533249595,1,mid,"Circio presents strong R&D, financing and business development progress in first half year report",-0.15486595585109317,-0.18006500799344463,-0.1001096800679016,-0.031226120518597182
CRNA.OL,2026-08-31 20:05,2026-09-01,after-close,10,09:05,0.1550497442573159,1,mid,"Circio presents strong R&D, financing and business development progress in first half year report",-0.18627586477591299,-0.21147491691826462,-0.13151958899272148,-0.031226120518597182
CRNA.OL,2026-08-31 20:05,2026-09-01,after-close,15,09:10,0.1640704893957744,1,mid,"Circio presents strong R&D, financing and business development progress in first half year report",-0.19529660991437145,-0.22049566205672308,-0.1405403341311799,-0.031226120518597182
CRNA.OL,2026-08-31 20:05,2026-09-01,after-close,30,09:25,0.16289840732765756,1,mid,"Circio presents strong R&D, financing and business development progress in first half year report",-0.19412452784625464,-0.2193235799886063,-0.1393682520630632,-0.031226120518597182
CRNA.OL,2026-08-31 20:05,2026-09-01,after-close,60,09:55,0.19554801658306756,1,mid,"Circio presents strong R&D, financing and business development progress in first half year report",-0.2267741371016647,-0.25197318924401624,-0.17201786131847321,-0.031226120518597182
CLOUD.OL,2026-08-31 16:30,2026-09-01,after-close,5,09:00,0.0053456845263608,1,small,Cloudberry Clean Energy ASA | Completion of transformative acquisition establishes Cloudberry as a l,-0.01069679156287215,0.012896628431669596,-0.012418580277109402,-0.005351107036511432
CLOUD.OL,2026-08-31 16:30,2026-09-01,after-close,10,09:05,0.0056088618307557295,1,small,Cloudberry Clean Energy ASA | Completion of transformative acquisition establishes Cloudberry as a l,-0.01095996886726708,0.012633451127274667,-0.012681757581504331,-0.005351107036511432
CLOUD.OL,2026-08-31 16:30,2026-09-01,after-close,15,09:10,0.006661444888881091,1,small,Cloudberry Clean Energy ASA | Completion of transformative acquisition establishes Cloudberry as a l,-0.012012551925392441,0.011580868069149305,-0.013734340639629692,-0.005351107036511432
CLOUD.OL,2026-08-31 16:30,2026-09-01,after-close,30,09:25,0.006812956919533342,1,small,Cloudberry Clean Energy ASA | Completion of transformative acquisition establishes Cloudberry as a l,-0.012164063956044692,0.011429356038497054,-0.013885852670281943,-0.005351107036511432
CLOUD.OL,2026-08-31 16:30,2026-09-01,after-close,60,09:55,0.0023987699869136847,1,small,Cloudberry Clean Energy ASA | Completion of transformative acquisition establishes Cloudberry as a l,-0.0077498770234251165,0.015843542971116564,-0.009471665737662402,-0.005351107036511432
BAKKA.OL,2026-08-31 11:14,2026-08-31,intraday,5,11:15,0.0022654946510620925,1,mid,Correction to Q2 2026 report and presentation,-0.008417161394670691,0.005890710903888141,-0.050557994129331665,-0.006151666743608648
BAKKA.OL,2026-08-31 11:14,2026-08-31,intraday,10,11:20,0.005981507393698212,1,mid,Correction to Q2 2026 report and presentation,-0.012133174137306833,0.0021746981612520734,-0.054274006871967824,-0.006151666743608648
BAKKA.OL,2026-08-31 11:14,2026-08-31,intraday,15,11:25,0.006661214303742619,1,mid,Correction to Q2 2026 report and presentation,-0.01281288104735135,0.0014949912512076382,-0.05495371378201241,-0.006151666743608648
BAKKA.OL,2026-08-31 11:14,2026-08-31,intraday,30,11:40,0.004753456461667616,1,mid,Correction to Q2 2026 report and presentation,-0.01090512320527633,0.003402749093282485,-0.05304595593993736,-0.006151666743608648
BAKKA.OL,2026-08-31 11:14,2026-08-31,intraday,60,12:10,0.006992763159837474,1,mid,Correction to Q2 2026 report and presentation,-0.013144429903446112,0.0011634423951128387,-0.055285262638107034,-0.006151666743608648
DNB.OL,2026-08-31 10:00,2026-08-31,intraday,5,10:05,0.0006793663382185496,1,large,"DNB endrer organiseringen av Products, Data & Innovation",-0.0024115243840581338,0.007177684085595019,0.003420727742817837,-0.0017321580458397132
DNB.OL,2026-08-31 10:00,2026-08-31,intraday,10,10:10,0.0006212904721842249,1,large,"DNB endrer organiseringen av Products, Data & Innovation",-0.002353448518023693,0.007235759951629232,0.003478803608851968,-0.0017321580458397132
DNB.OL,2026-08-31 10:00,2026-08-31,intraday,15,10:15,0.001739369384653798,1,large,"DNB endrer organiseringen av Products, Data & Innovation",-0.003471527430493382,0.006117681039159771,0.0023607246963825886,-0.0017321580458397132
DNB.OL,2026-08-31 10:00,2026-08-31,intraday,30,10:30,0.0003311214314292814,1,large,"DNB endrer organiseringen av Products, Data & Innovation",-0.0020632794772689985,0.007525928992384034,0.0037689726496067874,-0.0017321580458397132
DNB.OL,2026-08-31 10:00,2026-08-31,intraday,60,11:00,0.0015894570338707266,1,large,"DNB endrer organiseringen av Products, Data & Innovation",-0.003321615079710311,0.006267593389942842,0.00251063704716566,-0.0017321580458397132
DNB.OL,2026-08-31 10:00,2026-08-31,intraday,5,10:05,0.0006793663382185496,1,large,"DNB is changing the organisation of Products, Data & Innovation",-0.0024115243840581338,0.007177684085595019,0.003420727742817837,-0.0017321580458397132
DNB.OL,2026-08-31 10:00,2026-08-31,intraday,10,10:10,0.0006212904721842249,1,large,"DNB is changing the organisation of Products, Data & Innovation",-0.002353448518023693,0.007235759951629232,0.003478803608851968,-0.0017321580458397132
DNB.OL,2026-08-31 10:00,2026-08-31,intraday,15,10:15,0.001739369384653798,1,large,"DNB is changing the organisation of Products, Data & Innovation",-0.003471527430493382,0.006117681039159771,0.0023607246963825886,-0.0017321580458397132
DNB.OL,2026-08-31 10:00,2026-08-31,intraday,30,10:30,0.0003311214314292814,1,large,"DNB is changing the organisation of Products, Data & Innovation",-0.0020632794772689985,0.007525928992384034,0.0037689726496067874,-0.0017321580458397132
DNB.OL,2026-08-31 10:00,2026-08-31,intraday,60,11:00,0.0015894570338707266,1,large,"DNB is changing the organisation of Products, Data & Innovation",-0.003321615079710311,0.006267593389942842,0.00251063704716566,-0.0017321580458397132
BAKKA.OL,2026-08-31 06:00,2026-08-31,pre-open,5,09:00,-0.0752282343360198,-1,mid,Strong Faroese performance lifts operational EBIT - improved market outlook,0.00947819074150047,-0.004829681557058597,0.051619023476161485,0.08470642507752027
BAKKA.OL,2026-08-31 06:00,2026-08-31,pre-open,10,09:05,-0.07241089995753051,-1,mid,Strong Faroese performance lifts operational EBIT - improved market outlook,0.01229552511998976,-0.0020123471785690556,0.05443635785465079,0.08470642507752027
BAKKA.OL,2026-08-31 06:00,2026-08-31,pre-open,15,09:10,-0.07061252930026511,-1,mid,Strong Faroese performance lifts operational EBIT - improved market outlook,0.014093895777255203,-0.00021397652130370273,0.056234728511916195,0.08470642507752027
BAKKA.OL,2026-08-31 06:00,2026-08-31,pre-open,30,09:25,-0.07065342000592235,-1,mid,Strong Faroese performance lifts operational EBIT - improved market outlook,0.014053005071597973,-0.0002548672269610411,0.05619383780625896,0.08470642507752027
BAKKA.OL,2026-08-31 06:00,2026-08-31,pre-open,60,09:55,-0.07334961172235048,-1,mid,Strong Faroese performance lifts operational EBIT - improved market outlook,0.01135681335516987,-0.0029510589433890356,0.05349764608983084,0.08470642507752027
TRMED.OL,2026-09-03 23:17,2026-09-04,after-close,10,09:05,-0.11895198465621143,-1,small,Thor Medical ASA: Private Placement and Retail Offering Successfully Completed,0.00015656440143880374,0.011357848343573076,0.04667847467156458,0.1191085490576503
TRMED.OL,2026-09-03 23:17,2026-09-04,after-close,15,09:10,-0.11906610238445493,-1,small,Thor Medical ASA: Private Placement and Retail Offering Successfully Completed,4.244667319521986e-05,0.0112437306153295,0.04656435694332118,0.1191085490576503
TRMED.OL,2026-09-03 23:17,2026-09-04,after-close,30,09:25,-0.1129402552351426,-1,small,Thor Medical ASA: Private Placement and Retail Offering Successfully Completed,0.006168293822507692,0.017369577764641937,0.052690204092633454,0.1191085490576503
TRMED.OL,2026-09-03 23:17,2026-09-04,after-close,60,09:55,-0.09299308699291738,-1,small,Thor Medical ASA: Private Placement and Retail Offering Successfully Completed,0.026115462064732888,0.03731674600686707,0.07263737233485867,0.1191085490576503
TRMED.OL,2026-09-03 16:30,2026-09-04,after-close,10,09:05,-0.11895198465621143,-1,small,Thor Medical ASA: Contemplated Private Placement and Retail Offering,0.00015656440143880374,0.011357848343573076,0.04667847467156458,0.1191085490576503
TRMED.OL,2026-09-03 16:30,2026-09-04,after-close,15,09:10,-0.11906610238445493,-1,small,Thor Medical ASA: Contemplated Private Placement and Retail Offering,4.244667319521986e-05,0.0112437306153295,0.04656435694332118,0.1191085490576503
TRMED.OL,2026-09-03 16:30,2026-09-04,after-close,30,09:25,-0.1129402552351426,-1,small,Thor Medical ASA: Contemplated Private Placement and Retail Offering,0.006168293822507692,0.017369577764641937,0.052690204092633454,0.1191085490576503
TRMED.OL,2026-09-03 16:30,2026-09-04,after-close,60,09:55,-0.09299308699291738,-1,small,Thor Medical ASA: Contemplated Private Placement and Retail Offering,0.026115462064732888,0.03731674600686707,0.07263737233485867,0.1191085490576503
GJF.OL,2026-09-03 15:58,2026-09-03,intraday,5,16:00,0.0014066307172370964,1,mid,"GJF, GJF03, GJF05, GJF06, GJF07, GJF08, GJF09: S&P affirms A rating on Gjensidige and outlook remain",0.0013782994315333095,-0.017181412870071352,-0.02188137778704312,0.0027849301487706214
GJF.OL,2026-09-03 15:58,2026-09-03,intraday,10,16:05,0.0018130733370626219,1,mid,"GJF, GJF03, GJF05, GJF06, GJF07, GJF08, GJF09: S&P affirms A rating on Gjensidige and outlook remain",0.0009718568117079995,-0.01758785548989671,-0.022287820406868563,0.0027849301487706214
GJF.OL,2026-09-03 15:58,2026-09-03,intraday,15,16:10,0.0025352911796391276,1,mid,"GJF, GJF03, GJF05, GJF06, GJF07, GJF08, GJF09: S&P affirms A rating on Gjensidige and outlook remain",0.00024963896913149375,-0.018310073332473215,-0.02301003824944507,0.0027849301487706214
PROT.OL,2026-09-03 15:00,2026-09-03,intraday,5,15:05,0.00029595745606612097,1,mid,PROTECTOR FORSIKRING ASA SUCCESSFUL PLACEMENT OF NEW PERPETUAL RESTRICTED TIER 1 BOND ISSUE,0.004554609637234315,-0.010572575913045066,-0.02429125244474687,0.0048505670933005505
PROT.OL,2026-09-03 15:00,2026-09-03,intraday,10,15:10,0.0016511231815085324,1,mid,PROTECTOR FORSIKRING ASA SUCCESSFUL PLACEMENT OF NEW PERPETUAL RESTRICTED TIER 1 BOND ISSUE,0.003199443911791955,-0.011927741638487512,-0.025646418170189218,0.0048505670933005505
PROT.OL,2026-09-03 15:00,2026-09-03,intraday,15,15:15,0.0011012484254047156,1,mid,PROTECTOR FORSIKRING ASA SUCCESSFUL PLACEMENT OF NEW PERPETUAL RESTRICTED TIER 1 BOND ISSUE,0.003749318667895545,-0.01137786688238381,-0.025096543414085452,0.0048505670933005505
PROT.OL,2026-09-03 15:00,2026-09-03,intraday,30,15:30,0.004167654002086516,1,mid,PROTECTOR FORSIKRING ASA SUCCESSFUL PLACEMENT OF NEW PERPETUAL RESTRICTED TIER 1 BOND ISSUE,0.0006829130912139718,-0.014444272459065495,-0.0281629489907672,0.0048505670933005505
PROT.OL,2026-09-03 15:00,2026-09-03,intraday,60,16:00,0.006534118634751261,1,mid,PROTECTOR FORSIKRING ASA SUCCESSFUL PLACEMENT OF NEW PERPETUAL RESTRICTED TIER 1 BOND ISSUE,-0.0016835515414508218,-0.016810737091730255,-0.030529413623431905,0.0048505670933005505
VEI.OL,2026-09-03 10:55,2026-09-03,intraday,5,11:00,-0.0013130586408814648,-1,small,Finansiell kalender,-0.005076018557051162,-0.003206794047691681,0.026569913895004897,-0.003762959916169697
VEI.OL,2026-09-03 10:55,2026-09-03,intraday,10,11:05,-0.0012192442206919174,-1,small,Finansiell kalender,-0.0049822041368616145,-0.0031129796275021337,0.026663728315194445,-0.003762959916169697
VEI.OL,2026-09-03 10:55,2026-09-03,intraday,15,11:10,-0.001542148560721629,-1,small,Finansiell kalender,-0.005305108476891326,-0.0034358839675318453,0.026340823975164733,-0.003762959916169697
VEI.OL,2026-09-03 10:55,2026-09-03,intraday,30,11:25,-0.0013892103063032624,-1,small,Finansiell kalender,-0.0051521702224729595,-0.0032829457131134786,0.0264937622295831,-0.003762959916169697
VEI.OL,2026-09-03 10:55,2026-09-03,intraday,60,11:55,-0.001989959674425751,-1,small,Finansiell kalender,-0.005752919590595448,-0.003883695081235967,0.02589301286146061,-0.003762959916169697
BWE.OL,2026-09-03 09:05,2026-09-03,intraday,5,09:10,0.00035903431204410544,1,small,BW Energy: Issuance of shares following exercise of LTIP options,0.00849147258301709,-0.01613940068046041,0.0380291951703777,0.008850506895061214
BWE.OL,2026-09-03 09:05,2026-09-03,intraday,10,09:15,-0.0011310185674432303,-1,small,BW Energy: Issuance of shares following exercise of LTIP options,-0.009981525462504425,0.014649347800973073,-0.039519248049865036,-0.008850506895061214
BWE.OL,2026-09-03 09:05,2026-09-03,intraday,15,09:20,-0.0012036706316103805,-1,small,BW Energy: Issuance of shares following exercise of LTIP options,-0.010054177526671575,0.014576695736805922,-0.039591900114032186,-0.008850506895061214
BWE.OL,2026-09-03 09:05,2026-09-03,intraday,30,09:35,0.009206844706360753,1,small,BW Energy: Issuance of shares following exercise of LTIP options,-0.0003563378112995397,-0.024987211074777044,0.029181384776060977,0.008850506895061214
BWE.OL,2026-09-03 09:05,2026-09-03,intraday,60,10:05,0.009837024167807393,1,small,BW Energy: Issuance of shares following exercise of LTIP options,-0.000986517272746179,-0.025617390536223684,0.028551205314614338,0.008850506895061214
HAFNI.OL,2026-09-03 08:00,2026-09-03,pre-open,5,09:00,0.03204544720488583,1,mid,HAFNIA LIMITED: Accelerated Vesting under Long-term Incentive Plan,0.002799036465296227,0.014156030585288044,0.017751371933972162,0.03484448367018204
HAFNI.OL,2026-09-03 08:00,2026-09-03,pre-open,10,09:05,0.03644136375118196,1,mid,HAFNIA LIMITED: Accelerated Vesting under Long-term Incentive Plan,-0.001596880080999924,0.009760114038992008,0.013355455387676022,0.03484448367018204
HAFNI.OL,2026-09-03 08:00,2026-09-03,pre-open,15,09:10,0.036037559392416325,1,mid,HAFNIA LIMITED: Accelerated Vesting under Long-term Incentive Plan,-0.0011930757222343926,0.010163918397757626,0.013759259746441727,0.03484448367018204
HAFNI.OL,2026-09-03 08:00,2026-09-03,pre-open,30,09:25,0.031212914873665842,1,mid,HAFNIA LIMITED: Accelerated Vesting under Long-term Incentive Plan,0.003631568796516213,0.01498856291650803,0.01858390426519225,0.03484448367018204
HAFNI.OL,2026-09-03 08:00,2026-09-03,pre-open,60,09:55,0.029031971140822517,1,mid,HAFNIA LIMITED: Accelerated Vesting under Long-term Incentive Plan,0.005812512529359602,0.017169506649351515,0.020764847998035713,0.03484448367018204
ELMRA.OL,2026-09-03 08:00,2026-09-03,pre-open,5,09:00,0.020384524175877744,1,small,Fortum has received clearance of regulatory approvals for the recommended voluntary cash tender offe,-0.0023594107163132224,-0.01112995838180442,-0.010027014636079176,0.01802511345956453
ELMRA.OL,2026-09-03 08:00,2026-09-03,pre-open,10,09:05,0.021765666165032116,1,small,Fortum has received clearance of regulatory approvals for the recommended voluntary cash tender offe,-0.0037405527054675944,-0.012511100370958792,-0.011408156625233548,0.01802511345956453
ELMRA.OL,2026-09-03 08:00,2026-09-03,pre-open,15,09:10,0.022566754765476427,1,small,Fortum has received clearance of regulatory approvals for the recommended voluntary cash tender offe,-0.004541641305911905,-0.013312188971403103,-0.012209245225677859,0.01802511345956453
ELMRA.OL,2026-09-03 08:00,2026-09-03,pre-open,30,09:25,0.01908485482623169,1,small,Fortum has received clearance of regulatory approvals for the recommended voluntary cash tender offe,-0.0010597413666670456,-0.009830289032158351,-0.008727345286432998,0.01802511345956453
ELMRA.OL,2026-09-03 08:00,2026-09-03,pre-open,60,09:55,0.018113082621592846,1,small,Fortum has received clearance of regulatory approvals for the recommended voluntary cash tender offe,-8.79691620282023e-05,-0.008858516827519508,-0.007755573081794155,0.01802511345956453
AGLX.OL,2026-09-02 15:41,2026-09-02,intraday,5,15:45,0.0001689274811441377,1,small,Agilyx ASA: ADRs begin trading today on the USA´s OTCQX market,-0.001176705128893396,-0.03863574116277717,-0.06332514743697518,-0.0010077776477492584
AGLX.OL,2026-09-02 15:41,2026-09-02,intraday,10,15:50,0.0004903519422397029,1,small,Agilyx ASA: ADRs begin trading today on the USA´s OTCQX market,-0.0014981295899889613,-0.03895716562387273,-0.06364657189807074,-0.0010077776477492584
AGLX.OL,2026-09-02 15:41,2026-09-02,intraday,15,15:55,0.00031588822569736386,1,small,Agilyx ASA: ADRs begin trading today on the USA´s OTCQX market,-0.0013236658734466222,-0.038782701907330394,-0.0634721081815284,-0.0010077776477492584
AGLX.OL,2026-09-02 15:41,2026-09-02,intraday,30,16:10,-0.0006323906139263646,-1,small,Agilyx ASA: ADRs begin trading today on the USA´s OTCQX market,0.00037538703382289373,0.037834423067706666,0.06252382934190467,0.0010077776477492584
ODL.OL,2026-09-02 14:38,2026-09-02,intraday,5,14:40,0.007788209677883514,1,small,Odfjell Drilling Ltd – Favourable Administrative Tax Ruling ,-0.007187522656486017,-0.024496321686231403,-0.010184818697944714,0.0006006870213975113
ODL.OL,2026-09-02 14:38,2026-09-02,intraday,10,14:45,0.00756389997218981,1,small,Odfjell Drilling Ltd – Favourable Administrative Tax Ruling ,-0.006963212950792313,-0.0242720119805377,-0.00996050899225101,0.0006006870213975113
ODL.OL,2026-09-02 14:38,2026-09-02,intraday,15,14:50,0.0047359559153357786,1,small,Odfjell Drilling Ltd – Favourable Administrative Tax Ruling ,-0.004135268893938283,-0.02144406792368359,-0.007132564935396913,0.0006006870213975113
ODL.OL,2026-09-02 14:38,2026-09-02,intraday,30,15:05,0.0073898240476337595,1,small,Odfjell Drilling Ltd – Favourable Administrative Tax Ruling ,-0.00678913702623628,-0.024097936055981484,-0.009786433067694921,0.0006006870213975113
ODL.OL,2026-09-02 14:38,2026-09-02,intraday,60,15:35,0.006467880003989996,1,small,Odfjell Drilling Ltd – Favourable Administrative Tax Ruling ,-0.005867192982592517,-0.02317599201233772,-0.008864489024051158,0.0006006870213975113
SUBC.OL,2026-09-02 08:19,2026-09-02,pre-open,5,09:00,0.0019980656544883,1,mid,Subsea7 awarded contract offshore US,-0.03797719857328746,-0.031371770069872996,-0.05341282606875884,-0.03597913291879926
SUBC.OL,2026-09-02 08:19,2026-09-02,pre-open,10,09:05,-0.011409659922489187,-1,mid,Subsea7 awarded contract offshore US,0.024569472996310113,0.01796404449289548,0.040005100491781395,0.03597913291879926
SUBC.OL,2026-09-02 08:19,2026-09-02,pre-open,15,09:10,-0.014791497231987399,-1,mid,Subsea7 awarded contract offshore US,0.021187635686811947,0.014582207183397384,0.036623263182283324,0.03597913291879926
SUBC.OL,2026-09-02 08:19,2026-09-02,pre-open,30,09:25,-0.017381528226224466,-1,mid,Subsea7 awarded contract offshore US,0.018597604692574786,0.01199217618916027,0.034033232188046145,0.03597913291879926
SUBC.OL,2026-09-02 08:19,2026-09-02,pre-open,60,09:55,-0.017198513266406205,-1,mid,Subsea7 awarded contract offshore US,0.018780619652393048,0.012175191148978531,0.034216247147864406,0.03597913291879926
BWLPG.OL,2026-09-02 07:00,2026-09-02,pre-open,10,09:05,-0.04983254446365393,-1,mid,BW LPG SUCCESSFULLY PLACES A USD 300 MILLION OFFERING OF SENIOR UNSECURED CONVERTIBLE BONDS,-0.013074620272645604,-0.04986395361420905,-0.010703316933781622,0.03675792419100823
BWLPG.OL,2026-09-02 07:00,2026-09-02,pre-open,15,09:10,-0.05761676094138396,-1,mid,BW LPG SUCCESSFULLY PLACES A USD 300 MILLION OFFERING OF SENIOR UNSECURED CONVERTIBLE BONDS,-0.020858836750375656,-0.05764817009193905,-0.018487533411511745,0.03675792419100823
BWLPG.OL,2026-09-02 07:00,2026-09-02,pre-open,30,09:25,-0.06285090352543897,-1,mid,BW LPG SUCCESSFULLY PLACES A USD 300 MILLION OFFERING OF SENIOR UNSECURED CONVERTIBLE BONDS,-0.026092979334430794,-0.062882312675994,-0.023721675995566717,0.03675792419100823
BWLPG.OL,2026-09-02 07:00,2026-09-02,pre-open,60,09:55,-0.05614716720091151,-1,mid,BW LPG SUCCESSFULLY PLACES A USD 300 MILLION OFFERING OF SENIOR UNSECURED CONVERTIBLE BONDS,-0.019389243009903384,-0.056178576351466704,-0.01701793967103924,0.03675792419100823
PROT.OL,2026-09-02 07:00,2026-09-02,pre-open,5,09:00,-0.013682617817128512,-1,mid,PROTECTOR FORSIKRING ASA   NEW PERPETUAL RESTRICTED TIER 1 MANDATE ANNOUNCEMENT,-0.009941924165590588,-0.019598907954221586,0.019100683651700846,0.003740693651538016
PROT.OL,2026-09-02 07:00,2026-09-02,pre-open,10,09:05,-0.010623629632196383,-1,mid,PROTECTOR FORSIKRING ASA   NEW PERPETUAL RESTRICTED TIER 1 MANDATE ANNOUNCEMENT,-0.006882935980658393,-0.016539919769289476,0.022159671836632876,0.003740693651538016
PROT.OL,2026-09-02 07:00,2026-09-02,pre-open,15,09:10,-0.011439787907635815,-1,mid,PROTECTOR FORSIKRING ASA   NEW PERPETUAL RESTRICTED TIER 1 MANDATE ANNOUNCEMENT,-0.007699094256097869,-0.01735607804472904,0.02134351356119357,0.003740693651538016
PROT.OL,2026-09-02 07:00,2026-09-02,pre-open,30,09:25,-0.010502981614596535,-1,mid,PROTECTOR FORSIKRING ASA   NEW PERPETUAL RESTRICTED TIER 1 MANDATE ANNOUNCEMENT,-0.006762287963058529,-0.016419271751689772,0.02228031985423276,0.003740693651538016
PROT.OL,2026-09-02 07:00,2026-09-02,pre-open,60,09:55,-0.01459165180870863,-1,mid,PROTECTOR FORSIKRING ASA   NEW PERPETUAL RESTRICTED TIER 1 MANDATE ANNOUNCEMENT,-0.010850958157170479,-0.020507941945801737,0.018191649660120726,0.003740693651538016
SNTIA.OL,2026-09-02 07:00,2026-09-02,pre-open,5,09:00,0.01995231894569772,1,small,"HENT, a subsidiary of Sentia, has signed a contract for the expansion of Nscale's data center in the",-0.004520919898807395,-0.018747817537263317,-0.03146143179681905,0.015431399046890336
SNTIA.OL,2026-09-02 07:00,2026-09-02,pre-open,10,09:05,0.02418841258499955,1,small,"HENT, a subsidiary of Sentia, has signed a contract for the expansion of Nscale's data center in the",-0.00875701353810921,-0.02298391117656513,-0.035697525436120786,0.015431399046890336
SNTIA.OL,2026-09-02 07:00,2026-09-02,pre-open,15,09:10,0.019210721306841438,1,small,"HENT, a subsidiary of Sentia, has signed a contract for the expansion of Nscale's data center in the",-0.003779322259951111,-0.018006219898407033,-0.030719834157962773,0.015431399046890336
SNTIA.OL,2026-09-02 07:00,2026-09-02,pre-open,30,09:25,0.014505005861279821,1,small,"HENT, a subsidiary of Sentia, has signed a contract for the expansion of Nscale's data center in the",0.0009263931856103946,-0.013300504452845547,-0.026014118712401193,0.015431399046890336
SNTIA.OL,2026-09-02 07:00,2026-09-02,pre-open,60,09:55,0.017000125298993394,1,small,"HENT, a subsidiary of Sentia, has signed a contract for the expansion of Nscale's data center in the",-0.001568726252103107,-0.015795623890559003,-0.028509238150114663,0.015431399046890336
SNTIA.OL,2026-09-02 07:00,2026-09-02,pre-open,5,09:00,0.01995231894569772,1,small,"HENT, et selskap i Sentia konsernet, har signert kontrakt for utvidelse av datasenteret til Nscale i",-0.004520919898807395,-0.018747817537263317,-0.03146143179681905,0.015431399046890336
SNTIA.OL,2026-09-02 07:00,2026-09-02,pre-open,10,09:05,0.02418841258499955,1,small,"HENT, et selskap i Sentia konsernet, har signert kontrakt for utvidelse av datasenteret til Nscale i",-0.00875701353810921,-0.02298391117656513,-0.035697525436120786,0.015431399046890336
SNTIA.OL,2026-09-02 07:00,2026-09-02,pre-open,15,09:10,0.019210721306841438,1,small,"HENT, et selskap i Sentia konsernet, har signert kontrakt for utvidelse av datasenteret til Nscale i",-0.003779322259951111,-0.018006219898407033,-0.030719834157962773,0.015431399046890336
SNTIA.OL,2026-09-02 07:00,2026-09-02,pre-open,30,09:25,0.014505005861279821,1,small,"HENT, et selskap i Sentia konsernet, har signert kontrakt for utvidelse av datasenteret til Nscale i",0.0009263931856103946,-0.013300504452845547,-0.026014118712401193,0.015431399046890336
SNTIA.OL,2026-09-02 07:00,2026-09-02,pre-open,60,09:55,0.017000125298993394,1,small,"HENT, et selskap i Sentia konsernet, har signert kontrakt for utvidelse av datasenteret til Nscale i",-0.001568726252103107,-0.015795623890559003,-0.028509238150114663,0.015431399046890336
NAPA.OL,2026-09-01 23:05,2026-09-02,after-close,5,09:00,-0.009393325447092765,-1,small,Napatech A/S: Issue of warrants,0.020953466168544353,0.03600977752989241,-0.03733456229423567,0.030346791615637074
NAPA.OL,2026-09-01 23:05,2026-09-02,after-close,10,09:05,-0.009744413273265562,-1,small,Napatech A/S: Issue of warrants,0.020602378342371556,0.03565868970371961,-0.03768565012040847,0.030346791615637074
NAPA.OL,2026-09-01 23:05,2026-09-02,after-close,15,09:10,-0.010134923085949049,-1,small,Napatech A/S: Issue of warrants,0.02021186852968807,0.035268179891036124,-0.038076159933091956,0.030346791615637074
NAPA.OL,2026-09-01 23:05,2026-09-02,after-close,30,09:25,-0.0030892676047962106,-1,small,Napatech A/S: Issue of warrants,0.027257524010841003,0.042313835372188933,-0.031030504451939132,0.030346791615637074
NAPA.OL,2026-09-01 23:05,2026-09-02,after-close,60,09:55,-0.015027613177322725,-1,small,Napatech A/S: Issue of warrants,0.015319178438314433,0.030375489799662453,-0.04296885002446565,0.030346791615637074
KOG.OL,2026-09-01 21:00,2026-09-02,after-close,5,09:00,0.005751694147283906,1,large,KONGSBERG fullfører oppkjøpet av Sonatech,-0.0015477618560965078,-0.024805430739959146,-0.05738358018906317,0.004203932291187291
KOG.OL,2026-09-01 21:00,2026-09-02,after-close,10,09:05,0.010796530135443553,1,large,KONGSBERG fullfører oppkjøpet av Sonatech,-0.0065925978442561515,-0.029850266728118698,-0.062428416177222855,0.004203932291187291
KOG.OL,2026-09-01 21:00,2026-09-02,after-close,15,09:10,0.0129353239248135,1,large,KONGSBERG fullfører oppkjøpet av Sonatech,-0.008731391633626214,-0.03198906051748889,-0.06456720996659294,0.004203932291187291
KOG.OL,2026-09-01 21:00,2026-09-02,after-close,30,09:25,0.004356200569524722,1,large,KONGSBERG fullfører oppkjøpet av Sonatech,-0.00015226827833723314,-0.023409937162199884,-0.05598808661130397,0.004203932291187291
KOG.OL,2026-09-01 21:00,2026-09-02,after-close,60,09:55,0.00038124434343530345,1,large,KONGSBERG fullfører oppkjøpet av Sonatech,0.003822687947751988,-0.019434980936110617,-0.05201313038521462,0.004203932291187291
KOG.OL,2026-09-01 21:00,2026-09-02,after-close,5,09:00,0.005751694147283906,1,large,KONGSBERG completes Sonatech acquisition,-0.0015477618560965078,-0.024805430739959146,-0.05738358018906317,0.004203932291187291
KOG.OL,2026-09-01 21:00,2026-09-02,after-close,10,09:05,0.010796530135443553,1,large,KONGSBERG completes Sonatech acquisition,-0.0065925978442561515,-0.029850266728118698,-0.062428416177222855,0.004203932291187291
KOG.OL,2026-09-01 21:00,2026-09-02,after-close,15,09:10,0.0129353239248135,1,large,KONGSBERG completes Sonatech acquisition,-0.008731391633626214,-0.03198906051748889,-0.06456720996659294,0.004203932291187291
KOG.OL,2026-09-01 21:00,2026-09-02,after-close,30,09:25,0.004356200569524722,1,large,KONGSBERG completes Sonatech acquisition,-0.00015226827833723314,-0.023409937162199884,-0.05598808661130397,0.004203932291187291
KOG.OL,2026-09-01 21:00,2026-09-02,after-close,60,09:55,0.00038124434343530345,1,large,KONGSBERG completes Sonatech acquisition,0.003822687947751988,-0.019434980936110617,-0.05201313038521462,0.004203932291187291
BWLPG.OL,2026-09-01 16:45,2026-09-02,after-close,10,09:05,-0.04983254446365393,-1,mid,BW LPG Launches Approximately USD 300 Million Senior Unsecured Convertible Bond Offering,-0.013074620272645604,-0.04986395361420905,-0.010703316933781622,0.03675792419100823
BWLPG.OL,2026-09-01 16:45,2026-09-02,after-close,15,09:10,-0.05761676094138396,-1,mid,BW LPG Launches Approximately USD 300 Million Senior Unsecured Convertible Bond Offering,-0.020858836750375656,-0.05764817009193905,-0.018487533411511745,0.03675792419100823
BWLPG.OL,2026-09-01 16:45,2026-09-02,after-close,30,09:25,-0.06285090352543897,-1,mid,BW LPG Launches Approximately USD 300 Million Senior Unsecured Convertible Bond Offering,-0.026092979334430794,-0.062882312675994,-0.023721675995566717,0.03675792419100823
BWLPG.OL,2026-09-01 16:45,2026-09-02,after-close,60,09:55,-0.05614716720091151,-1,mid,BW LPG Launches Approximately USD 300 Million Senior Unsecured Convertible Bond Offering,-0.019389243009903384,-0.056178576351466704,-0.01701793967103924,0.03675792419100823
KIT.OL,2026-09-01 16:00,2026-09-01,intraday,5,16:05,0.007009015276014928,1,mid,Kitron investerer i ny dansk fabrikk i Horsens,-0.0063982725424554885,0.006641645318962517,0.03696525459624063,0.0006107427335593496
KIT.OL,2026-09-01 16:00,2026-09-01,intraday,10,16:10,0.002131861604130145,1,mid,Kitron investerer i ny dansk fabrikk i Horsens,-0.001521118870570767,0.011518798990847326,0.0418424082681254,0.0006107427335593496
KIT.OL,2026-09-01 16:00,2026-09-01,intraday,15,16:15,0.0006107427335593496,1,mid,Kitron investerer i ny dansk fabrikk i Horsens,0.0,0.013039917861418162,0.04336352713869621,0.0006107427335593496
KIT.OL,2026-09-01 16:00,2026-09-01,intraday,5,16:05,0.007009015276014928,1,mid,"Kitron to invest in a new factory in Horsens, Denmark",-0.0063982725424554885,0.006641645318962517,0.03696525459624063,0.0006107427335593496
KIT.OL,2026-09-01 16:00,2026-09-01,intraday,10,16:10,0.002131861604130145,1,mid,"Kitron to invest in a new factory in Horsens, Denmark",-0.001521118870570767,0.011518798990847326,0.0418424082681254,0.0006107427335593496
KIT.OL,2026-09-01 16:00,2026-09-01,intraday,15,16:15,0.0006107427335593496,1,mid,"Kitron to invest in a new factory in Horsens, Denmark",0.0,0.013039917861418162,0.04336352713869621,0.0006107427335593496
BOUV.OL,2026-09-01 14:05,2026-09-01,intraday,5,14:10,-0.003337711043831207,-1,small,Finansiell kalender,-0.0017352494148006568,0.019472250987162508,0.054230981311982535,0.0016024616290305216
BOUV.OL,2026-09-01 14:05,2026-09-01,intraday,10,14:15,-0.003870310917062994,-1,small,Finansiell kalender,-0.002267849288032444,0.01893965111393072,0.05369838143875075,0.0016024616290305216
BOUV.OL,2026-09-01 14:05,2026-09-01,intraday,15,14:20,-0.003914855898325517,-1,small,Finansiell kalender,-0.002312394269294967,0.018895106132668198,0.053653836457488224,0.0016024616290305216
BOUV.OL,2026-09-01 14:05,2026-09-01,intraday,30,14:35,-0.002793285543941898,-1,small,Finansiell kalender,-0.0011908239149113764,0.02001667648705169,0.054775406811871735,0.0016024616290305216
BOUV.OL,2026-09-01 14:05,2026-09-01,intraday,60,15:05,-0.0014128142756163749,-1,small,Finansiell kalender,0.0001896473534141593,0.021397147755377256,0.05615587808019733,0.0016024616290305216
SPOL.OL,2026-09-01 10:11,2026-09-01,intraday,5,10:15,0.008943064261393097,1,small,Finansiell kalender,0.0081356989697791,0.017690276594929347,0.009793982801360217,0.017078763231172404
SPOL.OL,2026-09-01 10:11,2026-09-01,intraday,10,10:20,0.009347889773685747,1,small,Finansiell kalender,0.007730873457486449,0.017285451082636696,0.009389157289067567,0.017078763231172404
SPOL.OL,2026-09-01 10:11,2026-09-01,intraday,15,10:25,0.010467580130781496,1,small,Finansiell kalender,0.006611183100390701,0.016165760725540948,0.008269466931971819,0.017078763231172404
SPOL.OL,2026-09-01 10:11,2026-09-01,intraday,30,10:40,0.013207090866293195,1,small,Finansiell kalender,0.003871672364879168,0.013426249990029275,0.005529956196460059,0.017078763231172404
SPOL.OL,2026-09-01 10:11,2026-09-01,intraday,60,11:10,0.011757585621379373,1,small,Finansiell kalender,0.00532117760979294,0.014875755234943097,0.006979461441374103,0.017078763231172404
PLSV.OL,2026-09-01 09:45,2026-09-01,intraday,5,09:50,-0.002399055445958978,-1,small,Paratus Energy Services Ltd. - Call notice Senior Secured Bonds due 2029,-0.004583133376916288,-0.0071862969887412035,0.059876292793355365,-0.0021840779309572067
PLSV.OL,2026-09-01 09:45,2026-09-01,intraday,10,09:55,-0.002586695749443732,-1,small,Paratus Energy Services Ltd. - Call notice Senior Secured Bonds due 2029,-0.004770773680401042,-0.0073739372922259575,0.05968865248987061,-0.0021840779309572067
PLSV.OL,2026-09-01 09:45,2026-09-01,intraday,15,10:00,-0.0023102932412965875,-1,small,Paratus Energy Services Ltd. - Call notice Senior Secured Bonds due 2029,-0.004494371172253897,-0.007097534784078813,0.059965054998017756,-0.0021840779309572067
PLSV.OL,2026-09-01 09:45,2026-09-01,intraday,30,10:15,-0.004171923888485332,-1,small,Paratus Energy Services Ltd. - Call notice Senior Secured Bonds due 2029,-0.006356001819442527,-0.008959165431267443,0.058103424350829116,-0.0021840779309572067
PLSV.OL,2026-09-01 09:45,2026-09-01,intraday,60,10:45,-0.0018034571514404883,-1,small,Paratus Energy Services Ltd. - Call notice Senior Secured Bonds due 2029,-0.003987535082397664,-0.0065906986942225795,0.060471891087874,-0.0021840779309572067
PLSV.OL,2026-09-01 09:45,2026-09-01,intraday,5,09:45,-0.004317924703685358,-1,small,Paratus Energy Services Ltd. – Call notice Senior Secured Bonds due 2029,-0.00650200263464255,-0.009105166246467466,0.05795742353562912,-0.0021840779309572067
PLSV.OL,2026-09-01 09:45,2026-09-01,intraday,10,09:50,-0.002399055445958978,-1,small,Paratus Energy Services Ltd. – Call notice Senior Secured Bonds due 2029,-0.004583133376916288,-0.0071862969887412035,0.059876292793355365,-0.0021840779309572067
PLSV.OL,2026-09-01 09:45,2026-09-01,intraday,15,09:55,-0.002586695749443732,-1,small,Paratus Energy Services Ltd. – Call notice Senior Secured Bonds due 2029,-0.004770773680401042,-0.0073739372922259575,0.05968865248987061,-0.0021840779309572067
PLSV.OL,2026-09-01 09:45,2026-09-01,intraday,30,10:10,0.0014695612193259266,1,small,Paratus Energy Services Ltd. – Call notice Senior Secured Bonds due 2029,0.0007145167116312801,0.003317680323456196,-0.06374490945864039,0.0021840779309572067
PLSV.OL,2026-09-01 09:45,2026-09-01,intraday,60,10:40,-0.0045598066810344975,-1,small,Paratus Energy Services Ltd. – Call notice Senior Secured Bonds due 2029,-0.006743884611991682,-0.009347048223816597,0.05771554155827988,-0.0021840779309572067
AKSO.OL,2026-09-01 08:32,2026-09-01,pre-open,5,09:00,0.004086084586806777,1,small,Aker Solutions ASA: Paal Eikeseth appointed new CEO of Aker Solutions,-0.010034296194185591,-0.024388704172771905,-0.03761036625283775,-0.005948211607378823
AKSO.OL,2026-09-01 08:32,2026-09-01,pre-open,10,09:05,0.004349261891201706,1,small,Aker Solutions ASA: Paal Eikeseth appointed new CEO of Aker Solutions,-0.01029747349858052,-0.024651881477166834,-0.03787354355723268,-0.005948211607378823
AKSO.OL,2026-09-01 08:32,2026-09-01,pre-open,15,09:10,0.004941323216538989,1,small,Aker Solutions ASA: Paal Eikeseth appointed new CEO of Aker Solutions,-0.01088953482391785,-0.025243942802504256,-0.03846560488256999,-0.005948211607378823
AKSO.OL,2026-09-01 08:32,2026-09-01,pre-open,30,09:25,1.322587851298844e-05,1,small,Aker Solutions ASA: Paal Eikeseth appointed new CEO of Aker Solutions,-0.005961437485891827,-0.020315845464478153,-0.03353750754454393,-0.005948211607378823
AKSO.OL,2026-09-01 08:32,2026-09-01,pre-open,60,09:55,-0.0036239102766067004,-1,small,Aker Solutions ASA: Paal Eikeseth appointed new CEO of Aker Solutions,0.002324301330772203,0.01667870930935852,0.029900371389424255,0.005948211607378823
CAPT.OL,2026-09-01 08:00,2026-09-01,pre-open,5,09:00,-0.026723848874611055,-1,small,Capital Tankers Corp.   Board of Directors declares dividend of NOK 3.00 per share,0.00013834290747451357,-0.03016885590189508,-0.09199167737032198,0.02686219178208557
CAPT.OL,2026-09-01 08:00,2026-09-01,pre-open,10,09:05,-0.024037324368524376,-1,small,Capital Tankers Corp.   Board of Directors declares dividend of NOK 3.00 per share,0.002824867413561156,-0.027482331395808326,-0.08930515286423515,0.02686219178208557
CAPT.OL,2026-09-01 08:00,2026-09-01,pre-open,15,09:10,-0.022984741310399015,-1,small,Capital Tankers Corp.   Board of Directors declares dividend of NOK 3.00 per share,0.0038774504716865173,-0.026429748337682964,-0.08825256980610979,0.02686219178208557
CAPT.OL,2026-09-01 08:00,2026-09-01,pre-open,30,09:25,-0.011433466597401104,-1,small,Capital Tankers Corp.   Board of Directors declares dividend of NOK 3.00 per share,0.015428725184684394,-0.014878473624685142,-0.07670129509311206,0.02686219178208557
CAPT.OL,2026-09-01 08:00,2026-09-01,pre-open,60,09:55,-0.004957367223310007,-1,small,Capital Tankers Corp.   Board of Directors declares dividend of NOK 3.00 per share,0.021904824558775446,-0.008402374250594154,-0.070225195719021,0.02686219178208557
DNO.OL,2026-09-01 08:00,2026-09-01,pre-open,5,09:00,0.015215026477204338,1,mid,Recommended Cash Acquisition of Capricorn Energy plc,-0.006130257803674792,0.0156779071802641,0.010190035193681446,0.009084768673529487
DNO.OL,2026-09-01 08:00,2026-09-01,pre-open,10,09:05,0.017121627129158233,1,mid,Recommended Cash Acquisition of Capricorn Energy plc,-0.008036858455628616,0.01377130652831023,0.008283434541727424,0.009084768673529487
DNO.OL,2026-09-01 08:00,2026-09-01,pre-open,15,09:10,0.013785836631873128,1,mid,Recommended Cash Acquisition of Capricorn Energy plc,-0.004701067958343527,0.017107097025595416,0.011619225039012589,0.009084768673529487
DNO.OL,2026-09-01 08:00,2026-09-01,pre-open,30,09:25,0.005656892156867065,1,mid,Recommended Cash Acquisition of Capricorn Energy plc,0.003427876516662481,0.025236041500601592,0.019748169514018844,0.009084768673529487
DNO.OL,2026-09-01 08:00,2026-09-01,pre-open,60,09:55,-0.0020605420614054687,-1,mid,Recommended Cash Acquisition of Capricorn Energy plc,-0.011145310734935054,-0.032953475718874074,-0.027465603732291073,-0.009084768673529487
ABG.OL,2026-09-01 08:00,2026-09-01,pre-open,5,09:00,0.0022103541676420785,1,small,Kristian B. Fyksen appointed interim CEO of ABG Sundal Collier,-0.0010789904328971315,0.0015241731789277842,-0.023901569959862125,0.0011313637347448472
ABG.OL,2026-09-01 08:00,2026-09-01,pre-open,10,09:05,0.0024735314720370077,1,small,Kristian B. Fyksen appointed interim CEO of ABG Sundal Collier,-0.0013421677372920608,0.001260995874532855,-0.024164747264257054,0.0011313637347448472
ABG.OL,2026-09-01 08:00,2026-09-01,pre-open,15,09:10,0.003526114530162369,1,small,Kristian B. Fyksen appointed interim CEO of ABG Sundal Collier,-0.002394750795417422,0.00020841281640749353,-0.025217330322382416,0.0011313637347448472
ABG.OL,2026-09-01 08:00,2026-09-01,pre-open,30,09:25,-0.0017424356554714944,-1,small,Kristian B. Fyksen appointed interim CEO of ABG Sundal Collier,-0.0028737993902163417,-0.005476963002041257,0.01994878013674859,-0.0011313637347448472
ABG.OL,2026-09-01 08:00,2026-09-01,pre-open,60,09:55,-0.0043900834913298565,-1,small,Kristian B. Fyksen appointed interim CEO of ABG Sundal Collier,-0.005521447226074663,-0.008124610837899579,0.01730113230089026,-0.0011313637347448472
GJF.OL,2026-09-01 08:00,2026-09-01,pre-open,5,09:00,-0.001249445837354674,-1,mid,Gjensidige appoints Berit Nilsen as Head of Investor Relations,-0.0008187010351561955,0.002949795114542986,0.028344216318739752,0.00043074480219853096
GJF.OL,2026-09-01 08:00,2026-09-01,pre-open,10,09:05,-0.0023937068398138866,-1,mid,Gjensidige appoints Berit Nilsen as Head of Investor Relations,-0.0019629620376153435,0.0018055341120837547,0.027199955316280486,0.00043074480219853096
GJF.OL,2026-09-01 08:00,2026-09-01,pre-open,15,09:10,-0.0013411237816885252,-1,mid,Gjensidige appoints Berit Nilsen as Head of Investor Relations,-0.0009103789794899821,0.002858117170209116,0.028252538374405847,0.00043074480219853096
GJF.OL,2026-09-01 08:00,2026-09-01,pre-open,30,09:25,-0.0018941281990960583,-1,mid,Gjensidige appoints Berit Nilsen as Head of Investor Relations,-0.0014633833968974793,0.0023051127528015978,0.027699533956998302,0.00043074480219853096
GJF.OL,2026-09-01 08:00,2026-09-01,pre-open,60,09:55,-0.0053505194242113715,-1,mid,Gjensidige appoints Berit Nilsen as Head of Investor Relations,-0.004919774622012799,-0.001151278472313639,0.02424314273188305,0.00043074480219853096
CAPT.OL,2026-09-01 07:30,2026-09-01,pre-open,5,09:00,-0.026723848874611055,-1,small,CAPITAL TANKERS CORP. ANNOUNCES SECOND QUARTER 2026 FINANCIAL RESULTS,0.00013834290747451357,-0.03016885590189508,-0.09199167737032198,0.02686219178208557
CAPT.OL,2026-09-01 07:30,2026-09-01,pre-open,10,09:05,-0.024037324368524376,-1,small,CAPITAL TANKERS CORP. ANNOUNCES SECOND QUARTER 2026 FINANCIAL RESULTS,0.002824867413561156,-0.027482331395808326,-0.08930515286423515,0.02686219178208557
CAPT.OL,2026-09-01 07:30,2026-09-01,pre-open,15,09:10,-0.022984741310399015,-1,small,CAPITAL TANKERS CORP. ANNOUNCES SECOND QUARTER 2026 FINANCIAL RESULTS,0.0038774504716865173,-0.026429748337682964,-0.08825256980610979,0.02686219178208557
CAPT.OL,2026-09-01 07:30,2026-09-01,pre-open,30,09:25,-0.011433466597401104,-1,small,CAPITAL TANKERS CORP. ANNOUNCES SECOND QUARTER 2026 FINANCIAL RESULTS,0.015428725184684394,-0.014878473624685142,-0.07670129509311206,0.02686219178208557
CAPT.OL,2026-09-01 07:30,2026-09-01,pre-open,60,09:55,-0.004957367223310007,-1,small,CAPITAL TANKERS CORP. ANNOUNCES SECOND QUARTER 2026 FINANCIAL RESULTS,0.021904824558775446,-0.008402374250594154,-0.070225195719021,0.02686219178208557
DNO.OL,2026-09-04 10:42,2026-09-04,intraday,5,10:45,0.00027367660003123286,1,mid,No Intention to Make an Offer for Genel Energy plc ,-0.0030637747489398797,0.004478140149342499,0.03699508869644438,-0.0027900981489085786
DNO.OL,2026-09-04 10:42,2026-09-04,intraday,10,10:50,-0.000704547106674739,-1,mid,No Intention to Make an Offer for Genel Energy plc ,0.002085551042233908,-0.0054563638560484705,-0.03797331240315035,0.0027900981489085786
DNO.OL,2026-09-04 10:42,2026-09-04,intraday,15,10:55,0.001857171547530834,1,mid,No Intention to Make an Offer for Genel Energy plc ,-0.004647269696439429,0.0028946452018430322,0.03541159374894492,-0.0027900981489085786
DNO.OL,2026-09-04 10:42,2026-09-04,intraday,30,11:10,0.002232664644114769,1,mid,No Intention to Make an Offer for Genel Energy plc ,-0.0050227627930234334,0.002519152105259116,0.035036100652360846,-0.0027900981489085786
DNO.OL,2026-09-04 10:42,2026-09-04,intraday,60,11:40,0.0005207939697188923,1,mid,No Intention to Make an Offer for Genel Energy plc ,-0.003310892118627557,0.0042310227796549926,0.03674797132675672,-0.0027900981489085786
NAS.OL,2026-09-04 08:00,2026-09-04,pre-open,5,09:00,-0.009013440454126366,-1,mid,Norwegian Air Shuttle ASA (NAS) - Traffic Figures for August 2026,-0.010179700478184818,-0.0005391972397232013,0.033254743583996854,-0.0011662600240585005
NAS.OL,2026-09-04 08:00,2026-09-04,pre-open,10,09:05,-0.0094845906627037,-1,mid,Norwegian Air Shuttle ASA (NAS) - Traffic Figures for August 2026,-0.010650850686762102,-0.0010103474483002858,0.032783593375419535,-0.0011662600240585005
NAS.OL,2026-09-04 08:00,2026-09-04,pre-open,15,09:10,-0.007480940153232661,-1,mid,Norwegian Air Shuttle ASA (NAS) - Traffic Figures for August 2026,-0.008647200177291193,0.0009933030611705435,0.03478724388489056,-0.0011662600240585005
NAS.OL,2026-09-04 08:00,2026-09-04,pre-open,30,09:25,-0.01017905854857308,-1,mid,Norwegian Air Shuttle ASA (NAS) - Traffic Figures for August 2026,-0.011345318572631595,-0.0017048153341697805,0.03208912548955008,-0.0011662600240585005
NAS.OL,2026-09-04 08:00,2026-09-04,pre-open,60,09:55,0.005007755838391543,1,mid,Norwegian Air Shuttle ASA (NAS) - Traffic Figures for August 2026,-0.003841495814333312,-0.013481999052794914,-0.04727593987651488,0.0011662600240585005
ORK.OL,2026-09-09 20:25,2026-09-10,after-close,5,09:00,-0.0031699051960987577,-1,mid,"Orkla ASA   salg fra egenbeholdning i ORK89 (ISIN NO0012862772, 2023-2028)",-0.011831383603452844,0.00366423513513479,0.024697657082217245,-0.00866147840735407
ORK.OL,2026-09-09 20:25,2026-09-10,after-close,10,09:05,-0.004238193914726874,-1,mid,"Orkla ASA   salg fra egenbeholdning i ORK89 (ISIN NO0012862772, 2023-2028)",-0.012899672322080884,0.002595946416506849,0.023629368363589188,-0.00866147840735407
ORK.OL,2026-09-09 20:25,2026-09-10,after-close,15,09:10,-0.005180725334761266,-1,mid,"Orkla ASA   salg fra egenbeholdning i ORK89 (ISIN NO0012862772, 2023-2028)",-0.013842203742115276,0.0016534149964724564,0.022686836943554795,-0.00866147840735407
ORK.OL,2026-09-09 20:25,2026-09-10,after-close,30,09:25,-0.003378128653488891,-1,mid,"Orkla ASA   salg fra egenbeholdning i ORK89 (ISIN NO0012862772, 2023-2028)",-0.012039607060842977,0.003456011677744657,0.02448943362482711,-0.00866147840735407
ORK.OL,2026-09-09 20:25,2026-09-10,after-close,60,09:55,-0.007008537928419401,-1,mid,"Orkla ASA   salg fra egenbeholdning i ORK89 (ISIN NO0012862772, 2023-2028)",-0.01567001633577341,-0.00017439759718567826,0.02085902434989666,-0.00866147840735407
ORK.OL,2026-09-09 20:25,2026-09-10,after-close,5,09:00,-0.0031699051960987577,-1,mid,"Orkla ASA   sale from own account in ORK89 (ISIN NO0012862772, 2023-2028)",-0.011831383603452844,0.00366423513513479,0.024697657082217245,-0.00866147840735407
ORK.OL,2026-09-09 20:25,2026-09-10,after-close,10,09:05,-0.004238193914726874,-1,mid,"Orkla ASA   sale from own account in ORK89 (ISIN NO0012862772, 2023-2028)",-0.012899672322080884,0.002595946416506849,0.023629368363589188,-0.00866147840735407
ORK.OL,2026-09-09 20:25,2026-09-10,after-close,15,09:10,-0.005180725334761266,-1,mid,"Orkla ASA   sale from own account in ORK89 (ISIN NO0012862772, 2023-2028)",-0.013842203742115276,0.0016534149964724564,0.022686836943554795,-0.00866147840735407
ORK.OL,2026-09-09 20:25,2026-09-10,after-close,30,09:25,-0.003378128653488891,-1,mid,"Orkla ASA   sale from own account in ORK89 (ISIN NO0012862772, 2023-2028)",-0.012039607060842977,0.003456011677744657,0.02448943362482711,-0.00866147840735407
ORK.OL,2026-09-09 20:25,2026-09-10,after-close,60,09:55,-0.007008537928419401,-1,mid,"Orkla ASA   sale from own account in ORK89 (ISIN NO0012862772, 2023-2028)",-0.01567001633577341,-0.00017439759718567826,0.02085902434989666,-0.00866147840735407
NYKD.OL,2026-09-09 14:59,2026-09-09,intraday,5,15:00,-0.0006629899043557042,-1,small,Nykode Therapeutics to Present at the H.C. Wainwright 28th Annual Global Investment Conference,-0.03583673392000061,-0.0004884622978897522,0.047106104957717485,-0.03517374401564491
NYKD.OL,2026-09-09 14:59,2026-09-09,intraday,10,15:05,-0.00037270669279548807,-1,small,Nykode Therapeutics to Present at the H.C. Wainwright 28th Annual Global Investment Conference,-0.0355464507084404,-0.00019817908632953612,0.0473963881692777,-0.03517374401564491
NYKD.OL,2026-09-09 14:59,2026-09-09,intraday,15,15:10,0.0032784766086371804,1,small,Nykode Therapeutics to Present at the H.C. Wainwright 28th Annual Global Investment Conference,0.03189526740700781,-0.003453004215103077,-0.05104757147071027,0.03517374401564491
NYKD.OL,2026-09-09 14:59,2026-09-09,intraday,30,15:25,0.0001886414216258651,1,small,Nykode Therapeutics to Present at the H.C. Wainwright 28th Annual Global Investment Conference,0.03498510259401912,-0.00036316902809184395,-0.047957736283699044,0.03517374401564491
NYKD.OL,2026-09-09 14:59,2026-09-09,intraday,60,15:55,0.020519415010017753,1,small,Nykode Therapeutics to Present at the H.C. Wainwright 28th Annual Global Investment Conference,0.014654329005627144,-0.020693942616483666,-0.06828850987209083,0.03517374401564491
LSG.OL,2026-09-08 15:33,2026-09-08,intraday,5,15:35,0.004104064869864669,1,small,Lerøy Seafood Group ASA - Vellykket plassering av nytt grønt obligasjonslån,0.002090015441054943,0.01002297793309438,-0.03183782058460122,0.006194080310919612
LSG.OL,2026-09-08 15:33,2026-09-08,intraday,10,15:40,0.0038877443827266523,1,small,Lerøy Seafood Group ASA - Vellykket plassering av nytt grønt obligasjonslån,0.0023063359281929596,0.010239298420232397,-0.0316215000974632,0.006194080310919612
LSG.OL,2026-09-08 15:33,2026-09-08,intraday,15,15:45,0.001956293532140291,1,small,Lerøy Seafood Group ASA - Vellykket plassering av nytt grønt obligasjonslån,0.004237786778779398,0.012170749270818827,-0.029690049246876737,0.006194080310919612
LSG.OL,2026-09-08 15:33,2026-09-08,intraday,30,16:00,0.0026672405591930295,1,small,Lerøy Seafood Group ASA - Vellykket plassering av nytt grønt obligasjonslån,0.0035268397517266596,0.011459802243766089,-0.030400996273929476,0.006194080310919612
LSG.OL,2026-09-08 15:33,2026-09-08,intraday,5,15:35,0.004104064869864669,1,small,Lerøy Seafood Group ASA - Successful placement of new NOK green bond,0.002090015441054943,0.01002297793309438,-0.03183782058460122,0.006194080310919612
LSG.OL,2026-09-08 15:33,2026-09-08,intraday,10,15:40,0.0038877443827266523,1,small,Lerøy Seafood Group ASA - Successful placement of new NOK green bond,0.0023063359281929596,0.010239298420232397,-0.0316215000974632,0.006194080310919612
LSG.OL,2026-09-08 15:33,2026-09-08,intraday,15,15:45,0.001956293532140291,1,small,Lerøy Seafood Group ASA - Successful placement of new NOK green bond,0.004237786778779398,0.012170749270818827,-0.029690049246876737,0.006194080310919612
LSG.OL,2026-09-08 15:33,2026-09-08,intraday,30,16:00,0.0026672405591930295,1,small,Lerøy Seafood Group ASA - Successful placement of new NOK green bond,0.0035268397517266596,0.011459802243766089,-0.030400996273929476,0.006194080310919612
LSG.OL,2026-09-08 08:00,2026-09-08,pre-open,5,09:00,0.001165292081167163,1,small,Lerøy Seafood Group ASA - Mandatannonsering for nye grønne obligasjonslån,0.010266391616723025,0.01819935410876233,-0.023661444408933197,0.011431683697890247
LSG.OL,2026-09-08 08:00,2026-09-08,pre-open,10,09:05,0.00014129427246797324,1,small,Lerøy Seafood Group ASA - Mandatannonsering for nye grønne obligasjonslån,0.011290389425422214,0.01922335191746152,-0.022637446600234007,0.011431683697890247
LSG.OL,2026-09-08 08:00,2026-09-08,pre-open,15,09:10,0.0010477299102927473,1,small,Lerøy Seafood Group ASA - Mandatannonsering for nye grønne obligasjonslån,0.01038395378759751,0.018316916279636768,-0.023543882238058728,0.011431683697890247
LSG.OL,2026-09-08 08:00,2026-09-08,pre-open,30,09:25,0.00350698470483356,1,small,Lerøy Seafood Group ASA - Mandatannonsering for nye grønne obligasjonslån,0.007924698993056454,0.015857661485095896,-0.026003137032599637,0.011431683697890247
LSG.OL,2026-09-08 08:00,2026-09-08,pre-open,60,09:55,0.006283732933720428,1,small,Lerøy Seafood Group ASA - Mandatannonsering for nye grønne obligasjonslån,0.005147950764169866,0.013080913256209265,-0.02877988526148643,0.011431683697890247
LSG.OL,2026-09-08 08:00,2026-09-08,pre-open,5,09:00,0.001165292081167163,1,small,Lerøy Seafood Group ASA - Green bond mandate announcement ,0.010266391616723025,0.01819935410876233,-0.023661444408933197,0.011431683697890247
LSG.OL,2026-09-08 08:00,2026-09-08,pre-open,10,09:05,0.00014129427246797324,1,small,Lerøy Seafood Group ASA - Green bond mandate announcement ,0.011290389425422214,0.01922335191746152,-0.022637446600234007,0.011431683697890247
LSG.OL,2026-09-08 08:00,2026-09-08,pre-open,15,09:10,0.0010477299102927473,1,small,Lerøy Seafood Group ASA - Green bond mandate announcement ,0.01038395378759751,0.018316916279636768,-0.023543882238058728,0.011431683697890247
LSG.OL,2026-09-08 08:00,2026-09-08,pre-open,30,09:25,0.00350698470483356,1,small,Lerøy Seafood Group ASA - Green bond mandate announcement ,0.007924698993056454,0.015857661485095896,-0.026003137032599637,0.011431683697890247
LSG.OL,2026-09-08 08:00,2026-09-08,pre-open,60,09:55,0.006283732933720428,1,small,Lerøy Seafood Group ASA - Green bond mandate announcement ,0.005147950764169866,0.013080913256209265,-0.02877988526148643,0.011431683697890247
BNOR.OL,2026-09-08 07:00,2026-09-08,pre-open,5,09:00,0.006815426218372715,1,mid,BlueNord: Preliminary Production Figures for August 2026,0.011685325656998912,0.033833935000428944,0.06103491659331874,0.01850075187537159
BNOR.OL,2026-09-08 07:00,2026-09-08,pre-open,10,09:05,0.011068485510517218,1,mid,BlueNord: Preliminary Production Figures for August 2026,0.007432266364854243,0.02958087570828446,0.05678185730117413,0.01850075187537159
BNOR.OL,2026-09-08 07:00,2026-09-08,pre-open,15,09:10,0.01014681241391956,1,mid,BlueNord: Preliminary Production Figures for August 2026,0.008353939461451902,0.030502548804882117,0.05770353039777179,0.01850075187537159
BNOR.OL,2026-09-08 07:00,2026-09-08,pre-open,30,09:25,0.010781207423389828,1,mid,BlueNord: Preliminary Production Figures for August 2026,0.007719544451981634,0.02986815379541185,0.05706913538830152,0.01850075187537159
BNOR.OL,2026-09-08 07:00,2026-09-08,pre-open,60,09:55,0.01653099656901824,1,mid,BlueNord: Preliminary Production Figures for August 2026,0.001969755306353349,0.02411836464978348,0.051319346242673244,0.01850075187537159
HUNT.OL,2026-09-08 06:58,2026-09-08,pre-open,5,09:00,-0.028936792606280716,-1,small,Hunter Group ASA - Business Update on reduced charter hire from one of the counterparties,-0.0083069333199066,-0.02326598188127724,-0.21194690032247482,0.02062985928637415
HUNT.OL,2026-09-08 06:58,2026-09-08,pre-open,10,09:05,-0.019967820334436663,-1,small,Hunter Group ASA - Business Update on reduced charter hire from one of the counterparties,0.0006620389519375962,-0.01429700960943317,-0.20297792805063064,0.02062985928637415
HUNT.OL,2026-09-08 06:58,2026-09-08,pre-open,15,09:10,-0.018052614782111412,-1,small,Hunter Group ASA - Business Update on reduced charter hire from one of the counterparties,0.002577244504262775,-0.012381804057108125,-0.20106272249830548,0.02062985928637415
HUNT.OL,2026-09-08 06:58,2026-09-08,pre-open,30,09:25,-0.021676527505622455,-1,small,Hunter Group ASA - Business Update on reduced charter hire from one of the counterparties,-0.001046668219248229,-0.016005716780618982,-0.20468663522181643,0.02062985928637415
HUNT.OL,2026-09-08 06:58,2026-09-08,pre-open,60,09:55,-0.03118335008621132,-1,small,Hunter Group ASA - Business Update on reduced charter hire from one of the counterparties,-0.010553490799837213,-0.025512539361207988,-0.21419345780240542,0.02062985928637415
HSHP.OL,2026-09-07 17:30,2026-09-08,after-close,5,09:00,0.014448352702193884,1,small,Himalaya Shipping Ltd. (HSHP)   Approval of issuance of shares,-0.00469933500309048,-0.02926953527454271,-0.013456707364994547,0.009749017699103616
HSHP.OL,2026-09-07 17:30,2026-09-08,after-close,10,09:05,0.012255465514201114,1,small,Himalaya Shipping Ltd. (HSHP)   Approval of issuance of shares,-0.002506447815097652,-0.027076648086549953,-0.011263820177001803,0.009749017699103616
HSHP.OL,2026-09-07 17:30,2026-09-08,after-close,15,09:10,0.011333792417603456,1,small,Himalaya Shipping Ltd. (HSHP)   Approval of issuance of shares,-0.0015847747184999936,-0.026154974989952295,-0.010342147080404145,0.009749017699103616
HSHP.OL,2026-09-07 17:30,2026-09-08,after-close,30,09:25,0.015470853546548057,1,small,Himalaya Shipping Ltd. (HSHP)   Approval of issuance of shares,-0.005721835847444606,-0.030292036118896856,-0.014479208209348716,0.009749017699103616
HSHP.OL,2026-09-07 17:30,2026-09-08,after-close,60,09:55,0.014805034737801117,1,small,Himalaya Shipping Ltd. (HSHP)   Approval of issuance of shares,-0.00505601703869766,-0.02962621731014989,-0.013813389400601795,0.009749017699103616
MORG.OL,2026-09-07 11:11,2026-09-07,intraday,5,11:15,-0.0006853595064823803,-1,small,Sparebanken Møre - Vurderer utstedelse av senior preferred obligasjonslån (MREL tellende),-0.002866869322875846,-0.0018035882107146008,0.0016018564627222334,-0.0021815098163934657
MORG.OL,2026-09-07 11:11,2026-09-07,intraday,10,11:20,-0.00020233090231019935,-1,small,Sparebanken Møre - Vurderer utstedelse av senior preferred obligasjonslån (MREL tellende),-0.002383840718703665,-0.0013205596065424198,0.0020848850668944144,-0.0021815098163934657
MORG.OL,2026-09-07 11:11,2026-09-07,intraday,15,11:25,0.00015603273913392113,1,small,Sparebanken Møre - Vurderer utstedelse av senior preferred obligasjonslån (MREL tellende),0.0020254770772595446,0.0009621959650982993,-0.002443248708338535,0.0021815098163934657
MORG.OL,2026-09-07 11:11,2026-09-07,intraday,30,11:40,-0.0010010001097807571,-1,small,Sparebanken Møre - Vurderer utstedelse av senior preferred obligasjonslån (MREL tellende),-0.003182509926174327,-0.002119228814013039,0.001286215859423851,-0.0021815098163934657
MORG.OL,2026-09-07 11:11,2026-09-07,intraday,60,12:10,-0.00019520686745336246,-1,small,Sparebanken Møre - Vurderer utstedelse av senior preferred obligasjonslån (MREL tellende),-0.002376716683846828,-0.001313435571685583,0.0020920091017512512,-0.0021815098163934657
MORG.OL,2026-09-07 11:10,2026-09-07,intraday,5,11:15,-0.0006853595064823803,-1,small,Sparebanken Møre - Contemplating new senior preferred bond (MREL eligble),-0.002866869322875846,-0.0018035882107146008,0.0016018564627222334,-0.0021815098163934657
MORG.OL,2026-09-07 11:10,2026-09-07,intraday,10,11:20,-0.00020233090231019935,-1,small,Sparebanken Møre - Contemplating new senior preferred bond (MREL eligble),-0.002383840718703665,-0.0013205596065424198,0.0020848850668944144,-0.0021815098163934657
MORG.OL,2026-09-07 11:10,2026-09-07,intraday,15,11:25,0.00015603273913392113,1,small,Sparebanken Møre - Contemplating new senior preferred bond (MREL eligble),0.0020254770772595446,0.0009621959650982993,-0.002443248708338535,0.0021815098163934657
MORG.OL,2026-09-07 11:10,2026-09-07,intraday,30,11:40,-0.0010010001097807571,-1,small,Sparebanken Møre - Contemplating new senior preferred bond (MREL eligble),-0.003182509926174327,-0.002119228814013039,0.001286215859423851,-0.0021815098163934657
MORG.OL,2026-09-07 11:10,2026-09-07,intraday,60,12:10,-0.00019520686745336246,-1,small,Sparebanken Møre - Contemplating new senior preferred bond (MREL eligble),-0.002376716683846828,-0.001313435571685583,0.0020920091017512512,-0.0021815098163934657
MORG.OL,2026-09-07 11:08,2026-09-07,intraday,5,11:10,-0.00038984735082750466,-1,small,Sparebanken Møre - Vurderer utstedelse av senior preferred obligasjonslån (MREL tellende),-0.0025713571672209704,-0.0015080760550597251,0.001897368618377109,-0.0021815098163934657
MORG.OL,2026-09-07 11:08,2026-09-07,intraday,10,11:15,-0.0006853595064823803,-1,small,Sparebanken Møre - Vurderer utstedelse av senior preferred obligasjonslån (MREL tellende),-0.002866869322875846,-0.0018035882107146008,0.0016018564627222334,-0.0021815098163934657
MORG.OL,2026-09-07 11:08,2026-09-07,intraday,15,11:20,-0.00020233090231019935,-1,small,Sparebanken Møre - Vurderer utstedelse av senior preferred obligasjonslån (MREL tellende),-0.002383840718703665,-0.0013205596065424198,0.0020848850668944144,-0.0021815098163934657
MORG.OL,2026-09-07 11:08,2026-09-07,intraday,30,11:35,-0.0013541741759109812,-1,small,Sparebanken Møre - Vurderer utstedelse av senior preferred obligasjonslån (MREL tellende),-0.003535683992304551,-0.0024724028801432632,0.0009330417932936269,-0.0021815098163934657
MORG.OL,2026-09-07 11:08,2026-09-07,intraday,60,12:05,-7.404532559540655e-05,-1,small,Sparebanken Møre - Vurderer utstedelse av senior preferred obligasjonslån (MREL tellende),-0.0022555551419888723,-0.001192274029827627,0.002213170643609207,-0.0021815098163934657
MORG.OL,2026-09-07 11:08,2026-09-07,intraday,5,11:10,-0.00038984735082750466,-1,small,Sparebanken Møre - Contemplating new senior preferred bond (MREL eligble),-0.0025713571672209704,-0.0015080760550597251,0.001897368618377109,-0.0021815098163934657
MORG.OL,2026-09-07 11:08,2026-09-07,intraday,10,11:15,-0.0006853595064823803,-1,small,Sparebanken Møre - Contemplating new senior preferred bond (MREL eligble),-0.002866869322875846,-0.0018035882107146008,0.0016018564627222334,-0.0021815098163934657
MORG.OL,2026-09-07 11:08,2026-09-07,intraday,15,11:20,-0.00020233090231019935,-1,small,Sparebanken Møre - Contemplating new senior preferred bond (MREL eligble),-0.002383840718703665,-0.0013205596065424198,0.0020848850668944144,-0.0021815098163934657
MORG.OL,2026-09-07 11:08,2026-09-07,intraday,30,11:35,-0.0013541741759109812,-1,small,Sparebanken Møre - Contemplating new senior preferred bond (MREL eligble),-0.003535683992304551,-0.0024724028801432632,0.0009330417932936269,-0.0021815098163934657
MORG.OL,2026-09-07 11:08,2026-09-07,intraday,60,12:05,-7.404532559540655e-05,-1,small,Sparebanken Møre - Contemplating new senior preferred bond (MREL eligble),-0.0022555551419888723,-0.001192274029827627,0.002213170643609207,-0.0021815098163934657
MPCC.OL,2026-09-07 10:45,2026-09-07,intraday,5,10:50,5.773060785588014e-05,1,mid,Correction: MPC Container Ships Reports Q2 2026 Results,0.000690079514480448,-0.013566214278958402,0.01869821024459095,0.0007478101223362212
MPCC.OL,2026-09-07 10:45,2026-09-07,intraday,10,10:55,-0.00028617476541703546,-1,mid,Correction: MPC Container Ships Reports Q2 2026 Results,-0.0010339848877532567,0.013222308905685577,-0.019042115617863706,-0.0007478101223362212
MPCC.OL,2026-09-07 10:45,2026-09-07,intraday,15,11:00,5.5080676804472595e-05,1,mid,Correction: MPC Container Ships Reports Q2 2026 Results,0.0006927294455317265,-0.013563564347907096,0.018700860175642136,0.0007478101223362212
MPCC.OL,2026-09-07 10:45,2026-09-07,intraday,30,11:15,-0.002075921893356635,-1,mid,Correction: MPC Container Ships Reports Q2 2026 Results,-0.0028237320156929008,0.011432561777745938,-0.020831862745803436,-0.0007478101223362212
MPCC.OL,2026-09-07 10:45,2026-09-07,intraday,60,11:45,-0.0021464177616626816,-1,mid,Correction: MPC Container Ships Reports Q2 2026 Results,-0.0028942278839989488,0.011362065909439936,-0.02090235861410934,-0.0007478101223362212
MULTI.OL,2026-09-07 07:32,2026-09-07,pre-open,5,09:00,0.029716850188875002,1,small,Multiconsult CFO Ove B. Haupberg to step down upon completion of the proposed merger with Rejlers,0.03782128308870347,0.018589009291246298,0.0006428995941788751,0.06753813327757828
MULTI.OL,2026-09-07 07:32,2026-09-07,pre-open,10,09:05,0.024645404640061788,1,small,Multiconsult CFO Ove B. Haupberg to step down upon completion of the proposed merger with Rejlers,0.04289272863751656,0.023660454840059374,0.005714345142991957,0.06753813327757828
MULTI.OL,2026-09-07 07:32,2026-09-07,pre-open,15,09:10,0.029053870585080563,1,small,Multiconsult CFO Ove B. Haupberg to step down upon completion of the proposed merger with Rejlers,0.03848426269249791,0.019251988895040737,0.0013058791979733142,0.06753813327757828
MULTI.OL,2026-09-07 07:32,2026-09-07,pre-open,30,09:25,0.029846315725284553,1,small,Multiconsult CFO Ove B. Haupberg to step down upon completion of the proposed merger with Rejlers,0.03769181755229392,0.018459543754836747,0.0005134340577693242,0.06753813327757828
MULTI.OL,2026-09-07 07:32,2026-09-07,pre-open,60,09:55,0.03271795568885426,1,small,Multiconsult CFO Ove B. Haupberg to step down upon completion of the proposed merger with Rejlers,0.034820177588724216,0.015587903791267042,-0.0023582059058003813,0.06753813327757828
MULTI.OL,2026-09-07 07:30,2026-09-07,pre-open,5,09:00,0.029716850188875002,1,small,Multiconsult and Rejlers to create a leading pan-Nordic multidisciplinary consultancy group through ,0.03782128308870347,0.018589009291246298,0.0006428995941788751,0.06753813327757828
MULTI.OL,2026-09-07 07:30,2026-09-07,pre-open,10,09:05,0.024645404640061788,1,small,Multiconsult and Rejlers to create a leading pan-Nordic multidisciplinary consultancy group through ,0.04289272863751656,0.023660454840059374,0.005714345142991957,0.06753813327757828
MULTI.OL,2026-09-07 07:30,2026-09-07,pre-open,15,09:10,0.029053870585080563,1,small,Multiconsult and Rejlers to create a leading pan-Nordic multidisciplinary consultancy group through ,0.03848426269249791,0.019251988895040737,0.0013058791979733142,0.06753813327757828
MULTI.OL,2026-09-07 07:30,2026-09-07,pre-open,30,09:25,0.029846315725284553,1,small,Multiconsult and Rejlers to create a leading pan-Nordic multidisciplinary consultancy group through ,0.03769181755229392,0.018459543754836747,0.0005134340577693242,0.06753813327757828
MULTI.OL,2026-09-07 07:30,2026-09-07,pre-open,60,09:55,0.03271795568885426,1,small,Multiconsult and Rejlers to create a leading pan-Nordic multidisciplinary consultancy group through ,0.034820177588724216,0.015587903791267042,-0.0023582059058003813,0.06753813327757828
MULTI.OL,2026-09-07 07:30,2026-09-07,pre-open,5,09:00,0.029716850188875002,1,small,Kristin O. Augestad appointed interim CEO of Multiconsult,0.03782128308870347,0.018589009291246298,0.0006428995941788751,0.06753813327757828
MULTI.OL,2026-09-07 07:30,2026-09-07,pre-open,10,09:05,0.024645404640061788,1,small,Kristin O. Augestad appointed interim CEO of Multiconsult,0.04289272863751656,0.023660454840059374,0.005714345142991957,0.06753813327757828
MULTI.OL,2026-09-07 07:30,2026-09-07,pre-open,15,09:10,0.029053870585080563,1,small,Kristin O. Augestad appointed interim CEO of Multiconsult,0.03848426269249791,0.019251988895040737,0.0013058791979733142,0.06753813327757828
MULTI.OL,2026-09-07 07:30,2026-09-07,pre-open,30,09:25,0.029846315725284553,1,small,Kristin O. Augestad appointed interim CEO of Multiconsult,0.03769181755229392,0.018459543754836747,0.0005134340577693242,0.06753813327757828
MULTI.OL,2026-09-07 07:30,2026-09-07,pre-open,60,09:55,0.03271795568885426,1,small,Kristin O. Augestad appointed interim CEO of Multiconsult,0.034820177588724216,0.015587903791267042,-0.0023582059058003813,0.06753813327757828
FRO.OL,2026-09-11 22:30,2026-09-14,after-close,5,09:00,0.015444408460005946,1,large,FRO - Declares special one-time dividend after sale of two VLLCs,0.013726198090901608,0.06101058548569766,0.04130010448671394,0.029170606550907516
FRO.OL,2026-09-11 22:30,2026-09-14,after-close,10,09:05,0.017131557210072316,1,large,FRO - Declares special one-time dividend after sale of two VLLCs,0.012039049340835172,0.059323436735631264,0.03961295573664767,0.029170606550907516
FRO.OL,2026-09-11 22:30,2026-09-14,after-close,15,09:10,0.016012982909412873,1,large,FRO - Declares special one-time dividend after sale of two VLLCs,0.013157623641494606,0.06044201103629063,0.040731530037307034,0.029170606550907516
FRO.OL,2026-09-11 22:30,2026-09-14,after-close,30,09:25,0.017296977169788345,1,large,FRO - Declares special one-time dividend after sale of two VLLCs,0.01187362938111921,0.05915801677591526,0.03944753577693154,0.029170606550907516
FRO.OL,2026-09-11 22:30,2026-09-14,after-close,60,09:55,0.01635516987522943,1,large,FRO - Declares special one-time dividend after sale of two VLLCs,0.012815436675678131,0.06009982407047407,0.04038934307149051,0.029170606550907516
VEI.OL,2026-09-11 14:40,2026-09-11,intraday,5,14:45,0.0019187206216384812,1,small,Veidekke: Bygger boliger på Jarlsø i Tønsberg,-0.003962166770785175,0.00021251153993762052,0.01952515635036285,-0.0020434461491466993
VEI.OL,2026-09-11 14:40,2026-09-11,intraday,10,14:50,0.0016852199009228853,1,small,Veidekke: Bygger boliger på Jarlsø i Tønsberg,-0.0037286660500695794,0.00044601226065321643,0.019758657071078448,-0.0020434461491466993
VEI.OL,2026-09-11 14:40,2026-09-11,intraday,15,14:55,0.0011386884094058748,1,small,Veidekke: Bygger boliger på Jarlsø i Tønsberg,-0.003182134558552569,0.000992543752170227,0.020305188562595458,-0.0020434461491466993
VEI.OL,2026-09-11 14:40,2026-09-11,intraday,30,15:10,0.003933920078400341,1,small,Veidekke: Bygger boliger på Jarlsø i Tønsberg,-0.005977366227547034,-0.001802687916824238,0.017509956893600916,-0.0020434461491466993
VEI.OL,2026-09-11 14:40,2026-09-11,intraday,60,15:40,0.00115758195038288,1,small,Veidekke: Bygger boliger på Jarlsø i Tønsberg,-0.003201028099529574,0.0009736502111932217,0.020286295021618453,-0.0020434461491466993
VEI.OL,2026-09-11 14:40,2026-09-11,intraday,5,14:45,0.0019187206216384812,1,small,Veidekke: To build new homes on Jarlsø in Tønsberg,-0.003962166770785175,0.00021251153993762052,0.01952515635036285,-0.0020434461491466993
VEI.OL,2026-09-11 14:40,2026-09-11,intraday,10,14:50,0.0016852199009228853,1,small,Veidekke: To build new homes on Jarlsø in Tønsberg,-0.0037286660500695794,0.00044601226065321643,0.019758657071078448,-0.0020434461491466993
VEI.OL,2026-09-11 14:40,2026-09-11,intraday,15,14:55,0.0011386884094058748,1,small,Veidekke: To build new homes on Jarlsø in Tønsberg,-0.003182134558552569,0.000992543752170227,0.020305188562595458,-0.0020434461491466993
VEI.OL,2026-09-11 14:40,2026-09-11,intraday,30,15:10,0.003933920078400341,1,small,Veidekke: To build new homes on Jarlsø in Tønsberg,-0.005977366227547034,-0.001802687916824238,0.017509956893600916,-0.0020434461491466993
VEI.OL,2026-09-11 14:40,2026-09-11,intraday,60,15:40,0.00115758195038288,1,small,Veidekke: To build new homes on Jarlsø in Tønsberg,-0.003201028099529574,0.0009736502111932217,0.020286295021618453,-0.0020434461491466993
ZAL.OL,2026-09-11 14:00,2026-09-11,intraday,5,14:05,-0.0017399756125435484,-1,small,Zalaris ASA – Delisting,0.0022984804100899814,0.0011966064835213968,0.03271623991619667,0.00403845602263353
ZAL.OL,2026-09-11 14:00,2026-09-11,intraday,10,14:10,-0.0015413722204561942,-1,small,Zalaris ASA – Delisting,0.0024970838021773356,0.001395209875608751,0.03291484330828402,0.00403845602263353
ZAL.OL,2026-09-11 14:00,2026-09-11,intraday,15,14:15,-0.0011783100777715827,-1,small,Zalaris ASA – Delisting,0.002860145944861947,0.0017582720182933624,0.033277905450968634,0.00403845602263353
ZAL.OL,2026-09-11 14:00,2026-09-11,intraday,30,14:30,-0.001180565138105688,-1,small,Zalaris ASA – Delisting,0.0028578908845278417,0.001756016957959257,0.03327565039063453,0.00403845602263353
ZAL.OL,2026-09-11 14:00,2026-09-11,intraday,60,15:00,-0.003238658443010245,-1,small,Zalaris ASA – Delisting,0.0007997975796232848,-0.0003020763469452998,0.031217557085729975,0.00403845602263353
ZAL.OL,2026-09-11 14:00,2026-09-11,intraday,5,14:05,-0.0017399756125435484,-1,small,Zalaris ASA – Strykning,0.0022984804100899814,0.0011966064835213968,0.03271623991619667,0.00403845602263353
ZAL.OL,2026-09-11 14:00,2026-09-11,intraday,10,14:10,-0.0015413722204561942,-1,small,Zalaris ASA – Strykning,0.0024970838021773356,0.001395209875608751,0.03291484330828402,0.00403845602263353
ZAL.OL,2026-09-11 14:00,2026-09-11,intraday,15,14:15,-0.0011783100777715827,-1,small,Zalaris ASA – Strykning,0.002860145944861947,0.0017582720182933624,0.033277905450968634,0.00403845602263353
ZAL.OL,2026-09-11 14:00,2026-09-11,intraday,30,14:30,-0.001180565138105688,-1,small,Zalaris ASA – Strykning,0.0028578908845278417,0.001756016957959257,0.03327565039063453,0.00403845602263353
ZAL.OL,2026-09-11 14:00,2026-09-11,intraday,60,15:00,-0.003238658443010245,-1,small,Zalaris ASA – Strykning,0.0007997975796232848,-0.0003020763469452998,0.031217557085729975,0.00403845602263353
LINK.OL,2026-09-11 10:59,2026-09-11,intraday,5,11:00,0.0017532372096466275,1,small,LINK Mobility – LINK acquires Spanish company Interactive ,0.011210101321243528,0.014535584241101279,-0.011682897870657873,0.012963338530890212
LINK.OL,2026-09-11 10:59,2026-09-11,intraday,10,11:05,0.006745330649659162,1,small,LINK Mobility – LINK acquires Spanish company Interactive ,0.006218007881231001,0.009543490801088947,-0.016674991310670503,0.012963338530890212
LINK.OL,2026-09-11 10:59,2026-09-11,intraday,15,11:10,0.006714479413761779,1,small,LINK Mobility – LINK acquires Spanish company Interactive ,0.006248859117128384,0.00957434203698633,-0.01664414007477312,0.012963338530890212
LINK.OL,2026-09-11 10:59,2026-09-11,intraday,30,11:25,0.01353512760922478,1,small,LINK Mobility – LINK acquires Spanish company Interactive ,-0.0005717890783346036,0.0027536938415233412,-0.023464788270236,0.012963338530890212
LINK.OL,2026-09-11 10:59,2026-09-11,intraday,60,11:55,0.017273016292253987,1,small,LINK Mobility – LINK acquires Spanish company Interactive ,-0.004309677761363912,-0.0009841948415060377,-0.027202676953265302,0.012963338530890212
ENVIP.OL,2026-09-11 08:00,2026-09-11,pre-open,5,09:00,0.013487759680611913,1,small,Envipco signs RVM supply agreement with Ahold Delhaize in Romania,-0.014983801724207319,-0.04022300861977792,-0.08226374690532336,-0.001496042043595395
ENVIP.OL,2026-09-11 08:00,2026-09-11,pre-open,10,09:05,0.009304638453469419,1,small,Envipco signs RVM supply agreement with Ahold Delhaize in Romania,-0.010800680497064834,-0.0360398873926354,-0.07808062567818087,-0.001496042043595395
ENVIP.OL,2026-09-11 08:00,2026-09-11,pre-open,15,09:10,0.013731247252847186,1,small,Envipco signs RVM supply agreement with Ahold Delhaize in Romania,-0.015227289296442592,-0.040466496192013195,-0.08250723447755863,-0.001496042043595395
ENVIP.OL,2026-09-11 08:00,2026-09-11,pre-open,30,09:25,0.028121021938721028,1,small,Envipco signs RVM supply agreement with Ahold Delhaize in Romania,-0.029617063982316606,-0.05485627087788712,-0.09689700916343263,-0.001496042043595395
ENVIP.OL,2026-09-11 08:00,2026-09-11,pre-open,60,09:55,0.02467907444468527,1,small,Envipco signs RVM supply agreement with Ahold Delhaize in Romania,-0.026175116488280747,-0.05141432338385126,-0.09345506166939681,-0.001496042043595395
ENH.OL,2026-09-11 06:30,2026-09-11,pre-open,5,09:00,0.007644490645973827,1,small,"Energy Holdings and Ventura Offshore to combine, creating a larger platform for cash generation, sha",-0.031415786238930044,-0.008062456063678744,-0.007312272847388827,-0.023771295592956265
ENH.OL,2026-09-11 06:30,2026-09-11,pre-open,10,09:05,0.004400516837682278,1,small,"Energy Holdings and Ventura Offshore to combine, creating a larger platform for cash generation, sha",-0.028171812430638554,-0.004818482255387244,-0.0040682990390974345,-0.023771295592956265
ENH.OL,2026-09-11 06:30,2026-09-11,pre-open,15,09:10,0.011244825331389489,1,small,"Energy Holdings and Ventura Offshore to combine, creating a larger platform for cash generation, sha",-0.03501612092434571,-0.011662790749094341,-0.010912607532804479,-0.023771295592956265
ENH.OL,2026-09-11 06:30,2026-09-11,pre-open,30,09:25,0.008725046910168526,1,small,"Energy Holdings and Ventura Offshore to combine, creating a larger platform for cash generation, sha",-0.032496342503124775,-0.00914301232787338,-0.008392829111583646,-0.023771295592956265
ENH.OL,2026-09-11 06:30,2026-09-11,pre-open,60,09:55,0.008112020333549285,1,small,"Energy Holdings and Ventura Offshore to combine, creating a larger platform for cash generation, sha",-0.031883315926505534,-0.008529985751254139,-0.007779802534964405,-0.023771295592956265
TEL.OL,2026-09-10 16:30,2026-09-11,after-close,5,09:00,-0.002361152632661173,-1,mid,Completion of the Telenor Connexion Transaction,0.004202288683060556,-0.015522544179986705,0.04054281860939568,0.006563441315721775
TEL.OL,2026-09-10 16:30,2026-09-11,after-close,10,09:05,-0.0014916069458452501,-1,mid,Completion of the Telenor Connexion Transaction,0.005071834369876461,-0.014652998493170772,0.041412364296211424,0.006563441315721775
TEL.OL,2026-09-10 16:30,2026-09-11,after-close,15,09:10,-0.0021176650604258994,-1,mid,Completion of the Telenor Connexion Transaction,0.00444577625529583,-0.015279056607751432,0.040786306181630955,0.006563441315721775
TEL.OL,2026-09-10 16:30,2026-09-11,after-close,30,09:25,-0.002698916539742847,-1,mid,Completion of the Telenor Connexion Transaction,0.003864524775978928,-0.01586030808706848,0.040205054702313905,0.006563441315721775
TEL.OL,2026-09-10 16:30,2026-09-11,after-close,60,09:55,-0.0033119431163620883,-1,mid,Completion of the Telenor Connexion Transaction,0.003251498199359687,-0.016473334663687722,0.039592028125694664,0.006563441315721775
KOG.OL,2026-09-10 13:47,2026-09-10,intraday,5,13:50,-0.0006834618204739136,-1,large,Finansiell kalender,0.005106087077665147,0.01340503770049347,-0.02679670955150762,0.005789548898139114
KOG.OL,2026-09-10 13:47,2026-09-10,intraday,10,13:55,-0.0008723747139551437,-1,large,Finansiell kalender,0.004917174184183892,0.013216124807012208,-0.02698562244498899,0.005789548898139114
KOG.OL,2026-09-10 13:47,2026-09-10,intraday,15,14:00,-0.002768214751402008,-1,large,Finansiell kalender,0.0030213341467370328,0.011320284769565358,-0.028881462482435886,0.005789548898139114
KOG.OL,2026-09-10 13:47,2026-09-10,intraday,30,14:15,-0.0030496194679966657,-1,large,Finansiell kalender,0.002739929430142375,0.0110388800529707,-0.029162867199030544,0.005789548898139114
KOG.OL,2026-09-10 13:47,2026-09-10,intraday,60,14:45,-0.007879496133198886,-1,large,Finansiell kalender,-0.002089947235059855,0.006209003387768487,-0.033992743864232726,0.005789548898139114
ELK.OL,2026-09-10 09:15,2026-09-10,intraday,5,09:20,0.005747523652827803,1,small,Elkem ASA - Second quarter and half year report 2026 (correction),-0.0022597929062004394,-0.013385568806866215,-0.07109330328127353,0.003487730746627409
ELK.OL,2026-09-10 09:15,2026-09-10,intraday,10,09:25,0.0039520200856108575,1,small,Elkem ASA - Second quarter and half year report 2026 (correction),-0.00046428933898349026,-0.011590065239649273,-0.06929779971405663,0.003487730746627409
ELK.OL,2026-09-10 09:15,2026-09-10,intraday,15,09:30,0.007461799174593801,1,small,Elkem ASA - Second quarter and half year report 2026 (correction),-0.003974068427966514,-0.015099844328632322,-0.07280757880303972,0.003487730746627409
ELK.OL,2026-09-10 09:15,2026-09-10,intraday,30,09:45,0.009779353378969643,1,small,Elkem ASA - Second quarter and half year report 2026 (correction),-0.006291622632342373,-0.017417398533008183,-0.07512513300741555,0.003487730746627409
ELK.OL,2026-09-10 09:15,2026-09-10,intraday,60,10:15,0.004465408220630817,1,small,Elkem ASA - Second quarter and half year report 2026 (correction),-0.0009776774740032999,-0.012103453374669162,-0.0698111878490765,0.003487730746627409
AUSS.OL,2026-09-10 08:00,2026-09-10,pre-open,5,09:00,-0.0037167515075714475,-1,small,Austevoll Seafood ASA: Change in the board of directors,-0.004666258641213398,0.00030736145969208054,0.042105318005462286,-0.0009495071336419504
AUSS.OL,2026-09-10 08:00,2026-09-10,pre-open,10,09:05,-0.00431240916592673,-1,small,Austevoll Seafood ASA: Change in the board of directors,-0.005261916299568681,-0.0002882961986631293,0.041509660347107034,-0.0009495071336419504
AUSS.OL,2026-09-10 08:00,2026-09-10,pre-open,15,09:10,-0.005254940585961123,-1,small,Austevoll Seafood ASA: Change in the board of directors,-0.006204447719603073,-0.001230827618697522,0.04056712892707264,-0.0009495071336419504
AUSS.OL,2026-09-10 08:00,2026-09-10,pre-open,30,09:25,-0.003924974964961581,-1,small,Austevoll Seafood ASA: Change in the board of directors,-0.004874482098603531,9.91380023019474e-05,0.04189709454807215,-0.0009495071336419504
AUSS.OL,2026-09-10 08:00,2026-09-10,pre-open,60,09:55,-0.00942463884793884,-1,small,Austevoll Seafood ASA: Change in the board of directors,-0.010374145981580679,-0.00540052588067531,0.03639743066509489,-0.0009495071336419504
CADLR.OL,2026-09-10 08:00,2026-09-10,pre-open,5,09:00,0.021263731778281926,1,small,"CADELER A/S: Cadeler provides an update on its outlook for 2026, revising upwards its full-year reve",-0.015778315851683967,-0.018895471743796285,-0.03684879593815747,0.005485415926598
CADLR.OL,2026-09-10 08:00,2026-09-10,pre-open,10,09:05,0.03976739141670467,1,small,"CADELER A/S: Cadeler provides an update on its outlook for 2026, revising upwards its full-year reve",-0.034281975490106704,-0.03739913138221899,-0.05535245557658025,0.005485415926598
CADLR.OL,2026-09-10 08:00,2026-09-10,pre-open,15,09:10,0.03477791001643542,1,small,"CADELER A/S: Cadeler provides an update on its outlook for 2026, revising upwards its full-year reve",-0.029292494089837515,-0.03240964998194982,-0.050362974176310984,0.005485415926598
CADLR.OL,2026-09-10 08:00,2026-09-10,pre-open,30,09:25,0.019409442531588213,1,small,"CADELER A/S: Cadeler provides an update on its outlook for 2026, revising upwards its full-year reve",-0.013924026604990269,-0.017041182497102642,-0.03499450669146388,0.005485415926598
CADLR.OL,2026-09-10 08:00,2026-09-10,pre-open,60,09:55,0.019066619485527687,1,small,"CADELER A/S: Cadeler provides an update on its outlook for 2026, revising upwards its full-year reve",-0.013581203558929729,-0.016698359451042047,-0.03465168364540323,0.005485415926598
TEL.OL,2026-09-10 07:30,2026-09-10,pre-open,5,09:00,-0.004458248359179842,-1,mid,Telenor's subsidiary KNL secures framework agreement with the Danish Armed Forces,0.0008638659823675416,0.007427307298089334,0.018424162534086956,0.005322114341547346
TEL.OL,2026-09-10 07:30,2026-09-10,pre-open,10,09:05,-0.002402459317171325,-1,mid,Telenor's subsidiary KNL secures framework agreement with the Danish Armed Forces,0.0029196550243759476,0.009483096340097724,0.02047995157609528,0.005322114341547346
TEL.OL,2026-09-10 07:30,2026-09-10,pre-open,15,09:10,-0.0033449907372057174,-1,mid,Telenor's subsidiary KNL secures framework agreement with the Danish Armed Forces,0.001977123604341555,0.008540564920063332,0.019537420156060886,0.005322114341547346
TEL.OL,2026-09-10 07:30,2026-09-10,pre-open,30,09:25,-0.005408632173571222,-1,mid,Telenor's subsidiary KNL secures framework agreement with the Danish Armed Forces,-8.651783202384949e-05,0.006476923483697846,0.017473778719695587,0.005322114341547346
TEL.OL,2026-09-10 07:30,2026-09-10,pre-open,60,09:55,-0.01484912048680983,-1,mid,Telenor's subsidiary KNL secures framework agreement with the Danish Armed Forces,-0.009527006145262475,-0.0029635648295408025,0.008033290406456919,0.005322114341547346
ODL.OL,2026-09-10 07:00,2026-09-10,pre-open,5,09:00,0.022842506596943285,1,small,Odfjell Drilling Ltd. Letter of Award Received from Vår Energi,0.013867350481459404,0.03222504820577464,0.04269752884844502,0.03670985707840264
ODL.OL,2026-09-10 07:00,2026-09-10,pre-open,10,09:05,0.02542988380416518,1,small,Odfjell Drilling Ltd. Letter of Award Received from Vår Energi,0.011279973274237295,0.029637670998552572,0.04011015164122296,0.03670985707840264
ODL.OL,2026-09-10 07:00,2026-09-10,pre-open,15,09:10,0.028503437266861664,1,small,Odfjell Drilling Ltd. Letter of Award Received from Vår Energi,0.008206419811541077,0.026564117535856337,0.03703659817852665,0.03670985707840264
ODL.OL,2026-09-10 07:00,2026-09-10,pre-open,30,09:25,0.03664854211027037,1,small,Odfjell Drilling Ltd. Letter of Award Received from Vår Energi,6.131496813208646e-05,0.018419012692447393,0.028891493335117813,0.03670985707840264
ODL.OL,2026-09-10 07:00,2026-09-10,pre-open,60,09:55,0.03465965327490626,1,small,Odfjell Drilling Ltd. Letter of Award Received from Vår Energi,0.002050203803496192,0.0204079015278115,0.030880382170481918,0.03670985707840264
HAUTO.OL,2026-09-10 07:00,2026-09-10,pre-open,5,09:00,0.0049213675816827136,1,mid,Höegh Autoliners ASA (HAUTO) – August 2026 Trading Update,0.006981349905486309,0.024000593788463212,0.025077426800654154,0.01190271748716899
HAUTO.OL,2026-09-10 07:00,2026-09-10,pre-open,10,09:05,0.005494599302621002,1,mid,Höegh Autoliners ASA (HAUTO) – August 2026 Trading Update,0.00640811818454802,0.023427362067524923,0.024504195079715865,0.01190271748716899
HAUTO.OL,2026-09-10 07:00,2026-09-10,pre-open,15,09:10,0.009699400740891713,1,mid,Höegh Autoliners ASA (HAUTO) – August 2026 Trading Update,0.002203316746277285,0.01922256062925413,0.02029939364144521,0.01190271748716899
HAUTO.OL,2026-09-10 07:00,2026-09-10,pre-open,30,09:25,0.009860476982597684,1,mid,Höegh Autoliners ASA (HAUTO) – August 2026 Trading Update,0.0020422405045713143,0.01906148438754816,0.020138317399739238,0.01190271748716899
HAUTO.OL,2026-09-10 07:00,2026-09-10,pre-open,60,09:55,0.005587125938654725,1,mid,Höegh Autoliners ASA (HAUTO) – August 2026 Trading Update,0.0063155915485141895,0.023334835431491008,0.024411668443681943,0.01190271748716899
VAR.OL,2026-09-15 23:14,2026-09-16,after-close,5,09:00,0.0037878691603484387,1,large,Vår Energi ASA announces pricing of the USD Senior Notes Offering,-0.01851290534426419,-0.05585341148933441,-0.06315909308818188,-0.014725036183915708
VAR.OL,2026-09-15 23:14,2026-09-16,after-close,10,09:05,0.0008705423204534209,1,large,Vår Energi ASA announces pricing of the USD Senior Notes Offering,-0.015595578504369073,-0.05293608464943941,-0.060241766248286775,-0.014725036183915708
VAR.OL,2026-09-15 23:14,2026-09-16,after-close,15,09:10,0.00034203843034422837,1,large,Vår Energi ASA announces pricing of the USD Senior Notes Offering,-0.015067074614259969,-0.05240758075933013,-0.05971326235817756,-0.014725036183915708
VAR.OL,2026-09-15 23:14,2026-09-16,after-close,30,09:25,0.001859868755269287,1,large,Vår Energi ASA announces pricing of the USD Senior Notes Offering,-0.016584904939184984,-0.05392541108425524,-0.06123109268310255,-0.014725036183915708
VAR.OL,2026-09-15 23:14,2026-09-16,after-close,60,09:55,0.0017172871989588404,1,large,Vår Energi ASA announces pricing of the USD Senior Notes Offering,-0.01644232338287458,-0.05378282952794474,-0.06108851112679217,-0.014725036183915708
CMBTO.OL,2026-09-15 22:08,2026-09-16,after-close,5,09:00,0.008538526969517703,1,mid,Half year report CMB.TECH 2026,0.0014771042829277185,0.03502559387951375,-0.02561321295351614,0.010015631252445461
CMBTO.OL,2026-09-15 22:08,2026-09-16,after-close,10,09:05,0.010679834899966534,1,mid,Half year report CMB.TECH 2026,-0.000664203647520924,0.032884285949064826,-0.027754520883964812,0.010015631252445461
CMBTO.OL,2026-09-15 22:08,2026-09-16,after-close,15,09:10,0.005095075511627252,1,mid,Half year report CMB.TECH 2026,0.004920555740818337,0.03846904533740415,-0.022169761495625617,0.010015631252445461
CMBTO.OL,2026-09-15 22:08,2026-09-16,after-close,30,09:25,0.004798290517814047,1,mid,Half year report CMB.TECH 2026,0.005217340734631483,0.03876583033121736,-0.021872976501812438,0.010015631252445461
CMBTO.OL,2026-09-15 22:08,2026-09-16,after-close,60,09:55,0.0032005333369306103,1,mid,Half year report CMB.TECH 2026,0.006815097915514967,0.0403635875121007,-0.020275219320928968,0.010015631252445461
NONG.OL,2026-09-15 21:45,2026-09-16,after-close,5,09:00,-0.005096716893511431,-1,small,SpareBank 1 Nord-Norge: Acquisition of own Equity Certificates for employees,0.015750360513175844,0.017089632265816838,0.00756911252415224,0.020847077406687314
NONG.OL,2026-09-15 21:45,2026-09-16,after-close,10,09:05,-0.007173059061323446,-1,small,SpareBank 1 Nord-Norge: Acquisition of own Equity Certificates for employees,0.01367401834536382,0.015013290098004796,0.005492770356340082,0.020847077406687314
NONG.OL,2026-09-15 21:45,2026-09-16,after-close,15,09:10,-0.00822476222505909,-1,small,SpareBank 1 Nord-Norge: Acquisition of own Equity Certificates for employees,0.012622315181628294,0.013961586934269191,0.004441067192604514,0.020847077406687314
NONG.OL,2026-09-15 21:45,2026-09-16,after-close,30,09:25,-0.013146198060335759,-1,small,SpareBank 1 Nord-Norge: Acquisition of own Equity Certificates for employees,0.007700879346351517,0.009040151098992366,-0.00048036864267205805,0.020847077406687314
NONG.OL,2026-09-15 21:45,2026-09-16,after-close,60,09:55,-0.013849874021956443,-1,small,SpareBank 1 Nord-Norge: Acquisition of own Equity Certificates for employees,0.006997203384730921,0.008336475137371922,-0.0011840446042928315,0.020847077406687314
NONG.OL,2026-09-15 21:45,2026-09-16,after-close,5,09:00,-0.005096716893511431,-1,small,SpareBank 1 Nord-Norge: Kjøp av egne EK-bevis for ansatte,0.015750360513175844,0.017089632265816838,0.00756911252415224,0.020847077406687314
NONG.OL,2026-09-15 21:45,2026-09-16,after-close,10,09:05,-0.007173059061323446,-1,small,SpareBank 1 Nord-Norge: Kjøp av egne EK-bevis for ansatte,0.01367401834536382,0.015013290098004796,0.005492770356340082,0.020847077406687314
NONG.OL,2026-09-15 21:45,2026-09-16,after-close,15,09:10,-0.00822476222505909,-1,small,SpareBank 1 Nord-Norge: Kjøp av egne EK-bevis for ansatte,0.012622315181628294,0.013961586934269191,0.004441067192604514,0.020847077406687314
NONG.OL,2026-09-15 21:45,2026-09-16,after-close,30,09:25,-0.013146198060335759,-1,small,SpareBank 1 Nord-Norge: Kjøp av egne EK-bevis for ansatte,0.007700879346351517,0.009040151098992366,-0.00048036864267205805,0.020847077406687314
NONG.OL,2026-09-15 21:45,2026-09-16,after-close,60,09:55,-0.013849874021956443,-1,small,SpareBank 1 Nord-Norge: Kjøp av egne EK-bevis for ansatte,0.006997203384730921,0.008336475137371922,-0.0011840446042928315,0.020847077406687314
GJF.OL,2026-09-15 18:24,2026-09-16,after-close,5,09:00,-0.007843950562978562,-1,mid,S&P assigns 'BBB+' rating to the Tier 2 bond issued on 15 September,0.0057397801599998015,0.012595884117858403,0.07185286651353005,0.0135837307229783
GJF.OL,2026-09-15 18:24,2026-09-16,after-close,10,09:05,-0.009313622111187737,-1,mid,S&P assigns 'BBB+' rating to the Tier 2 bond issued on 15 September,0.004270108611790554,0.011126212569649095,0.07038319496532079,0.0135837307229783
GJF.OL,2026-09-15 18:24,2026-09-16,after-close,15,09:10,-0.009113521292569059,-1,mid,S&P assigns 'BBB+' rating to the Tier 2 bond issued on 15 September,0.004470209430409305,0.011326313388267907,0.07058329578393956,0.0135837307229783
GJF.OL,2026-09-15 18:24,2026-09-16,after-close,30,09:25,-0.008321591191046578,-1,mid,S&P assigns 'BBB+' rating to the Tier 2 bond issued on 15 September,0.005262139531931786,0.012118243489790388,0.07137522588546204,0.0135837307229783
GJF.OL,2026-09-15 18:24,2026-09-16,after-close,60,09:55,-0.009909848103678984,-1,mid,S&P assigns 'BBB+' rating to the Tier 2 bond issued on 15 September,0.00367388261929928,0.010529986577157851,0.06978696897282956,0.0135837307229783
VAR.OL,2026-09-15 17:48,2026-09-16,after-close,5,09:00,0.0037878691603484387,1,large,Vår Energi ASA: Notice of conditional full redemption of notes,-0.01851290534426419,-0.05585341148933441,-0.06315909308818188,-0.014725036183915708
VAR.OL,2026-09-15 17:48,2026-09-16,after-close,10,09:05,0.0008705423204534209,1,large,Vår Energi ASA: Notice of conditional full redemption of notes,-0.015595578504369073,-0.05293608464943941,-0.060241766248286775,-0.014725036183915708
VAR.OL,2026-09-15 17:48,2026-09-16,after-close,15,09:10,0.00034203843034422837,1,large,Vår Energi ASA: Notice of conditional full redemption of notes,-0.015067074614259969,-0.05240758075933013,-0.05971326235817756,-0.014725036183915708
VAR.OL,2026-09-15 17:48,2026-09-16,after-close,30,09:25,0.001859868755269287,1,large,Vår Energi ASA: Notice of conditional full redemption of notes,-0.016584904939184984,-0.05392541108425524,-0.06123109268310255,-0.014725036183915708
VAR.OL,2026-09-15 17:48,2026-09-16,after-close,60,09:55,0.0017172871989588404,1,large,Vår Energi ASA: Notice of conditional full redemption of notes,-0.01644232338287458,-0.05378282952794474,-0.06108851112679217,-0.014725036183915708
CLOUD.OL,2026-09-15 17:30,2026-09-16,after-close,5,09:00,0.003786703626364827,1,small,Cloudberry Clean Energy ASA presenting at Pareto Securities' Energy Conference and announces a signe,0.004358651259659013,-0.039371087374523314,-0.0909373197412472,0.00814535488602364
CLOUD.OL,2026-09-15 17:30,2026-09-16,after-close,10,09:05,0.001594293732063077,1,small,Cloudberry Clean Energy ASA presenting at Pareto Securities' Energy Conference and announces a signe,0.006551061153960763,-0.037178677480221564,-0.08874490984694546,0.00814535488602364
CLOUD.OL,2026-09-15 17:30,2026-09-16,after-close,15,09:10,0.00251713289677433,1,small,Cloudberry Clean Energy ASA presenting at Pareto Securities' Energy Conference and announces a signe,0.00562822198924951,-0.03810151664493282,-0.08966774901165671,0.00814535488602364
CLOUD.OL,2026-09-15 17:30,2026-09-16,after-close,30,09:25,0.0033090629982968113,1,small,Cloudberry Clean Energy ASA presenting at Pareto Securities' Energy Conference and announces a signe,0.0048362918877270285,-0.0388934467464553,-0.09045967911317919,0.00814535488602364
CLOUD.OL,2026-09-15 17:30,2026-09-16,after-close,60,09:55,0.01946900613185818,1,small,Cloudberry Clean Energy ASA presenting at Pareto Securities' Energy Conference and announces a signe,-0.011323651245834464,-0.05505338988001671,-0.10661962224674068,0.00814535488602364
TEL.OL,2026-09-15 09:58,2026-09-15,intraday,5,10:00,-0.015707747382817844,-1,mid,Investigation started and charge taken out against Telenor relating to former operations in Myanmar,-0.01225669661860157,0.007279863511629675,0.04380035340150913,0.003451050764216201
TEL.OL,2026-09-15 09:58,2026-09-15,intraday,10,10:05,-0.014968661135322515,-1,mid,Investigation started and charge taken out against Telenor relating to former operations in Myanmar,-0.01151761037110624,0.008018949759125005,0.04453943964900446,0.003451050764216201
TEL.OL,2026-09-15 09:58,2026-09-15,intraday,15,10:10,-0.012626684934796142,-1,mid,Investigation started and charge taken out against Telenor relating to former operations in Myanmar,-0.009175634170580009,0.010360925959651292,0.046881415849530775,0.003451050764216201
TEL.OL,2026-09-15 09:58,2026-09-15,intraday,30,10:25,-0.01573786982972199,-1,mid,Investigation started and charge taken out against Telenor relating to former operations in Myanmar,-0.012286819065505716,0.007249741064725529,0.043770230954604986,0.003451050764216201
TEL.OL,2026-09-15 09:58,2026-09-15,intraday,60,10:55,-0.014198056181964281,-1,mid,Investigation started and charge taken out against Telenor relating to former operations in Myanmar,-0.010747005417748007,0.008789554712483239,0.045310044602362695,0.003451050764216201
TEL.OL,2026-09-15 09:58,2026-09-15,intraday,5,10:00,-0.015707747382817844,-1,mid,Etterforskning og siktelse i Myanmar-saken,-0.01225669661860157,0.007279863511629675,0.04380035340150913,0.003451050764216201
TEL.OL,2026-09-15 09:58,2026-09-15,intraday,10,10:05,-0.014968661135322515,-1,mid,Etterforskning og siktelse i Myanmar-saken,-0.01151761037110624,0.008018949759125005,0.04453943964900446,0.003451050764216201
TEL.OL,2026-09-15 09:58,2026-09-15,intraday,15,10:10,-0.012626684934796142,-1,mid,Etterforskning og siktelse i Myanmar-saken,-0.009175634170580009,0.010360925959651292,0.046881415849530775,0.003451050764216201
TEL.OL,2026-09-15 09:58,2026-09-15,intraday,30,10:25,-0.01573786982972199,-1,mid,Etterforskning og siktelse i Myanmar-saken,-0.012286819065505716,0.007249741064725529,0.043770230954604986,0.003451050764216201
TEL.OL,2026-09-15 09:58,2026-09-15,intraday,60,10:55,-0.014198056181964281,-1,mid,Etterforskning og siktelse i Myanmar-saken,-0.010747005417748007,0.008789554712483239,0.045310044602362695,0.003451050764216201
SWON.OL,2026-09-15 09:47,2026-09-15,intraday,5,09:50,-0.0029793524089577425,-1,small,Republication of Half-Year Report 2026 including Responsibility Statement,0.031912939234736995,0.04487078948044862,0.034517172013820686,0.03489229164369483
SWON.OL,2026-09-15 09:47,2026-09-15,intraday,10,09:55,-0.0021363719340239578,-1,small,Republication of Half-Year Report 2026 including Responsibility Statement,0.032755919709670775,0.04571376995538229,0.03536015248875451,0.03489229164369483
SWON.OL,2026-09-15 09:47,2026-09-15,intraday,15,10:00,-0.008370601112319923,-1,small,Republication of Half-Year Report 2026 including Responsibility Statement,0.02652169053137485,0.03947954077708646,0.029125923310458574,0.03489229164369483
SWON.OL,2026-09-15 09:47,2026-09-15,intraday,30,10:15,-0.006130089872343795,-1,small,Republication of Half-Year Report 2026 including Responsibility Statement,0.028762201771350943,0.041720052017062484,0.031366434550434606,0.03489229164369483
SWON.OL,2026-09-15 09:47,2026-09-15,intraday,60,10:45,-0.004925604440569979,-1,small,Republication of Half-Year Report 2026 including Responsibility Statement,0.02996668720312476,0.0429245374488363,0.03257091998220842,0.03489229164369483
CRNA.OL,2026-09-15 08:24,2026-09-15,pre-open,5,09:00,-0.11813504704859638,-1,mid,Circio announces that it has completed a capital raise of approx. NOK 200 million towards its in viv,0.009596490249106217,0.047877992092110876,0.14655709147398466,0.1277315372977026
CRNA.OL,2026-09-15 08:24,2026-09-15,pre-open,10,09:05,-0.14542203384741412,-1,mid,Circio announces that it has completed a capital raise of approx. NOK 200 million towards its in viv,-0.017690496549711394,0.02059100529329313,0.11927010467516694,0.1277315372977026
CRNA.OL,2026-09-15 08:24,2026-09-15,pre-open,15,09:10,-0.12677473352473195,-1,mid,Circio announces that it has completed a capital raise of approx. NOK 200 million towards its in viv,0.0009568037729708041,0.03923830561597537,0.13791740499784916,0.1277315372977026
CRNA.OL,2026-09-15 08:24,2026-09-15,pre-open,30,09:25,-0.12921164096577795,-1,mid,Circio announces that it has completed a capital raise of approx. NOK 200 million towards its in viv,-0.0014801036680753277,0.03680139817492922,0.13548049755680303,0.1277315372977026
CRNA.OL,2026-09-15 08:24,2026-09-15,pre-open,60,09:55,-0.11655486951358525,-1,mid,Circio announces that it has completed a capital raise of approx. NOK 200 million towards its in viv,0.011176667784117383,0.049458169627122024,0.14813726900899588,0.1277315372977026
ABG.OL,2026-09-15 08:00,2026-09-15,pre-open,5,09:00,0.008288918882445758,1,small,Nordnet and ABG Sundal Collier to launch joint venture - introducing a next-generation Private Banki,0.004056095576847323,-0.0011729044722488136,-0.017669178927964775,0.012345014459293058
ABG.OL,2026-09-15 08:00,2026-09-15,pre-open,10,09:05,0.01013853905777395,1,small,Nordnet and ABG Sundal Collier to launch joint venture - introducing a next-generation Private Banki,0.0022064754015191307,-0.0030225246475770063,-0.019518799103292968,0.012345014459293058
ABG.OL,2026-09-15 08:00,2026-09-15,pre-open,15,09:10,0.00845577373429411,1,small,Nordnet and ABG Sundal Collier to launch joint venture - introducing a next-generation Private Banki,0.003889240724999094,-0.0013397593240970281,-0.017836033779813004,0.012345014459293058
ABG.OL,2026-09-15 08:00,2026-09-15,pre-open,30,09:25,0.014609213728231657,1,small,Nordnet and ABG Sundal Collier to launch joint venture - introducing a next-generation Private Banki,-0.002264199268938576,-0.007493199318034618,-0.023989473773750675,0.012345014459293058
ABG.OL,2026-09-15 08:00,2026-09-15,pre-open,60,09:55,0.021168635159093716,1,small,Nordnet and ABG Sundal Collier to launch joint venture - introducing a next-generation Private Banki,-0.008823620699800519,-0.014052620748896683,-0.030548895204612615,0.012345014459293058
GJF.OL,2026-09-15 08:00,2026-09-15,pre-open,5,09:00,-0.0044969666632224785,-1,mid,Gjensidige Forsikring ASA: Contemplating Subordinated Tier 2 bond issue,0.0006499397831959911,0.0142336705061742,0.046472787348486894,0.005146906446418386
GJF.OL,2026-09-15 08:00,2026-09-15,pre-open,10,09:05,-0.004818922067618863,-1,mid,Gjensidige Forsikring ASA: Contemplating Subordinated Tier 2 bond issue,0.00032798437879952205,0.013911715101777756,0.04615083194409053,0.005146906446418386
GJF.OL,2026-09-15 08:00,2026-09-15,pre-open,15,09:10,-0.006571697739990293,-1,mid,Gjensidige Forsikring ASA: Contemplating Subordinated Tier 2 bond issue,-0.0014247912935718178,0.012158939429406377,0.04439805627171918,0.005146906446418386
GJF.OL,2026-09-15 08:00,2026-09-15,pre-open,30,09:25,-0.008753034619381025,-1,mid,Gjensidige Forsikring ASA: Contemplating Subordinated Tier 2 bond issue,-0.0036061281729626183,0.009977602550015712,0.042216719392328336,0.005146906446418386
GJF.OL,2026-09-15 08:00,2026-09-15,pre-open,60,09:55,-0.007755058314411133,-1,mid,Gjensidige Forsikring ASA: Contemplating Subordinated Tier 2 bond issue,-0.0026081518679929427,0.010975578854985388,0.043214695697298244,0.005146906446418386
NHY.OL,2026-09-15 08:00,2026-09-15,pre-open,5,09:00,-0.002109828075266767,-1,large,Norsk Hydro: Invitasjon til Hydros investordag i London,0.020155525800735572,0.031085444156360754,0.03036621273329588,0.022265353876002477
NHY.OL,2026-09-15 08:00,2026-09-15,pre-open,10,09:05,-0.0032845459510490553,-1,large,Norsk Hydro: Invitasjon til Hydros investordag i London,0.01898080792495338,0.02991072628057849,0.029191494857513718,0.022265353876002477
NHY.OL,2026-09-15 08:00,2026-09-15,pre-open,15,09:10,-0.00755569690974592,-1,large,Norsk Hydro: Invitasjon til Hydros investordag i London,0.014709656966256446,0.02563957532188158,0.024920343898816658,0.022265353876002477
NHY.OL,2026-09-15 08:00,2026-09-15,pre-open,30,09:25,-0.008050771398607649,-1,large,Norsk Hydro: Invitasjon til Hydros investordag i London,0.014214582477394827,0.02514450083301984,0.02442526940995495,0.022265353876002477
NHY.OL,2026-09-15 08:00,2026-09-15,pre-open,60,09:55,-0.0095817199899935,-1,large,Norsk Hydro: Invitasjon til Hydros investordag i London,0.012683633886008903,0.023613552241634077,0.022894320818569174,0.022265353876002477
DOFG.OL,2026-09-15 07:05,2026-09-15,pre-open,5,09:00,-0.0012277729639920375,-1,mid,"DOF Group ASA - Capital Markets Day, 15 September 2026",-0.007894799306058336,-0.024230028962216807,0.01154994922217817,-0.006667026342066142
DOFG.OL,2026-09-15 07:05,2026-09-15,pre-open,10,09:05,0.004460623518501831,1,mid,"DOF Group ASA - Capital Markets Day, 15 September 2026",0.002206402823564305,0.018541632479722917,-0.017238345704672045,0.006667026342066142
DOFG.OL,2026-09-15 07:05,2026-09-15,pre-open,15,09:10,0.0033915282011959614,1,mid,"DOF Group ASA - Capital Markets Day, 15 September 2026",0.003275498140870175,0.019610727797028694,-0.016169250387366434,0.006667026342066142
DOFG.OL,2026-09-15 07:05,2026-09-15,pre-open,30,09:25,0.0034292262677571113,1,mid,"DOF Group ASA - Capital Markets Day, 15 September 2026",0.003237800074309025,0.019573029730467637,-0.016206948453927325,0.006667026342066142
DOFG.OL,2026-09-15 07:05,2026-09-15,pre-open,60,09:55,0.002043060755011653,1,mid,"DOF Group ASA - Capital Markets Day, 15 September 2026",0.004623965587054645,0.020959195243213116,-0.014820782941181861,0.006667026342066142
AUTO.OL,2026-09-14 22:00,2026-09-15,after-close,5,09:00,-0.0005634966600115534,-1,mid,Autostore Holdings Ltd.: Result of the employee share purchase plan for 2026,-0.005905158408717534,-0.021581003062703864,-0.0594322926604931,-0.005341661748706125
AUTO.OL,2026-09-14 22:00,2026-09-15,after-close,10,09:05,-0.0047970417202917864,-1,mid,Autostore Holdings Ltd.: Result of the employee share purchase plan for 2026,-0.010138703468997898,-0.025814548122983984,-0.06366583772077328,-0.005341661748706125
AUTO.OL,2026-09-14 22:00,2026-09-15,after-close,15,09:10,-0.004421761067902647,-1,mid,Autostore Holdings Ltd.: Result of the employee share purchase plan for 2026,-0.009763422816608636,-0.02543926747059473,-0.063290557068384,-0.005341661748706125
AUTO.OL,2026-09-14 22:00,2026-09-15,after-close,30,09:25,-0.001768865143822804,-1,mid,Autostore Holdings Ltd.: Result of the employee share purchase plan for 2026,-0.007110526892528907,-0.022786371546515097,-0.06063766114430423,-0.005341661748706125
AUTO.OL,2026-09-14 22:00,2026-09-15,after-close,60,09:55,-0.0013440135092914196,-1,mid,Autostore Holdings Ltd.: Result of the employee share purchase plan for 2026,-0.006685675257997469,-0.02236151991198356,-0.060212809509772786,-0.005341661748706125
PEN.OL,2026-09-14 19:00,2026-09-15,after-close,5,09:00,-0.002078509818497263,-1,small,Panoro Energy - Closing of Acquisition in Côte d'Ivoire,0.004378066601266792,0.00884098233851173,0.10744898056003131,0.0064565764197641535
PEN.OL,2026-09-14 19:00,2026-09-15,after-close,10,09:05,0.0028864489396837954,1,small,Panoro Energy - Closing of Acquisition in Côte d'Ivoire,-0.009343025359447952,-0.013805941096692817,-0.11241393931821242,-0.0064565764197641535
PEN.OL,2026-09-14 19:00,2026-09-15,after-close,15,09:10,0.0025839776986760553,1,small,Panoro Energy - Closing of Acquisition in Côte d'Ivoire,-0.009040554118440212,-0.013503469855685077,-0.11211146807720468,-0.0064565764197641535
PEN.OL,2026-09-14 19:00,2026-09-15,after-close,30,09:25,-0.002821543656202929,-1,small,Panoro Energy - Closing of Acquisition in Côte d'Ivoire,0.0036350327635612245,0.008097948500806149,0.10670594672232572,0.0064565764197641535
PEN.OL,2026-09-14 19:00,2026-09-15,after-close,60,09:55,-0.0050674416662655295,-1,small,Panoro Energy - Closing of Acquisition in Côte d'Ivoire,0.0013891347534986847,0.005852050490743501,0.1044600487122632,0.0064565764197641535
COSH.OL,2026-09-14 08:00,2026-09-14,pre-open,5,09:00,0.020444235995157666,1,small,Constellation Announces new Investor Presentation,0.01250940686560855,-0.00045098635957710985,-0.015023435430330245,0.03295364286076612
COSH.OL,2026-09-14 08:00,2026-09-14,pre-open,10,09:05,0.020416144608921837,1,small,Constellation Announces new Investor Presentation,0.01253749825184438,-0.0004228949733412809,-0.014995344044094416,0.03295364286076612
COSH.OL,2026-09-14 08:00,2026-09-14,pre-open,15,09:10,0.020798228096652365,1,small,Constellation Announces new Investor Presentation,0.012155414764113852,-0.0008049784610718088,-0.015377427531824944,0.03295364286076612
COSH.OL,2026-09-14 08:00,2026-09-14,pre-open,30,09:25,0.015128315226327422,1,small,Constellation Announces new Investor Presentation,0.01782532763443863,0.004864934409253008,-0.009707514661500147,0.03295364286076612
COSH.OL,2026-09-14 08:00,2026-09-14,pre-open,60,09:55,0.02436379806257753,1,small,Constellation Announces new Investor Presentation,0.008589844798188688,-0.004370548426996973,-0.018942997497750108,0.03295364286076612
VEND.OL,2026-09-14 07:00,2026-09-14,pre-open,5,09:00,-0.007513189242836613,-1,mid,Vend Marketplaces ASA: Q3 2026 pre-silent newsletter,-0.009174225211248048,-0.0003816846699496229,0.02816202724105816,-0.0016610359684113949
VEND.OL,2026-09-14 07:00,2026-09-14,pre-open,10,09:05,-0.018974803152562045,-1,mid,Vend Marketplaces ASA: Q3 2026 pre-silent newsletter,-0.020635839120973533,-0.011843298579675143,0.016700413331332632,-0.0016610359684113949
VEND.OL,2026-09-14 07:00,2026-09-14,pre-open,15,09:10,-0.007580364150308775,-1,mid,Vend Marketplaces ASA: Q3 2026 pre-silent newsletter,-0.009241400118720145,-0.0004488595774217825,0.028094852333585912,-0.0016610359684113949
VEND.OL,2026-09-14 07:00,2026-09-14,pre-open,30,09:25,-0.0052396308310634545,-1,mid,Vend Marketplaces ASA: Q3 2026 pre-silent newsletter,-0.006900666799474991,0.0018918737418235155,0.030435585652831193,-0.0016610359684113949
VEND.OL,2026-09-14 07:00,2026-09-14,pre-open,60,09:55,-0.004014794184383611,-1,mid,Vend Marketplaces ASA: Q3 2026 pre-silent newsletter,-0.005675830152794981,0.0031167103885033813,0.031660422299511076,-0.0016610359684113949
ZAL.OL,2026-09-14 07:00,2026-09-14,pre-open,5,09:00,-0.0151567877913669,-1,small,Delisting application approved; Kona BidCo AS extends cash offer to remaining shareholders at NOK 10,-0.010354728438873695,-0.0012474680857192996,0.02145933047217332,0.0048020593524933
ZAL.OL,2026-09-14 07:00,2026-09-14,pre-open,10,09:05,-0.01518487917760273,-1,small,Delisting application approved; Kona BidCo AS extends cash offer to remaining shareholders at NOK 10,-0.010382819825109524,-0.0012755594719551285,0.02143123908593749,0.0048020593524933
ZAL.OL,2026-09-14 07:00,2026-09-14,pre-open,15,09:10,-0.014802795689872202,-1,small,Delisting application approved; Kona BidCo AS extends cash offer to remaining shareholders at NOK 10,-0.010000736337378996,-0.0008934759842246006,0.02181332257366802,0.0048020593524933
ZAL.OL,2026-09-14 07:00,2026-09-14,pre-open,30,09:25,-0.013304219081584502,-1,small,Delisting application approved; Kona BidCo AS extends cash offer to remaining shareholders at NOK 10,-0.008502159729091296,0.0006051006240630988,0.02331189918195572,0.0048020593524933
ZAL.OL,2026-09-14 07:00,2026-09-14,pre-open,60,09:55,-0.006274436381818034,-1,small,Delisting application approved; Kona BidCo AS extends cash offer to remaining shareholders at NOK 10,-0.001472377029324734,0.007634883323829604,0.030341681881722225,0.0048020593524933
ELMRA.OL,2026-09-18 16:00,2026-09-18,intraday,5,16:00,-0.0004836146508689675,-1,small,Elmera Group ASA – Extension of offer period for recommended voluntary cash tender offer from Fortum,0.00024526475374044183,-0.0008766278645614125,-0.012809917412894653,0.0007288794046094171
ELMRA.OL,2026-09-18 16:00,2026-09-18,intraday,10,16:05,-0.0004888500712018672,-1,small,Elmera Group ASA – Extension of offer period for recommended voluntary cash tender offer from Fortum,0.00024002933340754214,-0.0008818632848943122,-0.012815152833227553,0.0007288794046094171
ELMRA.OL,2026-09-18 16:00,2026-09-18,intraday,15,16:10,-0.0013713806388609738,-1,small,Elmera Group ASA – Extension of offer period for recommended voluntary cash tender offer from Fortum,-0.0006425012342515645,-0.0017643938525534189,-0.01369768340088666,0.0007288794046094171
SNTIA.OL,2026-09-18 15:00,2026-09-18,intraday,5,15:05,0.0034815522820178407,1,small,Avtale om rehabilitering av hotell i Stavanger,-0.0027798216909644823,-0.002637443497096444,-0.0009830434438249883,0.0007017305910534399
SNTIA.OL,2026-09-18 15:00,2026-09-18,intraday,10,15:10,0.002210544878157583,1,small,Avtale om rehabilitering av hotell i Stavanger,-0.00150881428710404,-0.001366436093236103,0.00028796396003535375,0.0007017305910534399
SNTIA.OL,2026-09-18 15:00,2026-09-18,intraday,15,15:15,0.0027137180079817025,1,small,Avtale om rehabilitering av hotell i Stavanger,-0.0020119874169281593,-0.0018696092230602224,-0.00021520916978876557,0.0007017305910534399
SNTIA.OL,2026-09-18 15:00,2026-09-18,intraday,30,15:30,0.004484840759525559,1,small,Avtale om rehabilitering av hotell i Stavanger,-0.003783110168472201,-0.003640731974604163,-0.001986331921332707,0.0007017305910534399
SNTIA.OL,2026-09-18 15:00,2026-09-18,intraday,60,16:00,0.004335767558460796,1,small,Avtale om rehabilitering av hotell i Stavanger,-0.0036340369674072526,-0.003491658773539316,-0.0018372587202678588,0.0007017305910534399
SNTIA.OL,2026-09-18 15:00,2026-09-18,intraday,5,15:05,0.0034815522820178407,1,small,Agreement for hotel rehabilitation in Stavanger,-0.0027798216909644823,-0.002637443497096444,-0.0009830434438249883,0.0007017305910534399
SNTIA.OL,2026-09-18 15:00,2026-09-18,intraday,10,15:10,0.002210544878157583,1,small,Agreement for hotel rehabilitation in Stavanger,-0.00150881428710404,-0.001366436093236103,0.00028796396003535375,0.0007017305910534399
SNTIA.OL,2026-09-18 15:00,2026-09-18,intraday,15,15:15,0.0027137180079817025,1,small,Agreement for hotel rehabilitation in Stavanger,-0.0020119874169281593,-0.0018696092230602224,-0.00021520916978876557,0.0007017305910534399
SNTIA.OL,2026-09-18 15:00,2026-09-18,intraday,30,15:30,0.004484840759525559,1,small,Agreement for hotel rehabilitation in Stavanger,-0.003783110168472201,-0.003640731974604163,-0.001986331921332707,0.0007017305910534399
SNTIA.OL,2026-09-18 15:00,2026-09-18,intraday,60,16:00,0.004335767558460796,1,small,Agreement for hotel rehabilitation in Stavanger,-0.0036340369674072526,-0.003491658773539316,-0.0018372587202678588,0.0007017305910534399
AUTO.OL,2026-09-18 14:45,2026-09-18,intraday,5,14:50,0.0037597823390898,1,mid,AutoStore Holdings Ltd. - Grants under the new long-term incentive plan 2026,-0.016901757497519154,0.024778419998742213,0.026310043148788487,-0.013141975158429482
AUTO.OL,2026-09-18 14:45,2026-09-18,intraday,10,14:55,0.0051421319693214194,1,mid,AutoStore Holdings Ltd. - Grants under the new long-term incentive plan 2026,-0.018284107127750877,0.023396070368510435,0.0249276935185567,-0.013141975158429482
AUTO.OL,2026-09-18 14:45,2026-09-18,intraday,15,15:00,0.002818506014818251,1,mid,AutoStore Holdings Ltd. - Grants under the new long-term incentive plan 2026,-0.015960481173247568,0.025719696323013682,0.02725131947306001,-0.013141975158429482
AUTO.OL,2026-09-18 14:45,2026-09-18,intraday,30,15:15,-0.0035823080471614824,-1,mid,AutoStore Holdings Ltd. - Grants under the new long-term incentive plan 2026,0.009559667111267963,-0.03212051038499343,-0.033652133535039666,0.013141975158429482
AUTO.OL,2026-09-18 14:45,2026-09-18,intraday,60,15:45,-0.021660761786083258,-1,mid,AutoStore Holdings Ltd. - Grants under the new long-term incentive plan 2026,-0.00851878662765389,-0.05019896412391527,-0.05173058727396145,0.013141975158429482
MULTI.OL,2026-09-18 14:00,2026-09-18,intraday,5,14:05,0.00020611129886971558,1,small,Correction: Interim report Q2 and H1 2026,-0.005662636438827824,-0.01125761698460784,-0.0007797987995309692,-0.005456525139958109
MULTI.OL,2026-09-18 14:00,2026-09-18,intraday,10,14:10,-2.78417493776717e-05,-1,small,Correction: Interim report Q2 and H1 2026,0.005428683390580437,0.011023663936360452,0.0005458457512835819,0.005456525139958109
MULTI.OL,2026-09-18 14:00,2026-09-18,intraday,15,14:15,0.00033952212457014075,1,small,Correction: Interim report Q2 and H1 2026,-0.0057960472645282495,-0.011391027810308265,-0.0009132096252313943,-0.005456525139958109
MULTI.OL,2026-09-18 14:00,2026-09-18,intraday,30,14:30,-0.009742983052701827,-1,small,Correction: Interim report Q2 and H1 2026,-0.004286457912743739,0.001308522633036316,-0.009169295552040574,0.005456525139958109
MULTI.OL,2026-09-18 14:00,2026-09-18,intraday,60,15:00,-0.009281796145237888,-1,small,Correction: Interim report Q2 and H1 2026,-0.0038252710052797986,0.0017697095405002556,-0.008708108644576634,0.005456525139958109
PLSV.OL,2026-09-18 11:36,2026-09-18,intraday,5,11:40,0.003777971599263425,1,small,Paratus Energy: Update regarding the Petrobras Tender process,-0.00867407647989152,-0.01871374588144636,-0.03544720858221331,-0.004896104880628185
PLSV.OL,2026-09-18 11:36,2026-09-18,intraday,10,11:45,0.00019312759023917825,1,small,Paratus Energy: Update regarding the Petrobras Tender process,-0.005089232470867363,-0.015128901872422225,-0.031862364573189125,-0.004896104880628185
PLSV.OL,2026-09-18 11:36,2026-09-18,intraday,15,11:50,0.00030885731609567573,1,small,Paratus Energy: Update regarding the Petrobras Tender process,-0.005204962196723917,-0.015244631598278675,-0.031978094299045606,-0.004896104880628185
PLSV.OL,2026-09-18 11:36,2026-09-18,intraday,30,12:05,0.0011237441943101915,1,small,Paratus Energy: Update regarding the Petrobras Tender process,-0.006019849074938433,-0.01605951847649319,-0.03279298117726012,-0.004896104880628185
PLSV.OL,2026-09-18 11:36,2026-09-18,intraday,60,12:35,-0.0008643255890892765,-1,small,Paratus Energy: Update regarding the Petrobras Tender process,0.0040317792915389086,0.01407144869309377,0.03080491139386067,0.004896104880628185
SMOP.OL,2026-09-18 10:00,2026-09-18,intraday,5,10:05,0.025378698232607917,1,small,Carinthia gains independent digital infrastructure as BIK launches ALPSiX powered by Smartoptics and,0.026560401269116227,0.03705977418777322,-0.014124012503005809,0.051939099501724144
SMOP.OL,2026-09-18 10:00,2026-09-18,intraday,10,10:10,0.021448052678132122,1,small,Carinthia gains independent digital infrastructure as BIK launches ALPSiX powered by Smartoptics and,0.03049104682359205,0.04099041974224903,-0.010193366948530062,0.051939099501724144
SMOP.OL,2026-09-18 10:00,2026-09-18,intraday,15,10:15,0.021827514431923815,1,small,Carinthia gains independent digital infrastructure as BIK launches ALPSiX powered by Smartoptics and,0.030111585069800356,0.04061095798845734,-0.010572828702321756,0.051939099501724144
SMOP.OL,2026-09-18 10:00,2026-09-18,intraday,30,10:30,0.021884826191841143,1,small,Carinthia gains independent digital infrastructure as BIK launches ALPSiX powered by Smartoptics and,0.03005427330988303,0.04055364622854001,-0.010630140462239084,0.051939099501724144
SMOP.OL,2026-09-18 10:00,2026-09-18,intraday,60,11:00,0.02899670849077933,1,small,Carinthia gains independent digital infrastructure as BIK launches ALPSiX powered by Smartoptics and,0.022942391010944925,0.03344176392960173,-0.017742022761177263,0.051939099501724144
ELMRA.OL,2026-09-18 08:00,2026-09-18,pre-open,5,09:00,-0.0018385238247876842,-1,small,Elmera Group ASA – Reminder of the last day of the offer period for recommended voluntary cash tende,-0.018426353258017145,-0.019548245876319027,-0.03148153542465229,-0.016587829433229603
ELMRA.OL,2026-09-18 08:00,2026-09-18,pre-open,10,09:05,0.0008340217776167183,1,small,Elmera Group ASA – Reminder of the last day of the offer period for recommended voluntary cash tende,0.015753807655612743,0.016875700273914624,0.02880898982224789,0.016587829433229603
ELMRA.OL,2026-09-18 08:00,2026-09-18,pre-open,15,09:10,0.003040213453337431,1,small,Elmera Group ASA – Reminder of the last day of the offer period for recommended voluntary cash tende,0.013547615979892045,0.014669508598193942,0.02660279814652728,0.016587829433229603
ELMRA.OL,2026-09-18 08:00,2026-09-18,pre-open,30,09:25,0.006615275690876493,1,small,Elmera Group ASA – Reminder of the last day of the offer period for recommended voluntary cash tende,0.009972553742352983,0.01109444636065488,0.02302773590898822,0.016587829433229603
ELMRA.OL,2026-09-18 08:00,2026-09-18,pre-open,60,09:55,0.007415494334519984,1,small,Elmera Group ASA – Reminder of the last day of the offer period for recommended voluntary cash tende,0.009172335098709492,0.010294227717011389,0.022227517265344728,0.016587829433229603
BINT.OL,2026-09-17 15:10,2026-09-17,intraday,5,15:10,-0.045176197558479916,-1,small,Corvus Estate AS enters sale-and-leaseback agreement with AKVA Group for property in Hitra,0.0027756050711959246,-0.023646786693742358,-0.022946763207031033,0.04795180262967584
BINT.OL,2026-09-17 15:10,2026-09-17,intraday,10,15:15,-0.04462372255114831,-1,small,Corvus Estate AS enters sale-and-leaseback agreement with AKVA Group for property in Hitra,0.003328080078527529,-0.023094311686410754,-0.02239428819969943,0.04795180262967584
BINT.OL,2026-09-17 15:10,2026-09-17,intraday,15,15:20,-0.04364291451067752,-1,small,Corvus Estate AS enters sale-and-leaseback agreement with AKVA Group for property in Hitra,0.004308888118998322,-0.02211350364593996,-0.021413480159228636,0.04795180262967584
BINT.OL,2026-09-17 15:10,2026-09-17,intraday,30,15:35,-0.04560597549925781,-1,small,Corvus Estate AS enters sale-and-leaseback agreement with AKVA Group for property in Hitra,0.0023458271304180323,-0.02407656463452025,-0.023376541147808926,0.04795180262967584
BINT.OL,2026-09-17 15:10,2026-09-17,intraday,60,16:05,-0.0337194209489354,-1,small,Corvus Estate AS enters sale-and-leaseback agreement with AKVA Group for property in Hitra,0.014232381680740359,-0.012190010084197865,-0.011489986597486623,0.04795180262967584
LINK.OL,2026-09-17 15:00,2026-09-17,intraday,5,15:05,0.011959767818554089,1,small,LINK Mobility sees important milestone for RCS Business Messaging in Sweden,-0.003505831710094337,-0.005966527377284302,0.03929319280764188,0.008453936108459764
LINK.OL,2026-09-17 15:00,2026-09-17,intraday,10,15:10,0.01292297970342304,1,small,LINK Mobility sees important milestone for RCS Business Messaging in Sweden,-0.0044690435949633215,-0.006929739262153286,0.03832998092277273,0.008453936108459764
LINK.OL,2026-09-17 15:00,2026-09-17,intraday,15,15:15,0.015166110894747172,1,small,LINK Mobility sees important milestone for RCS Business Messaging in Sweden,-0.006712174786287415,-0.009172870453477413,0.03608684973144864,0.008453936108459764
LINK.OL,2026-09-17 15:00,2026-09-17,intraday,30,15:30,0.007723832098538395,1,small,LINK Mobility sees important milestone for RCS Business Messaging in Sweden,0.0007301040099214192,-0.0017305916572685626,0.04352912852765753,0.008453936108459764
LINK.OL,2026-09-17 15:00,2026-09-17,intraday,60,16:00,0.007689110918656745,1,small,LINK Mobility sees important milestone for RCS Business Messaging in Sweden,0.0007648251898030166,-0.0016958704773869186,0.04356384970753915,0.008453936108459764
WAWI.OL,2026-09-17 12:30,2026-09-17,intraday,5,12:30,-0.0002139402974999443,-1,mid,Wallenius Wilhelmsen: Investor Presentation at Pareto Securities Energy Conference,0.012415731283983676,0.031500453266474014,0.011763227914614555,0.012629671581483527
WAWI.OL,2026-09-17 12:30,2026-09-17,intraday,10,12:35,0.00025187013988931645,1,mid,Wallenius Wilhelmsen: Investor Presentation at Pareto Securities Energy Conference,-0.01288154172137294,-0.03196626370386331,-0.012229038352003833,-0.012629671581483527
WAWI.OL,2026-09-17 12:30,2026-09-17,intraday,15,12:40,-0.0006777396101077723,-1,mid,Wallenius Wilhelmsen: Investor Presentation at Pareto Securities Energy Conference,0.011951931971375873,0.031036653953866254,0.011299428602006802,0.012629671581483527
WAWI.OL,2026-09-17 12:30,2026-09-17,intraday,30,12:55,-0.0016972448429871667,-1,mid,Wallenius Wilhelmsen: Investor Presentation at Pareto Securities Energy Conference,0.01093242673849636,0.030017148720986715,0.010279923369127319,0.012629671581483527
WAWI.OL,2026-09-17 12:30,2026-09-17,intraday,60,13:25,-0.004302719584242188,-1,mid,Wallenius Wilhelmsen: Investor Presentation at Pareto Securities Energy Conference,0.008326951997241403,0.02741167397973172,0.007674448627872289,0.012629671581483527
ORK.OL,2026-09-17 11:20,2026-09-17,intraday,5,11:25,-0.0015364599765870179,-1,mid,Orkla Snacks  acquisition of The European Candy Group completed,0.00490640190563978,0.009562061427514437,-0.037550783592369005,0.006442861882226817
ORK.OL,2026-09-17 11:20,2026-09-17,intraday,10,11:30,-0.002729418623352277,-1,mid,Orkla Snacks  acquisition of The European Candy Group completed,0.003713443258874513,0.008369102780749219,-0.038743742239134134,0.006442861882226817
ORK.OL,2026-09-17 11:20,2026-09-17,intraday,15,11:35,-0.0024138771326807987,-1,mid,Orkla Snacks  acquisition of The European Candy Group completed,0.004028984749545991,0.008684644271420697,-0.038428200748462656,0.006442861882226817
ORK.OL,2026-09-17 11:20,2026-09-17,intraday,30,11:50,-0.003569462392855257,-1,mid,Orkla Snacks  acquisition of The European Candy Group completed,0.0028733994893715355,0.007529059011246111,-0.0395837860086373,0.006442861882226817
ORK.OL,2026-09-17 11:20,2026-09-17,intraday,60,12:20,-0.003233966378700509,-1,mid,Orkla Snacks  acquisition of The European Candy Group completed,0.0032088955035262847,0.007864555025400921,-0.03924828999448245,0.006442861882226817
SMOP.OL,2026-09-17 11:14,2026-09-17,intraday,5,11:15,0.0002712867852841805,1,small,Smartoptics Group ASA - Q2 and first half 2026 report (correction),0.028555611104277595,0.06683581612525254,0.020792331173789945,0.028826897889561776
SMOP.OL,2026-09-17 11:14,2026-09-17,intraday,10,11:20,-9.282292795514957e-05,-1,small,Smartoptics Group ASA - Q2 and first half 2026 report (correction),-0.028919720817516925,-0.06719992583849187,-0.021156440887029275,-0.028826897889561776
SMOP.OL,2026-09-17 11:14,2026-09-17,intraday,15,11:25,-0.000170499063209123,-1,small,Smartoptics Group ASA - Q2 and first half 2026 report (correction),-0.0289973969527709,-0.06727760197374584,-0.02123411702228325,-0.028826897889561776
SMOP.OL,2026-09-17 11:14,2026-09-17,intraday,30,11:40,-0.002558231842762157,-1,small,Smartoptics Group ASA - Q2 and first half 2026 report (correction),-0.03138512973232394,-0.06966533475329875,-0.023621849801836382,-0.028826897889561776
SMOP.OL,2026-09-17 11:14,2026-09-17,intraday,60,12:10,0.004104241454777852,1,small,Smartoptics Group ASA - Q2 and first half 2026 report (correction),0.024722656434783736,0.06300286145575862,0.01695937650429624,0.028826897889561776
MORLD.OL,2026-09-17 10:30,2026-09-17,intraday,5,10:35,-0.004726370122152458,-1,small,Moreld ASA: Presentation at Pareto Securities' Energy Conference,-0.002126431764914701,0.0011830491058162085,0.03992213640525439,0.0025999383572376574
MORLD.OL,2026-09-17 10:30,2026-09-17,intraday,10,10:40,-0.005220922077619007,-1,small,Moreld ASA: Presentation at Pareto Securities' Energy Conference,-0.00262098372038125,0.0006884971503496595,0.03942758444978784,0.0025999383572376574
MORLD.OL,2026-09-17 10:30,2026-09-17,intraday,15,10:45,-0.006224248226889629,-1,small,Moreld ASA: Presentation at Pareto Securities' Energy Conference,-0.0036243098696518723,-0.00031482899892096294,0.03842425830051722,0.0025999383572376574
MORLD.OL,2026-09-17 10:30,2026-09-17,intraday,30,11:00,-0.009704559979091783,-1,small,Moreld ASA: Presentation at Pareto Securities' Energy Conference,-0.007104621621853923,-0.003795140751123092,0.03494394654831511,0.0025999383572376574
MORLD.OL,2026-09-17 10:30,2026-09-17,intraday,60,11:30,-0.01006136093600324,-1,small,Moreld ASA: Presentation at Pareto Securities' Energy Conference,-0.00746142257876538,-0.004151941708034549,0.034587145591403655,0.0025999383572376574
ENH.OL,2026-09-17 09:54,2026-09-17,intraday,5,09:55,-0.000384919860062477,-1,small,Energy Holdings: Presentation at Pareto Securities Energy Conference 2026,0.02015216838948007,0.005236339913525153,0.17635376482935522,0.02053708824954255
ENH.OL,2026-09-17 09:54,2026-09-17,intraday,10,10:00,0.0011383371488182337,1,small,Energy Holdings: Presentation at Pareto Securities Energy Conference 2026,-0.02167542539836085,-0.00675959692240598,-0.17787702183823598,-0.02053708824954255
ENH.OL,2026-09-17 09:54,2026-09-17,intraday,15,10:05,-0.0008678182695267544,-1,small,Energy Holdings: Presentation at Pareto Securities Energy Conference 2026,0.019669269980015794,0.004753441504060875,0.17587086641989094,0.02053708824954255
ENH.OL,2026-09-17 09:54,2026-09-17,intraday,30,10:20,-0.0004814271515386215,-1,small,Energy Holdings: Presentation at Pareto Securities Energy Conference 2026,0.020055661098003927,0.005139832622049008,0.17625725753787908,0.02053708824954255
ENH.OL,2026-09-17 09:54,2026-09-17,intraday,60,10:50,-0.0037607867980669063,-1,small,Energy Holdings: Presentation at Pareto Securities Energy Conference 2026,0.016776301451475642,0.0018604729755207234,0.1729778978913508,0.02053708824954255
VEI.OL,2026-09-17 08:00,2026-09-17,pre-open,5,09:00,0.005815331525656266,1,small,Veidekke: Building apartments for Aspelin Ramm Fastigheter in Gothenburg,-0.0014985046222000305,0.0011514782203465423,0.022196646281795355,0.004316826903456056
VEI.OL,2026-09-17 08:00,2026-09-17,pre-open,10,09:05,0.010738763344866877,1,small,Veidekke: Building apartments for Aspelin Ramm Fastigheter in Gothenburg,-0.00642193644141062,-0.003771953598864049,0.017273214462584764,0.004316826903456056
VEI.OL,2026-09-17 08:00,2026-09-17,pre-open,15,09:10,0.019854190336436036,1,small,Veidekke: Building apartments for Aspelin Ramm Fastigheter in Gothenburg,-0.015537363432979855,-0.012887380590433298,0.008157787471015778,0.004316826903456056
VEI.OL,2026-09-17 08:00,2026-09-17,pre-open,30,09:25,0.016350922879446256,1,small,Veidekke: Building apartments for Aspelin Ramm Fastigheter in Gothenburg,-0.0120340959759902,-0.009384113133443634,0.011661054928005196,0.004316826903456056
VEI.OL,2026-09-17 08:00,2026-09-17,pre-open,60,09:55,0.011463055308384127,1,small,Veidekke: Building apartments for Aspelin Ramm Fastigheter in Gothenburg,-0.007146228404928008,-0.004496245562381504,0.016548922499067507,0.004316826903456056
VEI.OL,2026-09-17 08:00,2026-09-17,pre-open,5,09:00,0.005815331525656266,1,small,Veidekke: Bygger leiligheter for Aspelin Ramm Fastigheter i Göteborg,-0.0014985046222000305,0.0011514782203465423,0.022196646281795355,0.004316826903456056
VEI.OL,2026-09-17 08:00,2026-09-17,pre-open,10,09:05,0.010738763344866877,1,small,Veidekke: Bygger leiligheter for Aspelin Ramm Fastigheter i Göteborg,-0.00642193644141062,-0.003771953598864049,0.017273214462584764,0.004316826903456056
VEI.OL,2026-09-17 08:00,2026-09-17,pre-open,15,09:10,0.019854190336436036,1,small,Veidekke: Bygger leiligheter for Aspelin Ramm Fastigheter i Göteborg,-0.015537363432979855,-0.012887380590433298,0.008157787471015778,0.004316826903456056
VEI.OL,2026-09-17 08:00,2026-09-17,pre-open,30,09:25,0.016350922879446256,1,small,Veidekke: Bygger leiligheter for Aspelin Ramm Fastigheter i Göteborg,-0.0120340959759902,-0.009384113133443634,0.011661054928005196,0.004316826903456056
VEI.OL,2026-09-17 08:00,2026-09-17,pre-open,60,09:55,0.011463055308384127,1,small,Veidekke: Bygger leiligheter for Aspelin Ramm Fastigheter i Göteborg,-0.007146228404928008,-0.004496245562381504,0.016548922499067507,0.004316826903456056
BRG.OL,2026-09-17 08:00,2026-09-17,pre-open,5,09:00,0.0068220742069413105,1,small,Borregaard ASA: Capital Markets Day 2026 - Scaling specialisation. Delivering greater value.,-0.014265967662271752,-0.011417594034217968,0.01486246924343464,-0.00744389345533052
BRG.OL,2026-09-17 08:00,2026-09-17,pre-open,10,09:05,0.007360666978099463,1,small,Borregaard ASA: Capital Markets Day 2026 - Scaling specialisation. Delivering greater value.,-0.01480456043343006,-0.011956186805376273,0.014323876472276524,-0.00744389345533052
BRG.OL,2026-09-17 08:00,2026-09-17,pre-open,15,09:10,0.007108343966068504,1,small,Borregaard ASA: Capital Markets Day 2026 - Scaling specialisation. Delivering greater value.,-0.014552237421399102,-0.011703863793345315,0.014576199484307483,-0.00744389345533052
BRG.OL,2026-09-17 08:00,2026-09-17,pre-open,30,09:25,0.003239784014946458,1,small,Borregaard ASA: Capital Markets Day 2026 - Scaling specialisation. Delivering greater value.,-0.0106836774702769,-0.007835303842223116,0.018444759435429493,-0.00744389345533052
BRG.OL,2026-09-17 08:00,2026-09-17,pre-open,60,09:55,0.004736998390055749,1,small,Borregaard ASA: Capital Markets Day 2026 - Scaling specialisation. Delivering greater value.,-0.012180891845386304,-0.009332518217332504,0.016947545060320153,-0.00744389345533052
DNO.OL,2026-09-17 08:00,2026-09-17,pre-open,5,09:00,-0.018693038592834485,-1,mid,Recommended Revised All-Cash Offer for Capricorn Energy plc,0.017163911828522626,-0.0025651767174989758,-0.011580644569855032,0.03585695042135706
DNO.OL,2026-09-17 08:00,2026-09-17,pre-open,10,09:05,-0.02136907029100969,-1,mid,Recommended Revised All-Cash Offer for Capricorn Energy plc,0.014487880130347483,-0.005241208415674162,-0.014256676268030129,0.03585695042135706
DNO.OL,2026-09-17 08:00,2026-09-17,pre-open,15,09:10,-0.020590441760338335,-1,mid,Recommended Revised All-Cash Offer for Capricorn Energy plc,0.015266508661018818,-0.004462579885002734,-0.013478047737358858,0.03585695042135706
DNO.OL,2026-09-17 08:00,2026-09-17,pre-open,30,09:25,-0.024339261815869446,-1,mid,Recommended Revised All-Cash Offer for Capricorn Energy plc,0.011517688605487601,-0.008211399940533914,-0.017226867792890087,0.03585695042135706
DNO.OL,2026-09-17 08:00,2026-09-17,pre-open,60,09:55,-0.025339622631700042,-1,mid,Recommended Revised All-Cash Offer for Capricorn Energy plc,0.01051732778965713,-0.009211760756364516,-0.018227228608720482,0.03585695042135706
ELMRA.OL,2026-09-17 08:00,2026-09-17,pre-open,5,09:00,-0.013230393962978511,-1,small,Elmera Group ASA – Reminder of offer period expiry at 16:30 CEST tomorrow for recommended voluntary ,0.008020072519598864,-0.008567756913630629,-0.021714819654414897,0.02125046648257738
ELMRA.OL,2026-09-17 08:00,2026-09-17,pre-open,10,09:05,-0.015390817032172962,-1,small,Elmera Group ASA – Reminder of offer period expiry at 16:30 CEST tomorrow for recommended voluntary ,0.005859649450404414,-0.01072817998282508,-0.023875242723609347,0.02125046648257738
ELMRA.OL,2026-09-17 08:00,2026-09-17,pre-open,15,09:10,-0.015643140044203918,-1,small,Elmera Group ASA – Reminder of offer period expiry at 16:30 CEST tomorrow for recommended voluntary ,0.005607326438373456,-0.010980502994856037,-0.024127565735640306,0.02125046648257738
ELMRA.OL,2026-09-17 08:00,2026-09-17,pre-open,30,09:25,-0.00597834234749106,-1,small,Elmera Group ASA – Reminder of offer period expiry at 16:30 CEST tomorrow for recommended voluntary ,0.015272124135086333,-0.0013157052981431312,-0.014462768038927577,0.02125046648257738
ELMRA.OL,2026-09-17 08:00,2026-09-17,pre-open,60,09:55,-0.00852702756538101,-1,small,Elmera Group ASA – Reminder of offer period expiry at 16:30 CEST tomorrow for recommended voluntary ,0.012723438917196381,-0.0038643905160330822,-0.01701145325681753,0.02125046648257738
VEND.OL,2026-09-17 07:00,2026-09-17,pre-open,5,09:00,-0.0004661320161204139,-1,mid,Vend Marketplaces ASA: Comment on Prisjakt's announced claim for damages against Google,0.005438207268919177,0.027644752993473676,0.11868701833627388,0.005904339285039762
VEND.OL,2026-09-17 07:00,2026-09-17,pre-open,10,09:05,0.0024754837240351484,1,mid,Vend Marketplaces ASA: Comment on Prisjakt's announced claim for damages against Google,-0.008379823009075011,-0.03058636873362947,-0.12162863407642961,-0.005904339285039762
VEND.OL,2026-09-17 07:00,2026-09-17,pre-open,15,09:10,-0.0003246372841002104,-1,mid,Vend Marketplaces ASA: Comment on Prisjakt's announced claim for damages against Google,0.0055797020009394375,0.027786247725493922,0.11882851306829414,0.005904339285039762
VEND.OL,2026-09-17 07:00,2026-09-17,pre-open,30,09:25,0.00020509323951375513,1,mid,Vend Marketplaces ASA: Comment on Prisjakt's announced claim for damages against Google,-0.006109432524553624,-0.02831597824910801,-0.11935824359190816,-0.005904339285039762
VEND.OL,2026-09-17 07:00,2026-09-17,pre-open,60,09:55,-0.0031929007641682853,-1,mid,Vend Marketplaces ASA: Comment on Prisjakt's announced claim for damages against Google,0.002711438520871459,0.024917984245425864,0.11596024958822604,0.005904339285039762
FRO.OL,2026-09-16 22:10,2026-09-17,after-close,5,09:00,-0.045472265299292776,-1,large,FRO - Filing of Half Yearly Report,0.022086211604233963,0.003110218439241792,0.043502945329771586,0.06755847690352675
FRO.OL,2026-09-16 22:10,2026-09-17,after-close,10,09:05,-0.048048860252336505,-1,large,FRO - Filing of Half Yearly Report,0.01950961665119015,0.0005336234861980076,0.04092635037672789,0.06755847690352675
FRO.OL,2026-09-16 22:10,2026-09-17,after-close,15,09:10,-0.04394024583663128,-1,large,FRO - Filing of Half Yearly Report,0.02361823106689544,0.00464223790190337,0.04503496479243322,0.06755847690352675
FRO.OL,2026-09-16 22:10,2026-09-17,after-close,30,09:25,-0.04884659795348676,-1,large,FRO - Filing of Half Yearly Report,0.01871187895004002,-0.00026411421495221854,0.0401286126755777,0.06755847690352675
FRO.OL,2026-09-16 22:10,2026-09-17,after-close,60,09:55,-0.046829987350801364,-1,large,FRO - Filing of Half Yearly Report,0.02072848955272541,0.0017524963877332575,0.042145223278263075,0.06755847690352675
REACH.OL,2026-09-16 17:14,2026-09-17,after-close,5,09:00,0.007676491960060752,1,small,Reach Subsea ASA – Presentation at Pareto Securities Energy Conference 2026,-0.015616386167985052,-0.023749137134467108,-0.017777754186457547,-0.0079398942079243
REACH.OL,2026-09-16 17:14,2026-09-17,after-close,10,09:05,0.005516068890866302,1,small,Reach Subsea ASA – Presentation at Pareto Securities Energy Conference 2026,-0.013455963098790602,-0.021588714065272657,-0.015617331117263097,-0.0079398942079243
REACH.OL,2026-09-16 17:14,2026-09-17,after-close,15,09:10,0.005263745878835343,1,small,Reach Subsea ASA – Presentation at Pareto Securities Energy Conference 2026,-0.013203640086759644,-0.0213363910532417,-0.015365008105232138,-0.0079398942079243
REACH.OL,2026-09-16 17:14,2026-09-17,after-close,30,09:25,0.0040942017680658995,1,small,Reach Subsea ASA – Presentation at Pareto Securities Energy Conference 2026,-0.0120340959759902,-0.020166846942472255,-0.014195463994462695,-0.0079398942079243
REACH.OL,2026-09-16 17:14,2026-09-17,after-close,60,09:55,0.014888954573639878,1,small,Reach Subsea ASA – Presentation at Pareto Securities Energy Conference 2026,-0.022828848781564243,-0.030961599748046242,-0.02499021680003671,-0.0079398942079243
STB.OL,2026-09-16 17:00,2026-09-17,after-close,5,09:00,0.0026729738793166286,1,mid,STOREBRAND ASA: Quarterly Newsletter Q3 2026,-0.014620881124480409,-0.02073551271669289,-0.0408428420369886,-0.01194790724516393
STB.OL,2026-09-16 17:00,2026-09-17,after-close,10,09:05,0.0005125508101221782,1,mid,STOREBRAND ASA: Quarterly Newsletter Q3 2026,-0.012460458055285959,-0.01857508964749844,-0.03868241896779415,-0.01194790724516393
STB.OL,2026-09-16 17:00,2026-09-17,after-close,15,09:10,0.004236391255108189,1,mid,STOREBRAND ASA: Quarterly Newsletter Q3 2026,-0.016184298500272122,-0.022298930092484525,-0.04240625941278029,-0.01194790724516393
STB.OL,2026-09-16 17:00,2026-09-17,after-close,30,09:25,8.618873082627022e-05,1,mid,STOREBRAND ASA: Quarterly Newsletter Q3 2026,-0.0120340959759902,-0.01814872756820262,-0.03825605688849846,-0.01194790724516393
STB.OL,2026-09-16 17:00,2026-09-17,after-close,60,09:55,-0.004454498592005397,-1,mid,STOREBRAND ASA: Quarterly Newsletter Q3 2026,0.0074934086531584995,0.013608040245370826,0.033715369565666675,0.01194790724516393
2020.OL,2026-09-16 13:20,2026-09-16,intraday,5,13:25,0.00021959230460794066,1,small,2020 Bulkers Ltd. (2020)   Announcement of a letter of intent to acquire up to 15x large AHTS vessel,0.6273002008376308,1.018506924681021,0.40645308424367793,0.6275197931422388
2020.OL,2026-09-16 13:20,2026-09-16,intraday,10,13:30,-0.0001247925344927403,-1,small,2020 Bulkers Ltd. (2020)   Announcement of a letter of intent to acquire up to 15x large AHTS vessel,-0.6276445856767315,-1.0188513095201217,-0.4067974690827786,-0.6275197931422388
2020.OL,2026-09-16 13:20,2026-09-16,intraday,15,13:35,-6.485724087090805e-05,-1,small,2020 Bulkers Ltd. (2020)   Announcement of a letter of intent to acquire up to 15x large AHTS vessel,-0.6275846503831097,-1.0187913742264998,-0.4067375337891568,-0.6275197931422388
2020.OL,2026-09-16 13:20,2026-09-16,intraday,30,13:50,-0.0009353099739594639,-1,small,2020 Bulkers Ltd. (2020)   Announcement of a letter of intent to acquire up to 15x large AHTS vessel,-0.6284551031161982,-1.0196618269595885,-0.40760798652224534,-0.6275197931422388
2020.OL,2026-09-16 13:20,2026-09-16,intraday,60,14:20,-0.0006569574526102684,-1,small,2020 Bulkers Ltd. (2020)   Announcement of a letter of intent to acquire up to 15x large AHTS vessel,-0.628176750594849,-1.0193834744382393,-0.40732963400089617,-0.6275197931422388
PEN.OL,2026-09-16 11:55,2026-09-16,intraday,5,12:00,-0.0028519924818168796,-1,small,Panoro Energy Presenting at Energy Conference in Oslo,0.016333708199155805,0.056469895584522034,0.08132857089992092,0.019185700680972695
PEN.OL,2026-09-16 11:55,2026-09-16,intraday,10,12:05,-0.0019043647285079124,-1,small,Panoro Energy Presenting at Energy Conference in Oslo,0.017281335952464782,0.057417523337831,0.0822761986532298,0.019185700680972695
PEN.OL,2026-09-16 11:55,2026-09-16,intraday,15,12:10,-0.0019334267028871255,-1,small,Panoro Energy Presenting at Energy Conference in Oslo,0.01725227397808557,0.057388461363451784,0.08224713667885059,0.019185700680972695
PEN.OL,2026-09-16 11:55,2026-09-16,intraday,30,12:25,0.004578721040983887,1,small,Panoro Energy Presenting at Energy Conference in Oslo,-0.023764421721956572,-0.06390060910732287,-0.08875928442272164,-0.019185700680972695
PEN.OL,2026-09-16 11:55,2026-09-16,intraday,60,12:55,-7.240029030112323e-05,-1,small,Panoro Energy Presenting at Energy Conference in Oslo,0.01911330039067156,0.05924948777603776,0.08410816309143665,0.019185700680972695
AGLX.OL,2026-09-16 08:30,2026-09-16,pre-open,5,09:00,-0.005677080507196647,-1,small,Agilyx ASA: Presenting at Pareto Securities' Energy Conference,0.01743897576803993,0.03437442452424283,-0.019249571809651558,0.023116056275236576
AGLX.OL,2026-09-16 08:30,2026-09-16,pre-open,10,09:05,-0.007869490401498397,-1,small,Agilyx ASA: Presenting at Pareto Securities' Energy Conference,0.01524656587373818,0.03218201462994108,-0.021441981703953308,0.023116056275236576
AGLX.OL,2026-09-16 08:30,2026-09-16,pre-open,15,09:10,-0.006946651236787144,-1,small,Agilyx ASA: Presenting at Pareto Securities' Energy Conference,0.016169405038449432,0.033104853794652334,-0.020519142539242054,0.023116056275236576
AGLX.OL,2026-09-16 08:30,2026-09-16,pre-open,30,09:25,-0.012346714784441052,-1,small,Agilyx ASA: Presenting at Pareto Securities' Energy Conference,0.010769341490795538,0.027704790246998436,-0.02591920608689577,0.023116056275236576
AGLX.OL,2026-09-16 08:30,2026-09-16,pre-open,60,09:55,-0.011763396117348921,-1,small,Agilyx ASA: Presenting at Pareto Securities' Energy Conference,0.011352660157887669,0.028288108914090566,-0.025335887419803638,0.023116056275236576
HAFNI.OL,2026-09-16 07:45,2026-09-16,pre-open,5,09:00,0.020677105164301813,1,mid,HAFNIA LIMITED: Acquisition of an additional 4.5 million TORM shares,0.0032503786922576557,-0.007120511597746813,-0.046975363962011206,0.023927483856559476
HAFNI.OL,2026-09-16 07:45,2026-09-16,pre-open,10,09:05,0.02014354582617549,1,mid,HAFNIA LIMITED: Acquisition of an additional 4.5 million TORM shares,0.003783938030383868,-0.006586952259620549,-0.04644180462388504,0.023927483856559476
HAFNI.OL,2026-09-16 07:45,2026-09-16,pre-open,15,09:10,0.018300131497996745,1,mid,HAFNIA LIMITED: Acquisition of an additional 4.5 million TORM shares,0.0056273523585627355,-0.004743537931441669,-0.04459839029570613,0.023927483856559476
HAFNI.OL,2026-09-16 07:45,2026-09-16,pre-open,30,09:25,0.02351441842002982,1,mid,HAFNIA LIMITED: Acquisition of an additional 4.5 million TORM shares,0.00041306543652957616,-0.009957824853474741,-0.04981267721773923,0.023927483856559476
HAFNI.OL,2026-09-16 07:45,2026-09-16,pre-open,60,09:55,0.018011930732520057,1,mid,HAFNIA LIMITED: Acquisition of an additional 4.5 million TORM shares,0.0059155531240393504,-0.004455337165965016,-0.04431018953022958,0.023927483856559476
BWE.OL,2026-09-16 07:30,2026-09-16,pre-open,5,09:00,0.014766575035835752,1,small,BW Energy: Company Presentation Pareto Securities' Energy Conference 2026,-0.016891031268300084,-0.044118140022161086,-0.057561137452416436,-0.0021244562324644386
BWE.OL,2026-09-16 07:30,2026-09-16,pre-open,10,09:05,0.022641402598787178,1,small,BW Energy: Company Presentation Pareto Securities' Energy Conference 2026,-0.024765858831251455,-0.05199296758511245,-0.06543596501536773,-0.0021244562324644386
BWE.OL,2026-09-16 07:30,2026-09-16,pre-open,15,09:10,0.021893359366724884,1,small,BW Energy: Company Presentation Pareto Securities' Energy Conference 2026,-0.024017815599189085,-0.051244924353050086,-0.06468792178330549,-0.0021244562324644386
BWE.OL,2026-09-16 07:30,2026-09-16,pre-open,30,09:25,0.026024203491946868,1,small,BW Energy: Company Presentation Pareto Securities' Energy Conference 2026,-0.028148659724411215,-0.05537576847827213,-0.06881876590852748,-0.0021244562324644386
BWE.OL,2026-09-16 07:30,2026-09-16,pre-open,60,09:55,0.023268608135339496,1,small,BW Energy: Company Presentation Pareto Securities' Energy Conference 2026,-0.025393064367803697,-0.0526201731216647,-0.0660631705519201,-0.0021244562324644386
VAR.OL,2026-09-16 07:00,2026-09-16,pre-open,5,09:00,0.0037878691603484387,1,large,Vår Energi ASA to present at Pareto Securities' Annual Energy Conference,-0.01851290534426419,-0.05585341148933441,-0.06315909308818188,-0.014725036183915708
VAR.OL,2026-09-16 07:00,2026-09-16,pre-open,10,09:05,0.0008705423204534209,1,large,Vår Energi ASA to present at Pareto Securities' Annual Energy Conference,-0.015595578504369073,-0.05293608464943941,-0.060241766248286775,-0.014725036183915708
VAR.OL,2026-09-16 07:00,2026-09-16,pre-open,15,09:10,0.00034203843034422837,1,large,Vår Energi ASA to present at Pareto Securities' Annual Energy Conference,-0.015067074614259969,-0.05240758075933013,-0.05971326235817756,-0.014725036183915708
VAR.OL,2026-09-16 07:00,2026-09-16,pre-open,30,09:25,0.001859868755269287,1,large,Vår Energi ASA to present at Pareto Securities' Annual Energy Conference,-0.016584904939184984,-0.05392541108425524,-0.06123109268310255,-0.014725036183915708
VAR.OL,2026-09-16 07:00,2026-09-16,pre-open,60,09:55,0.0017172871989588404,1,large,Vår Energi ASA to present at Pareto Securities' Annual Energy Conference,-0.01644232338287458,-0.05378282952794474,-0.06108851112679217,-0.014725036183915708
MPCC.OL,2026-09-16 07:00,2026-09-16,pre-open,5,09:00,0.002591869640106938,1,mid,MPCC to present at the Pareto Securities' Energy Conference,-0.009681806305266575,-0.001398337361489959,0.001845531169733891,-0.007089936665159672
MPCC.OL,2026-09-16 07:00,2026-09-16,pre-open,10,09:05,0.000399459745805188,1,mid,MPCC to present at the Pareto Securities' Energy Conference,-0.007489396410964825,0.000794072532811791,0.004037941064035641,-0.007089936665159672
MPCC.OL,2026-09-16 07:00,2026-09-16,pre-open,15,09:10,0.0009641886537426741,1,mid,MPCC to present at the Pareto Securities' Energy Conference,-0.008054125318902516,0.0002293436248741558,0.003473212156097895,-0.007089936665159672
MPCC.OL,2026-09-16 07:00,2026-09-16,pre-open,30,09:25,-0.0021915128294221625,-1,mid,MPCC to present at the Pareto Securities' Energy Conference,0.00489842383573757,-0.003385045108038963,-0.006628913639262882,0.007089936665159672
MPCC.OL,2026-09-16 07:00,2026-09-16,pre-open,60,09:55,-0.001967849951679649,-1,mid,MPCC to present at the Pareto Securities' Energy Conference,0.005122086713480023,-0.003161382230296512,-0.006405250761520539,0.007089936665159672
TGS.OL,2026-09-16 07:00,2026-09-16,pre-open,5,09:00,0.032090166180467714,1,mid,TGS Presentation at Pareto Securities' 33rd Annual Energy Conference,0.02596713684551132,-0.013595284003086716,0.01293841371502423,0.05805730302597922
TGS.OL,2026-09-16 07:00,2026-09-16,pre-open,10,09:05,0.036866425602259466,1,mid,TGS Presentation at Pareto Securities' 33rd Annual Energy Conference,0.02119087742371976,-0.01837154342487829,0.008162154293232636,0.05805730302597922
TGS.OL,2026-09-16 07:00,2026-09-16,pre-open,15,09:10,0.04056314938158135,1,mid,TGS Presentation at Pareto Securities' 33rd Annual Energy Conference,0.017494153644397808,-0.022068267204200055,0.004465430513910752,0.05805730302597922
TGS.OL,2026-09-16 07:00,2026-09-16,pre-open,30,09:25,0.03510293049216841,1,mid,TGS Presentation at Pareto Securities' 33rd Annual Energy Conference,0.02295437253381082,-0.016608048314787082,0.00992564940332356,0.05805730302597922
TGS.OL,2026-09-16 07:00,2026-09-16,pre-open,60,09:55,0.04055241764706419,1,mid,TGS Presentation at Pareto Securities' 33rd Annual Energy Conference,0.01750488537891509,-0.02205753546968292,0.004476162248427909,0.05805730302597922
ELK.OL,2026-09-21 15:10,2026-09-21,intraday,5,15:15,0.0059184855254599,1,small,Elkem receives additional EU ETS allowances for 2021-2025 period,-0.0011924211204583737,-0.00453055925759185,-0.08287541406434164,0.0047260644050014745
ELK.OL,2026-09-21 15:10,2026-09-21,intraday,10,15:20,0.006401375680490963,1,small,Elkem receives additional EU ETS allowances for 2021-2025 period,-0.0016753112754894972,-0.005013449412623011,-0.08335830421937279,0.0047260644050014745
ELK.OL,2026-09-21 15:10,2026-09-21,intraday,15,15:25,0.0029834089871082665,1,small,Elkem receives additional EU ETS allowances for 2021-2025 period,0.0017426554178930395,-0.0015954827192403358,-0.07994033752599021,0.0047260644050014745
ELK.OL,2026-09-21 15:10,2026-09-21,intraday,30,15:40,-0.0033183664171271346,-1,small,Elkem receives additional EU ETS allowances for 2021-2025 period,-0.008044430822128527,-0.004706292684995084,0.07363856212175468,-0.0047260644050014745
ELK.OL,2026-09-21 15:10,2026-09-21,intraday,60,16:10,0.0022304969407363484,1,small,Elkem receives additional EU ETS allowances for 2021-2025 period,0.002495567464265126,-0.000842570672868378,-0.07918742547961817,0.0047260644050014745
PRS.OL,2026-09-21 12:46,2026-09-21,intraday,5,12:50,0.001549189716008026,1,small,Prosafe SE: Operational update   August 2026,-0.029219844351570913,-0.029399897286810434,-0.024268715678146174,-0.027670654635562918
PRS.OL,2026-09-21 12:46,2026-09-21,intraday,10,12:55,0.003399445798344502,1,small,Prosafe SE: Operational update   August 2026,-0.031070100433907545,-0.031250153369147056,-0.02611897176048282,-0.027670654635562918
PRS.OL,2026-09-21 12:46,2026-09-21,intraday,15,13:00,0.008046577926219357,1,small,Prosafe SE: Operational update   August 2026,-0.03571723256178226,-0.03589728549702184,-0.030766103888357578,-0.027670654635562918
PRS.OL,2026-09-21 12:46,2026-09-21,intraday,30,13:15,0.013315475396674664,1,small,Prosafe SE: Operational update   August 2026,-0.040986130032237666,-0.04116618296747713,-0.036035001358813,-0.027670654635562918
PRS.OL,2026-09-21 12:46,2026-09-21,intraday,60,13:45,0.005389880112770598,1,small,Prosafe SE: Operational update   August 2026,-0.03306053474833361,-0.03324058768357312,-0.028109406074908895,-0.027670654635562918
JIN.OL,2026-09-21 10:54,2026-09-21,intraday,5,10:55,-0.003422248709541359,-1,small,AGREEMENT SIGNED - ACQUISITION OF TWO VESSELS,0.03060551051020244,0.03437891992653809,0.03263141584005935,0.0340277592197438
JIN.OL,2026-09-21 10:54,2026-09-21,intraday,10,11:00,-0.0033807602728776753,-1,small,AGREEMENT SIGNED - ACQUISITION OF TWO VESSELS,0.030646998946866122,0.034420408363201774,0.032672904276723036,0.0340277592197438
JIN.OL,2026-09-21 10:54,2026-09-21,intraday,15,11:05,-0.0039864841628954595,-1,small,AGREEMENT SIGNED - ACQUISITION OF TWO VESSELS,0.030041275056848338,0.03381468447318399,0.03206718038670525,0.0340277592197438
JIN.OL,2026-09-21 10:54,2026-09-21,intraday,30,11:20,-0.0033952985090741072,-1,small,AGREEMENT SIGNED - ACQUISITION OF TWO VESSELS,0.03063246071066969,0.03440587012700534,0.032658366040526604,0.0340277592197438
JIN.OL,2026-09-21 10:54,2026-09-21,intraday,60,11:50,-0.002872956560734885,-1,small,AGREEMENT SIGNED - ACQUISITION OF TWO VESSELS,0.031154802659008912,0.034928212075344564,0.033180707988865826,0.0340277592197438
SBNOR.OL,2026-09-21 10:00,2026-09-21,intraday,5,10:00,-0.004699295705188122,-1,small,Changes to the Group Executive Management,-0.012313276639181664,-0.006188141870128286,-0.03233835337252085,-0.007613980933993542
SBNOR.OL,2026-09-21 10:00,2026-09-21,intraday,10,10:05,-0.0025321154024429238,-1,small,Changes to the Group Executive Management,-0.010146096336436313,-0.004020961567383061,-0.030171173069775587,-0.007613980933993542
SBNOR.OL,2026-09-21 10:00,2026-09-21,intraday,15,10:10,-0.0030279106980900905,-1,small,Changes to the Group Executive Management,-0.01064189163208348,-0.004516756863030227,-0.030666968365422754,-0.007613980933993542
SBNOR.OL,2026-09-21 10:00,2026-09-21,intraday,30,10:25,-0.0021822972511214766,-1,small,Changes to the Group Executive Management,-0.009796278185114887,-0.0036711434160614956,-0.029821354918454328,-0.007613980933993542
SBNOR.OL,2026-09-21 10:00,2026-09-21,intraday,60,10:55,5.26970368486283e-05,1,small,Changes to the Group Executive Management,0.00756128389714486,0.001436149128091535,0.027586360630484176,0.007613980933993542
CADLR.OL,2026-09-21 09:26,2026-09-21,intraday,5,09:30,0.0037715079411298215,1,small,Cadeler and Vattenfall join forces to shape the next generation of offshore wind maintenance solutio,0.00881576212510108,-0.004337538656860643,-0.09509185338215875,0.012587270066230893
CADLR.OL,2026-09-21 09:26,2026-09-21,intraday,10,09:35,0.003380908641897613,1,small,Cadeler and Vattenfall join forces to shape the next generation of offshore wind maintenance solutio,0.009206361424333183,-0.0039469393576285405,-0.09470125408292668,0.012587270066230893
CADLR.OL,2026-09-21 09:26,2026-09-21,intraday,15,09:40,0.0024565729062365343,1,small,Cadeler and Vattenfall join forces to shape the next generation of offshore wind maintenance solutio,0.010130697159994392,-0.0030226036219673513,-0.09377691834726556,0.012587270066230893
CADLR.OL,2026-09-21 09:26,2026-09-21,intraday,30,09:55,0.0006699676089795283,1,small,Cadeler and Vattenfall join forces to shape the next generation of offshore wind maintenance solutio,0.011917302457251373,-0.00123599832471035,-0.09199031305000846,0.012587270066230893
CADLR.OL,2026-09-21 09:26,2026-09-21,intraday,60,10:25,0.005453620663089947,1,small,Cadeler and Vattenfall join forces to shape the next generation of offshore wind maintenance solutio,0.0071336494031409865,-0.006019651378820803,-0.09677396610411895,0.012587270066230893
OKEA.OL,2026-09-21 09:00,2026-09-21,intraday,5,09:05,-0.020374690706557792,-1,small,"OKEA ASA - OKEA strengthens its management team, including appointing Nikolai Lyngø as SVP Strategy ",0.011101649432828091,-0.0067944595529620035,-0.033216841607413575,0.031476340139385925
OKEA.OL,2026-09-21 09:00,2026-09-21,intraday,10,09:10,-0.022887506822341457,-1,small,"OKEA ASA - OKEA strengthens its management team, including appointing Nikolai Lyngø as SVP Strategy ",0.008588833317044457,-0.009307275668745799,-0.035729657723197285,0.031476340139385925
OKEA.OL,2026-09-21 09:00,2026-09-21,intraday,15,09:15,-0.02177237551293874,-1,small,"OKEA ASA - OKEA strengthens its management team, including appointing Nikolai Lyngø as SVP Strategy ",0.009703964626447174,-0.008192144359343081,-0.03461452641379457,0.031476340139385925
OKEA.OL,2026-09-21 09:00,2026-09-21,intraday,30,09:30,-0.01934904092173522,-1,small,"OKEA ASA - OKEA strengthens its management team, including appointing Nikolai Lyngø as SVP Strategy ",0.012127299217650671,-0.005768809768139562,-0.032191191822591156,0.031476340139385925
OKEA.OL,2026-09-21 09:00,2026-09-21,intraday,60,10:00,-0.021606150915475304,-1,small,"OKEA ASA - OKEA strengthens its management team, including appointing Nikolai Lyngø as SVP Strategy ",0.009870189223910579,-0.008025919761879515,-0.03444830181633109,0.031476340139385925
GENO.OL,2026-09-21 08:58,2026-09-21,pre-open,5,09:00,-0.01069595758319294,-1,small,General Oceans ASA – Appointment of New Executive Vice Presidents,-0.05377412230662402,-0.04393754637694176,-0.01563477272875939,-0.04307816472343108
GENO.OL,2026-09-21 08:58,2026-09-21,pre-open,10,09:05,-0.009677171882138621,-1,small,General Oceans ASA – Appointment of New Executive Vice Presidents,-0.0527553366055697,-0.042918760675887443,-0.014615987027705073,-0.04307816472343108
GENO.OL,2026-09-21 08:58,2026-09-21,pre-open,15,09:10,-0.008360971735788255,-1,small,General Oceans ASA – Appointment of New Executive Vice Presidents,-0.05143913645921933,-0.04160256052953708,-0.013299786881354707,-0.04307816472343108
GENO.OL,2026-09-21 08:58,2026-09-21,pre-open,30,09:25,-0.010654565502151247,-1,small,General Oceans ASA – Appointment of New Executive Vice Presidents,-0.05373273022558239,-0.043896154295899895,-0.015593380647717751,-0.04307816472343108
GENO.OL,2026-09-21 08:58,2026-09-21,pre-open,60,09:55,0.014012611712587553,1,small,General Oceans ASA – Appointment of New Executive Vice Presidents,0.029065553010843286,0.01922897708116091,-0.009073796567021153,0.04307816472343108
DNO.OL,2026-09-21 08:00,2026-09-21,pre-open,5,09:00,-0.011167854143559208,-1,mid,Publication of Scheme Document for Acquisition of Capricorn Energy plc,0.021433587218916063,0.028279975448343632,-0.007924605080069588,0.03260144136247527
DNO.OL,2026-09-21 08:00,2026-09-21,pre-open,10,09:05,-0.01427065698728139,-1,mid,Publication of Scheme Document for Acquisition of Capricorn Energy plc,0.018330784375193785,0.025177172604621434,-0.011027407923791963,0.03260144136247527
DNO.OL,2026-09-21 08:00,2026-09-21,pre-open,15,09:10,-0.015539164597763926,-1,mid,Publication of Scheme Document for Acquisition of Capricorn Energy plc,0.017062276764711275,0.023908664994138868,-0.012295915534274515,0.03260144136247527
DNO.OL,2026-09-21 08:00,2026-09-21,pre-open,30,09:25,-0.01783909610432256,-1,mid,Publication of Scheme Document for Acquisition of Capricorn Energy plc,0.014762345258152614,0.02160873348758024,-0.014595847040833092,0.03260144136247527
DNO.OL,2026-09-21 08:00,2026-09-21,pre-open,60,09:55,-0.017139101037385904,-1,mid,Publication of Scheme Document for Acquisition of Capricorn Energy plc,0.015462340325089346,0.02230872855451697,-0.013895851973896403,0.03260144136247527
ELMRA.OL,2026-09-21 08:00,2026-09-21,pre-open,5,09:00,-0.0013953917992818804,-1,small,Elmera Group ASA – Update on acceptances of recommended voluntary cash tender offer from Fortum,-0.0025172844175839143,-0.00338055226994543,-0.007701600197845376,-0.0011218926183018387
ELMRA.OL,2026-09-21 08:00,2026-09-21,pre-open,10,09:05,-0.00037660609822756045,-1,small,Elmera Group ASA – Update on acceptances of recommended voluntary cash tender offer from Fortum,-0.0014984987165295941,-0.00236176656889111,-0.006682814496791056,-0.0011218926183018387
ELMRA.OL,2026-09-21 08:00,2026-09-21,pre-open,15,09:10,0.0009395940481228054,1,small,Elmera Group ASA – Update on acceptances of recommended voluntary cash tender offer from Fortum,0.00018229857017922828,0.0010455664225407439,0.00536661435044069,0.0011218926183018387
ELMRA.OL,2026-09-21 08:00,2026-09-21,pre-open,30,09:25,0.002818988163096197,1,small,Elmera Group ASA – Update on acceptances of recommended voluntary cash tender offer from Fortum,-0.001697095544794358,-0.0008338276924328425,0.0034872202354671034,0.0011218926183018387
ELMRA.OL,2026-09-21 08:00,2026-09-21,pre-open,60,09:55,-0.00010888778951601095,-1,small,Elmera Group ASA – Update on acceptances of recommended voluntary cash tender offer from Fortum,-0.0012307804078178497,-0.0020940482601793653,-0.006415096188079311,-0.0011218926183018387
HUNT.OL,2026-09-20 21:22,2026-09-21,after-close,5,09:00,0.015179004957478138,1,small,Hunter Group ASA - Correction to second quarter results 2026,0.0642492641547129,-0.05351816504614538,-0.043124323768596415,0.07942826911219092
HUNT.OL,2026-09-20 21:22,2026-09-21,after-close,10,09:05,0.02948363862597328,1,small,Hunter Group ASA - Correction to second quarter results 2026,0.049944630486217806,-0.06782279871464046,-0.05742895743709158,0.07942826911219092
HUNT.OL,2026-09-20 21:22,2026-09-21,after-close,15,09:10,0.027749436149846488,1,small,Hunter Group ASA - Correction to second quarter results 2026,0.051678832962344566,-0.06608859623851361,-0.055694754960964696,0.07942826911219092
HUNT.OL,2026-09-20 21:22,2026-09-21,after-close,30,09:25,0.030594534659690968,1,small,Hunter Group ASA - Correction to second quarter results 2026,0.04883373445250008,-0.0689336947483581,-0.05853985347080925,0.07942826911219092
HUNT.OL,2026-09-20 21:22,2026-09-21,after-close,60,09:55,0.05868460004058862,1,small,Hunter Group ASA - Correction to second quarter results 2026,0.020743669071602286,-0.09702376012925583,-0.086629918851707,0.07942826911219092
ORK.OL,2026-09-24 21:00,2026-09-25,after-close,5,09:00,0.0014033569633866915,1,mid,Orkla ASA: Jotun Interim Report,-0.007051900448037033,-0.014550800495091516,-0.030697112020207074,-0.005648543484650297
ORK.OL,2026-09-24 21:00,2026-09-25,after-close,10,09:05,0.0001368029949518686,1,mid,Orkla ASA: Jotun Interim Report,-0.005785346479602164,-0.013284246526656678,-0.029430558051772252,-0.005648543484650297
ORK.OL,2026-09-24 21:00,2026-09-25,after-close,15,09:10,-0.00044907341462412857,-1,mid,Orkla ASA: Jotun Interim Report,0.005199470070026167,0.01269837011708068,0.028844681642196255,0.005648543484650297
ORK.OL,2026-09-24 21:00,2026-09-25,after-close,30,09:25,-0.0032672888815889777,-1,mid,Orkla ASA: Jotun Interim Report,0.0023812546030613103,0.009880154650115826,0.02602646617523134,0.005648543484650297
ORK.OL,2026-09-24 21:00,2026-09-25,after-close,60,09:55,-0.002084829540489601,-1,mid,Orkla ASA: Jotun Interim Report,0.003563713944160633,0.011062613991215121,0.027208925516330713,0.005648543484650297
SNI.OL,2026-09-24 14:30,2026-09-24,intraday,5,14:35,0.0019957829425709672,1,small,Stolt-Nielsen Limited to Host a Video Conference to Present the Results for the Third Quarter and Fi,-0.007894170939372516,-0.02054738909057067,-0.008717788369966603,-0.005898387996801548
SNI.OL,2026-09-24 14:30,2026-09-24,intraday,10,14:40,0.0022057847920119444,1,small,Stolt-Nielsen Limited to Host a Video Conference to Present the Results for the Third Quarter and Fi,-0.008104172788813493,-0.02075739094001165,-0.00892779021940758,-0.005898387996801548
SNI.OL,2026-09-24 14:30,2026-09-24,intraday,15,14:45,0.002458393749929483,1,small,Stolt-Nielsen Limited to Host a Video Conference to Present the Results for the Third Quarter and Fi,-0.008356781746731032,-0.021009999897929187,-0.009180399177325119,-0.005898387996801548
SNI.OL,2026-09-24 14:30,2026-09-24,intraday,30,15:00,0.002424591648113039,1,small,Stolt-Nielsen Limited to Host a Video Conference to Present the Results for the Third Quarter and Fi,-0.008322979644914588,-0.020976197796112744,-0.009146597075508675,-0.005898387996801548
SNI.OL,2026-09-24 14:30,2026-09-24,intraday,60,15:30,-0.008830933202269829,-1,small,Stolt-Nielsen Limited to Host a Video Conference to Present the Results for the Third Quarter and Fi,-0.002932545205468264,0.009720672945729987,-0.002108927774874177,0.005898387996801548
SBO.OL,2026-09-24 13:20,2026-09-24,intraday,5,13:25,0.00010839072095797375,1,small,Finansiell kalender,0.0028924526430577652,0.012283672205329494,0.014230493004221566,0.003000843364015739
SBO.OL,2026-09-24 13:20,2026-09-24,intraday,10,13:30,6.7681572329947315e-06,1,small,Finansiell kalender,0.0029940752067827443,0.012385294769054473,0.014332115567946545,0.003000843364015739
SBO.OL,2026-09-24 13:20,2026-09-24,intraday,15,13:35,0.00012195423416111462,1,small,Finansiell kalender,0.0028788891298546244,0.012270108692126353,0.014216929491018425,0.003000843364015739
SBO.OL,2026-09-24 13:20,2026-09-24,intraday,30,13:50,0.000640093338398734,1,small,Finansiell kalender,0.002360750025617005,0.011751969587888733,0.013698790386780806,0.003000843364015739
SBO.OL,2026-09-24 13:20,2026-09-24,intraday,60,14:20,0.0003705779121964403,1,small,Finansiell kalender,0.0026302654518192987,0.012021485014091027,0.0139683058129831,0.003000843364015739
HAFNI.OL,2026-09-24 12:45,2026-09-24,intraday,30,13:15,-0.066272972178823,-1,mid,HAFNIA LIMITED: Completion and pricing of placement of ordinary shares,-0.016007898855974437,-0.03529879496708145,-0.15452502448917013,0.05026507332284848
HAFNI.OL,2026-09-24 12:45,2026-09-24,intraday,60,13:45,-0.06618921038703253,-1,mid,HAFNIA LIMITED: Completion and pricing of placement of ordinary shares,-0.015924137064184135,-0.03521503317529095,-0.15444126269737982,0.05026507332284848
WAWI.OL,2026-09-24 09:00,2026-09-24,intraday,5,09:00,0.0042619711046271635,1,mid,Wallenius Wilhelmsen: Market update - presentation material,0.010742050897981886,0.0037003630289154446,0.0203782543442109,0.01500402200260909
WAWI.OL,2026-09-24 09:00,2026-09-24,intraday,10,09:05,0.005955665068555531,1,mid,Wallenius Wilhelmsen: Market update - presentation material,0.009048356934053477,0.0020066690649869277,0.018684560380282544,0.01500402200260909
WAWI.OL,2026-09-24 09:00,2026-09-24,intraday,15,09:10,0.007526974603175814,1,mid,Wallenius Wilhelmsen: Market update - presentation material,0.007477047399433084,0.00043535953036662797,0.017113250845662183,0.01500402200260909
WAWI.OL,2026-09-24 09:00,2026-09-24,intraday,30,09:25,0.00865514718830147,1,mid,Wallenius Wilhelmsen: Market update - presentation material,0.006348874814307515,-0.0006928130547590797,0.01598507826053664,0.01500402200260909
WAWI.OL,2026-09-24 09:00,2026-09-24,intraday,60,09:55,0.01134336056207503,1,mid,Wallenius Wilhelmsen: Market update - presentation material,0.0036606614405340528,-0.0033810264285325234,0.013296864886763012,0.01500402200260909
2020.OL,2026-09-24 08:56,2026-09-24,pre-open,5,09:00,0.07790618889799407,1,small,2020 Bulkers Ltd: Private Placement completed,-0.010726714245669714,-0.058978393904924736,-0.14206512332282892,0.06717947465232448
2020.OL,2026-09-24 08:56,2026-09-24,pre-open,10,09:05,0.07848560861275282,1,small,2020 Bulkers Ltd: Private Placement completed,-0.011306133960428464,-0.059557813619683486,-0.14264454303758767,0.06717947465232448
2020.OL,2026-09-24 08:56,2026-09-24,pre-open,15,09:10,0.07672177976056734,1,small,2020 Bulkers Ltd: Private Placement completed,-0.00954230510824298,-0.057793984767498,-0.14088071418540218,0.06717947465232448
2020.OL,2026-09-24 08:56,2026-09-24,pre-open,30,09:25,0.029249286017414028,1,small,2020 Bulkers Ltd: Private Placement completed,0.03793018863491047,-0.010321491024344577,-0.09340822044224874,0.06717947465232448
2020.OL,2026-09-24 08:56,2026-09-24,pre-open,60,09:55,0.03239011061465127,1,small,2020 Bulkers Ltd: Private Placement completed,0.03478936403767306,-0.013462315621581948,-0.09654904503948619,0.06717947465232448
SKUE.OL,2026-09-24 08:15,2026-09-24,pre-open,5,09:00,-0.0032942049801126657,-1,small,Skue Sparebank og Romerike Sparebank inngår intensjonsavtale om sammenslåing,-0.01878692784442143,-0.020920264579102833,-0.030952064583497342,-0.015492722864308773
SKUE.OL,2026-09-24 08:15,2026-09-24,pre-open,10,09:05,-0.002714785265353916,-1,small,Skue Sparebank og Romerike Sparebank inngår intensjonsavtale om sammenslåing,-0.01820750812966268,-0.020340844864344083,-0.030372644868738592,-0.015492722864308773
SKUE.OL,2026-09-24 08:15,2026-09-24,pre-open,15,09:10,-0.0044786141175394,-1,small,Skue Sparebank og Romerike Sparebank inngår intensjonsavtale om sammenslåing,-0.019971336981848165,-0.022104673716529567,-0.032136473720924076,-0.015492722864308773
SKUE.OL,2026-09-24 08:15,2026-09-24,pre-open,30,09:25,0.011056925301039898,1,small,Skue Sparebank og Romerike Sparebank inngår intensjonsavtale om sammenslåing,0.004435797563268764,0.0065691342979502364,0.01660093430234473,0.015492722864308773
SKUE.OL,2026-09-24 08:15,2026-09-24,pre-open,60,09:55,0.01278799767163603,1,small,Skue Sparebank og Romerike Sparebank inngår intensjonsavtale om sammenslåing,0.002704725192672698,0.0048380619273540645,0.014869861931748652,0.015492722864308773
AKVA.OL,2026-09-23 21:00,2026-09-24,after-close,5,09:00,-0.008815685723558068,-1,small,AKVA group ASA: Completion of intragroup merger with Submerged AS,0.02856652876029985,0.0022264875045600284,-0.012979781711015288,0.037382214483857895
AKVA.OL,2026-09-23 21:00,2026-09-24,after-close,10,09:05,-0.008236266008799318,-1,small,AKVA group ASA: Completion of intragroup merger with Submerged AS,0.0291459484750586,0.0028059072193187783,-0.012400361996256538,0.037382214483857895
AKVA.OL,2026-09-23 21:00,2026-09-24,after-close,15,09:10,-0.010000094860984802,-1,small,AKVA group ASA: Completion of intragroup merger with Submerged AS,0.027382119622873118,0.0010420783671332944,-0.014164190848442022,0.037382214483857895
AKVA.OL,2026-09-23 21:00,2026-09-24,after-close,30,09:25,-0.009426741172286177,-1,small,AKVA group ASA: Completion of intragroup merger with Submerged AS,0.027955473311571742,0.001615432055831919,-0.013590837159743397,0.037382214483857895
AKVA.OL,2026-09-23 21:00,2026-09-24,after-close,60,09:55,-0.007847158436176786,-1,small,AKVA group ASA: Completion of intragroup merger with Submerged AS,0.029535056047681134,0.0031950147919413106,-0.012011254423634005,0.037382214483857895
SUBC.OL,2026-09-23 17:21,2026-09-24,after-close,5,09:00,0.0005991229540589821,1,mid,Subsea7 awarded contract extension offshore Türkiye,0.006622563469448846,0.007297148156155765,-0.0010355392432860994,0.0072216864235078665
SUBC.OL,2026-09-23 17:21,2026-09-24,after-close,10,09:05,0.002419988825382473,1,mid,Subsea7 awarded contract extension offshore Türkiye,0.004801697598125454,0.005476282284832276,-0.0028564051146094567,0.0072216864235078665
SUBC.OL,2026-09-23 17:21,2026-09-24,after-close,15,09:10,0.009303583482875254,1,mid,Subsea7 awarded contract extension offshore Türkiye,-0.0020818970593673818,-0.001407312372660563,-0.00973999977210227,0.0072216864235078665
SUBC.OL,2026-09-23 17:21,2026-09-24,after-close,30,09:25,0.009261704290660021,1,mid,Subsea7 awarded contract extension offshore Türkiye,-0.002040017867152198,-0.0013654331804453732,-0.00969812057988714,0.0072216864235078665
SUBC.OL,2026-09-23 17:21,2026-09-24,after-close,60,09:55,0.009609778580713197,1,mid,Subsea7 awarded contract extension offshore Türkiye,-0.0023880921572052233,-0.001713507470498447,-0.010046194869940175,0.0072216864235078665
PLSV.OL,2026-09-23 16:40,2026-09-24,after-close,5,09:00,-0.004973269245115366,-1,small,Paratus Energy: Announcement of Board Changes,-0.006606652523028639,-0.0006878064383057736,0.02550210190673638,-0.0016333832779132362
PLSV.OL,2026-09-23 16:40,2026-09-24,after-close,10,09:05,-0.004393849530356616,-1,small,Paratus Energy: Announcement of Board Changes,-0.006027232808269889,-0.00010838672354702376,0.02608152162149513,-0.0016333832779132362
PLSV.OL,2026-09-23 16:40,2026-09-24,after-close,15,09:10,-0.0061576783825421,-1,small,Paratus Energy: Announcement of Board Changes,-0.007791061660455373,-0.0018722155757325077,0.024317692769309646,-0.0016333832779132362
PLSV.OL,2026-09-23 16:40,2026-09-24,after-close,30,09:25,-0.0066147057732298285,-1,small,Paratus Energy: Announcement of Board Changes,-0.00824808905114301,-0.0023292429664202997,0.02386066537862179,-0.0016333832779132362
PLSV.OL,2026-09-23 16:40,2026-09-24,after-close,60,09:55,-0.006066566896838529,-1,small,Paratus Energy: Announcement of Board Changes,-0.007699950174751822,-0.001781104090029061,0.02440880425501313,-0.0016333832779132362
PLSV.OL,2026-09-23 16:36,2026-09-24,after-close,5,09:00,-0.004973269245115366,-1,small,Paratus Energy: Uploading of Q2 2026 Interim Report with Responsibility statement,-0.006606652523028639,-0.0006878064383057736,0.02550210190673638,-0.0016333832779132362
PLSV.OL,2026-09-23 16:36,2026-09-24,after-close,10,09:05,-0.004393849530356616,-1,small,Paratus Energy: Uploading of Q2 2026 Interim Report with Responsibility statement,-0.006027232808269889,-0.00010838672354702376,0.02608152162149513,-0.0016333832779132362
PLSV.OL,2026-09-23 16:36,2026-09-24,after-close,15,09:10,-0.0061576783825421,-1,small,Paratus Energy: Uploading of Q2 2026 Interim Report with Responsibility statement,-0.007791061660455373,-0.0018722155757325077,0.024317692769309646,-0.0016333832779132362
PLSV.OL,2026-09-23 16:36,2026-09-24,after-close,30,09:25,-0.0066147057732298285,-1,small,Paratus Energy: Uploading of Q2 2026 Interim Report with Responsibility statement,-0.00824808905114301,-0.0023292429664202997,0.02386066537862179,-0.0016333832779132362
PLSV.OL,2026-09-23 16:36,2026-09-24,after-close,60,09:55,-0.006066566896838529,-1,small,Paratus Energy: Uploading of Q2 2026 Interim Report with Responsibility statement,-0.007699950174751822,-0.001781104090029061,0.02440880425501313,-0.0016333832779132362
ENDUR.OL,2026-09-23 14:57,2026-09-23,intraday,5,15:00,-0.00032202649420504104,-1,small,Endúr ASA – Successful completion of acquisition of Boston AS,-0.0015731494489279185,0.018692166047363065,0.02295805221583173,-0.0012511229547228775
ENDUR.OL,2026-09-23 14:57,2026-09-23,intraday,10,15:05,0.0018841669858766725,1,small,Endúr ASA – Successful completion of acquisition of Boston AS,-0.0006330440311538479,-0.020898359527444805,-0.02516424569591353,0.0012511229547228775
ENDUR.OL,2026-09-23 14:57,2026-09-23,intraday,15,15:10,0.0012861982463228056,1,small,Endúr ASA – Successful completion of acquisition of Boston AS,-3.5075291599981004e-05,-0.020300390787890938,-0.024566276956359663,0.0012511229547228775
ENDUR.OL,2026-09-23 14:57,2026-09-23,intraday,30,15:25,0.0015465336106826816,1,small,Endúr ASA – Successful completion of acquisition of Boston AS,-0.00029541065595985704,-0.020560726152250814,-0.02482661232071954,0.0012511229547228775
ENDUR.OL,2026-09-23 14:57,2026-09-23,intraday,60,15:55,-5.42669806410101e-05,-1,small,Endúr ASA – Successful completion of acquisition of Boston AS,-0.0013053899353638876,0.018959925560927095,0.02322581172939576,-0.0012511229547228775
VEI.OL,2026-09-23 14:24,2026-09-23,intraday,5,14:25,-0.00028719507337035544,-1,small,Veidekke: To Build 73 Apartments at Bøler for SPG,0.002065112103740807,-0.0065369404902659144,0.0019259630800090894,0.0023523071771111626
VEI.OL,2026-09-23 14:24,2026-09-23,intraday,10,14:30,-0.001129443718603601,-1,small,Veidekke: To Build 73 Apartments at Bøler for SPG,0.0012228634585075616,-0.00737918913549916,0.0010837144347758437,0.0023523071771111626
VEI.OL,2026-09-23 14:24,2026-09-23,intraday,15,14:35,-0.0013352795161389042,-1,small,Veidekke: To Build 73 Apartments at Bøler for SPG,0.0010170276609722585,-0.007585024933034463,0.0008778786372405406,0.0023523071771111626
VEI.OL,2026-09-23 14:24,2026-09-23,intraday,30,14:50,-0.0012751403722428556,-1,small,Veidekke: To Build 73 Apartments at Bøler for SPG,0.001077166804868307,-0.007524885789138415,0.0009380177811365892,0.0023523071771111626
VEI.OL,2026-09-23 14:24,2026-09-23,intraday,60,15:20,-0.006150897256368364,-1,small,Veidekke: To Build 73 Apartments at Bøler for SPG,-0.0037985900792571812,-0.012400642673263731,-0.003937739102988858,0.0023523071771111626
VEI.OL,2026-09-23 14:16,2026-09-23,intraday,5,14:20,-0.0003062748659620751,-1,small,Veidekke: Bygger 73 leiligheter på Bøler for SPG,0.001956262612929116,-0.0066457899810776055,0.0018171135891973983,0.0022625374788911913
VEI.OL,2026-09-23 14:16,2026-09-23,intraday,10,14:25,-0.00019742537515038405,-1,small,Veidekke: Bygger 73 leiligheter på Bøler for SPG,0.002065112103740807,-0.0065369404902659144,0.0019259630800090894,0.0022625374788911913
VEI.OL,2026-09-23 14:16,2026-09-23,intraday,15,14:30,-0.0010396740203836297,-1,small,Veidekke: Bygger 73 leiligheter på Bøler for SPG,0.0012228634585075616,-0.00737918913549916,0.0010837144347758437,0.0022625374788911913
VEI.OL,2026-09-23 14:16,2026-09-23,intraday,30,14:45,-0.003624296575814373,-1,small,Veidekke: Bygger 73 leiligheter på Bøler for SPG,-0.0013617590969231819,-0.009963811690929854,-0.0015009081206548668,0.0022625374788911913
VEI.OL,2026-09-23 14:16,2026-09-23,intraday,60,15:15,-0.006393564485127017,-1,small,Veidekke: Bygger 73 leiligheter på Bøler for SPG,-0.004131027006235806,-0.012733079600242355,-0.004270176029967482,0.0022625374788911913
BONHR.OL,2026-09-23 13:45,2026-09-23,intraday,5,13:45,0.00016734554986236327,1,small,Successful placement of senior unsecured green bonds,0.0036695100922711343,0.01504006864804277,0.03758614787248481,0.0038368556421334975
BONHR.OL,2026-09-23 13:45,2026-09-23,intraday,10,13:50,0.00020552064393061786,1,small,Successful placement of senior unsecured green bonds,0.0036313349982028797,0.015001893553974516,0.03754797277841655,0.0038368556421334975
BONHR.OL,2026-09-23 13:45,2026-09-23,intraday,15,13:55,7.082020942075773e-05,1,small,Successful placement of senior unsecured green bonds,0.00376603543271274,0.015136593988484376,0.03768267321292641,0.0038368556421334975
BONHR.OL,2026-09-23 13:45,2026-09-23,intraday,30,14:10,-2.3528307583592367e-05,-1,small,Successful placement of senior unsecured green bonds,-0.00386038394971709,-0.015230942505488726,-0.03777702172993076,-0.0038368556421334975
BONHR.OL,2026-09-23 13:45,2026-09-23,intraday,60,14:40,0.01019919627577709,1,small,Successful placement of senior unsecured green bonds,-0.006362340633643486,0.005008217922128156,0.02755429714657031,0.0038368556421334975
CRNA.OL,2026-09-23 13:08,2026-09-23,intraday,5,13:10,0.053413924357794816,1,mid,Circio Holding ASA: Cancellation of Subsequent Offering,-0.027769106949719995,-0.07050172875624136,0.01384620537145843,0.0256448174080749
CRNA.OL,2026-09-23 13:08,2026-09-23,intraday,10,13:15,0.02924345309375949,1,mid,Circio Holding ASA: Cancellation of Subsequent Offering,-0.0035986356856847076,-0.046331257492205964,0.038016676635493574,0.0256448174080749
CRNA.OL,2026-09-23 13:08,2026-09-23,intraday,15,13:20,0.04820439889720558,1,mid,Circio Holding ASA: Cancellation of Subsequent Offering,-0.02255958148913063,-0.06529220329565197,0.019055730832047778,0.0256448174080749
CRNA.OL,2026-09-23 13:08,2026-09-23,intraday,30,13:35,0.03877651069972565,1,mid,Circio Holding ASA: Cancellation of Subsequent Offering,-0.013131693291650696,-0.05586431509817201,0.028483619029527757,0.0256448174080749
CRNA.OL,2026-09-23 13:08,2026-09-23,intraday,60,14:05,0.025579065127374907,1,mid,Circio Holding ASA: Cancellation of Subsequent Offering,6.575228069999328e-05,-0.04266686952582131,0.04168106460187841,0.0256448174080749
2020.OL,2026-09-23 11:32,2026-09-23,intraday,5,11:35,-0.00044190283602313363,-1,small,2020 Bulkers Ltd.   Amendment of last day inclusive,-0.030649342412975244,-0.09782881706529963,0.02172990653299077,-0.03020743957695211
2020.OL,2026-09-23 11:32,2026-09-23,intraday,10,11:40,0.0002312676704973593,1,small,2020 Bulkers Ltd.   Amendment of last day inclusive,0.02997617190645475,0.09715564655877913,-0.022403077039511263,0.03020743957695211
2020.OL,2026-09-23 11:32,2026-09-23,intraday,15,11:45,0.0004388643959431504,1,small,2020 Bulkers Ltd.   Amendment of last day inclusive,0.02976857518100896,0.09694804983333334,-0.022610673764957054,0.03020743957695211
2020.OL,2026-09-23 11:32,2026-09-23,intraday,30,12:00,0.02493876958186483,1,small,2020 Bulkers Ltd.   Amendment of last day inclusive,0.005268669995087172,0.07244814464741166,-0.04711057895087873,0.03020743957695211
2020.OL,2026-09-23 11:32,2026-09-23,intraday,60,12:30,0.11691997011760724,1,small,2020 Bulkers Ltd.   Amendment of last day inclusive,-0.08671253054065516,-0.01953305588833076,-0.1390917794866212,0.03020743957695211
ENVIP.OL,2026-09-23 08:30,2026-09-23,pre-open,5,09:00,0.04852057301874166,1,small,Envipco Selected as Preferred RVM Supplier to Major UK Retail Wholesaler,0.039421481239877036,0.01855042079566506,0.13793894953822392,0.08794205425861872
ENVIP.OL,2026-09-23 08:30,2026-09-23,pre-open,10,09:05,0.051586500652829506,1,small,Envipco Selected as Preferred RVM Supplier to Major UK Retail Wholesaler,0.036355553605789265,0.015484493161577283,0.13487302190413628,0.08794205425861872
ENVIP.OL,2026-09-23 08:30,2026-09-23,pre-open,15,09:10,0.06069035045718266,1,small,Envipco Selected as Preferred RVM Supplier to Major UK Retail Wholesaler,0.027251703801436086,0.006380643357224017,0.12576917209978297,0.08794205425861872
ENVIP.OL,2026-09-23 08:30,2026-09-23,pre-open,30,09:25,0.04775260956440287,1,small,Envipco Selected as Preferred RVM Supplier to Major UK Retail Wholesaler,0.040189444694215745,0.01931838425000381,0.13870691299256288,0.08794205425861872
ENVIP.OL,2026-09-23 08:30,2026-09-23,pre-open,60,09:55,0.04521499338074322,1,small,Envipco Selected as Preferred RVM Supplier to Major UK Retail Wholesaler,0.04272706087787546,0.02185600043366356,0.14124452917622257,0.08794205425861872
NHY.OL,2026-09-23 08:00,2026-09-23,pre-open,5,09:00,0.0016547373613071993,1,large,Norsk Hydro: Invitasjon til presentasjon av Hydros resultat for tredje kvartal 2026,-0.007259485184429431,-0.024010300078078806,-0.03253198616241885,-0.005604747823122239
NHY.OL,2026-09-23 08:00,2026-09-23,pre-open,10,09:05,0.003946062836642722,1,large,Norsk Hydro: Invitasjon til presentasjon av Hydros resultat for tredje kvartal 2026,-0.009550810659764866,-0.026301625553414205,-0.03482331163775428,-0.005604747823122239
NHY.OL,2026-09-23 08:00,2026-09-23,pre-open,15,09:10,0.004699550791046352,1,large,Norsk Hydro: Invitasjon til presentasjon av Hydros resultat for tredje kvartal 2026,-0.010304298614168518,-0.02705511350781789,-0.03557679959215803,-0.005604747823122239
NHY.OL,2026-09-23 08:00,2026-09-23,pre-open,30,09:25,0.004474324620433195,1,large,Norsk Hydro: Invitasjon til presentasjon av Hydros resultat for tredje kvartal 2026,-0.01007907244355543,-0.026829887337204754,-0.03535157342154494,-0.005604747823122239
NHY.OL,2026-09-23 08:00,2026-09-23,pre-open,60,09:55,0.007165888914716402,1,large,Norsk Hydro: Invitasjon til presentasjon av Hydros resultat for tredje kvartal 2026,-0.012770636737838579,-0.029521451631487956,-0.03804313771582803,-0.005604747823122239
BONHR.OL,2026-09-23 08:00,2026-09-23,pre-open,5,09:00,0.008554301449585845,1,small,BONHEUR ASA ANNOUNCES FIXED INCOME INVESTOR MEETINGS,-0.022996587597794636,-0.011626029042023135,0.010920050182418933,-0.014442286148208847
BONHR.OL,2026-09-23 08:00,2026-09-23,pre-open,10,09:05,0.008742573166333634,1,small,BONHEUR ASA ANNOUNCES FIXED INCOME INVESTOR MEETINGS,-0.023184859314542425,-0.011814300758770924,0.010731778465671143,-0.014442286148208847
BONHR.OL,2026-09-23 08:00,2026-09-23,pre-open,15,09:10,0.00926270082808216,1,small,BONHEUR ASA ANNOUNCES FIXED INCOME INVESTOR MEETINGS,-0.02370498697629095,-0.01233442842051945,0.010211650803922617,-0.014442286148208847
BONHR.OL,2026-09-23 08:00,2026-09-23,pre-open,30,09:25,0.006855610444955974,1,small,BONHEUR ASA ANNOUNCES FIXED INCOME INVESTOR MEETINGS,-0.021297896593164868,-0.009927338037393305,0.012618741187048942,-0.014442286148208847
BONHR.OL,2026-09-23 08:00,2026-09-23,pre-open,60,09:55,0.007212308187113382,1,small,BONHEUR ASA ANNOUNCES FIXED INCOME INVESTOR MEETINGS,-0.021654594335322276,-0.010284035779550713,0.012262043444891534,-0.014442286148208847
KMAR.OL,2026-09-23 07:30,2026-09-23,pre-open,5,09:00,-0.0012281495395196004,-1,mid,Jan Erik Hoff appointed CFO of Kongsberg Maritime,0.01615791651395019,0.03253143380661551,0.05532675688278138,0.017386066053469755
KMAR.OL,2026-09-23 07:30,2026-09-23,pre-open,10,09:05,-0.004794601855019791,-1,mid,Jan Erik Hoff appointed CFO of Kongsberg Maritime,0.012591464198449961,0.028964981491115288,0.05176030456728122,0.017386066053469755
KMAR.OL,2026-09-23 07:30,2026-09-23,pre-open,15,09:10,-0.002395379773734936,-1,mid,Jan Erik Hoff appointed CFO of Kongsberg Maritime,0.014990686279734752,0.03136420357240007,0.054159526648565985,0.017386066053469755
KMAR.OL,2026-09-23 07:30,2026-09-23,pre-open,30,09:25,-0.0053757505632467395,-1,mid,Jan Erik Hoff appointed CFO of Kongsberg Maritime,0.01201031549022302,0.028383832782888252,0.051179155859054165,0.017386066053469755
KMAR.OL,2026-09-23 07:30,2026-09-23,pre-open,60,09:55,-0.00439070037152388,-1,mid,Jan Erik Hoff appointed CFO of Kongsberg Maritime,0.012995365681945963,0.029368882974611155,0.05216420605077713,0.017386066053469755
2020.OL,2026-09-22 20:12,2026-09-23,after-close,15,09:10,-0.13224362975342413,-1,small,2020 Bulkers Ltd. (2020) - Contemplated Private Placement,-0.01631086887424792,-0.08349034352657246,0.03606838007171799,0.11593276087917621
2020.OL,2026-09-22 20:12,2026-09-23,after-close,30,09:25,-0.12594390210926176,-1,small,2020 Bulkers Ltd. (2020) - Contemplated Private Placement,-0.010011141230085478,-0.07719061588241007,0.042368107715880406,0.11593276087917621
2020.OL,2026-09-22 20:12,2026-09-23,after-close,60,09:55,-0.12558720436710435,-1,small,2020 Bulkers Ltd. (2020) - Contemplated Private Placement,-0.00965444348792807,-0.07683391814025266,0.042724805458037814,0.11593276087917621
2020.OL,2026-09-22 20:10,2026-09-23,after-close,15,09:10,-0.13224362975342413,-1,small,2020 Bulkers Ltd (2020) - Binding agreement for the acquisition of AHTS AS,-0.01631086887424792,-0.08349034352657246,0.03606838007171799,0.11593276087917621
2020.OL,2026-09-22 20:10,2026-09-23,after-close,30,09:25,-0.12594390210926176,-1,small,2020 Bulkers Ltd (2020) - Binding agreement for the acquisition of AHTS AS,-0.010011141230085478,-0.07719061588241007,0.042368107715880406,0.11593276087917621
2020.OL,2026-09-22 20:10,2026-09-23,after-close,60,09:55,-0.12558720436710435,-1,small,2020 Bulkers Ltd (2020) - Binding agreement for the acquisition of AHTS AS,-0.00965444348792807,-0.07683391814025266,0.042724805458037814,0.11593276087917621
B2I.OL,2026-09-22 09:00,2026-09-22,intraday,5,09:05,0.0005744528458534073,1,small,B2 Impact ASA - Presentation at DNB Carnegie Debt Collection Conference 22 September 2026,0.0035395931289417277,0.030638910310981777,-0.0055288317859351465,0.004114045974795238
B2I.OL,2026-09-22 09:00,2026-09-22,intraday,10,09:10,-0.001092880643868077,-1,small,B2 Impact ASA - Presentation at DNB Carnegie Debt Collection Conference 22 September 2026,-0.005206926618663316,-0.03230624380070328,0.003861498296213561,-0.004114045974795238
B2I.OL,2026-09-22 09:00,2026-09-22,intraday,15,09:15,-0.004939376286808392,-1,small,B2 Impact ASA - Presentation at DNB Carnegie Debt Collection Conference 22 September 2026,-0.009053422261603461,-0.03615273944364367,1.5002653273314855e-05,-0.004114045974795238
B2I.OL,2026-09-22 09:00,2026-09-22,intraday,30,09:30,-0.005323090018090101,-1,small,B2 Impact ASA - Presentation at DNB Carnegie Debt Collection Conference 22 September 2026,-0.009437135992885171,-0.036536453174925376,-0.00036871107800839475,-0.004114045974795238
B2I.OL,2026-09-22 09:00,2026-09-22,intraday,60,10:00,-0.00809609434156715,-1,small,B2 Impact ASA - Presentation at DNB Carnegie Debt Collection Conference 22 September 2026,-0.012210140316362361,-0.039309457498402485,-0.0031417154014854454,-0.004114045974795238
TRMED.OL,2026-09-22 07:30,2026-09-22,pre-open,5,09:00,0.018146750586126324,1,small,Thor Medical ASA: Cancellation of Subsequent Offering,-0.01919664110567967,-0.026297153269278006,-0.06301002137686779,-0.0010498905195533942
TRMED.OL,2026-09-22 07:30,2026-09-22,pre-open,10,09:05,0.017429358954276893,1,small,Thor Medical ASA: Cancellation of Subsequent Offering,-0.018479249473830197,-0.02557976163742853,-0.0622926297450183,-0.0010498905195533942
TRMED.OL,2026-09-22 07:30,2026-09-22,pre-open,15,09:10,0.013615625888205444,1,small,Thor Medical ASA: Cancellation of Subsequent Offering,-0.014665516407758948,-0.02176602857135721,-0.05847889667894702,-0.0010498905195533942
TRMED.OL,2026-09-22 07:30,2026-09-22,pre-open,30,09:25,0.014342308438510313,1,small,Thor Medical ASA: Cancellation of Subsequent Offering,-0.015392198958063668,-0.02249271112166194,-0.05920557922925172,-0.0010498905195533942
TRMED.OL,2026-09-22 07:30,2026-09-22,pre-open,60,09:55,0.005264394106551808,1,small,Thor Medical ASA: Cancellation of Subsequent Offering,-0.006314284626105064,-0.013414796789703382,-0.05012766489729325,-0.0010498905195533942
POL.OL,2026-09-22 07:30,2026-09-22,pre-open,30,09:25,0.0010598828137244544,1,small,Øyulf Hjertenes ansatt som ny konsernsjef i Polaris Media med tiltredelse i 1. kvartal 2027,0.0006365896452506206,0.015535519654812082,0.02929869159535092,0.001696472458975029
POL.OL,2026-09-22 07:30,2026-09-22,pre-open,60,09:55,0.0015008297064766853,1,small,Øyulf Hjertenes ansatt som ny konsernsjef i Polaris Media med tiltredelse i 1. kvartal 2027,0.00019564275249838977,0.015094572762059852,0.02885774470259869,0.001696472458975029
NYKD.OL,2026-09-25 23:35,2026-09-28,after-close,5,09:00,-0.10041507425517533,-1,small,Nykode Therapeutics receives ruling from Tax Appeal Board in pending tax case,-0.015975168662403828,-0.01048264472894248,-0.007655822099916753,0.08443990559277166
NYKD.OL,2026-09-25 23:35,2026-09-28,after-close,10,09:05,-0.08587556092255086,-1,small,Nykode Therapeutics receives ruling from Tax Appeal Board in pending tax case,-0.001435655329779367,0.004056868603682028,0.006883691232707656,0.08443990559277166
NYKD.OL,2026-09-25 23:35,2026-09-28,after-close,15,09:10,-0.07608953718513489,-1,small,Nykode Therapeutics receives ruling from Tax Appeal Board in pending tax case,0.008350368407636683,0.013842892341097982,0.01666971497012366,0.08443990559277166
NYKD.OL,2026-09-25 23:35,2026-09-28,after-close,30,09:25,-0.08242174417177732,-1,small,Nykode Therapeutics receives ruling from Tax Appeal Board in pending tax case,0.0020181614209943298,0.007510685354455686,0.010337507983481327,0.08443990559277166
NYKD.OL,2026-09-25 23:35,2026-09-28,after-close,60,09:55,-0.06938308191785277,-1,small,Nykode Therapeutics receives ruling from Tax Appeal Board in pending tax case,0.015056823674918963,0.020549347608380262,0.023376170237405795,0.08443990559277166
HAFNI.OL,2026-09-25 22:23,2026-09-28,after-close,5,09:00,-0.0005019942625970706,-1,mid,HAFNIA LIMITED: Public filing of prospectus supplement in connection with the Offering,-0.03252859162567706,-0.08367463804386552,-0.1319721225551215,-0.032026597363080084
HAFNI.OL,2026-09-25 22:23,2026-09-28,after-close,10,09:05,0.002975021978469102,1,mid,HAFNIA LIMITED: Public filing of prospectus supplement in connection with the Offering,0.029051575384610777,0.08019762180279946,0.12849510631405534,0.032026597363080084
HAFNI.OL,2026-09-25 22:23,2026-09-28,after-close,15,09:10,0.00581398383847523,1,mid,HAFNIA LIMITED: Public filing of prospectus supplement in connection with the Offering,0.026212613524604706,0.07735865994279321,0.1256561444540492,0.032026597363080084
HAFNI.OL,2026-09-25 22:23,2026-09-28,after-close,30,09:25,0.008369775276883564,1,mid,HAFNIA LIMITED: Public filing of prospectus supplement in connection with the Offering,0.02365682208619634,0.07480286850438497,0.12310035301564079,0.032026597363080084
HAFNI.OL,2026-09-25 22:23,2026-09-28,after-close,60,09:55,0.0017083711705385973,1,mid,HAFNIA LIMITED: Public filing of prospectus supplement in connection with the Offering,0.030318226192541375,0.08146427261072989,0.1297617571219859,0.032026597363080084
ENH.OL,2026-09-25 18:00,2026-09-28,after-close,5,09:00,-0.010214224874040516,-1,small,Energy Holdings: Changes to Board of Directors,0.024523774817108972,-0.0026165300021669313,-0.02034044722500589,0.03473799969114954
ENH.OL,2026-09-25 18:00,2026-09-28,after-close,10,09:05,-0.009700173763631458,-1,small,Energy Holdings: Changes to Board of Directors,0.02503782592751803,-0.002102478891757873,-0.01982639611459683,0.03473799969114954
ENH.OL,2026-09-25 18:00,2026-09-28,after-close,15,09:10,-0.01578320137825009,-1,small,Energy Holdings: Changes to Board of Directors,0.0189547983128993,-0.008185506506376486,-0.02590942372921535,0.03473799969114954
ENH.OL,2026-09-25 18:00,2026-09-28,after-close,30,09:25,-0.020237109192913678,-1,small,Energy Holdings: Changes to Board of Directors,0.014500890498235885,-0.012639414321039887,-0.030363331543878887,0.03473799969114954
ENH.OL,2026-09-25 18:00,2026-09-28,after-close,60,09:55,-0.030700626453232953,-1,small,Energy Holdings: Changes to Board of Directors,0.004037373237916586,-0.023102931581359253,-0.040826848804198214,0.03473799969114954
SOAG.OL,2026-09-25 14:58,2026-09-25,intraday,5,15:00,0.0037342694265367488,1,small,SpareBank 1 Østfold Akershus endrer rentene på utlån og innskudd,0.0016610462644474633,0.01122662694951027,-0.013903101268129383,0.005395315690984212
SOAG.OL,2026-09-25 14:58,2026-09-25,intraday,10,15:05,0.002934358765040654,1,small,SpareBank 1 Østfold Akershus endrer rentene på utlån og innskudd,0.002460956925943558,0.012026537611006366,-0.013103190606633288,0.005395315690984212
SOAG.OL,2026-09-25 14:58,2026-09-25,intraday,15,15:10,0.0030371503349115453,1,small,SpareBank 1 Østfold Akershus endrer rentene på utlån og innskudd,0.0023581653560726668,0.011923746041135474,-0.013205982176504179,0.005395315690984212
SOAG.OL,2026-09-25 14:58,2026-09-25,intraday,30,15:25,0.002828216824336552,1,small,SpareBank 1 Østfold Akershus endrer rentene på utlån og innskudd,0.00256709886664766,0.012132679551710468,-0.012997048665929186,0.005395315690984212
SOAG.OL,2026-09-25 14:58,2026-09-25,intraday,60,15:55,0.00559475120564297,1,small,SpareBank 1 Østfold Akershus endrer rentene på utlån og innskudd,-0.00019943551465875786,0.00936614517040405,-0.015763583047235602,0.005395315690984212
VEI.OL,2026-09-25 14:03,2026-09-25,intraday,5,14:05,-5.335875897801573e-05,-1,small,Veidekke: To Build 51 apartments in Arendal,0.0038427797758959804,0.0028439916938573354,0.025359626679479674,0.003896138534873996
VEI.OL,2026-09-25 14:03,2026-09-25,intraday,10,14:10,-0.0001661660572050347,-1,small,Veidekke: To Build 51 apartments in Arendal,0.0037299724776689615,0.0027311843956303165,0.025246819381252655,0.003896138534873996
VEI.OL,2026-09-25 14:03,2026-09-25,intraday,15,14:15,-0.0002702004761442542,-1,small,Veidekke: To Build 51 apartments in Arendal,0.003625938058729742,0.002627149976691097,0.025142784962313435,0.003896138534873996
VEI.OL,2026-09-25 14:03,2026-09-25,intraday,30,14:30,-0.0018135251886356174,-1,small,Veidekke: To Build 51 apartments in Arendal,0.0020826133462383788,0.0010838252641995122,0.023599460249821957,0.003896138534873996
VEI.OL,2026-09-25 14:03,2026-09-25,intraday,60,15:00,0.001331476195863956,1,small,Veidekke: To Build 51 apartments in Arendal,-0.005227614730737805,-0.0042288266486990855,-0.02674446163432149,-0.003896138534873996
VEI.OL,2026-09-25 13:58,2026-09-25,intraday,5,14:00,0.00036478892125552803,1,small,Veidekke: Bygger 51 leiligheter i Arendal,-0.004260927456129524,-0.003262139374090879,-0.025777774359713217,-0.003896138534873996
VEI.OL,2026-09-25 13:58,2026-09-25,intraday,10,14:05,-5.335875897801573e-05,-1,small,Veidekke: Bygger 51 leiligheter i Arendal,0.0038427797758959804,0.0028439916938573354,0.025359626679479674,0.003896138534873996
VEI.OL,2026-09-25 13:58,2026-09-25,intraday,15,14:10,-0.0001661660572050347,-1,small,Veidekke: Bygger 51 leiligheter i Arendal,0.0037299724776689615,0.0027311843956303165,0.025246819381252655,0.003896138534873996
VEI.OL,2026-09-25 13:58,2026-09-25,intraday,30,14:25,0.0002893759824601008,1,small,Veidekke: Bygger 51 leiligheter i Arendal,-0.004185514517334097,-0.003186726435295452,-0.02570236142091779,-0.003896138534873996
VEI.OL,2026-09-25 13:58,2026-09-25,intraday,60,14:55,0.0014854443643387777,1,small,Veidekke: Bygger 51 leiligheter i Arendal,-0.0053815828992126264,-0.004382794817173907,-0.02689842980279631,-0.003896138534873996
CADLR.OL,2026-09-25 13:19,2026-09-25,intraday,5,13:20,0.00012205779350413302,1,small,Cadeler A/S – Independent statement related to the voluntary offer by Cadeler plc for the shares in ,-0.017552767094952307,-0.030702158430742848,-0.06434713718019577,-0.017430709301448116
CADLR.OL,2026-09-25 13:19,2026-09-25,intraday,10,13:25,-0.0008416895641095149,-1,small,Cadeler A/S – Independent statement related to the voluntary offer by Cadeler plc for the shares in ,0.01658901973733866,0.0297384110731292,0.06338338982258213,0.017430709301448116
CADLR.OL,2026-09-25 13:19,2026-09-25,intraday,15,13:30,-0.0014731771573861796,-1,small,Cadeler A/S – Independent statement related to the voluntary offer by Cadeler plc for the shares in ,0.015957532144061936,0.02910692347985243,0.06275190222930535,0.017430709301448116
CADLR.OL,2026-09-25 13:19,2026-09-25,intraday,30,13:45,-0.00034474047484093465,-1,small,Cadeler A/S – Independent statement related to the voluntary offer by Cadeler plc for the shares in ,0.017085968826607265,0.030235360162397713,0.06388033891185058,0.017430709301448116
CADLR.OL,2026-09-25 13:19,2026-09-25,intraday,60,14:15,-0.004039589893880591,-1,small,Cadeler A/S – Independent statement related to the voluntary offer by Cadeler plc for the shares in ,0.013391119407567525,0.026540510743358017,0.06018548949281093,0.017430709301448116
SKUE.OL,2026-09-25 13:00,2026-09-25,intraday,5,13:00,6.412857254428639e-05,1,small,Presentasjon av resultat per 3. kvartal og kapitalmarkedsdag i Oslo,-0.002866879117466705,0.0017964699251238718,-0.004477787286348944,-0.0028027505449224185
SKUE.OL,2026-09-25 13:00,2026-09-25,intraday,10,13:05,-3.788884504385415e-05,-1,small,Presentasjon av resultat per 3. kvartal og kapitalmarkedsdag i Oslo,0.0027648616998785644,-0.0018984873427120123,0.004375769868760804,0.0028027505449224185
SKUE.OL,2026-09-25 13:00,2026-09-25,intraday,15,13:10,-8.348185082515669e-05,-1,small,Presentasjon av resultat per 3. kvartal og kapitalmarkedsdag i Oslo,0.002719268694097262,-0.0019440803484933149,0.004330176862979501,0.0028027505449224185
SKUE.OL,2026-09-25 13:00,2026-09-25,intraday,30,13:25,-0.0017705014392696283,-1,small,Presentasjon av resultat per 3. kvartal og kapitalmarkedsdag i Oslo,0.0010322491056527902,-0.0036310999369377865,0.0026431572745350294,0.0028027505449224185
SKUE.OL,2026-09-25 13:00,2026-09-25,intraday,60,13:55,-0.003419723607254843,-1,small,Presentasjon av resultat per 3. kvartal og kapitalmarkedsdag i Oslo,-0.0006169730623324246,-0.005280322104923001,0.0009939351065498146,0.0028027505449224185
SKUE.OL,2026-09-25 12:57,2026-09-25,intraday,5,13:00,6.412857254428639e-05,1,small,Finansiell kalender,-0.002866879117466705,0.0017964699251238718,-0.004477787286348944,-0.0028027505449224185
SKUE.OL,2026-09-25 12:57,2026-09-25,intraday,10,13:05,-3.788884504385415e-05,-1,small,Finansiell kalender,0.0027648616998785644,-0.0018984873427120123,0.004375769868760804,0.0028027505449224185
SKUE.OL,2026-09-25 12:57,2026-09-25,intraday,15,13:10,-8.348185082515669e-05,-1,small,Finansiell kalender,0.002719268694097262,-0.0019440803484933149,0.004330176862979501,0.0028027505449224185
SKUE.OL,2026-09-25 12:57,2026-09-25,intraday,30,13:25,-0.0017705014392696283,-1,small,Finansiell kalender,0.0010322491056527902,-0.0036310999369377865,0.0026431572745350294,0.0028027505449224185
SKUE.OL,2026-09-25 12:57,2026-09-25,intraday,60,13:55,-0.003419723607254843,-1,small,Finansiell kalender,-0.0006169730623324246,-0.005280322104923001,0.0009939351065498146,0.0028027505449224185
ELMRA.OL,2026-09-25 12:20,2026-09-25,intraday,5,12:20,-0.00014087580678112666,-1,small,Elmera Group ASA – 90% Minimum Acceptance condition satisfied for the recommended voluntary cash ten,0.004159684061426867,0.010908657829498583,0.012771669293175848,0.004300559868207994
ELMRA.OL,2026-09-25 12:20,2026-09-25,intraday,10,12:25,-4.677714454592863e-05,-1,small,Elmera Group ASA – 90% Minimum Acceptance condition satisfied for the recommended voluntary cash ten,0.004253782723662065,0.011002756491733781,0.012865767955411046,0.004300559868207994
ELMRA.OL,2026-09-25 12:20,2026-09-25,intraday,15,12:30,-0.00040331443950908374,-1,small,Elmera Group ASA – 90% Minimum Acceptance condition satisfied for the recommended voluntary cash ten,0.0038972454286989103,0.010646219196770626,0.01250923066044789,0.004300559868207994
ELMRA.OL,2026-09-25 12:20,2026-09-25,intraday,30,12:45,-0.001155460233447293,-1,small,Elmera Group ASA – 90% Minimum Acceptance condition satisfied for the recommended voluntary cash ten,0.0031450996347607008,0.009894073402832475,0.011757084866509707,0.004300559868207994
ELMRA.OL,2026-09-25 12:20,2026-09-25,intraday,60,13:15,-0.0013948679778170226,-1,small,Elmera Group ASA – 90% Minimum Acceptance condition satisfied for the recommended voluntary cash ten,0.002905691890390971,0.009654665658462746,0.011517677122139977,0.004300559868207994
BWE.OL,2026-09-25 07:30,2026-09-25,pre-open,5,09:00,-0.0062653764024993945,-1,small,BW Energy: Issuance of shares following exercise of LTIP options,-0.012763200407534094,-0.018911319253511263,0.004677798163915372,-0.0064978240050346135
BWE.OL,2026-09-25 07:30,2026-09-25,pre-open,10,09:05,-0.006999072144025519,-1,small,BW Energy: Issuance of shares following exercise of LTIP options,-0.013496896149060219,-0.019645014995037388,0.003944102422389247,-0.0064978240050346135
BWE.OL,2026-09-25 07:30,2026-09-25,pre-open,15,09:10,-0.007584948553601516,-1,small,BW Energy: Issuance of shares following exercise of LTIP options,-0.014082772558636216,-0.020230891404613385,0.00335822601281325,-0.0064978240050346135
BWE.OL,2026-09-25 07:30,2026-09-25,pre-open,30,09:25,-6.90406884206185e-05,-1,small,BW Energy: Issuance of shares following exercise of LTIP options,-0.006566864693455232,-0.012714983539432258,0.010874133877994087,-0.0064978240050346135
BWE.OL,2026-09-25 07:30,2026-09-25,pre-open,60,09:55,-0.0034381384117583907,-1,small,BW Energy: Issuance of shares following exercise of LTIP options,-0.009935962416793048,-0.016084081262770118,0.007505036154656319,-0.0064978240050346135
HUNT.OL,2026-09-25 07:00,2026-09-25,pre-open,5,09:00,-0.035886296124130884,-1,mid,Hunter Group ASA appoints Erik M Mathiesen as permanent CEO,0.005924892690644805,-0.08565764733535292,-0.04326190426081571,0.04181118881477568
HUNT.OL,2026-09-25 07:00,2026-09-25,pre-open,10,09:05,-0.04137059031969888,-1,mid,Hunter Group ASA appoints Erik M Mathiesen as permanent CEO,0.0004405984950767994,-0.09114194153092106,-0.04874619845638356,0.04181118881477568
HUNT.OL,2026-09-25 07:00,2026-09-25,pre-open,15,09:10,-0.05513816261984042,-1,mid,Hunter Group ASA appoints Erik M Mathiesen as permanent CEO,-0.013326973805064693,-0.10490951383106246,-0.06251377075652513,0.04181118881477568
HUNT.OL,2026-09-25 07:00,2026-09-25,pre-open,30,09:25,-0.03842364037880666,-1,mid,Hunter Group ASA appoints Erik M Mathiesen as permanent CEO,0.003387548435969028,-0.08819499159002869,-0.04579924851549149,0.04181118881477568
HUNT.OL,2026-09-25 07:00,2026-09-25,pre-open,60,09:55,-0.041869203753723966,-1,mid,Hunter Group ASA appoints Erik M Mathiesen as permanent CEO,-5.80149389481754e-05,-0.09164055496494612,-0.04924481189040869,0.04181118881477568
2020.OL,2026-09-30 20:25,2026-10-01,after-close,5,09:00,-0.020819312312035643,-1,small,2020 Bulkers Ltd. (2020)   Board Resolution to Approve the Issuance of Consideration Shares and Priv,-0.009039626833166859,-0.0700629093371767,,0.011779685478868842
2020.OL,2026-09-30 20:25,2026-10-01,after-close,10,09:05,-0.007899030722036331,-1,small,2020 Bulkers Ltd. (2020)   Board Resolution to Approve the Issuance of Consideration Shares and Priv,0.003880654756832455,-0.057142627747177405,,0.011779685478868842
2020.OL,2026-09-30 20:25,2026-10-01,after-close,15,09:10,-0.011067825923071935,-1,small,2020 Bulkers Ltd. (2020)   Board Resolution to Approve the Issuance of Consideration Shares and Priv,0.0007118595557969259,-0.06031142294821297,,0.011779685478868842
2020.OL,2026-09-30 20:25,2026-10-01,after-close,30,09:25,-0.010483984015555899,-1,small,2020 Bulkers Ltd. (2020)   Board Resolution to Approve the Issuance of Consideration Shares and Priv,0.001295701463312962,-0.059727581040696934,,0.011779685478868842
2020.OL,2026-09-30 20:25,2026-10-01,after-close,60,09:55,-0.012967175764887946,-1,small,2020 Bulkers Ltd. (2020)   Board Resolution to Approve the Issuance of Consideration Shares and Priv,-0.0011874902860192346,-0.062210772790029165,,0.011779685478868842
IWS.OL,2026-09-30 12:22,2026-09-30,intraday,5,12:25,-0.0020577934812721355,-1,small,"IWS Fleet orders four Skywalker class CSOV newbuildings, with no new equity planned and ordinary div",-0.04148595733208569,-0.06238909387649458,-0.07458374977253987,-0.039428163850813554
IWS.OL,2026-09-30 12:22,2026-09-30,intraday,10,12:30,-0.0023094286128602093,-1,small,"IWS Fleet orders four Skywalker class CSOV newbuildings, with no new equity planned and ordinary div",-0.04173759246367376,-0.06264072900808265,-0.07483538490412794,-0.039428163850813554
IWS.OL,2026-09-30 12:22,2026-09-30,intraday,15,12:35,-0.0026536165598378125,-1,small,"IWS Fleet orders four Skywalker class CSOV newbuildings, with no new equity planned and ordinary div",-0.042081780410651366,-0.06298491695506026,-0.07517957285110555,-0.039428163850813554
IWS.OL,2026-09-30 12:22,2026-09-30,intraday,30,12:50,0.021474529317404328,1,small,"IWS Fleet orders four Skywalker class CSOV newbuildings, with no new equity planned and ordinary div",0.017953634533409063,0.03885677107781792,0.05105142697386334,0.039428163850813554
IWS.OL,2026-09-30 12:22,2026-09-30,intraday,60,13:20,0.03160470930019179,1,small,"IWS Fleet orders four Skywalker class CSOV newbuildings, with no new equity planned and ordinary div",0.007823454550621766,0.028726591095030674,0.040921246991075924,0.039428163850813554
VAR.OL,2026-09-30 11:00,2026-09-30,intraday,5,11:05,0.0008634403761598251,1,large,Vår Energi ASA completes acquisition of Pandion Energy AS' portfolio,0.0018903636356436748,0.02087738872250797,0.022486281222528857,0.0027538040118033832
VAR.OL,2026-09-30 11:00,2026-09-30,intraday,10,11:10,0.00012815897650964025,1,large,Vår Energi ASA completes acquisition of Pandion Energy AS' portfolio,0.002625645035293743,0.021612670122158232,0.02322156262217912,0.0027538040118033832
VAR.OL,2026-09-30 11:00,2026-09-30,intraday,15,11:15,0.00020140663688735996,1,large,Vår Energi ASA completes acquisition of Pandion Energy AS' portfolio,0.002552397374916019,0.02153942246178049,0.023148314961801378,0.0027538040118033832
VAR.OL,2026-09-30 11:00,2026-09-30,intraday,30,11:30,-1.1413254357443793e-05,-1,large,Vår Energi ASA completes acquisition of Pandion Energy AS' portfolio,-0.002765217266160901,-0.021752242353025274,-0.02336113485304616,-0.0027538040118033832
VAR.OL,2026-09-30 11:00,2026-09-30,intraday,60,12:00,0.0038552596878373546,1,large,Vår Energi ASA completes acquisition of Pandion Energy AS' portfolio,-0.0011014556760339782,0.017885569410830526,0.019494461910851413,0.0027538040118033832
SCATC.OL,2026-09-30 09:10,2026-09-30,intraday,5,09:15,0.000133122562912141,1,mid,Scatec ASA: Resignation of board member,0.0022736692912000145,0.021658168251486913,0.028254602262546794,0.0024067918541120052
SCATC.OL,2026-09-30 09:10,2026-09-30,intraday,10,09:20,0.00024572629746764615,1,mid,Scatec ASA: Resignation of board member,0.0021610655566443593,0.021545564516931313,0.028141998527991225,0.0024067918541120052
SCATC.OL,2026-09-30 09:10,2026-09-30,intraday,15,09:25,0.001027400390949318,1,mid,Scatec ASA: Resignation of board member,0.0013793914631627909,0.020763890423449734,0.027360324434509666,0.0024067918541120052
SCATC.OL,2026-09-30 09:10,2026-09-30,intraday,30,09:40,0.0045120547798234755,1,mid,Scatec ASA: Resignation of board member,-0.0021052629257113558,0.01727923603457563,0.02387567004563543,0.0024067918541120052
SCATC.OL,2026-09-30 09:10,2026-09-30,intraday,60,10:10,0.002035469649084791,1,mid,Scatec ASA: Resignation of board member,0.00037132220502722533,0.019755821165314158,0.02635225517637405,0.0024067918541120052
ELK.OL,2026-09-30 08:04,2026-09-30,pre-open,5,09:00,-0.0047408958449864785,-1,mid,Elkem to invest NOK 260 million in furnace renewal at Elkem Rana in Norway,-0.021949583047198355,0.017831058521932407,-0.015238410229278868,-0.017208687202211814
ELK.OL,2026-09-30 08:04,2026-09-30,pre-open,10,09:05,-0.0001742984665841999,-1,mid,Elkem to invest NOK 260 million in furnace renewal at Elkem Rana in Norway,-0.017382985668796206,0.022397655900334667,-0.0106718128508767,-0.017208687202211814
ELK.OL,2026-09-30 08:04,2026-09-30,pre-open,15,09:10,-0.001308943430770113,-1,mid,Elkem to invest NOK 260 million in furnace renewal at Elkem Rana in Norway,-0.018517630632981962,0.02126301093614886,-0.011806457815062413,-0.017208687202211814
ELK.OL,2026-09-30 08:04,2026-09-30,pre-open,30,09:25,-0.005042045154230082,-1,mid,Elkem to invest NOK 260 million in furnace renewal at Elkem Rana in Norway,-0.022250732356442038,0.01752990921268882,-0.015539559538522511,-0.017208687202211814
ELK.OL,2026-09-30 08:04,2026-09-30,pre-open,60,09:55,-0.006090121170313809,-1,mid,Elkem to invest NOK 260 million in furnace renewal at Elkem Rana in Norway,-0.023298808372525685,0.016481833196605077,-0.016587635554606198,-0.017208687202211814
SOMA.OL,2026-09-30 08:00,2026-09-30,pre-open,5,09:00,-0.00807326440790447,-1,small,Solstad Maritime ASA - Contract awards for 2 AHTS vessels in the APAC region,0.010374267011736212,0.010301564734194512,0.024496363990554923,0.018447531419640756
SOMA.OL,2026-09-30 08:00,2026-09-30,pre-open,10,09:05,-0.011211444208908997,-1,small,Solstad Maritime ASA - Contract awards for 2 AHTS vessels in the APAC region,0.007236087210731757,0.007163384933189975,0.021358184189550353,0.018447531419640756
SOMA.OL,2026-09-30 08:00,2026-09-30,pre-open,15,09:10,-0.007122849375331949,-1,small,Solstad Maritime ASA - Contract awards for 2 AHTS vessels in the APAC region,0.011324682044308861,0.011251979766766992,0.025446779023127523,0.018447531419640756
SOMA.OL,2026-09-30 08:00,2026-09-30,pre-open,30,09:25,-0.01069156020523899,-1,small,Solstad Maritime ASA - Contract awards for 2 AHTS vessels in the APAC region,0.007755971214401764,0.007683268936859982,0.02187806819322036,0.018447531419640756
SOMA.OL,2026-09-30 08:00,2026-09-30,pre-open,60,09:55,-0.016307159070594837,-1,small,Solstad Maritime ASA - Contract awards for 2 AHTS vessels in the APAC region,0.002140372349046009,0.002067670071504121,0.01626246932786461,0.018447531419640756
PRS.OL,2026-09-29 20:18,2026-09-30,after-close,5,09:00,-0.009330517011531737,-1,small,Prosafe SE   Issue of new shares and settlement of RSUs,-0.011654308107303358,-0.015883318913553466,-0.013254921004754502,-0.002323791095771653
PRS.OL,2026-09-29 20:18,2026-09-30,after-close,10,09:05,-0.016108101837979855,-1,small,Prosafe SE   Issue of new shares and settlement of RSUs,-0.01843189293375158,-0.022660903740001397,-0.020032505831202488,-0.002323791095771653
PRS.OL,2026-09-29 20:18,2026-09-30,after-close,15,09:10,-0.011162807381419646,-1,small,Prosafe SE   Issue of new shares and settlement of RSUs,-0.013486598477191348,-0.01771560928344135,-0.01508721137464239,-0.002323791095771653
PRS.OL,2026-09-29 20:18,2026-09-30,after-close,30,09:25,-0.018815836171442914,-1,small,Prosafe SE   Issue of new shares and settlement of RSUs,-0.02113962726721454,-0.02536863807346456,-0.022740240164665505,-0.002323791095771653
PRS.OL,2026-09-29 20:18,2026-09-30,after-close,60,09:55,-0.023583135263746613,-1,small,Prosafe SE   Issue of new shares and settlement of RSUs,-0.02590692635951826,-0.030135937165768296,-0.027507539256969336,-0.002323791095771653
KOG.OL,2026-09-29 19:07,2026-09-30,after-close,5,09:00,0.04433733339869552,1,large,Netherlands expands air defense capacity,-0.0031543760214395897,-0.024190259203774645,-0.07502545082152078,0.04118295737725602
KOG.OL,2026-09-29 19:07,2026-09-30,after-close,10,09:05,0.046963786285341404,1,large,Netherlands expands air defense capacity,-0.005780828908085469,-0.026816712090420483,-0.07765190370816666,0.04118295737725602
KOG.OL,2026-09-29 19:07,2026-09-30,after-close,15,09:10,0.047000192661710044,1,large,Netherlands expands air defense capacity,-0.0058172352844539565,-0.02685311846678899,-0.07768831008453513,0.04118295737725602
KOG.OL,2026-09-29 19:07,2026-09-30,after-close,30,09:25,0.04281149216819401,1,large,Netherlands expands air defense capacity,-0.0016285347909379129,-0.022664417973273,-0.07349960959101909,0.04118295737725602
KOG.OL,2026-09-29 19:07,2026-09-30,after-close,60,09:55,0.04142682750641582,1,large,Netherlands expands air defense capacity,-0.0002438701291597406,-0.021279753311494825,-0.07211494492924093,0.04118295737725602
KOG.OL,2026-09-29 19:07,2026-09-30,after-close,5,09:00,0.04433733339869552,1,large,Nederland utvider luftvernkapasitet ,-0.0031543760214395897,-0.024190259203774645,-0.07502545082152078,0.04118295737725602
KOG.OL,2026-09-29 19:07,2026-09-30,after-close,10,09:05,0.046963786285341404,1,large,Nederland utvider luftvernkapasitet ,-0.005780828908085469,-0.026816712090420483,-0.07765190370816666,0.04118295737725602
KOG.OL,2026-09-29 19:07,2026-09-30,after-close,15,09:10,0.047000192661710044,1,large,Nederland utvider luftvernkapasitet ,-0.0058172352844539565,-0.02685311846678899,-0.07768831008453513,0.04118295737725602
KOG.OL,2026-09-29 19:07,2026-09-30,after-close,30,09:25,0.04281149216819401,1,large,Nederland utvider luftvernkapasitet ,-0.0016285347909379129,-0.022664417973273,-0.07349960959101909,0.04118295737725602
KOG.OL,2026-09-29 19:07,2026-09-30,after-close,60,09:55,0.04142682750641582,1,large,Nederland utvider luftvernkapasitet ,-0.0002438701291597406,-0.021279753311494825,-0.07211494492924093,0.04118295737725602
KOG.OL,2026-09-29 19:04,2026-09-30,after-close,5,09:00,0.04433733339869552,1,large,Belgia kjøper NASAMS luftvernsystem fra KONGSBERG,-0.0031543760214395897,-0.024190259203774645,-0.07502545082152078,0.04118295737725602
KOG.OL,2026-09-29 19:04,2026-09-30,after-close,10,09:05,0.046963786285341404,1,large,Belgia kjøper NASAMS luftvernsystem fra KONGSBERG,-0.005780828908085469,-0.026816712090420483,-0.07765190370816666,0.04118295737725602
KOG.OL,2026-09-29 19:04,2026-09-30,after-close,15,09:10,0.047000192661710044,1,large,Belgia kjøper NASAMS luftvernsystem fra KONGSBERG,-0.0058172352844539565,-0.02685311846678899,-0.07768831008453513,0.04118295737725602
KOG.OL,2026-09-29 19:04,2026-09-30,after-close,30,09:25,0.04281149216819401,1,large,Belgia kjøper NASAMS luftvernsystem fra KONGSBERG,-0.0016285347909379129,-0.022664417973273,-0.07349960959101909,0.04118295737725602
KOG.OL,2026-09-29 19:04,2026-09-30,after-close,60,09:55,0.04142682750641582,1,large,Belgia kjøper NASAMS luftvernsystem fra KONGSBERG,-0.0002438701291597406,-0.021279753311494825,-0.07211494492924093,0.04118295737725602
KOG.OL,2026-09-29 19:04,2026-09-30,after-close,5,09:00,0.04433733339869552,1,large,Belgium orders NASAMS air defence system from KONGSBERG,-0.0031543760214395897,-0.024190259203774645,-0.07502545082152078,0.04118295737725602
KOG.OL,2026-09-29 19:04,2026-09-30,after-close,10,09:05,0.046963786285341404,1,large,Belgium orders NASAMS air defence system from KONGSBERG,-0.005780828908085469,-0.026816712090420483,-0.07765190370816666,0.04118295737725602
KOG.OL,2026-09-29 19:04,2026-09-30,after-close,15,09:10,0.047000192661710044,1,large,Belgium orders NASAMS air defence system from KONGSBERG,-0.0058172352844539565,-0.02685311846678899,-0.07768831008453513,0.04118295737725602
KOG.OL,2026-09-29 19:04,2026-09-30,after-close,30,09:25,0.04281149216819401,1,large,Belgium orders NASAMS air defence system from KONGSBERG,-0.0016285347909379129,-0.022664417973273,-0.07349960959101909,0.04118295737725602
KOG.OL,2026-09-29 19:04,2026-09-30,after-close,60,09:55,0.04142682750641582,1,large,Belgium orders NASAMS air defence system from KONGSBERG,-0.0002438701291597406,-0.021279753311494825,-0.07211494492924093,0.04118295737725602
B2I.OL,2026-09-29 08:48,2026-09-29,pre-open,5,09:00,-0.003298902021906875,-1,small,Euronext Oslo Børs – B2 IMPACT ASA - Received application for listing of bonds,0.013744330156731837,0.014641869791364767,0.05127634963130446,0.01704323217863872
B2I.OL,2026-09-29 08:48,2026-09-29,pre-open,10,09:05,-0.0016370336572432923,-1,small,Euronext Oslo Børs – B2 IMPACT ASA - Received application for listing of bonds,0.015406198521395319,0.016303738156028286,0.052938217995967984,0.01704323217863872
B2I.OL,2026-09-29 08:48,2026-09-29,pre-open,15,09:10,0.000982637546058351,1,small,Euronext Oslo Børs – B2 IMPACT ASA - Received application for listing of bonds,-0.018025869724696962,-0.01892340935932993,-0.05555788919926963,-0.01704323217863872
B2I.OL,2026-09-29 08:48,2026-09-29,pre-open,30,09:25,0.000872580168222092,1,small,Euronext Oslo Børs – B2 IMPACT ASA - Received application for listing of bonds,-0.017915812346860703,-0.01881335198149367,-0.05544783182143337,-0.01704323217863872
B2I.OL,2026-09-29 08:48,2026-09-29,pre-open,60,09:55,0.0011358788516652226,1,small,Euronext Oslo Børs – B2 IMPACT ASA - Received application for listing of bonds,-0.018179111030303834,-0.0190766506649368,-0.0557111305048765,-0.01704323217863872
B2I.OL,2026-09-29 08:48,2026-09-29,pre-open,5,09:00,-0.003298902021906875,-1,small,Euronext Oslo Børs – B2 IMPACT ASA - Mottatt søknad om notering av obligasjonslån,0.013744330156731837,0.014641869791364767,0.05127634963130446,0.01704323217863872
B2I.OL,2026-09-29 08:48,2026-09-29,pre-open,10,09:05,-0.0016370336572432923,-1,small,Euronext Oslo Børs – B2 IMPACT ASA - Mottatt søknad om notering av obligasjonslån,0.015406198521395319,0.016303738156028286,0.052938217995967984,0.01704323217863872
B2I.OL,2026-09-29 08:48,2026-09-29,pre-open,15,09:10,0.000982637546058351,1,small,Euronext Oslo Børs – B2 IMPACT ASA - Mottatt søknad om notering av obligasjonslån,-0.018025869724696962,-0.01892340935932993,-0.05555788919926963,-0.01704323217863872
B2I.OL,2026-09-29 08:48,2026-09-29,pre-open,30,09:25,0.000872580168222092,1,small,Euronext Oslo Børs – B2 IMPACT ASA - Mottatt søknad om notering av obligasjonslån,-0.017915812346860703,-0.01881335198149367,-0.05544783182143337,-0.01704323217863872
B2I.OL,2026-09-29 08:48,2026-09-29,pre-open,60,09:55,0.0011358788516652226,1,small,Euronext Oslo Børs – B2 IMPACT ASA - Mottatt søknad om notering av obligasjonslån,-0.018179111030303834,-0.0190766506649368,-0.0557111305048765,-0.01704323217863872
ABG.OL,2026-09-28 15:46,2026-09-28,intraday,5,15:50,0.014880080050026341,1,small,ABG - Notification of trade,-0.0107280839169659,-0.01333911526914714,-0.017559631797788973,0.004151996133060482
ABG.OL,2026-09-28 15:46,2026-09-28,intraday,10,15:55,0.008068763582351495,1,small,ABG - Notification of trade,-0.003916767449291128,-0.006527798801472445,-0.010748315330114278,0.004151996133060482
ABG.OL,2026-09-28 15:46,2026-09-28,intraday,15,16:00,0.006959256110959395,1,small,ABG - Notification of trade,-0.002807259977899005,-0.005418291330080342,-0.009638807858722174,0.004151996133060482
ABG.OL,2026-09-28 15:46,2026-09-28,intraday,30,16:15,0.004151996133060482,1,small,ABG - Notification of trade,0.0,-0.002611031352181323,-0.006831547880823155,0.004151996133060482
SPOL.OL,2026-09-28 15:30,2026-09-28,intraday,5,15:30,0.002267106205377286,1,small,SPOL: SpareBank 1 Østlandet adjusts interest rates on loans and deposits,-0.002718436872342746,-0.009806311788255393,-0.036028271090106055,-0.0004513306669655538
SPOL.OL,2026-09-28 15:30,2026-09-28,intraday,10,15:35,0.0034906528635770965,1,small,SPOL: SpareBank 1 Østlandet adjusts interest rates on loans and deposits,-0.003941983530542608,-0.011029858446455253,-0.037251817748306035,-0.0004513306669655538
SPOL.OL,2026-09-28 15:30,2026-09-28,intraday,15,15:40,0.002441041817318566,1,small,SPOL: SpareBank 1 Østlandet adjusts interest rates on loans and deposits,-0.0028923724842839756,-0.009980247400196604,-0.03620220670204736,-0.0004513306669655538
SPOL.OL,2026-09-28 15:30,2026-09-28,intraday,30,15:55,0.001910719590301212,1,small,SPOL: SpareBank 1 Østlandet adjusts interest rates on loans and deposits,-0.002362050257266845,-0.0094499251731795,-0.03567188447503015,-0.0004513306669655538
ENVIP.OL,2026-09-28 14:56,2026-09-28,intraday,5,15:00,0.006875012933920132,1,small,Envipco signs RVM supply contract with national UK retailer,0.005766311559899072,0.031787972046838184,0.02628942207247275,0.012641324493819092
ENVIP.OL,2026-09-28 14:56,2026-09-28,intraday,10,15:05,0.010569379227776537,1,small,Envipco signs RVM supply contract with national UK retailer,0.0020719452660426943,0.02809360575298163,0.02259505577861617,0.012641324493819092
ENVIP.OL,2026-09-28 14:56,2026-09-28,intraday,15,15:10,0.011353319604597317,1,small,Envipco signs RVM supply contract with national UK retailer,0.0012880048892219143,0.02730966537616085,0.02181111540179539,0.012641324493819092
ENVIP.OL,2026-09-28 14:56,2026-09-28,intraday,30,15:25,0.0123401569639566,1,small,Envipco signs RVM supply contract with national UK retailer,0.0003011675298626316,0.026322828016801567,0.02082427804243611,0.012641324493819092
ENVIP.OL,2026-09-28 14:56,2026-09-28,intraday,60,15:55,0.01638193695581443,1,small,Envipco signs RVM supply contract with national UK retailer,-0.003740612461995224,0.02228104802494381,0.016782498050578333,0.012641324493819092
BRG.OL,2026-09-28 14:17,2026-09-28,intraday,5,14:20,0.0007320905527680285,1,small,Borregaard ASA: Refinancing of long-term sustainability linked credit facilities,0.00839687177069964,0.008342666766485785,0.00431123277409923,0.009128962323467656
BRG.OL,2026-09-28 14:17,2026-09-28,intraday,10,14:25,0.0022720796784803793,1,small,Borregaard ASA: Refinancing of long-term sustainability linked credit facilities,0.006856882644987033,0.006802677640773284,0.0027712436483867606,0.009128962323467656
BRG.OL,2026-09-28 14:17,2026-09-28,intraday,15,14:30,0.0016956217736616291,1,small,Borregaard ASA: Refinancing of long-term sustainability linked credit facilities,0.0074333405498057835,0.007379135545592034,0.0033477015532055107,0.009128962323467656
BRG.OL,2026-09-28 14:17,2026-09-28,intraday,30,14:45,0.00171076796372778,1,small,Borregaard ASA: Refinancing of long-term sustainability linked credit facilities,0.0074181943597396325,0.0073639893555258835,0.00333255536313936,0.009128962323467656
BRG.OL,2026-09-28 14:17,2026-09-28,intraday,60,15:15,0.002456134707200283,1,small,Borregaard ASA: Refinancing of long-term sustainability linked credit facilities,0.0066728276162671294,0.00661862261205338,0.0025871886196668567,0.009128962323467656
NONG.OL,2026-09-28 13:45,2026-09-28,intraday,5,13:45,-0.0009378901263294159,-1,small,SpareBank 1 Nord-Norge: Adjusted interest rates? ,0.0028058737642398055,0.0026002124156723244,0.03533309104744202,0.0037437638905692214
NONG.OL,2026-09-28 13:45,2026-09-28,intraday,10,13:50,0.002228727341016552,1,small,SpareBank 1 Nord-Norge: Adjusted interest rates? ,-0.005972491231585726,-0.005766829883018227,-0.038499708514788,-0.0037437638905692214
NONG.OL,2026-09-28 13:45,2026-09-28,intraday,15,13:55,0.0006582335049552337,1,small,SpareBank 1 Nord-Norge: Adjusted interest rates? ,-0.0044019973955245146,-0.004196336046957048,-0.03692921467872676,-0.0037437638905692214
NONG.OL,2026-09-28 13:45,2026-09-28,intraday,30,14:10,0.0001610501378425241,1,small,SpareBank 1 Nord-Norge: Adjusted interest rates? ,-0.0039048140284117425,-0.0036991526798443135,-0.03643203131161398,-0.0037437638905692214
NONG.OL,2026-09-28 13:45,2026-09-28,intraday,60,14:40,0.001495721912264835,1,small,SpareBank 1 Nord-Norge: Adjusted interest rates? ,-0.005239485802833918,-0.005033824454266516,-0.03776670308603623,-0.0037437638905692214
HELG.OL,2026-09-28 13:33,2026-09-28,intraday,5,13:35,-0.004734601002365502,-1,small,SpareBank 1 Helgeland: Renteendring,0.0017498955840885289,,-0.009605032607872443,0.0064844965864540305
HELG.OL,2026-09-28 13:33,2026-09-28,intraday,10,13:40,-0.004852352841471758,-1,small,SpareBank 1 Helgeland: Renteendring,0.0016321437449822729,,-0.009722784446978699,0.0064844965864540305
HELG.OL,2026-09-28 13:33,2026-09-28,intraday,15,13:45,-0.005495521235041323,-1,small,SpareBank 1 Helgeland: Renteendring,0.0009889753514127075,,-0.010365952840548264,0.0064844965864540305
HELG.OL,2026-09-28 13:33,2026-09-28,intraday,30,14:00,-0.006260211295900375,-1,small,SpareBank 1 Helgeland: Renteendring,0.0002242852905536552,,-0.011130642901407316,0.0064844965864540305
HELG.OL,2026-09-28 13:33,2026-09-28,intraday,60,14:30,-0.0072909073806067815,-1,small,SpareBank 1 Helgeland: Renteendring,-0.000806410794152751,,-0.012161338986113723,0.0064844965864540305
SBNOR.OL,2026-09-28 12:09,2026-09-28,intraday,5,12:10,-0.0003219326505777831,-1,small,Sparebanken Norge adjusts mortgage and deposit interest rates,0.00047518993531766446,0.012547979010284817,0.05996139112335633,0.0007971225858954475
SBNOR.OL,2026-09-28 12:09,2026-09-28,intraday,10,12:15,-0.0010176340760142035,-1,small,Sparebanken Norge adjusts mortgage and deposit interest rates,-0.000220511490118723,0.011852277584848388,0.059265689697919954,0.0007971225858954475
SBNOR.OL,2026-09-28 12:09,2026-09-28,intraday,15,12:20,-0.000826311870618518,-1,small,Sparebanken Norge adjusts mortgage and deposit interest rates,-2.918928472307042e-05,0.012043599790244082,0.05945701190331559,0.0007971225858954475
SBNOR.OL,2026-09-28 12:09,2026-09-28,intraday,30,12:35,-0.001448301554086151,-1,small,Sparebanken Norge adjusts mortgage and deposit interest rates,-0.0006511789681907035,0.01142161010677645,0.05883502221984796,0.0007971225858954475
SBNOR.OL,2026-09-28 12:09,2026-09-28,intraday,60,13:05,-0.0006135610539785962,-1,small,Sparebanken Norge adjusts mortgage and deposit interest rates,0.00018356153191680796,0.012256350606883933,0.059669762719955485,0.0007971225858954475
SBNOR.OL,2026-09-28 12:09,2026-09-28,intraday,5,12:10,-0.0003219326505777831,-1,small,Sparebanken Norge justerer boliglåns- og innskuddsrentene,0.00047518993531766446,0.012547979010284817,0.05996139112335633,0.0007971225858954475
SBNOR.OL,2026-09-28 12:09,2026-09-28,intraday,10,12:15,-0.0010176340760142035,-1,small,Sparebanken Norge justerer boliglåns- og innskuddsrentene,-0.000220511490118723,0.011852277584848388,0.059265689697919954,0.0007971225858954475
SBNOR.OL,2026-09-28 12:09,2026-09-28,intraday,15,12:20,-0.000826311870618518,-1,small,Sparebanken Norge justerer boliglåns- og innskuddsrentene,-2.918928472307042e-05,0.012043599790244082,0.05945701190331559,0.0007971225858954475
SBNOR.OL,2026-09-28 12:09,2026-09-28,intraday,30,12:35,-0.001448301554086151,-1,small,Sparebanken Norge justerer boliglåns- og innskuddsrentene,-0.0006511789681907035,0.01142161010677645,0.05883502221984796,0.0007971225858954475
SBNOR.OL,2026-09-28 12:09,2026-09-28,intraday,60,13:05,-0.0006135610539785962,-1,small,Sparebanken Norge justerer boliglåns- og innskuddsrentene,0.00018356153191680796,0.012256350606883933,0.059669762719955485,0.0007971225858954475
MORG.OL,2026-09-28 11:59,2026-09-28,intraday,5,12:00,-0.0006054340190451146,-1,small,Sparebanken Møre justerer rentene,0.0027447381301301736,-0.0006852793020683812,0.015291709187190958,0.0033501721491752882
MORG.OL,2026-09-28 11:59,2026-09-28,intraday,10,12:05,-0.0005685117649039673,-1,small,Sparebanken Møre justerer rentene,0.002781660384271321,-0.0006483570479272338,0.015328631441332105,0.0033501721491752882
MORG.OL,2026-09-28 11:59,2026-09-28,intraday,15,12:10,-0.0009273666696228977,-1,small,Sparebanken Møre justerer rentene,0.0024228054795523905,-0.0010072119526461643,0.014969776536613175,0.0033501721491752882
MORG.OL,2026-09-28 11:59,2026-09-28,intraday,30,12:25,-0.002115652805275897,-1,small,Sparebanken Møre justerer rentene,0.001234519343899391,-0.0021954980882991637,0.013781490400960175,0.0033501721491752882
MORG.OL,2026-09-28 11:59,2026-09-28,intraday,60,12:55,0.000359153601497947,1,small,Sparebanken Møre justerer rentene,-0.0037093257506733094,-0.00027930831847452673,-0.016256296807734064,-0.0033501721491752882
MORG.OL,2026-09-28 11:59,2026-09-28,intraday,5,12:00,-0.0006054340190451146,-1,small,Sparebanken Møre adjusts interest rates,0.0027447381301301736,-0.0006852793020683812,0.015291709187190958,0.0033501721491752882
MORG.OL,2026-09-28 11:59,2026-09-28,intraday,10,12:05,-0.0005685117649039673,-1,small,Sparebanken Møre adjusts interest rates,0.002781660384271321,-0.0006483570479272338,0.015328631441332105,0.0033501721491752882
MORG.OL,2026-09-28 11:59,2026-09-28,intraday,15,12:10,-0.0009273666696228977,-1,small,Sparebanken Møre adjusts interest rates,0.0024228054795523905,-0.0010072119526461643,0.014969776536613175,0.0033501721491752882
MORG.OL,2026-09-28 11:59,2026-09-28,intraday,30,12:25,-0.002115652805275897,-1,small,Sparebanken Møre adjusts interest rates,0.001234519343899391,-0.0021954980882991637,0.013781490400960175,0.0033501721491752882
MORG.OL,2026-09-28 11:59,2026-09-28,intraday,60,12:55,0.000359153601497947,1,small,Sparebanken Møre adjusts interest rates,-0.0037093257506733094,-0.00027930831847452673,-0.016256296807734064,-0.0033501721491752882
DNB.OL,2026-09-28 10:39,2026-09-28,intraday,5,10:40,0.0015908938091009788,1,large,DNB øker renten på boliglån og innskudd,-0.005862554453539903,-0.010618949560067268,-0.05651881343872031,-0.004271660644438945
DNB.OL,2026-09-28 10:39,2026-09-28,intraday,10,10:45,0.0021533389165272914,1,large,DNB øker renten på boliglån og innskudd,-0.006424999560966216,-0.01118139466749358,-0.057081258546146624,-0.004271660644438945
DNB.OL,2026-09-28 10:39,2026-09-28,intraday,15,10:50,0.004218378936396475,1,large,DNB øker renten på boliglån og innskudd,-0.008490039580835457,-0.013246434687362753,-0.05914629856601581,-0.004271660644438945
DNB.OL,2026-09-28 10:39,2026-09-28,intraday,30,11:05,0.00772831393993123,1,large,DNB øker renten på boliglån og innskudd,-0.011999974584370082,-0.01675636969089734,-0.06265623356955045,-0.004271660644438945
DNB.OL,2026-09-28 10:39,2026-09-28,intraday,60,11:35,0.008122313619936351,1,large,DNB øker renten på boliglån og innskudd,-0.012393974264375288,-0.017150369370902526,-0.06305023324955569,-0.004271660644438945
DNB.OL,2026-09-28 10:39,2026-09-28,intraday,5,10:40,0.0015908938091009788,1,large,DNB raises interest rates on mortgages and deposits,-0.005862554453539903,-0.010618949560067268,-0.05651881343872031,-0.004271660644438945
DNB.OL,2026-09-28 10:39,2026-09-28,intraday,10,10:45,0.0021533389165272914,1,large,DNB raises interest rates on mortgages and deposits,-0.006424999560966216,-0.01118139466749358,-0.057081258546146624,-0.004271660644438945
DNB.OL,2026-09-28 10:39,2026-09-28,intraday,15,10:50,0.004218378936396475,1,large,DNB raises interest rates on mortgages and deposits,-0.008490039580835457,-0.013246434687362753,-0.05914629856601581,-0.004271660644438945
DNB.OL,2026-09-28 10:39,2026-09-28,intraday,30,11:05,0.00772831393993123,1,large,DNB raises interest rates on mortgages and deposits,-0.011999974584370082,-0.01675636969089734,-0.06265623356955045,-0.004271660644438945
DNB.OL,2026-09-28 10:39,2026-09-28,intraday,60,11:35,0.008122313619936351,1,large,DNB raises interest rates on mortgages and deposits,-0.012393974264375288,-0.017150369370902526,-0.06305023324955569,-0.004271660644438945
MING.OL,2026-09-28 10:30,2026-09-28,intraday,5,10:30,0.002020066517649029,1,small,SpareBank 1 SMN raises interest rates,-0.012985292584457003,-0.020719360664040808,-0.049627142722775595,-0.010965226066808036
MING.OL,2026-09-28 10:30,2026-09-28,intraday,10,10:35,-0.0003530596250098106,-1,small,SpareBank 1 SMN raises interest rates,0.010612166441798226,0.018346234521382097,0.04725401658011693,0.010965226066808036
MING.OL,2026-09-28 10:30,2026-09-28,intraday,15,10:40,0.0013343766276980886,1,small,SpareBank 1 SMN raises interest rates,-0.012299602694506175,-0.02003367077409001,-0.0489414528328248,-0.010965226066808036
MING.OL,2026-09-28 10:30,2026-09-28,intraday,30,10:55,0.002302520081534428,1,small,SpareBank 1 SMN raises interest rates,-0.013267746148342401,-0.021001814227926206,-0.049909596286660994,-0.010965226066808036
MING.OL,2026-09-28 10:30,2026-09-28,intraday,60,11:25,0.0034199693669294106,1,small,SpareBank 1 SMN raises interest rates,-0.014385195433737575,-0.022119263513321427,-0.05102704557205621,-0.010965226066808036
RING.OL,2026-09-28 09:29,2026-09-28,intraday,5,09:30,0.0011215971432779748,1,small,SpareBank 1 Ringerike Hadeland (RING) endrer renten på boliglån og innskudd,0.0009801037779340388,0.009066330182618976,0.01187851005872342,0.0021017009212120135
RING.OL,2026-09-28 09:29,2026-09-28,intraday,10,09:35,0.008943102369407041,1,small,SpareBank 1 Ringerike Hadeland (RING) endrer renten på boliglån og innskudd,-0.006841401448194876,0.0012448249564900905,0.00405700483259443,0.0021017009212120135
RING.OL,2026-09-28 09:29,2026-09-28,intraday,15,09:40,0.00837999300147857,1,small,SpareBank 1 Ringerike Hadeland (RING) endrer renten på boliglån og innskudd,-0.006278292080266404,0.001807934324418562,0.004620114200522902,0.0021017009212120135
RING.OL,2026-09-28 09:29,2026-09-28,intraday,30,09:55,0.008257155815951794,1,small,SpareBank 1 Ringerike Hadeland (RING) endrer renten på boliglån og innskudd,-0.006155454894739629,0.0019307715099453372,0.004742951386049677,0.0021017009212120135
RING.OL,2026-09-28 09:29,2026-09-28,intraday,60,10:25,0.008298577206448774,1,small,SpareBank 1 Ringerike Hadeland (RING) endrer renten på boliglån og innskudd,-0.006196876285236736,0.0018893501194481742,0.004701529995552671,0.0021017009212120135
CAPT.OL,2026-09-28 09:04,2026-09-28,intraday,5,09:05,0.013232435728669938,1,mid,"CAPITAL TANKERS CORP. ANNOUNCES THE SUCCESSFUL DELIVERY OF ONE DUAL FUEL SUEZMAX TANKER, INCREASING ",0.0020749415783108648,0.0028323224625245056,0.11442356446220085,0.015307377306980723
CAPT.OL,2026-09-28 09:04,2026-09-28,intraday,10,09:10,0.010060200822094908,1,mid,"CAPITAL TANKERS CORP. ANNOUNCES THE SUCCESSFUL DELIVERY OF ONE DUAL FUEL SUEZMAX TANKER, INCREASING ",0.005247176484885879,0.0060045573690992735,0.11759579936877575,0.015307377306980723
CAPT.OL,2026-09-28 09:04,2026-09-28,intraday,15,09:15,0.008188702969311385,1,mid,"CAPITAL TANKERS CORP. ANNOUNCES THE SUCCESSFUL DELIVERY OF ONE DUAL FUEL SUEZMAX TANKER, INCREASING ",0.007118674337669464,0.007876055221882923,0.11946729722155922,0.015307377306980723
CAPT.OL,2026-09-28 09:04,2026-09-28,intraday,30,09:30,0.01629913263894824,1,mid,"CAPITAL TANKERS CORP. ANNOUNCES THE SUCCESSFUL DELIVERY OF ONE DUAL FUEL SUEZMAX TANKER, INCREASING ",-0.0009917553319674735,-0.0002343744477540043,0.11135686755192253,0.015307377306980723
CAPT.OL,2026-09-28 09:04,2026-09-28,intraday,60,10:00,0.02175915808326878,1,mid,"CAPITAL TANKERS CORP. ANNOUNCES THE SUCCESSFUL DELIVERY OF ONE DUAL FUEL SUEZMAX TANKER, INCREASING ",-0.006451780776288031,-0.005694399892074547,0.10589684210760188,0.015307377306980723
KOG.OL,2026-09-28 09:03,2026-09-28,intraday,5,09:05,-0.001450812098013438,-1,large,KONGSBERG signerer rammeavtale for NSM-utstyr til U.S. Marine Corps (USMC),0.010843181576039414,0.0275392163226291,0.02231804197232564,0.012293993674052994
KOG.OL,2026-09-28 09:03,2026-09-28,intraday,10,09:10,-0.0011511556148539933,-1,large,KONGSBERG signerer rammeavtale for NSM-utstyr til U.S. Marine Corps (USMC),0.011142838059199004,0.027838872805788673,0.022617698455485207,0.012293993674052994
KOG.OL,2026-09-28 09:03,2026-09-28,intraday,15,09:15,0.007776382858564331,1,large,KONGSBERG signerer rammeavtale for NSM-utstyr til U.S. Marine Corps (USMC),-0.020070376532617257,-0.03676641127920695,-0.031545236928903556,-0.012293993674052994
KOG.OL,2026-09-28 09:03,2026-09-28,intraday,30,09:30,-0.002759606865784096,-1,large,KONGSBERG signerer rammeavtale for NSM-utstyr til U.S. Marine Corps (USMC),0.009534386808268968,0.026230421554858562,0.02100924720455516,0.012293993674052994
KOG.OL,2026-09-28 09:03,2026-09-28,intraday,60,10:00,-0.006332553904896932,-1,large,KONGSBERG signerer rammeavtale for NSM-utstyr til U.S. Marine Corps (USMC),0.005961439769156073,0.022657474515745648,0.01743630016544226,0.012293993674052994
KOG.OL,2026-09-28 09:03,2026-09-28,intraday,5,09:05,-0.001450812098013438,-1,large,KONGSBERG signs frame agreement for NSM equipment to U.S. Marine Corps (USMC),0.010843181576039414,0.0275392163226291,0.02231804197232564,0.012293993674052994
KOG.OL,2026-09-28 09:03,2026-09-28,intraday,10,09:10,-0.0011511556148539933,-1,large,KONGSBERG signs frame agreement for NSM equipment to U.S. Marine Corps (USMC),0.011142838059199004,0.027838872805788673,0.022617698455485207,0.012293993674052994
KOG.OL,2026-09-28 09:03,2026-09-28,intraday,15,09:15,0.007776382858564331,1,large,KONGSBERG signs frame agreement for NSM equipment to U.S. Marine Corps (USMC),-0.020070376532617257,-0.03676641127920695,-0.031545236928903556,-0.012293993674052994
KOG.OL,2026-09-28 09:03,2026-09-28,intraday,30,09:30,-0.002759606865784096,-1,large,KONGSBERG signs frame agreement for NSM equipment to U.S. Marine Corps (USMC),0.009534386808268968,0.026230421554858562,0.02100924720455516,0.012293993674052994
KOG.OL,2026-09-28 09:03,2026-09-28,intraday,60,10:00,-0.006332553904896932,-1,large,KONGSBERG signs frame agreement for NSM equipment to U.S. Marine Corps (USMC),0.005961439769156073,0.022657474515745648,0.01743630016544226,0.012293993674052994
ABG.OL,2026-09-28 08:00,2026-09-28,pre-open,5,09:00,0.0018171165479091205,1,small,Sverre Tyrhaug appointed CEO of ABG Sundal Collier,0.004546353149744133,0.0019353217975629292,-0.002285194731078903,0.006363469697653246
ABG.OL,2026-09-28 08:00,2026-09-28,pre-open,10,09:05,0.002331167658318179,1,small,Sverre Tyrhaug appointed CEO of ABG Sundal Collier,0.004032302039335075,0.0014212706871538708,-0.0027992458414879615,0.006363469697653246
ABG.OL,2026-09-28 08:00,2026-09-28,pre-open,15,09:10,-0.0016955493716490405,-1,small,Sverre Tyrhaug appointed CEO of ABG Sundal Collier,-0.008059019069302516,-0.005447987717121084,-0.0012274711884792521,-0.006363469697653246
ABG.OL,2026-09-28 08:00,2026-09-28,pre-open,30,09:25,0.0002711044737804763,1,small,Sverre Tyrhaug appointed CEO of ABG Sundal Collier,0.006092365223872999,0.0034813338716915675,-0.0007391826569502647,0.006363469697653246
ABG.OL,2026-09-28 08:00,2026-09-28,pre-open,60,09:55,-0.0004836080236475021,-1,small,Sverre Tyrhaug appointed CEO of ABG Sundal Collier,-0.006847077721300977,-0.004236046369119546,-1.5529840477713705e-05,-0.006363469697653246
DNO.OL,2026-09-28 08:00,2026-09-28,pre-open,5,09:00,0.007003895078591603,1,mid,Statement Regarding Final Offer for Capricorn Energy plc,-0.0020661768009148165,-0.015072539894344514,-0.021376338873121355,0.004937718277676757
DNO.OL,2026-09-28 08:00,2026-09-28,pre-open,10,09:05,0.005975988576132232,1,mid,Statement Regarding Final Offer for Capricorn Energy plc,-0.001038270298455489,-0.014044633391885,-0.020348432370661838,0.004937718277676757
DNO.OL,2026-09-28 08:00,2026-09-28,pre-open,15,09:10,0.0046815111022830615,1,mid,Statement Regarding Final Offer for Capricorn Energy plc,0.0002562071753936814,-0.012750155918035829,-0.019053954896812667,0.004937718277676757
DNO.OL,2026-09-28 08:00,2026-09-28,pre-open,30,09:25,-6.15927733061258e-05,-1,mid,Statement Regarding Final Offer for Capricorn Energy plc,-0.0049993110509828804,0.008007052042446738,0.014310851021223557,-0.004937718277676757
DNO.OL,2026-09-28 08:00,2026-09-28,pre-open,60,09:55,0.001253065135880489,1,mid,Statement Regarding Final Offer for Capricorn Energy plc,0.0036846531417960796,-0.009321709951633506,-0.01562550893041035,0.004937718277676757
ELMRA.OL,2026-10-02 19:00,2026-10-05,after-close,5,09:00,-0.0065874693673426965,-1,small,Elmera Group ASA – Settlement notification and results for the recommended voluntary cash tender off,-0.0012010518324764175,-0.002719298393747842,,0.005386417534866279
ELMRA.OL,2026-10-02 19:00,2026-10-05,after-close,10,09:05,-0.004872048165321802,-1,small,Elmera Group ASA – Settlement notification and results for the recommended voluntary cash tender off,0.0005143693695444772,-0.0010038771917269468,,0.005386417534866279
ELMRA.OL,2026-10-02 19:00,2026-10-05,after-close,15,09:10,-0.002297122119820444,-1,small,Elmera Group ASA – Settlement notification and results for the recommended voluntary cash tender off,0.003089295415045835,0.001571048853774411,,0.005386417534866279
ELMRA.OL,2026-10-02 19:00,2026-10-05,after-close,30,09:25,-0.0023593539119048934,-1,small,Elmera Group ASA – Settlement notification and results for the recommended voluntary cash tender off,0.0030270636229613856,0.0015088170616899615,,0.005386417534866279
ELMRA.OL,2026-10-02 19:00,2026-10-05,after-close,60,09:55,0.0010060801075455214,1,small,Elmera Group ASA – Settlement notification and results for the recommended voluntary cash tender off,-0.006392497642411874,-0.004874251081140361,,-0.005386417534866279
GSF.OL,2026-10-02 17:30,2026-10-05,after-close,5,09:00,-0.06565343773439103,-1,small,Grieg Seafood ASA (OSE: GSF): Abnormal mortality in September impacts harvest volume and farming cos,0.012161782932677901,-0.000364715450880113,,0.07781522066706886
GSF.OL,2026-10-02 17:30,2026-10-05,after-close,10,09:05,-0.0647931024453339,-1,small,Grieg Seafood ASA (OSE: GSF): Abnormal mortality in September impacts harvest volume and farming cos,0.013022118221734954,0.0004956198381769945,,0.07781522066706886
GSF.OL,2026-10-02 17:30,2026-10-05,after-close,15,09:10,-0.07426646250681061,-1,small,Grieg Seafood ASA (OSE: GSF): Abnormal mortality in September impacts harvest volume and farming cos,0.003548758160258231,-0.008977740223299781,,0.07781522066706886
GSF.OL,2026-10-02 17:30,2026-10-05,after-close,30,09:25,-0.06484997994463224,-1,small,Grieg Seafood ASA (OSE: GSF): Abnormal mortality in September impacts harvest volume and farming cos,0.012965240722436676,0.0004387423388786671,,0.07781522066706886
GSF.OL,2026-10-02 17:30,2026-10-05,after-close,60,09:55,-0.05870254237300924,-1,small,Grieg Seafood ASA (OSE: GSF): Abnormal mortality in September impacts harvest volume and farming cos,0.01911267829405969,0.006586179910501652,,0.07781522066706886
2020.OL,2026-10-02 17:10,2026-10-05,after-close,5,09:00,0.05050837512757613,1,small,2020 Bulkers Ltd. (2020)   Board Resolution to Approve the Issuance of Consideration Shares,0.026695606030005828,-0.019341973988892307,,0.07720398115758187
2020.OL,2026-10-02 17:10,2026-10-05,after-close,10,09:05,0.0583028366789992,1,small,2020 Bulkers Ltd. (2020)   Board Resolution to Approve the Issuance of Consideration Shares,0.018901144478582578,-0.027136435540315397,,0.07720398115758187
2020.OL,2026-10-02 17:10,2026-10-05,after-close,15,09:10,0.07292608999247488,1,small,2020 Bulkers Ltd. (2020)   Board Resolution to Approve the Issuance of Consideration Shares,0.004277891165107,-0.041759688853790965,,0.07720398115758187
2020.OL,2026-10-02 17:10,2026-10-05,after-close,30,09:25,0.15543679845987377,1,small,2020 Bulkers Ltd. (2020)   Board Resolution to Approve the Issuance of Consideration Shares,-0.07823281730229192,-0.12427039732118997,,0.07720398115758187
2020.OL,2026-10-02 17:10,2026-10-05,after-close,60,09:55,0.09888619391352643,1,small,2020 Bulkers Ltd. (2020)   Board Resolution to Approve the Issuance of Consideration Shares,-0.021682212755944497,-0.06771979277484257,,0.07720398115758187
SUBC.OL,2026-10-02 14:15,2026-10-02,intraday,5,14:20,0.0007428424143278343,1,mid,Subsea 7 S.A. Treasury Shares,0.0075364157511787055,0.03686817625145557,,0.008279258165506575
SUBC.OL,2026-10-02 14:15,2026-10-02,intraday,10,14:25,0.002345113195966011,1,mid,Subsea 7 S.A. Treasury Shares,0.005934144969540544,0.03526590546981734,,0.008279258165506575
SUBC.OL,2026-10-02 14:15,2026-10-02,intraday,15,14:30,0.0011286236176491402,1,mid,Subsea 7 S.A. Treasury Shares,0.0071506345478573995,0.03648239504813426,,0.008279258165506575
SUBC.OL,2026-10-02 14:15,2026-10-02,intraday,30,14:45,0.00583465479295819,1,mid,Subsea 7 S.A. Treasury Shares,0.002444603372548357,0.03177636387282509,,0.008279258165506575
SUBC.OL,2026-10-02 14:15,2026-10-02,intraday,60,15:15,0.009163843845955377,1,mid,Subsea 7 S.A. Treasury Shares,-0.0008845856804488017,0.028447174819827933,,0.008279258165506575
AKVA.OL,2026-10-02 12:45,2026-10-02,intraday,5,12:50,0.001178490244991337,1,small,AKVA group ASA: Agreement between AKVA group and Yanmar on a recommended voluntary cash offer for al,0.10188435662343318,0.10144601438560044,,0.10306284686842451
AKVA.OL,2026-10-02 12:45,2026-10-02,intraday,10,12:55,0.0015190868087982257,1,small,AKVA group ASA: Agreement between AKVA group and Yanmar on a recommended voluntary cash offer for al,0.10154376005962629,0.10110541782179355,,0.10306284686842451
AKVA.OL,2026-10-02 12:45,2026-10-02,intraday,15,13:00,0.0014786179506969255,1,small,AKVA group ASA: Agreement between AKVA group and Yanmar on a recommended voluntary cash offer for al,0.10158422891772759,0.10114588667989485,,0.10306284686842451
AKVA.OL,2026-10-02 12:45,2026-10-02,intraday,30,13:15,0.10268481858726536,1,small,AKVA group ASA: Agreement between AKVA group and Yanmar on a recommended voluntary cash offer for al,0.000378028281159154,-6.0313956673368335e-05,,0.10306284686842451
AKVA.OL,2026-10-02 12:45,2026-10-02,intraday,60,13:45,0.10155711461057707,1,small,AKVA group ASA: Agreement between AKVA group and Yanmar on a recommended voluntary cash offer for al,0.0015057322578472883,0.001067390020014808,,0.10306284686842451
AKRBP.OL,2026-10-02 12:00,2026-10-02,intraday,5,12:05,0.0007189888991900872,1,large,Aker BP appoints new executive management team,-0.005762530000288866,0.0028620015226978913,,-0.005043541101098779
AKRBP.OL,2026-10-02 12:00,2026-10-02,intraday,10,12:10,0.0008887949018138885,1,large,Aker BP appoints new executive management team,-0.0059323360029125945,0.0026921955200740503,,-0.005043541101098779
AKRBP.OL,2026-10-02 12:00,2026-10-02,intraday,15,12:15,0.0001449335702194414,1,large,Aker BP appoints new executive management team,-0.005188474671318205,0.003436056851668555,,-0.005043541101098779
AKRBP.OL,2026-10-02 12:00,2026-10-02,intraday,30,12:30,0.00010566310841381198,1,large,Aker BP appoints new executive management team,-0.005149204209512576,0.0034753273134741844,,-0.005043541101098779
AKRBP.OL,2026-10-02 12:00,2026-10-02,intraday,60,13:00,0.00347838022211822,1,large,Aker BP appoints new executive management team,-0.008521921323217,0.00010261019976963654,,-0.005043541101098779
AKAST.OL,2026-10-02 11:15,2026-10-02,intraday,5,11:20,0.003339448904049486,1,small,Akastor ASA: Sale of  Skandi Peregrino  by DDW Offshore,0.011919794546314113,-0.0009718285090629664,,0.015259243450363568
AKAST.OL,2026-10-02 11:15,2026-10-02,intraday,10,11:25,0.0037630442152730595,1,small,Akastor ASA: Sale of  Skandi Peregrino  by DDW Offshore,0.01149619923509054,-0.0013954238202865399,,0.015259243450363568
AKAST.OL,2026-10-02 11:15,2026-10-02,intraday,15,11:30,0.007773516928590386,1,small,Akastor ASA: Sale of  Skandi Peregrino  by DDW Offshore,0.0074857265217733015,-0.005405896533603817,,0.015259243450363568
AKAST.OL,2026-10-02 11:15,2026-10-02,intraday,30,11:45,0.0071439173483009225,1,small,Akastor ASA: Sale of  Skandi Peregrino  by DDW Offshore,0.008115326102062765,-0.004776296953314353,,0.015259243450363568
AKAST.OL,2026-10-02 11:15,2026-10-02,intraday,60,12:15,0.008979213163748924,1,small,Akastor ASA: Sale of  Skandi Peregrino  by DDW Offshore,0.006280030286614764,-0.0066115927687623545,,0.015259243450363568
DOFG.OL,2026-10-02 10:30,2026-10-02,intraday,5,10:35,0.005887632403040707,1,mid,DOF Group ASA - Letter of intent for Large contract,0.002776347590174942,0.009491866052926564,,0.008663979993215842
DOFG.OL,2026-10-02 10:30,2026-10-02,intraday,10,10:40,0.00584687273875247,1,mid,DOF Group ASA - Letter of intent for Large contract,0.002817107254463179,0.009532625717214801,,0.008663979993215842
DOFG.OL,2026-10-02 10:30,2026-10-02,intraday,15,10:45,0.004570773569785281,1,mid,DOF Group ASA - Letter of intent for Large contract,0.004093206423430457,0.010808724886182052,,0.008663979993215842
DOFG.OL,2026-10-02 10:30,2026-10-02,intraday,30,11:00,0.004044132201433047,1,mid,DOF Group ASA - Letter of intent for Large contract,0.004619847791782721,0.01133536625453422,,0.008663979993215842
DOFG.OL,2026-10-02 10:30,2026-10-02,intraday,60,11:30,0.009693906840279105,1,mid,DOF Group ASA - Letter of intent for Large contract,-0.0010299268470633795,0.005685591615688157,,0.008663979993215842
GENO.OL,2026-10-02 08:45,2026-10-02,pre-open,5,09:00,0.011236327242209153,1,small,MRV Systems Supports US Navy for 10th Year,0.00485631689617387,-0.010517202900828523,,0.0160926441383829
GENO.OL,2026-10-02 08:45,2026-10-02,pre-open,10,09:05,0.014084674154047287,1,small,MRV Systems Supports US Navy for 10th Year,0.0020079699843356114,-0.013365549812666709,,0.0160926441383829
GENO.OL,2026-10-02 08:45,2026-10-02,pre-open,15,09:10,0.019204843749345137,1,small,MRV Systems Supports US Navy for 10th Year,-0.003112199610962223,-0.018485719407964524,,0.0160926441383829
GENO.OL,2026-10-02 08:45,2026-10-02,pre-open,30,09:25,0.039286479603742194,1,small,MRV Systems Supports US Navy for 10th Year,-0.023193835465359296,-0.03856735526236157,,0.0160926441383829
GENO.OL,2026-10-02 08:45,2026-10-02,pre-open,60,09:55,0.019352849707180316,1,small,MRV Systems Supports US Navy for 10th Year,-0.003260205568797402,-0.018633725365799703,,0.0160926441383829
DNB.OL,2026-10-02 08:30,2026-10-02,pre-open,5,09:00,-0.009490935276740565,-1,large,Basis swap and AT1 impact Q3 2026,-0.004414231130979286,0.0038445560978849764,,0.005076704145761288
DNB.OL,2026-10-02 08:30,2026-10-02,pre-open,10,09:05,-0.010647351860967793,-1,large,Basis swap and AT1 impact Q3 2026,-0.005570647715206687,0.002688139513657673,,0.005076704145761288
DNB.OL,2026-10-02 08:30,2026-10-02,pre-open,15,09:10,-0.008656794545455438,-1,large,Basis swap and AT1 impact Q3 2026,-0.003580090399694159,0.004678696829170104,,0.005076704145761288
DNB.OL,2026-10-02 08:30,2026-10-02,pre-open,30,09:25,-0.008976043821467047,-1,large,Basis swap and AT1 impact Q3 2026,-0.0038993396757059403,0.004359447553158419,,0.005076704145761288
DNB.OL,2026-10-02 08:30,2026-10-02,pre-open,60,09:55,-0.009156916293637685,-1,large,Basis swap and AT1 impact Q3 2026,-0.004080212147876403,0.004178575080987848,,0.005076704145761288
ELMRA.OL,2026-10-02 08:00,2026-10-02,pre-open,5,09:00,-0.003237888144314644,-1,small,Elmera Group ASA – Reminder of the last day of the offer period for recommended voluntary cash tende,-0.0035426366808658577,0.0019959878016775944,,-0.00030474853655105844
ELMRA.OL,2026-10-02 08:00,2026-10-02,pre-open,10,09:05,-0.0027732961705957187,-1,small,Elmera Group ASA – Reminder of the last day of the offer period for recommended voluntary cash tende,-0.0030780447071469324,0.0024605797753965196,,-0.00030474853655105844
ELMRA.OL,2026-10-02 08:00,2026-10-02,pre-open,15,09:10,-0.002403747413029517,-1,small,Elmera Group ASA – Reminder of the last day of the offer period for recommended voluntary cash tende,-0.002708495949580731,0.002830128532962721,,-0.00030474853655105844
ELMRA.OL,2026-10-02 08:00,2026-10-02,pre-open,30,09:25,-0.0011019881310949725,-1,small,Elmera Group ASA – Reminder of the last day of the offer period for recommended voluntary cash tende,-0.0014067366676461862,0.004131887814897266,,-0.00030474853655105844
ELMRA.OL,2026-10-02 08:00,2026-10-02,pre-open,60,09:55,-0.0022557414551943383,-1,small,Elmera Group ASA – Reminder of the last day of the offer period for recommended voluntary cash tende,-0.002560489991745552,0.0029781344907979,,-0.00030474853655105844
ENDUR.OL,2026-10-02 07:30,2026-10-02,pre-open,5,09:00,-0.0037979825911614207,-1,small,Endúr ASA – Pre-project contract award Artec Aqua VAQ,-0.011489755484173586,-0.013463956838500617,,-0.0076917728930120475
ENDUR.OL,2026-10-02 07:30,2026-10-02,pre-open,10,09:05,-0.0033333906174424954,-1,small,Endúr ASA – Pre-project contract award Artec Aqua VAQ,-0.01102516351045466,-0.012999364864781692,,-0.0076917728930120475
ENDUR.OL,2026-10-02 07:30,2026-10-02,pre-open,15,09:10,-0.002963841859876294,-1,small,Endúr ASA – Pre-project contract award Artec Aqua VAQ,-0.010655614752888459,-0.01262981610721549,,-0.0076917728930120475
ENDUR.OL,2026-10-02 07:30,2026-10-02,pre-open,30,09:25,0.0019545716138202295,1,small,Endúr ASA – Pre-project contract award Artec Aqua VAQ,0.0057372012791919195,0.007711402633519193,,0.0076917728930120475
ENDUR.OL,2026-10-02 07:30,2026-10-02,pre-open,60,09:55,0.0008008182897208636,1,small,Endúr ASA – Pre-project contract award Artec Aqua VAQ,0.006890954603291285,0.008865155957618559,,0.0076917728930120475
KMAR.OL,2026-10-01 16:00,2026-10-01,intraday,5,16:05,-0.001625440368471729,-1,mid,Kongsberg Maritime completes acquisition of Berg Propulsion,0.0032286090459510584,0.006691307304531749,,0.004854049414422833
KMAR.OL,2026-10-01 16:00,2026-10-01,intraday,10,16:10,-0.003038922962951694,-1,mid,Kongsberg Maritime completes acquisition of Berg Propulsion,0.001815126451471071,0.005277824710051742,,0.004854049414422833
KMAR.OL,2026-10-01 16:00,2026-10-01,intraday,15,16:15,-0.004854049414422833,-1,mid,Kongsberg Maritime completes acquisition of Berg Propulsion,-0.0,0.003462698258580699,,0.004854049414422833
SCATC.OL,2026-10-01 14:54,2026-10-01,intraday,5,14:55,0.013197299345026278,1,mid,Scatec starts construction of the 900 MW Shadwan wind project in Egypt,0.009054689030407428,0.03547479200039488,,0.02225198837543393
SCATC.OL,2026-10-01 14:54,2026-10-01,intraday,10,15:00,0.013676326949236008,1,mid,Scatec starts construction of the 900 MW Shadwan wind project in Egypt,0.008575661426197697,0.034995764396185146,,0.02225198837543393
SCATC.OL,2026-10-01 14:54,2026-10-01,intraday,15,15:05,0.011152994285589586,1,mid,Scatec starts construction of the 900 MW Shadwan wind project in Egypt,0.011098994089844263,0.037519097059831606,,0.02225198837543393
SCATC.OL,2026-10-01 14:54,2026-10-01,intraday,30,15:20,0.011297590145605697,1,mid,Scatec starts construction of the 900 MW Shadwan wind project in Egypt,0.010954398229828152,0.037374501199815495,,0.02225198837543393
SCATC.OL,2026-10-01 14:54,2026-10-01,intraday,60,15:50,0.012244597753580274,1,mid,Scatec starts construction of the 900 MW Shadwan wind project in Egypt,0.010007390621853424,0.036427493591840915,,0.02225198837543393
2020.OL,2026-10-01 08:55,2026-10-01,pre-open,5,09:00,-0.020819312312035643,-1,small,2020 Bulkers Ltd. (2020)   Transaction Update,-0.009039626833166859,-0.0700629093371767,,0.011779685478868842
2020.OL,2026-10-01 08:55,2026-10-01,pre-open,10,09:05,-0.007899030722036331,-1,small,2020 Bulkers Ltd. (2020)   Transaction Update,0.003880654756832455,-0.057142627747177405,,0.011779685478868842
2020.OL,2026-10-01 08:55,2026-10-01,pre-open,15,09:10,-0.011067825923071935,-1,small,2020 Bulkers Ltd. (2020)   Transaction Update,0.0007118595557969259,-0.06031142294821297,,0.011779685478868842
2020.OL,2026-10-01 08:55,2026-10-01,pre-open,30,09:25,-0.010483984015555899,-1,small,2020 Bulkers Ltd. (2020)   Transaction Update,0.001295701463312962,-0.059727581040696934,,0.011779685478868842
2020.OL,2026-10-01 08:55,2026-10-01,pre-open,60,09:55,-0.012967175764887946,-1,small,2020 Bulkers Ltd. (2020)   Transaction Update,-0.0011874902860192346,-0.062210772790029165,,0.011779685478868842
VEI.OL,2026-10-01 08:45,2026-10-01,pre-open,5,09:00,-0.005005876462281119,-1,small,Veidekke: Boligprosjekt i Oslo i partnerskap med Union,0.0036912567177315413,0.002135111685080854,,0.008697133180012586
VEI.OL,2026-10-01 08:45,2026-10-01,pre-open,10,09:05,-0.0073948841155575,-1,small,Veidekke: Boligprosjekt i Oslo i partnerskap med Union,0.0013022490644550855,-0.0002538959681955841,,0.008697133180012586
VEI.OL,2026-10-01 08:45,2026-10-01,pre-open,15,09:10,-0.006262663046706226,-1,small,Veidekke: Boligprosjekt i Oslo i partnerskap med Union,0.00243447013330636,0.0008783251006556905,,0.008697133180012586
VEI.OL,2026-10-01 08:45,2026-10-01,pre-open,30,09:25,-0.0033286437942366374,-1,small,Veidekke: Boligprosjekt i Oslo i partnerskap med Union,0.005368489385776023,0.0038123443531253355,,0.008697133180012586
VEI.OL,2026-10-01 08:45,2026-10-01,pre-open,60,09:55,-0.004707781434135779,-1,small,Veidekke: Boligprosjekt i Oslo i partnerskap med Union,0.003989351745876807,0.0024332067132261373,,0.008697133180012586
VEI.OL,2026-10-01 08:45,2026-10-01,pre-open,5,09:00,-0.005005876462281119,-1,small,Veidekke: Residential Development Project in Oslo in Partnership with Union,0.0036912567177315413,0.002135111685080854,,0.008697133180012586
VEI.OL,2026-10-01 08:45,2026-10-01,pre-open,10,09:05,-0.0073948841155575,-1,small,Veidekke: Residential Development Project in Oslo in Partnership with Union,0.0013022490644550855,-0.0002538959681955841,,0.008697133180012586
VEI.OL,2026-10-01 08:45,2026-10-01,pre-open,15,09:10,-0.006262663046706226,-1,small,Veidekke: Residential Development Project in Oslo in Partnership with Union,0.00243447013330636,0.0008783251006556905,,0.008697133180012586
VEI.OL,2026-10-01 08:45,2026-10-01,pre-open,30,09:25,-0.0033286437942366374,-1,small,Veidekke: Residential Development Project in Oslo in Partnership with Union,0.005368489385776023,0.0038123443531253355,,0.008697133180012586
VEI.OL,2026-10-01 08:45,2026-10-01,pre-open,60,09:55,-0.004707781434135779,-1,small,Veidekke: Residential Development Project in Oslo in Partnership with Union,0.003989351745876807,0.0024332067132261373,,0.008697133180012586
SNI.OL,2026-10-01 08:00,2026-10-01,pre-open,5,09:00,-0.03703650443948132,-1,small,Stolt-Nielsen Limited Reports Unaudited Results For the Third Quarter and Nine Months of 2026,-0.00560821892042803,-0.018953409370560212,,0.03142828551905339
SNI.OL,2026-10-01 08:00,2026-10-01,pre-open,10,09:05,-0.044073263935448824,-1,small,Stolt-Nielsen Limited Reports Unaudited Results For the Third Quarter and Nine Months of 2026,-0.012644978416395466,-0.025990168866527753,,0.03142828551905339
SNI.OL,2026-10-01 08:00,2026-10-01,pre-open,15,09:10,-0.04294104286659755,-1,small,Stolt-Nielsen Limited Reports Unaudited Results For the Third Quarter and Nine Months of 2026,-0.011512757347544192,-0.02485794779767648,,0.03142828551905339
SNI.OL,2026-10-01 08:00,2026-10-01,pre-open,30,09:25,-0.04095369195676132,-1,small,Stolt-Nielsen Limited Reports Unaudited Results For the Third Quarter and Nine Months of 2026,-0.009525406437707924,-0.022870596887840173,,0.03142828551905339
SNI.OL,2026-10-01 08:00,2026-10-01,pre-open,60,09:55,-0.042791642862762005,-1,small,Stolt-Nielsen Limited Reports Unaudited Results For the Third Quarter and Nine Months of 2026,-0.011363357343708505,-0.02470854779384088,,0.03142828551905339
ELMRA.OL,2026-10-01 08:00,2026-10-01,pre-open,5,09:00,0.00017493756674585425,1,small,Elmera Group ASA – Reminder of offer period expiry at 16:30 CEST tomorrow for recommended voluntary ,0.002964648869553904,0.003961011051616614,,0.0031395864362997314
ELMRA.OL,2026-10-01 08:00,2026-10-01,pre-open,10,09:05,0.00013610725842302506,1,small,Elmera Group ASA – Reminder of offer period expiry at 16:30 CEST tomorrow for recommended voluntary ,0.003003479177876733,0.003999841359939443,,0.0031395864362997314
ELMRA.OL,2026-10-01 08:00,2026-10-01,pre-open,15,09:10,-0.0019731161622590643,-1,small,Elmera Group ASA – Reminder of offer period expiry at 16:30 CEST tomorrow for recommended voluntary ,-0.005112702598558778,-0.006109064780621603,,-0.0031395864362997314
ELMRA.OL,2026-10-01 08:00,2026-10-01,pre-open,30,09:25,-0.00030762489784275787,-1,small,Elmera Group ASA – Reminder of offer period expiry at 16:30 CEST tomorrow for recommended voluntary ,-0.0034472113341425656,-0.004443573516205187,,-0.0031395864362997314
ELMRA.OL,2026-10-01 08:00,2026-10-01,pre-open,60,09:55,-0.0004182345496886175,-1,small,Elmera Group ASA – Reminder of offer period expiry at 16:30 CEST tomorrow for recommended voluntary ,-0.0035578209859883315,-0.004554183168051156,,-0.0031395864362997314
RING.OL,2026-10-01 07:09,2026-10-01,pre-open,5,09:00,0.00708027138679195,1,small,SpareBank 1 Ringerike Hadeland: Vurdering av risiko og kapitalbehov (SREP) 2026,-0.0013410793727779147,0.01087676021108744,,0.005739192014014035
RING.OL,2026-10-01 07:09,2026-10-01,pre-open,10,09:05,0.007041441078469121,1,small,SpareBank 1 Ringerike Hadeland: Vurdering av risiko og kapitalbehov (SREP) 2026,-0.0013022490644550855,0.01091559051941027,,0.005739192014014035
RING.OL,2026-10-01 07:09,2026-10-01,pre-open,15,09:10,0.008173662147320395,1,small,SpareBank 1 Ringerike Hadeland: Vurdering av risiko og kapitalbehov (SREP) 2026,-0.00243447013330636,0.009783369450558995,,0.005739192014014035
RING.OL,2026-10-01 07:09,2026-10-01,pre-open,30,09:25,0.008757504054836432,1,small,SpareBank 1 Ringerike Hadeland: Vurdering av risiko og kapitalbehov (SREP) 2026,-0.0030183120408223962,0.009199527543042959,,0.005739192014014035
RING.OL,2026-10-01 07:09,2026-10-01,pre-open,60,09:55,0.009728543759890842,1,small,SpareBank 1 Ringerike Hadeland: Vurdering av risiko og kapitalbehov (SREP) 2026,-0.003989351745876807,0.008228487837988548,,0.005739192014014035
SBO.OL,2026-10-01 07:00,2026-10-01,pre-open,5,09:00,-0.0015101028139202187,-1,small,Selvaag Bolig ASA: Q3 2026: Har solgt 680 boliger for 5 milliarder kroner hittil i år,-0.01486673065365211,-0.008355197468468186,,-0.013356627839731895
SBO.OL,2026-10-01 07:00,2026-10-01,pre-open,10,09:05,-0.0015489331222430479,-1,small,Selvaag Bolig ASA: Q3 2026: Har solgt 680 boliger for 5 milliarder kroner hittil i år,-0.014905560961974939,-0.008394027776791015,,-0.013356627839731895
SBO.OL,2026-10-01 07:00,2026-10-01,pre-open,15,09:10,-0.0004167120533917733,-1,small,Selvaag Bolig ASA: Q3 2026: Har solgt 680 boliger for 5 milliarder kroner hittil i år,-0.013773339893123664,-0.007261806707939741,,-0.013356627839731895
SBO.OL,2026-10-01 07:00,2026-10-01,pre-open,30,09:25,0.00016712985412426287,1,small,Selvaag Bolig ASA: Q3 2026: Har solgt 680 boliger for 5 milliarder kroner hittil i år,0.013189497985607628,0.0066779648004237045,,0.013356627839731895
SBO.OL,2026-10-01 07:00,2026-10-01,pre-open,60,09:55,0.015736931942681158,1,small,Selvaag Bolig ASA: Q3 2026: Har solgt 680 boliger for 5 milliarder kroner hittil i år,-0.0023803041029493,-0.008891837288133227,,0.013356627839731895
SBO.OL,2026-10-01 07:00,2026-10-01,pre-open,5,09:00,-0.0015101028139202187,-1,small,Selvaag Bolig ASA: Q3 2026: Sold 680 homes for NOK 5 billion year to date,-0.01486673065365211,-0.008355197468468186,,-0.013356627839731895
SBO.OL,2026-10-01 07:00,2026-10-01,pre-open,10,09:05,-0.0015489331222430479,-1,small,Selvaag Bolig ASA: Q3 2026: Sold 680 homes for NOK 5 billion year to date,-0.014905560961974939,-0.008394027776791015,,-0.013356627839731895
SBO.OL,2026-10-01 07:00,2026-10-01,pre-open,15,09:10,-0.0004167120533917733,-1,small,Selvaag Bolig ASA: Q3 2026: Sold 680 homes for NOK 5 billion year to date,-0.013773339893123664,-0.007261806707939741,,-0.013356627839731895
SBO.OL,2026-10-01 07:00,2026-10-01,pre-open,30,09:25,0.00016712985412426287,1,small,Selvaag Bolig ASA: Q3 2026: Sold 680 homes for NOK 5 billion year to date,0.013189497985607628,0.0066779648004237045,,0.013356627839731895
SBO.OL,2026-10-01 07:00,2026-10-01,pre-open,60,09:55,0.015736931942681158,1,small,Selvaag Bolig ASA: Q3 2026: Sold 680 homes for NOK 5 billion year to date,-0.0023803041029493,-0.008891837288133227,,0.013356627839731895
NSKOG.OL,2026-10-01 07:00,2026-10-01,pre-open,5,09:00,0.025735451422083867,1,small,Norske Skog completes transaction with NND,-0.05757207442848516,-0.0809362165284033,,-0.03183662300640129
NSKOG.OL,2026-10-01 07:00,2026-10-01,pre-open,10,09:05,0.025696621113761038,1,small,Norske Skog completes transaction with NND,-0.05753324412016233,-0.08089738622008047,,-0.03183662300640129
NSKOG.OL,2026-10-01 07:00,2026-10-01,pre-open,15,09:10,0.014130291140520241,1,small,Norske Skog completes transaction with NND,-0.04596691414692153,-0.06933105624683969,,-0.03183662300640129
NSKOG.OL,2026-10-01 07:00,2026-10-01,pre-open,30,09:25,-0.005727692367182008,-1,small,Norske Skog completes transaction with NND,0.02610893063921924,0.04947307273913746,,0.03183662300640129
NSKOG.OL,2026-10-01 07:00,2026-10-01,pre-open,60,09:55,-0.014587442194749469,-1,small,Norske Skog completes transaction with NND,0.017249180811651763,0.04061332291156996,,0.03183662300640129
WAWI.OL,2026-10-06 23:40,2026-10-07,after-close,5,09:00,-0.03723890601169563,-1,mid,WALLENIUS WILHELMSEN ASA - PRIVATE PLACEMENT SUCCESSFULLY COMPLETED,0.027003027415020302,,,0.06424193342671593
WAWI.OL,2026-10-06 23:40,2026-10-07,after-close,10,09:05,-0.03903589968030159,-1,mid,WALLENIUS WILHELMSEN ASA - PRIVATE PLACEMENT SUCCESSFULLY COMPLETED,0.025206033746414336,,,0.06424193342671593
WAWI.OL,2026-10-06 23:40,2026-10-07,after-close,15,09:10,-0.032735147981847824,-1,mid,WALLENIUS WILHELMSEN ASA - PRIVATE PLACEMENT SUCCESSFULLY COMPLETED,0.03150678544486803,,,0.06424193342671593
WAWI.OL,2026-10-06 23:40,2026-10-07,after-close,30,09:25,-0.03614611846570859,-1,mid,WALLENIUS WILHELMSEN ASA - PRIVATE PLACEMENT SUCCESSFULLY COMPLETED,0.028095814961007444,,,0.06424193342671593
WAWI.OL,2026-10-06 23:40,2026-10-07,after-close,60,09:55,-0.03522143260409751,-1,mid,WALLENIUS WILHELMSEN ASA - PRIVATE PLACEMENT SUCCESSFULLY COMPLETED,0.029020500822618388,,,0.06424193342671593
KOA.OL,2026-10-06 21:17,2026-10-07,after-close,5,09:00,-0.0008811687705165007,-1,small,"Kongsberg Automotive receives approval for Cluses restructuring, strengthening competitiveness and l",0.00879486310559198,,,0.009676031876108417
KOA.OL,2026-10-06 21:17,2026-10-07,after-close,10,09:05,0.010762236759247841,1,small,"Kongsberg Automotive receives approval for Cluses restructuring, strengthening competitiveness and l",-0.020438268635356284,,,-0.009676031876108417
KOA.OL,2026-10-06 21:17,2026-10-07,after-close,15,09:10,0.01745043825475958,1,small,"Kongsberg Automotive receives approval for Cluses restructuring, strengthening competitiveness and l",-0.02712647013086801,,,-0.009676031876108417
KOA.OL,2026-10-06 21:17,2026-10-07,after-close,30,09:25,0.020470393669461566,1,small,"Kongsberg Automotive receives approval for Cluses restructuring, strengthening competitiveness and l",-0.030146425545569996,,,-0.009676031876108417
KOA.OL,2026-10-06 21:17,2026-10-07,after-close,60,09:55,0.010808631622702068,1,small,"Kongsberg Automotive receives approval for Cluses restructuring, strengthening competitiveness and l",-0.020484663498810465,,,-0.009676031876108417
SALM.OL,2026-10-06 17:00,2026-10-07,after-close,5,09:00,-0.019115685290234483,-1,mid,SalMar - Q3 2026 Trading Update,0.011160077168141803,,,0.030275762458376335
SALM.OL,2026-10-06 17:00,2026-10-07,after-close,10,09:05,-0.02476961674949077,-1,mid,SalMar - Q3 2026 Trading Update,0.005506145708885595,,,0.030275762458376335
SALM.OL,2026-10-06 17:00,2026-10-07,after-close,15,09:10,-0.029635373650996093,-1,mid,SalMar - Q3 2026 Trading Update,0.0006403888073802533,,,0.030275762458376335
SALM.OL,2026-10-06 17:00,2026-10-07,after-close,30,09:25,-0.03467636649792638,-1,mid,SalMar - Q3 2026 Trading Update,-0.004400604039550044,,,0.030275762458376335
SALM.OL,2026-10-06 17:00,2026-10-07,after-close,60,09:55,-0.028956875842567273,-1,mid,SalMar - Q3 2026 Trading Update,0.001318886615808988,,,0.030275762458376335
SALM.OL,2026-10-06 17:00,2026-10-07,after-close,5,09:00,-0.019115685290234483,-1,mid,SalMar - Q3 2026 Trading Update,0.011160077168141803,,,0.030275762458376335
SALM.OL,2026-10-06 17:00,2026-10-07,after-close,10,09:05,-0.02476961674949077,-1,mid,SalMar - Q3 2026 Trading Update,0.005506145708885595,,,0.030275762458376335
SALM.OL,2026-10-06 17:00,2026-10-07,after-close,15,09:10,-0.029635373650996093,-1,mid,SalMar - Q3 2026 Trading Update,0.0006403888073802533,,,0.030275762458376335
SALM.OL,2026-10-06 17:00,2026-10-07,after-close,30,09:25,-0.03467636649792638,-1,mid,SalMar - Q3 2026 Trading Update,-0.004400604039550044,,,0.030275762458376335
SALM.OL,2026-10-06 17:00,2026-10-07,after-close,60,09:55,-0.028956875842567273,-1,mid,SalMar - Q3 2026 Trading Update,0.001318886615808988,,,0.030275762458376335
BNOR.OL,2026-10-06 16:45,2026-10-07,after-close,5,09:00,0.003647445122126687,1,mid,Euronext Oslo Børs - BLUENORD ASA - Received application for listing of bonds,0.007565391955356465,,,0.011212837077483152
BNOR.OL,2026-10-06 16:45,2026-10-07,after-close,10,09:05,0.0006815156800336064,1,mid,Euronext Oslo Børs - BLUENORD ASA - Received application for listing of bonds,0.010531321397449545,,,0.011212837077483152
BNOR.OL,2026-10-06 16:45,2026-10-07,after-close,15,09:10,0.0011366657500684705,1,mid,Euronext Oslo Børs - BLUENORD ASA - Received application for listing of bonds,0.010076171327414727,,,0.011212837077483152
BNOR.OL,2026-10-06 16:45,2026-10-07,after-close,30,09:25,0.0006354907661914996,1,mid,Euronext Oslo Børs - BLUENORD ASA - Received application for listing of bonds,0.010577346311291548,,,0.011212837077483152
BNOR.OL,2026-10-06 16:45,2026-10-07,after-close,60,09:55,-0.002559770064277366,-1,mid,Euronext Oslo Børs - BLUENORD ASA - Received application for listing of bonds,-0.013772607141760377,,,-0.011212837077483152
BNOR.OL,2026-10-06 16:45,2026-10-07,after-close,5,09:00,0.003647445122126687,1,mid,Euronext Oslo Børs - BLUENORD ASA - Mottatt søknad om notering av obligasjonslån,0.007565391955356465,,,0.011212837077483152
BNOR.OL,2026-10-06 16:45,2026-10-07,after-close,10,09:05,0.0006815156800336064,1,mid,Euronext Oslo Børs - BLUENORD ASA - Mottatt søknad om notering av obligasjonslån,0.010531321397449545,,,0.011212837077483152
BNOR.OL,2026-10-06 16:45,2026-10-07,after-close,15,09:10,0.0011366657500684705,1,mid,Euronext Oslo Børs - BLUENORD ASA - Mottatt søknad om notering av obligasjonslån,0.010076171327414727,,,0.011212837077483152
BNOR.OL,2026-10-06 16:45,2026-10-07,after-close,30,09:25,0.0006354907661914996,1,mid,Euronext Oslo Børs - BLUENORD ASA - Mottatt søknad om notering av obligasjonslån,0.010577346311291548,,,0.011212837077483152
BNOR.OL,2026-10-06 16:45,2026-10-07,after-close,60,09:55,-0.002559770064277366,-1,mid,Euronext Oslo Børs - BLUENORD ASA - Mottatt søknad om notering av obligasjonslån,-0.013772607141760377,,,-0.011212837077483152
WWI.OL,2026-10-06 16:30,2026-10-07,after-close,5,09:00,-0.016288227197645427,-1,small,Wilh. Wilhelmsen Holding ASA - Private Placement in Wallenius Wilhelmsen,0.006887333211123779,,,0.023175560408769252
WWI.OL,2026-10-06 16:30,2026-10-07,after-close,10,09:05,-0.014636070460136643,-1,small,Wilh. Wilhelmsen Holding ASA - Private Placement in Wallenius Wilhelmsen,0.008539489948632548,,,0.023175560408769252
WWI.OL,2026-10-06 16:30,2026-10-07,after-close,15,09:10,-0.01263778639952228,-1,small,Wilh. Wilhelmsen Holding ASA - Private Placement in Wallenius Wilhelmsen,0.01053777400924701,,,0.023175560408769252
WWI.OL,2026-10-06 16:30,2026-10-07,after-close,30,09:25,-0.012919980380579418,-1,small,Wilh. Wilhelmsen Holding ASA - Private Placement in Wallenius Wilhelmsen,0.010255580028189774,,,0.023175560408769252
WWI.OL,2026-10-06 16:30,2026-10-07,after-close,60,09:55,-0.013684812701894433,-1,small,Wilh. Wilhelmsen Holding ASA - Private Placement in Wallenius Wilhelmsen,0.009490747706874773,,,0.023175560408769252
WAWI.OL,2026-10-06 16:30,2026-10-07,after-close,5,09:00,-0.03723890601169563,-1,mid,WALLENIUS WILHELMSEN ASA - CONTEMPLATED PRIVATE PLACEMENT AND TRADING UPDATE,0.027003027415020302,,,0.06424193342671593
WAWI.OL,2026-10-06 16:30,2026-10-07,after-close,10,09:05,-0.03903589968030159,-1,mid,WALLENIUS WILHELMSEN ASA - CONTEMPLATED PRIVATE PLACEMENT AND TRADING UPDATE,0.025206033746414336,,,0.06424193342671593
WAWI.OL,2026-10-06 16:30,2026-10-07,after-close,15,09:10,-0.032735147981847824,-1,mid,WALLENIUS WILHELMSEN ASA - CONTEMPLATED PRIVATE PLACEMENT AND TRADING UPDATE,0.03150678544486803,,,0.06424193342671593
WAWI.OL,2026-10-06 16:30,2026-10-07,after-close,30,09:25,-0.03614611846570859,-1,mid,WALLENIUS WILHELMSEN ASA - CONTEMPLATED PRIVATE PLACEMENT AND TRADING UPDATE,0.028095814961007444,,,0.06424193342671593
WAWI.OL,2026-10-06 16:30,2026-10-07,after-close,60,09:55,-0.03522143260409751,-1,mid,WALLENIUS WILHELMSEN ASA - CONTEMPLATED PRIVATE PLACEMENT AND TRADING UPDATE,0.029020500822618388,,,0.06424193342671593
SOFF.OL,2026-10-06 14:30,2026-10-06,intraday,5,14:35,0.036160553425542044,1,small,CSV Normand Maximus - declaration of purchase option,-0.008768537971604616,-0.01535660024904259,,0.027392015453937508
SOFF.OL,2026-10-06 14:30,2026-10-06,intraday,10,14:40,0.02379644329617871,1,small,CSV Normand Maximus - declaration of purchase option,0.003595572157758785,-0.0029924901196791906,,0.027392015453937508
SOFF.OL,2026-10-06 14:30,2026-10-06,intraday,15,14:45,0.03178826541559228,1,small,CSV Normand Maximus - declaration of purchase option,-0.004396249961654827,-0.01098431223909277,,0.027392015453937508
SOFF.OL,2026-10-06 14:30,2026-10-06,intraday,30,15:00,0.023648631666509646,1,small,CSV Normand Maximus - declaration of purchase option,0.00374338378742785,-0.002844678490010126,,0.027392015453937508
SOFF.OL,2026-10-06 14:30,2026-10-06,intraday,60,15:30,0.016629075821880335,1,small,CSV Normand Maximus - declaration of purchase option,0.01076293963205736,0.004174877354619333,,0.027392015453937508
SOMA.OL,2026-10-06 14:30,2026-10-06,intraday,5,14:35,0.004305478664685539,1,small,CSV Normand Maximus - declaration of purchase option,0.004286575025866029,0.011984469995904589,,0.008592053690551658
SOMA.OL,2026-10-06 14:30,2026-10-06,intraday,10,14:40,0.0028697899545297558,1,small,CSV Normand Maximus - declaration of purchase option,0.005722263736021771,0.013420158706060331,,0.008592053690551658
SOMA.OL,2026-10-06 14:30,2026-10-06,intraday,15,14:45,0.00414968383532203,1,small,CSV Normand Maximus - declaration of purchase option,0.004442369855229538,0.012140264825268098,,0.008592053690551658
SOMA.OL,2026-10-06 14:30,2026-10-06,intraday,30,15:00,0.004496642289141964,1,small,CSV Normand Maximus - declaration of purchase option,0.004095411401409604,0.011793306371448164,,0.008592053690551658
SOMA.OL,2026-10-06 14:30,2026-10-06,intraday,60,15:30,0.001052285130183045,1,small,CSV Normand Maximus - declaration of purchase option,0.007539768560368613,0.015237663530407173,,0.008592053690551658
PARB.OL,2026-10-06 10:33,2026-10-06,intraday,5,10:35,0.0006367515982866057,1,small,Invitasjon til presentasjon av Pareto Banks delårsrapport for 3. kvartal 2026,-0.003623896234907331,-0.028906696066438406,,-0.0029871446366207255
PARB.OL,2026-10-06 10:33,2026-10-06,intraday,10,10:40,0.002413662543147097,1,small,Invitasjon til presentasjon av Pareto Banks delårsrapport for 3. kvartal 2026,-0.005400807179767729,-0.030683607011298852,,-0.0029871446366207255
PARB.OL,2026-10-06 10:33,2026-10-06,intraday,15,10:45,0.001980509392888883,1,small,Invitasjon til presentasjon av Pareto Banks delårsrapport for 3. kvartal 2026,-0.004967654029509515,-0.030250453861040638,,-0.0029871446366207255
PARB.OL,2026-10-06 10:33,2026-10-06,intraday,30,11:00,0.0026472936114321256,1,small,Invitasjon til presentasjon av Pareto Banks delårsrapport for 3. kvartal 2026,-0.0056344382480527574,-0.03091723807958388,,-0.0029871446366207255
PARB.OL,2026-10-06 10:33,2026-10-06,intraday,60,11:30,-0.0009415001707528694,-1,small,Invitasjon til presentasjon av Pareto Banks delårsrapport for 3. kvartal 2026,0.002045644465867846,0.027328444297398946,,0.0029871446366207255
DNB.OL,2026-10-06 09:00,2026-10-06,intraday,5,09:05,0.007082858616895553,1,large,DNB is making organisational changes in Technology & Services,0.004671023423606866,8.696740573445327e-05,,0.01175388204050244
DNB.OL,2026-10-06 09:00,2026-10-06,intraday,10,09:10,0.007687327150345546,1,large,DNB is making organisational changes in Technology & Services,0.0040665548901568545,-0.0005175011277155066,,0.01175388204050244
DNB.OL,2026-10-06 09:00,2026-10-06,intraday,15,09:15,0.010304694987926204,1,large,DNB is making organisational changes in Technology & Services,0.0014491870525761114,-0.003134868965296198,,0.01175388204050244
DNB.OL,2026-10-06 09:00,2026-10-06,intraday,30,09:30,0.010786968275251881,1,large,DNB is making organisational changes in Technology & Services,0.0009669137652505346,-0.003617142252621889,,0.01175388204050244
DNB.OL,2026-10-06 09:00,2026-10-06,intraday,60,10:00,0.009347750760626213,1,large,DNB is making organisational changes in Technology & Services,0.0024061312798762027,-0.002177924737996221,,0.01175388204050244
DNB.OL,2026-10-06 09:00,2026-10-06,intraday,5,09:05,0.007082858616895553,1,large,DNB gjennomfører organisatoriske endringer i Technology & Services,0.004671023423606866,8.696740573445327e-05,,0.01175388204050244
DNB.OL,2026-10-06 09:00,2026-10-06,intraday,10,09:10,0.007687327150345546,1,large,DNB gjennomfører organisatoriske endringer i Technology & Services,0.0040665548901568545,-0.0005175011277155066,,0.01175388204050244
DNB.OL,2026-10-06 09:00,2026-10-06,intraday,15,09:15,0.010304694987926204,1,large,DNB gjennomfører organisatoriske endringer i Technology & Services,0.0014491870525761114,-0.003134868965296198,,0.01175388204050244
DNB.OL,2026-10-06 09:00,2026-10-06,intraday,30,09:30,0.010786968275251881,1,large,DNB gjennomfører organisatoriske endringer i Technology & Services,0.0009669137652505346,-0.003617142252621889,,0.01175388204050244
DNB.OL,2026-10-06 09:00,2026-10-06,intraday,60,10:00,0.009347750760626213,1,large,DNB gjennomfører organisatoriske endringer i Technology & Services,0.0024061312798762027,-0.002177924737996221,,0.01175388204050244
ABG.OL,2026-10-06 08:00,2026-10-06,pre-open,5,09:00,0.0022342528493525674,1,small,ABGSC to publish Q3 2026 Interim Report on 13 October,-0.0004294875055502528,0.008624370910463714,,0.0018047653438024152
ABG.OL,2026-10-06 08:00,2026-10-06,pre-open,10,09:05,0.003769201205455195,1,small,ABGSC to publish Q3 2026 Interim Report on 13 October,-0.0019644358616528806,0.007089422554361087,,0.0018047653438024152
ABG.OL,2026-10-06 08:00,2026-10-06,pre-open,15,09:10,0.0030862736794953364,1,small,ABGSC to publish Q3 2026 Interim Report on 13 October,-0.0012815083356930218,0.007772350080320946,,0.0018047653438024152
ABG.OL,2026-10-06 08:00,2026-10-06,pre-open,30,09:25,0.005279776453686,1,small,ABGSC to publish Q3 2026 Interim Report on 13 October,-0.003475011109883754,0.005578847306130168,,0.0018047653438024152
ABG.OL,2026-10-06 08:00,2026-10-06,pre-open,60,09:55,-0.0035188885211042426,-1,small,ABGSC to publish Q3 2026 Interim Report on 13 October,-0.005323653864906658,-0.014377512280920504,,-0.0018047653438024152
NAS.OL,2026-10-06 08:00,2026-10-06,pre-open,5,09:00,-0.0006250112281713685,-1,mid,Norwegian Air Shuttle ASA (NAS) - Traffic Figures for September 2026,-0.005336451868580093,0.023364825445433647,,-0.004711440640408762
NAS.OL,2026-10-06 08:00,2026-10-06,pre-open,10,09:05,0.0009099371279312593,1,mid,Norwegian Air Shuttle ASA (NAS) - Traffic Figures for September 2026,0.0038015035124774653,-0.024899773801536275,,0.004711440640408762
NAS.OL,2026-10-06 08:00,2026-10-06,pre-open,15,09:10,-0.000625807105481528,-1,mid,Norwegian Air Shuttle ASA (NAS) - Traffic Figures for September 2026,-0.0053372477458902565,0.02336402956812341,,-0.004711440640408762
NAS.OL,2026-10-06 08:00,2026-10-06,pre-open,30,09:25,-0.006263997792156126,-1,mid,Norwegian Air Shuttle ASA (NAS) - Traffic Figures for September 2026,-0.010975438432564832,0.01772583888144889,,-0.004711440640408762
NAS.OL,2026-10-06 08:00,2026-10-06,pre-open,60,09:55,-0.0023158301743185675,-1,mid,Norwegian Air Shuttle ASA (NAS) - Traffic Figures for September 2026,-0.007027270814727292,0.021674006499286448,,-0.004711440640408762
LSG.OL,2026-10-06 06:30,2026-10-06,pre-open,5,09:00,-0.004625036588797166,-1,small,Lerøy Seafood Group ASA: Q3 2026 Volume Update,-0.009377266093878008,-0.006035862530632585,,-0.004752229505080865
LSG.OL,2026-10-06 06:30,2026-10-06,pre-open,10,09:05,0.00026480087574543465,1,small,Lerøy Seafood Group ASA: Q3 2026 Volume Update,0.004487428629335495,0.0011460250660901023,,0.004752229505080865
LSG.OL,2026-10-06 06:30,2026-10-06,pre-open,15,09:10,0.0029255448008059038,1,small,Lerøy Seafood Group ASA: Q3 2026 Volume Update,0.001826684704274969,-0.0015147188589704364,,0.004752229505080865
LSG.OL,2026-10-06 06:30,2026-10-06,pre-open,30,09:25,-0.0014022726074556663,-1,small,Lerøy Seafood Group ASA: Q3 2026 Volume Update,-0.006154502112536431,-0.0028130985492911403,,-0.004752229505080865
LSG.OL,2026-10-06 06:30,2026-10-06,pre-open,60,09:55,-0.003918384323862862,-1,small,Lerøy Seafood Group ASA: Q3 2026 Volume Update,-0.008670613828943694,-0.005329210265698326,,-0.004752229505080865
LSG.OL,2026-10-06 06:30,2026-10-06,pre-open,5,09:00,-0.004625036588797166,-1,small,Lerøy Seafood Group ASA: Oppdatering volum i tredje kvartal 2026,-0.009377266093878008,-0.006035862530632585,,-0.004752229505080865
LSG.OL,2026-10-06 06:30,2026-10-06,pre-open,10,09:05,0.00026480087574543465,1,small,Lerøy Seafood Group ASA: Oppdatering volum i tredje kvartal 2026,0.004487428629335495,0.0011460250660901023,,0.004752229505080865
LSG.OL,2026-10-06 06:30,2026-10-06,pre-open,15,09:10,0.0029255448008059038,1,small,Lerøy Seafood Group ASA: Oppdatering volum i tredje kvartal 2026,0.001826684704274969,-0.0015147188589704364,,0.004752229505080865
LSG.OL,2026-10-06 06:30,2026-10-06,pre-open,30,09:25,-0.0014022726074556663,-1,small,Lerøy Seafood Group ASA: Oppdatering volum i tredje kvartal 2026,-0.006154502112536431,-0.0028130985492911403,,-0.004752229505080865
LSG.OL,2026-10-06 06:30,2026-10-06,pre-open,60,09:55,-0.003918384323862862,-1,small,Lerøy Seafood Group ASA: Oppdatering volum i tredje kvartal 2026,-0.008670613828943694,-0.005329210265698326,,-0.004752229505080865
BAKKA.OL,2026-10-05 22:08,2026-10-06,after-close,5,09:00,-0.007834818073260212,-1,mid,Correction to Q3 2026 Trading Update,-0.017974930503124296,-0.01597973859512476,,-0.010140112429864139
BAKKA.OL,2026-10-05 22:08,2026-10-06,after-close,10,09:05,-0.0053683515129661005,-1,mid,Correction to Q3 2026 Trading Update,-0.015508463942830314,-0.013513272034830659,,-0.010140112429864139
BAKKA.OL,2026-10-05 22:08,2026-10-06,after-close,15,09:10,-1.736412429323127e-05,-1,mid,Correction to Q3 2026 Trading Update,-0.010157476554157344,-0.008162284646157834,,-0.010140112429864139
BAKKA.OL,2026-10-05 22:08,2026-10-06,after-close,30,09:25,-0.010755619916835874,-1,mid,Correction to Q3 2026 Trading Update,-0.020895732346699943,-0.01890054043870038,,-0.010140112429864139
BAKKA.OL,2026-10-05 22:08,2026-10-06,after-close,60,09:55,-0.013728347612832231,-1,mid,Correction to Q3 2026 Trading Update,-0.023868460042696302,-0.021873268134696797,,-0.010140112429864139
NHY.OL,2026-10-05 19:00,2026-10-06,after-close,5,09:00,-0.027181034436691877,-1,large,Norsk Hydro: Update on Alunorte gas supply situation,-0.00615942264512067,0.008598360740016513,,0.0210216117915711
NHY.OL,2026-10-05 19:00,2026-10-06,after-close,10,09:05,-0.023624305465907647,-1,large,Norsk Hydro: Update on Alunorte gas supply situation,-0.002602693674336522,0.01215508971080079,,0.0210216117915711
NHY.OL,2026-10-05 19:00,2026-10-06,after-close,15,09:10,-0.01676194479737693,-1,large,Norsk Hydro: Update on Alunorte gas supply situation,0.00425966699419427,0.019017450379331537,,0.0210216117915711
NHY.OL,2026-10-05 19:00,2026-10-06,after-close,30,09:25,-0.01102294004043169,-1,large,Norsk Hydro: Update on Alunorte gas supply situation,0.00999867175113952,0.02475645513627684,,0.0210216117915711
NHY.OL,2026-10-05 19:00,2026-10-06,after-close,60,09:55,-0.013807488915807027,-1,large,Norsk Hydro: Update on Alunorte gas supply situation,0.007214122875764133,0.021971906260901446,,0.0210216117915711
NHY.OL,2026-10-05 19:00,2026-10-06,after-close,5,09:00,-0.027181034436691877,-1,large,Norsk Hydro: Oppdatering om gassforsyningssituasjonen ved Alunorte,-0.00615942264512067,0.008598360740016513,,0.0210216117915711
NHY.OL,2026-10-05 19:00,2026-10-06,after-close,10,09:05,-0.023624305465907647,-1,large,Norsk Hydro: Oppdatering om gassforsyningssituasjonen ved Alunorte,-0.002602693674336522,0.01215508971080079,,0.0210216117915711
NHY.OL,2026-10-05 19:00,2026-10-06,after-close,15,09:10,-0.01676194479737693,-1,large,Norsk Hydro: Oppdatering om gassforsyningssituasjonen ved Alunorte,0.00425966699419427,0.019017450379331537,,0.0210216117915711
NHY.OL,2026-10-05 19:00,2026-10-06,after-close,30,09:25,-0.01102294004043169,-1,large,Norsk Hydro: Oppdatering om gassforsyningssituasjonen ved Alunorte,0.00999867175113952,0.02475645513627684,,0.0210216117915711
NHY.OL,2026-10-05 19:00,2026-10-06,after-close,60,09:55,-0.013807488915807027,-1,large,Norsk Hydro: Oppdatering om gassforsyningssituasjonen ved Alunorte,0.007214122875764133,0.021971906260901446,,0.0210216117915711
BAKKA.OL,2026-10-05 18:04,2026-10-06,after-close,5,09:00,-0.007834818073260212,-1,mid,Q3 2026 Trading Update,-0.017974930503124296,-0.01597973859512476,,-0.010140112429864139
BAKKA.OL,2026-10-05 18:04,2026-10-06,after-close,10,09:05,-0.0053683515129661005,-1,mid,Q3 2026 Trading Update,-0.015508463942830314,-0.013513272034830659,,-0.010140112429864139
BAKKA.OL,2026-10-05 18:04,2026-10-06,after-close,15,09:10,-1.736412429323127e-05,-1,mid,Q3 2026 Trading Update,-0.010157476554157344,-0.008162284646157834,,-0.010140112429864139
BAKKA.OL,2026-10-05 18:04,2026-10-06,after-close,30,09:25,-0.010755619916835874,-1,mid,Q3 2026 Trading Update,-0.020895732346699943,-0.01890054043870038,,-0.010140112429864139
BAKKA.OL,2026-10-05 18:04,2026-10-06,after-close,60,09:55,-0.013728347612832231,-1,mid,Q3 2026 Trading Update,-0.023868460042696302,-0.021873268134696797,,-0.010140112429864139
STB.OL,2026-10-05 13:26,2026-10-05,intraday,5,13:30,0.0020793641763352613,1,mid,Finansiell kalender,-0.0019125232151116058,0.0032085896944938786,,0.00016684096122365202
STB.OL,2026-10-05 13:26,2026-10-05,intraday,10,13:35,0.002395440202933,1,mid,Finansiell kalender,-0.002228599241709231,0.002892513667896176,,0.00016684096122365202
STB.OL,2026-10-05 13:26,2026-10-05,intraday,15,13:40,0.0022273612652049337,1,mid,Finansiell kalender,-0.0020605203039812782,0.003060592605624206,,0.00016684096122365202
STB.OL,2026-10-05 13:26,2026-10-05,intraday,30,13:55,0.0014901057086158134,1,mid,Finansiell kalender,-0.0013232647473922403,0.00379784816221318,,0.00016684096122365202
STB.OL,2026-10-05 13:26,2026-10-05,intraday,60,14:25,0.00038292645241351747,1,mid,Finansiell kalender,-0.00021608549118989125,0.004905027418415574,,0.00016684096122365202
DNB.OL,2026-10-05 12:00,2026-10-05,intraday,5,12:05,-0.0011236518118097679,-1,large,Mitra Hagen Negård ny leder for Investor Relations i DNB,0.001592022230458126,-0.010161859810044237,,0.0027156740422678706
DNB.OL,2026-10-05 12:00,2026-10-05,intraday,10,12:10,-0.0017971458967501297,-1,large,Mitra Hagen Negård ny leder for Investor Relations i DNB,0.0009185281455177047,-0.010835353894984625,,0.0027156740422678706
DNB.OL,2026-10-05 12:00,2026-10-05,intraday,15,12:15,-0.002782235215316184,-1,large,Mitra Hagen Negård ny leder for Investor Relations i DNB,-6.656117304837937e-05,-0.0118204432135507,,0.0027156740422678706
DNB.OL,2026-10-05 12:00,2026-10-05,intraday,30,12:30,-0.0037661373295312466,-1,large,Mitra Hagen Negård ny leder for Investor Relations i DNB,-0.0010504632872634422,-0.012804345327765762,,0.0027156740422678706
DNB.OL,2026-10-05 12:00,2026-10-05,intraday,60,13:00,-0.005218816172293446,-1,large,Mitra Hagen Negård ny leder for Investor Relations i DNB,-0.0025031421300256047,-0.014257024170527976,,0.0027156740422678706
DNB.OL,2026-10-05 12:00,2026-10-05,intraday,5,12:05,-0.0011236518118097679,-1,large,Mitra Hagen Negård appointed new Head of Investor Relations at DNB,0.001592022230458126,-0.010161859810044237,,0.0027156740422678706
DNB.OL,2026-10-05 12:00,2026-10-05,intraday,10,12:10,-0.0017971458967501297,-1,large,Mitra Hagen Negård appointed new Head of Investor Relations at DNB,0.0009185281455177047,-0.010835353894984625,,0.0027156740422678706
DNB.OL,2026-10-05 12:00,2026-10-05,intraday,15,12:15,-0.002782235215316184,-1,large,Mitra Hagen Negård appointed new Head of Investor Relations at DNB,-6.656117304837937e-05,-0.0118204432135507,,0.0027156740422678706
DNB.OL,2026-10-05 12:00,2026-10-05,intraday,30,12:30,-0.0037661373295312466,-1,large,Mitra Hagen Negård appointed new Head of Investor Relations at DNB,-0.0010504632872634422,-0.012804345327765762,,0.0027156740422678706
DNB.OL,2026-10-05 12:00,2026-10-05,intraday,60,13:00,-0.005218816172293446,-1,large,Mitra Hagen Negård appointed new Head of Investor Relations at DNB,-0.0025031421300256047,-0.014257024170527976,,0.0027156740422678706
REACH.OL,2026-10-05 09:41,2026-10-05,intraday,5,09:45,0.004597276116906362,1,small,Reach Subsea ASA: Exercises extension option for Deep Cygnus ,0.0026258499849173,0.0002480274250559189,,0.007223126101823799
REACH.OL,2026-10-05 09:41,2026-10-05,intraday,10,09:50,0.0035650555523256185,1,small,Reach Subsea ASA: Exercises extension option for Deep Cygnus ,0.0036580705494980437,0.0012802479896366625,,0.007223126101823799
REACH.OL,2026-10-05 09:41,2026-10-05,intraday,15,09:55,0.005101304112195953,1,small,Reach Subsea ASA: Exercises extension option for Deep Cygnus ,0.002121821989627709,-0.00025600057023367206,,0.007223126101823799
REACH.OL,2026-10-05 09:41,2026-10-05,intraday,30,10:10,-0.0029462814094907168,-1,small,Reach Subsea ASA: Exercises extension option for Deep Cygnus ,-0.010169407511314451,-0.007791584951453175,,-0.007223126101823799
REACH.OL,2026-10-05 09:41,2026-10-05,intraday,60,10:40,0.012267282209995596,1,small,Reach Subsea ASA: Exercises extension option for Deep Cygnus ,-0.005044156108171853,-0.007421978668033345,,0.007223126101823799
LINK.OL,2026-10-05 08:00,2026-10-05,pre-open,5,09:00,-2.2612878964021338e-05,-1,small,LINK Mobility - LINK acquires LabsMobile to strengthen position in Spain and expand presence in Lati,-0.019940223538161713,-0.0294000598771728,,-0.019917610659197667
LINK.OL,2026-10-05 08:00,2026-10-05,pre-open,10,09:05,0.010026221671896984,1,small,LINK Mobility - LINK acquires LabsMobile to strengthen position in Spain and expand presence in Lati,0.009891388987300742,0.019351225326311595,,0.019917610659197667
LINK.OL,2026-10-05 08:00,2026-10-05,pre-open,15,09:10,0.004267734368558231,1,small,LINK Mobility - LINK acquires LabsMobile to strengthen position in Spain and expand presence in Lati,0.01564987629063946,0.025109712629650546,,0.019917610659197667
LINK.OL,2026-10-05 08:00,2026-10-05,pre-open,30,09:25,0.012538915925313893,1,small,LINK Mobility - LINK acquires LabsMobile to strengthen position in Spain and expand presence in Lati,0.007378694733883834,0.016838531072894687,,0.019917610659197667
LINK.OL,2026-10-05 08:00,2026-10-05,pre-open,60,09:55,0.01187065863953445,1,small,LINK Mobility - LINK acquires LabsMobile to strengthen position in Spain and expand presence in Lati,0.008046952019663281,0.0175067883586745,,0.019917610659197667
VEI.OL,2026-10-07 14:26,2026-10-07,intraday,5,14:30,0.0013361969549333108,1,small,Veidekke: To build new homes in Hamar,-0.0006791799599649949,,,0.0006570169949683159
VEI.OL,2026-10-07 14:26,2026-10-07,intraday,10,14:35,0.0005974796382116898,1,small,Veidekke: To build new homes in Hamar,5.953735675662611e-05,,,0.0006570169949683159
VEI.OL,2026-10-07 14:26,2026-10-07,intraday,15,14:40,0.001191712020176816,1,small,Veidekke: To build new homes in Hamar,-0.0005346950252085002,,,0.0006570169949683159
VEI.OL,2026-10-07 14:26,2026-10-07,intraday,30,14:55,0.0007879378633968981,1,small,Veidekke: To build new homes in Hamar,-0.00013092086842858217,,,0.0006570169949683159
VEI.OL,2026-10-07 14:26,2026-10-07,intraday,60,15:25,0.0005368847698732915,1,small,Veidekke: To build new homes in Hamar,0.00012013222509502444,,,0.0006570169949683159
VEI.OL,2026-10-07 14:19,2026-10-07,intraday,5,14:20,0.00017883339863719594,1,small,Veidekke: Bygger boliger på Hamar,0.0006570169949683159,,,0.0008358503936055119
VEI.OL,2026-10-07 14:19,2026-10-07,intraday,10,14:25,0.0013845474448825057,1,small,Veidekke: Bygger boliger på Hamar,-0.0005486970512769938,,,0.0008358503936055119
VEI.OL,2026-10-07 14:19,2026-10-07,intraday,15,14:30,0.0015150303535705067,1,small,Veidekke: Bygger boliger på Hamar,-0.0006791799599649949,,,0.0008358503936055119
VEI.OL,2026-10-07 14:19,2026-10-07,intraday,30,14:45,-0.0013584867725744097,-1,small,Veidekke: Bygger boliger på Hamar,-0.0021943371661799216,,,-0.0008358503936055119
VEI.OL,2026-10-07 14:19,2026-10-07,intraday,60,15:15,0.003365856074850676,1,small,Veidekke: Bygger boliger på Hamar,-0.0025300056812452123,,,0.0008358503936055119
STB.OL,2026-10-07 10:00,2026-10-07,intraday,5,10:05,-0.0018622325918034033,-1,mid,STOREBRAND ASA: Invitasjon til resultatpresentasjon for 3. kvartal 2026,0.005271667287888708,,,0.007133899879692112
STB.OL,2026-10-07 10:00,2026-10-07,intraday,10,10:10,-0.0029628721431280767,-1,mid,STOREBRAND ASA: Invitasjon til resultatpresentasjon for 3. kvartal 2026,0.004171027736564074,,,0.007133899879692112
STB.OL,2026-10-07 10:00,2026-10-07,intraday,15,10:15,-0.0029775364490907327,-1,mid,STOREBRAND ASA: Invitasjon til resultatpresentasjon for 3. kvartal 2026,0.004156363430601419,,,0.007133899879692112
STB.OL,2026-10-07 10:00,2026-10-07,intraday,30,10:30,-0.0017148917772345663,-1,mid,STOREBRAND ASA: Invitasjon til resultatpresentasjon for 3. kvartal 2026,0.005419008102457573,,,0.007133899879692112
STB.OL,2026-10-07 10:00,2026-10-07,intraday,60,11:00,-0.0014987503920819987,-1,mid,STOREBRAND ASA: Invitasjon til resultatpresentasjon for 3. kvartal 2026,0.0056351494876102325,,,0.007133899879692112
AFG.OL,2026-10-07 09:30,2026-10-07,intraday,5,09:30,0.001514055955656124,1,small,AF Gruppen bygger studentboliger og næringsarealer for Diakonhjemmet stiftelse,-0.000446750313353385,,,0.001067305642302739
AFG.OL,2026-10-07 09:30,2026-10-07,intraday,10,09:35,0.0009744583963963716,1,small,AF Gruppen bygger studentboliger og næringsarealer for Diakonhjemmet stiftelse,9.284724590636739e-05,,,0.001067305642302739
AFG.OL,2026-10-07 09:30,2026-10-07,intraday,15,09:40,0.0014272770609074226,1,small,AF Gruppen bygger studentboliger og næringsarealer for Diakonhjemmet stiftelse,-0.00035997141860468363,,,0.001067305642302739
AFG.OL,2026-10-07 09:30,2026-10-07,intraday,30,09:55,0.00652208904095291,1,small,AF Gruppen bygger studentboliger og næringsarealer for Diakonhjemmet stiftelse,-0.005454783398650244,,,0.001067305642302739
AFG.OL,2026-10-07 09:30,2026-10-07,intraday,60,10:25,0.010050202285688621,1,small,AF Gruppen bygger studentboliger og næringsarealer for Diakonhjemmet stiftelse,-0.008982896643385802,,,0.001067305642302739
TRMED.OL,2026-10-07 07:00,2026-10-07,pre-open,5,09:00,0.02581783958437774,1,small,Norwegian Prime Minister Jonas Gahr Støre to Officially Open Thor Medical's AlphaOne Facility on Oct,-0.02038500310669421,,,0.005432836477683649
TRMED.OL,2026-10-07 07:00,2026-10-07,pre-open,10,09:05,0.01861919910562744,1,small,Norwegian Prime Minister Jonas Gahr Støre to Officially Open Thor Medical's AlphaOne Facility on Oct,-0.013186362627943756,,,0.005432836477683649
TRMED.OL,2026-10-07 07:00,2026-10-07,pre-open,15,09:10,0.016203579458188372,1,small,Norwegian Prime Minister Jonas Gahr Støre to Officially Open Thor Medical's AlphaOne Facility on Oct,-0.010770742980504698,,,0.005432836477683649
TRMED.OL,2026-10-07 07:00,2026-10-07,pre-open,30,09:25,0.018110543187162303,1,small,Norwegian Prime Minister Jonas Gahr Støre to Officially Open Thor Medical's AlphaOne Facility on Oct,-0.012677706709478528,,,0.005432836477683649
TRMED.OL,2026-10-07 07:00,2026-10-07,pre-open,60,09:55,0.015102534575413516,1,small,Norwegian Prime Minister Jonas Gahr Støre to Officially Open Thor Medical's AlphaOne Facility on Oct,-0.00966969809772978,,,0.005432836477683649
