mode,signal,source_ticker,news,ticker,side,news_dir,red,entry,exit,gross,net
drift_A,2022-12-23,ELMRA.OL,newsweb,ELMRA.OL,-1,-1,False,2022-12-27,2023-01-02,-0.01831163326717281,-0.021311633267172808
ripple,2022-12-23,ELMRA.OL,newsweb,SBO.OL,-1,-1,False,2022-12-27,2023-01-02,-0.0367601537363581,-0.039760153736358106
ripple,2022-12-23,ELMRA.OL,newsweb,ABG.OL,-1,-1,False,2022-12-27,2023-01-02,0.02611483429276499,0.02311483429276499
drift_A,2023-01-02,POL.OL,newsweb,POL.OL,-1,-1,False,2023-01-03,2023-01-09,-0.012342516582047557,-0.015342516582047556
drift_A,2023-01-04,BAKKA.OL,newsweb,BAKKA.OL,-1,-1,False,2023-01-05,2023-01-11,-0.06156667552526303,-0.06456667552526303
ripple,2023-01-04,BAKKA.OL,newsweb,SALM.OL,-1,-1,False,2023-01-05,2023-01-11,0.020257836074900372,0.017257836074900373
ripple,2023-01-04,BAKKA.OL,newsweb,LSG.OL,-1,-1,False,2023-01-05,2023-01-11,0.03863662862876581,0.03563662862876581
ripple,2023-01-04,BAKKA.OL,newsweb,AUSS.OL,-1,-1,False,2023-01-05,2023-01-11,0.027851877474802104,0.024851877474802105
ripple,2023-01-04,BAKKA.OL,newsweb,GSF.OL,-1,-1,False,2023-01-05,2023-01-11,0.0050590856155426495,0.0020590856155426494
ripple,2023-01-04,BAKKA.OL,newsweb,MOWI.OL,-1,-1,False,2023-01-05,2023-01-11,0.023629920929627332,0.020629920929627333
drift_A,2023-01-04,ROGS.OL,newsweb,ROGS.OL,-1,-1,False,2023-01-05,2023-01-11,0.01344397228812284,0.01044397228812284
drift_A,2023-01-09,TGS.OL,newsweb,TGS.OL,1,1,False,2023-01-10,2023-01-16,0.03222375540439928,0.02922375540439928
ripple,2023-01-09,TGS.OL,newsweb,EQNR.OL,1,1,False,2023-01-10,2023-01-16,-0.016637234018866683,-0.019637234018866682
ripple,2023-01-09,TGS.OL,newsweb,OKEA.OL,1,1,False,2023-01-10,2023-01-16,0.014989122069433758,0.011989122069433759
ripple,2023-01-09,TGS.OL,newsweb,AKRBP.OL,1,1,False,2023-01-10,2023-01-16,-0.0009382918988494696,-0.00393829189884947
ripple,2023-01-09,TGS.OL,newsweb,SUBC.OL,1,1,False,2023-01-10,2023-01-16,0.04118180184653467,0.03818180184653467
ripple,2023-01-09,TGS.OL,newsweb,DNO.OL,1,1,False,2023-01-10,2023-01-16,0.004601386989608767,0.0016013869896087671
drift_A,2023-01-12,HAUTO.OL,newsweb,HAUTO.OL,-1,-1,False,2023-01-13,2023-01-19,-0.04254877007374741,-0.04554877007374741
drift_A,2023-01-12,ENDUR.OL,newsweb,ENDUR.OL,-1,-1,False,2023-01-13,2023-01-19,0.030523436427922847,0.02752343642792285
drift_A,2023-01-18,SUBC.OL,newsweb,SUBC.OL,1,1,False,2023-01-19,2023-01-25,0.0061860409167833995,0.0031860409167833994
ripple,2023-01-18,SUBC.OL,newsweb,SOFF.OL,1,1,False,2023-01-19,2023-01-25,0.038798070621415146,0.03579807062141514
ripple,2023-01-18,SUBC.OL,newsweb,TGS.OL,1,1,False,2023-01-19,2023-01-25,0.0020987259039671282,-0.0009012740960328718
ripple,2023-01-18,SUBC.OL,newsweb,DNO.OL,1,1,False,2023-01-19,2023-01-25,-0.010315899705911792,-0.013315899705911793
ripple,2023-01-18,SUBC.OL,newsweb,EQNR.OL,1,1,False,2023-01-19,2023-01-25,-0.01462126211838527,-0.01762126211838527
drift_A,2023-01-20,PROT.OL,newsweb,PROT.OL,1,1,False,2023-01-23,2023-01-27,0.02095605134971419,0.017956051349714192
drift_A,2023-01-24,OKEA.OL,newsweb,OKEA.OL,-1,-1,False,2023-01-25,2023-01-31,0.029943271946038044,0.026943271946038044
ripple,2023-01-24,OKEA.OL,newsweb,BWE.OL,-1,-1,False,2023-01-25,2023-01-31,0.04058378998744294,0.03758378998744294
ripple,2023-01-24,OKEA.OL,newsweb,SUBC.OL,-1,-1,False,2023-01-25,2023-01-31,0.016645737577343053,0.013645737577343053
rebound,2023-01-24,OKEA.OL,newsweb,AKRBP.OL,1,-1,False,2023-01-25,2023-01-31,0.0023793743831971217,-0.0006206256168028784
rebound,2023-01-24,OKEA.OL,newsweb,EQNR.OL,1,-1,False,2023-01-25,2023-01-31,0.0014460833920648458,-0.0015539166079351543
rebound,2023-01-24,OKEA.OL,newsweb,PEN.OL,1,-1,False,2023-01-25,2023-01-31,-0.02672397943455703,-0.02972397943455703
drift_A,2023-01-25,STB.OL,newsweb,STB.OL,1,1,True,2023-01-26,2023-02-01,-0.0348606034819008,-0.037860603481900804
ripple,2023-01-25,STB.OL,newsweb,BBVA.MC,1,1,True,2023-01-26,2023-02-01,0.03823099004772666,0.03523099004772666
ripple,2023-01-25,STB.OL,newsweb,SEB-A.ST,1,1,True,2023-01-26,2023-02-01,-0.02118622151378713,-0.024186221513787128
drift_A,2023-01-25,GJF.OL,newsweb,GJF.OL,-1,-1,True,2023-01-26,2023-02-01,0.008269534124737125,0.005269534124737125
ripple,2023-01-25,GJF.OL,newsweb,NONG.OL,-1,-1,True,2023-01-26,2023-02-01,0.01081901284322993,0.00781901284322993
ripple,2023-01-25,GJF.OL,newsweb,MING.OL,-1,-1,True,2023-01-26,2023-02-01,0.015958088573564812,0.012958088573564813
ripple,2023-01-25,GJF.OL,newsweb,PROT.OL,-1,-1,True,2023-01-26,2023-02-01,0.02452397613178853,0.02152397613178853
drift_A,2023-01-27,NSKOG.OL,newsweb,NSKOG.OL,-1,-1,False,2023-01-30,2023-02-03,0.032276451360500516,0.029276451360500517
drift_A,2023-01-27,AKRBP.OL,newsweb,AKRBP.OL,1,1,False,2023-01-30,2023-02-03,-0.03224069551568896,-0.03524069551568896
ripple,2023-01-27,AKRBP.OL,newsweb,OKEA.OL,1,1,False,2023-01-30,2023-02-03,-0.03270234090156721,-0.035702340901567216
ripple,2023-01-27,AKRBP.OL,newsweb,DNO.OL,1,1,False,2023-01-30,2023-02-03,-0.06113928375665731,-0.06413928375665731
ripple,2023-01-27,AKRBP.OL,newsweb,BWE.OL,1,1,False,2023-01-30,2023-02-03,0.0017644272466158933,-0.0012355727533841067
drift_A,2023-02-02,TEL.OL,newsweb,TEL.OL,1,1,False,2023-02-03,2023-02-09,0.00488525334802278,0.0018852533480227798
drift_A,2023-02-02,BRG.OL,newsweb,BRG.OL,1,1,False,2023-02-03,2023-02-09,0.0027438622577310376,-0.00025613774226896247
drift_A,2023-02-03,SCATC.OL,newsweb,SCATC.OL,-1,-1,False,2023-02-06,2023-02-10,0.1007235602818654,0.0977235602818654
drift_A,2023-02-06,ENDUR.OL,newsweb,ENDUR.OL,1,1,False,2023-02-07,2023-02-13,-0.017433342351869847,-0.020433342351869846
drift_A,2023-02-06,NAS.OL,newsweb,NAS.OL,1,1,False,2023-02-07,2023-02-13,-0.12548726921226802,-0.12848726921226802
drift_A,2023-02-07,AKSO.OL,newsweb,AKSO.OL,1,1,False,2023-02-08,2023-02-14,0.04041174653571028,0.03741174653571028
ripple,2023-02-07,AKSO.OL,newsweb,OKEA.OL,1,1,False,2023-02-08,2023-02-14,0.05077228847428033,0.047772288474280326
ripple,2023-02-07,AKSO.OL,newsweb,BWE.OL,1,1,False,2023-02-08,2023-02-14,0.06579969978097731,0.06279969978097731
ripple,2023-02-07,AKSO.OL,newsweb,AKRBP.OL,1,1,False,2023-02-08,2023-02-14,-0.03804483606914338,-0.04104483606914338
rebound,2023-02-07,AKSO.OL,newsweb,TGS.OL,-1,1,False,2023-02-08,2023-02-14,-0.007526601143813091,-0.01052660114381309
rebound,2023-02-07,AKSO.OL,newsweb,SUBC.OL,-1,1,False,2023-02-08,2023-02-14,-0.05503810410173836,-0.05803810410173836
drift_A,2023-02-07,HAUTO.OL,newsweb,HAUTO.OL,1,1,False,2023-02-08,2023-02-14,-0.11130491565608733,-0.11430491565608733
drift_A,2023-02-07,NOD.OL,newsweb,NOD.OL,-1,-1,False,2023-02-08,2023-02-14,-0.10155974686676367,-0.10455974686676367
ripple,2023-02-07,NOD.OL,newsweb,ASM.AS,-1,-1,False,2023-02-08,2023-02-14,0.05659223478605336,0.05359223478605336
ripple,2023-02-07,NOD.OL,newsweb,ASML.AS,-1,-1,False,2023-02-08,2023-02-14,0.036988348470171795,0.03398834847017179
ripple,2023-02-07,NOD.OL,newsweb,LINK.OL,-1,-1,False,2023-02-08,2023-02-14,0.11572546703103784,0.11272546703103783
ripple,2023-02-07,NOD.OL,newsweb,NYKD.OL,-1,-1,False,2023-02-08,2023-02-14,0.0821325362232471,0.07913253622324709
ripple,2023-02-07,NOD.OL,newsweb,ATCO-A.ST,-1,-1,False,2023-02-08,2023-02-14,0.029984618697726402,0.026984618697726403
drift_A,2023-02-08,EQNR.OL,newsweb,EQNR.OL,1,1,False,2023-02-09,2023-02-15,0.0038238452760011483,0.0008238452760011483
ripple,2023-02-08,EQNR.OL,newsweb,OKEA.OL,1,1,False,2023-02-09,2023-02-15,0.0074512105053721345,0.0044512105053721345
ripple,2023-02-08,EQNR.OL,newsweb,VAR.OL,1,1,False,2023-02-09,2023-02-15,-0.011522301744227081,-0.01452230174422708
ripple,2023-02-08,EQNR.OL,newsweb,PEN.OL,1,1,False,2023-02-09,2023-02-15,0.01969586850832577,0.01669586850832577
ripple,2023-02-08,EQNR.OL,newsweb,DNO.OL,1,1,False,2023-02-09,2023-02-15,-0.08903240368523357,-0.09203240368523358
ripple,2023-02-08,EQNR.OL,newsweb,BWE.OL,1,1,False,2023-02-09,2023-02-15,0.04557952407770287,0.042579524077702866
drift_A,2023-02-08,WAWI.OL,newsweb,WAWI.OL,-1,-1,False,2023-02-09,2023-02-15,0.0545210177841712,0.051521017784171196
ripple,2023-02-08,WAWI.OL,newsweb,WWI.OL,-1,-1,False,2023-02-09,2023-02-15,-0.03587159279874099,-0.03887159279874099
ripple,2023-02-08,WAWI.OL,newsweb,WWIB.OL,-1,-1,False,2023-02-09,2023-02-15,-0.03155396241560125,-0.034553962415601255
drift_A,2023-02-08,MULTI.OL,newsweb,MULTI.OL,1,1,False,2023-02-09,2023-02-15,0.044093851546744584,0.04109385154674458
drift_A,2023-02-08,MING.OL,newsweb,MING.OL,1,1,False,2023-02-09,2023-02-15,0.009561288286600815,0.006561288286600815
ripple,2023-02-08,MING.OL,newsweb,NONG.OL,1,1,False,2023-02-09,2023-02-15,0.01604671754526555,0.01304671754526555
ripple,2023-02-08,MING.OL,newsweb,DNB.OL,1,1,False,2023-02-09,2023-02-15,0.01202983529336026,0.00902983529336026
ripple,2023-02-08,MING.OL,newsweb,STB.OL,1,1,False,2023-02-09,2023-02-15,-0.03562676726313495,-0.03862676726313495
ripple,2023-02-08,MING.OL,newsweb,PARB.OL,1,1,False,2023-02-09,2023-02-15,0.03485093077646196,0.03185093077646196
ripple,2023-02-08,MING.OL,newsweb,GJF.OL,1,1,False,2023-02-09,2023-02-15,0.0005933695472639263,-0.0024066304527360738
drift_A,2023-02-08,AKSO.OL,newsweb,AKSO.OL,1,1,False,2023-02-09,2023-02-15,-0.018079708435019968,-0.021079708435019967
ripple,2023-02-08,AKSO.OL,newsweb,SUBC.OL,1,1,False,2023-02-09,2023-02-15,0.0522000558118403,0.049200055811840296
ripple,2023-02-08,AKSO.OL,newsweb,OKEA.OL,1,1,False,2023-02-09,2023-02-15,0.0074512105053721345,0.0044512105053721345
ripple,2023-02-08,AKSO.OL,newsweb,BWE.OL,1,1,False,2023-02-09,2023-02-15,0.04557952407770287,0.042579524077702866
rebound,2023-02-08,AKSO.OL,newsweb,AKRBP.OL,-1,1,False,2023-02-09,2023-02-15,0.07614632883231583,0.07314632883231582
rebound,2023-02-08,AKSO.OL,newsweb,TGS.OL,-1,1,False,2023-02-09,2023-02-15,0.02455015943629772,0.02155015943629772
rebound,2023-02-08,AKSO.OL,newsweb,BNOR.OL,-1,1,False,2023-02-09,2023-02-15,0.07576930373268925,0.07276930373268925
drift_A,2023-02-09,HELG.OL,newsweb,HELG.OL,1,1,False,2023-02-10,2023-02-16,0.013385173652592005,0.010385173652592006
drift_A,2023-02-13,SPOL.OL,newsweb,SPOL.OL,1,1,False,2023-02-14,2023-02-20,-0.012182902741043167,-0.015182902741043166
ripple,2023-02-13,SPOL.OL,newsweb,MING.OL,1,1,False,2023-02-14,2023-02-20,0.011712874336063913,0.008712874336063912
ripple,2023-02-13,SPOL.OL,newsweb,SOAG.OL,1,1,False,2023-02-14,2023-02-20,0.0020131766688046256,-0.0009868233311953745
ripple,2023-02-13,SPOL.OL,newsweb,NONG.OL,1,1,False,2023-02-14,2023-02-20,0.0032411653350942777,0.00024116533509427763
drift_A,2023-02-14,CLOUD.OL,newsweb,CLOUD.OL,-1,-1,False,2023-02-15,2023-02-21,0.10613207917261412,0.10313207917261412
drift_A,2023-02-14,ORK.OL,newsweb,ORK.OL,-1,-1,False,2023-02-15,2023-02-21,0.011564694528098305,0.008564694528098306
ripple,2023-02-14,ORK.OL,newsweb,LSG.OL,-1,-1,False,2023-02-15,2023-02-21,0.08796954870532105,0.08496954870532104
ripple,2023-02-14,ORK.OL,newsweb,MOWI.OL,-1,-1,False,2023-02-15,2023-02-21,0.044095175890882424,0.04109517589088242
drift_A,2023-02-14,PEXIP.OL,newsweb,PEXIP.OL,-1,-1,False,2023-02-15,2023-02-21,-0.0329482325859109,-0.0359482325859109
ripple,2023-02-14,PEXIP.OL,newsweb,NOD.OL,-1,-1,False,2023-02-15,2023-02-21,0.03862168945208503,0.03562168945208503
ripple,2023-02-14,PEXIP.OL,newsweb,LINK.OL,-1,-1,False,2023-02-15,2023-02-21,-0.16576286787267702,-0.16876286787267702
drift_A,2023-02-14,SBO.OL,newsweb,SBO.OL,1,1,False,2023-02-15,2023-02-21,-0.004892518593854924,-0.007892518593854925
drift_A,2023-02-15,AKAST.OL,newsweb,AKAST.OL,-1,-1,False,2023-02-16,2023-02-22,0.05836370222588825,0.055363702225888246
rebound,2023-02-15,AKAST.OL,newsweb,AKRBP.OL,1,-1,False,2023-02-16,2023-02-22,-0.032087286221506,-0.035087286221506
rebound,2023-02-15,AKAST.OL,newsweb,VAR.OL,1,-1,False,2023-02-16,2023-02-22,-0.06046040882506044,-0.06346040882506043
drift_A,2023-02-15,NORBT.OL,newsweb,NORBT.OL,1,1,False,2023-02-16,2023-02-22,0.0641037511068862,0.06110375110688619
drift_A,2023-02-15,KCC.OL,newsweb,KCC.OL,1,1,False,2023-02-16,2023-02-22,0.0496321199352393,0.046632119935239295
drift_A,2023-02-15,KIT.OL,newsweb,KIT.OL,1,1,False,2023-02-16,2023-02-22,0.06619647330793614,0.06319647330793614
drift_A,2023-02-16,GSF.OL,newsweb,GSF.OL,-1,-1,False,2023-02-17,2023-02-23,0.04211703924195842,0.03911703924195842
ripple,2023-02-16,GSF.OL,newsweb,LSG.OL,-1,-1,False,2023-02-17,2023-02-23,0.11489515090707154,0.11189515090707154
ripple,2023-02-16,GSF.OL,newsweb,AUSS.OL,-1,-1,False,2023-02-17,2023-02-23,0.11106681706587719,0.10806681706587719
ripple,2023-02-16,GSF.OL,newsweb,SALM.OL,-1,-1,False,2023-02-17,2023-02-23,0.05156744173738623,0.048567441737386224
ripple,2023-02-16,GSF.OL,newsweb,MOWI.OL,-1,-1,False,2023-02-17,2023-02-23,0.016930164490544207,0.013930164490544208
drift_A,2023-02-16,ODL.OL,newsweb,ODL.OL,1,1,False,2023-02-17,2023-02-23,-0.08908678647578762,-0.09208678647578762
ripple,2023-02-16,ODL.OL,newsweb,SOFF.OL,1,1,False,2023-02-17,2023-02-23,-0.023226016690991176,-0.026226016690991175
ripple,2023-02-16,ODL.OL,newsweb,VAR.OL,1,1,False,2023-02-17,2023-02-23,-0.042984173684486725,-0.04598417368448673
ripple,2023-02-16,ODL.OL,newsweb,PEN.OL,1,1,False,2023-02-17,2023-02-23,-0.026416506275246887,-0.029416506275246886
ripple,2023-02-16,ODL.OL,newsweb,BWE.OL,1,1,False,2023-02-17,2023-02-23,-0.008414539129364993,-0.011414539129364992
ripple,2023-02-16,ODL.OL,newsweb,AKRBP.OL,1,1,False,2023-02-17,2023-02-23,-0.008683865387205832,-0.011683865387205832
drift_A,2023-02-16,REACH.OL,newsweb,REACH.OL,-1,-1,False,2023-02-17,2023-02-23,0.034433188633733215,0.03143318863373321
drift_A,2023-02-16,NAS.OL,newsweb,NAS.OL,1,1,False,2023-02-17,2023-02-23,-0.006040927783378558,-0.009040927783378557
drift_A,2023-02-16,HUNT.OL,newsweb,HUNT.OL,1,1,False,2023-02-17,2023-02-23,-0.20303405844634428,-0.2060340584463443
drift_A,2023-02-16,LINK.OL,newsweb,LINK.OL,1,1,False,2023-02-17,2023-02-23,-0.10577784866284642,-0.10877784866284643
ripple,2023-02-16,LINK.OL,newsweb,NOD.OL,1,1,False,2023-02-17,2023-02-23,0.03580305703306121,0.03280305703306121
ripple,2023-02-16,LINK.OL,newsweb,PEXIP.OL,1,1,False,2023-02-17,2023-02-23,0.004626044333010097,0.001626044333010097
drift_A,2023-02-16,WWI.OL,newsweb,WWI.OL,-1,-1,False,2023-02-17,2023-02-23,-0.07047210160560831,-0.07347210160560831
ripple,2023-02-16,WWI.OL,newsweb,WAWI.OL,-1,-1,False,2023-02-17,2023-02-23,-0.08679491163107243,-0.08979491163107244
ripple,2023-02-16,WWI.OL,newsweb,HAUTO.OL,-1,-1,False,2023-02-17,2023-02-23,-0.08967962806765332,-0.09267962806765333
drift_A,2023-02-17,SMOP.OL,newsweb,SMOP.OL,1,1,False,2023-02-20,2023-02-24,0.12097556490190484,0.11797556490190483
drift_A,2023-02-17,ACR.OL,newsweb,ACR.OL,1,1,False,2023-02-20,2023-02-24,0.03450991497303012,0.031509914973030115
drift_A,2023-02-21,MEDI.OL,newsweb,MEDI.OL,-1,-1,False,2023-02-22,2023-02-28,-0.031516912872788,-0.034516912872788005
drift_A,2023-02-21,AUSS.OL,newsweb,AUSS.OL,-1,-1,False,2023-02-22,2023-02-28,0.008986747360362712,0.005986747360362712
ripple,2023-02-21,AUSS.OL,newsweb,GSF.OL,-1,-1,False,2023-02-22,2023-02-28,-0.01024320172446837,-0.01324320172446837
ripple,2023-02-21,AUSS.OL,newsweb,BAKKA.OL,-1,-1,False,2023-02-22,2023-02-28,-0.03892210474201359,-0.04192210474201359
drift_A,2023-02-21,BAKKA.OL,newsweb,BAKKA.OL,1,1,False,2023-02-22,2023-02-28,0.03892210474201359,0.035922104742013586
ripple,2023-02-21,BAKKA.OL,newsweb,LSG.OL,1,1,False,2023-02-22,2023-02-28,0.02776572978748739,0.02476572978748739
ripple,2023-02-21,BAKKA.OL,newsweb,AUSS.OL,1,1,False,2023-02-22,2023-02-28,-0.008986747360362712,-0.011986747360362711
ripple,2023-02-21,BAKKA.OL,newsweb,SALM.OL,1,1,False,2023-02-22,2023-02-28,0.055696947906598515,0.05269694790659851
ripple,2023-02-21,BAKKA.OL,newsweb,MOWI.OL,1,1,False,2023-02-22,2023-02-28,0.04946763659305295,0.04646763659305295
drift_A,2023-02-21,LSG.OL,newsweb,LSG.OL,-1,-1,False,2023-02-22,2023-02-28,-0.02776572978748739,-0.03076572978748739
ripple,2023-02-21,LSG.OL,newsweb,GSF.OL,-1,-1,False,2023-02-22,2023-02-28,-0.01024320172446837,-0.01324320172446837
ripple,2023-02-21,LSG.OL,newsweb,BAKKA.OL,-1,-1,False,2023-02-22,2023-02-28,-0.03892210474201359,-0.04192210474201359
drift_A,2023-02-22,PEN.OL,newsweb,PEN.OL,-1,-1,True,2023-02-23,2023-03-01,-0.04489129765017578,-0.04789129765017578
ripple,2023-02-22,PEN.OL,newsweb,OKEA.OL,-1,-1,True,2023-02-23,2023-03-01,0.011497910068000397,0.008497910068000398
ripple,2023-02-22,PEN.OL,newsweb,EQNR.OL,-1,-1,True,2023-02-23,2023-03-01,0.00918749525578361,0.00618749525578361
ripple,2023-02-22,PEN.OL,newsweb,VAR.OL,-1,-1,True,2023-02-23,2023-03-01,-0.029476400936855662,-0.032476400936855665
ripple,2023-02-22,PEN.OL,newsweb,DNO.OL,-1,-1,True,2023-02-23,2023-03-01,-0.037414288688811956,-0.04041428868881196
ripple,2023-02-22,PEN.OL,newsweb,AKRBP.OL,-1,-1,True,2023-02-23,2023-03-01,-0.016648622058663003,-0.019648622058663003
drift_A,2023-02-22,ZAP.OL,newsweb,ZAP.OL,-1,-1,True,2023-02-23,2023-03-01,-0.002412167878295894,-0.005412167878295894
drift_A,2023-02-23,JIN.OL,newsweb,JIN.OL,-1,-1,False,2023-02-24,2023-03-02,-0.06273686150127333,-0.06573686150127334
ripple,2023-02-23,JIN.OL,newsweb,2020.OL,-1,-1,False,2023-02-24,2023-03-02,-0.048230799239005966,-0.05123079923900597
ripple,2023-02-23,JIN.OL,newsweb,HSHP.OL,-1,-1,False,2023-02-24,2023-03-02,-0.12700184860099015,-0.13000184860099015
drift_A,2023-02-23,DNB.OL,newsweb,DNB.OL,1,1,False,2023-02-24,2023-03-02,-0.02041720557042516,-0.02341720557042516
drift_A,2023-02-24,OET.OL,newsweb,OET.OL,1,1,False,2023-02-27,2023-03-03,0.05336489145804265,0.05036489145804265
drift_A,2023-02-28,NAPA.OL,newsweb,NAPA.OL,-1,-1,False,2023-03-01,2023-03-07,0.03632002785784692,0.03332002785784692
drift_A,2023-02-28,BWE.OL,newsweb,BWE.OL,-1,-1,False,2023-03-01,2023-03-07,0.08845032992570012,0.08545032992570012
ripple,2023-02-28,BWE.OL,newsweb,DNO.OL,-1,-1,False,2023-03-01,2023-03-07,-0.026431058075567688,-0.029431058075567687
ripple,2023-02-28,BWE.OL,newsweb,AKRBP.OL,-1,-1,False,2023-03-01,2023-03-07,-0.013667731940396282,-0.016667731940396283
ripple,2023-02-28,BWE.OL,newsweb,VAR.OL,-1,-1,False,2023-03-01,2023-03-07,0.028631188818064594,0.025631188818064594
ripple,2023-02-28,BWE.OL,newsweb,OKEA.OL,-1,-1,False,2023-03-01,2023-03-07,0.03669241627369493,0.03369241627369493
ripple,2023-02-28,BWE.OL,newsweb,PEN.OL,-1,-1,False,2023-03-01,2023-03-07,0.002322323200871073,-0.000677676799128927
drift_A,2023-02-28,HAFNI.OL,newsweb,HAFNI.OL,-1,-1,False,2023-03-01,2023-03-07,0.07391174827755084,0.07091174827755084
ripple,2023-02-28,HAFNI.OL,newsweb,FRO.OL,-1,-1,False,2023-03-01,2023-03-07,0.02272839064172303,0.01972839064172303
ripple,2023-02-28,HAFNI.OL,newsweb,OET.OL,-1,-1,False,2023-03-01,2023-03-07,-0.007963261623443237,-0.010963261623443236
ripple,2023-02-28,HAFNI.OL,newsweb,SNI.OL,-1,-1,False,2023-03-01,2023-03-07,-0.01115036531622948,-0.014150365316229482
ripple,2023-02-28,HAFNI.OL,newsweb,OKEA.OL,-1,-1,False,2023-03-01,2023-03-07,0.03669241627369493,0.03369241627369493
ripple,2023-02-28,HAFNI.OL,newsweb,EQNR.OL,-1,-1,False,2023-03-01,2023-03-07,-0.001896615068908402,-0.0048966150689084015
drift_A,2023-03-01,HAUTO.OL,newsweb,HAUTO.OL,-1,-1,False,2023-03-02,2023-03-08,-0.0820508918721255,-0.0850508918721255
drift_A,2023-03-01,MEDI.OL,newsweb,MEDI.OL,1,1,False,2023-03-02,2023-03-08,0.0021103958436482573,-0.0008896041563517428
drift_A,2023-03-02,SUBC.OL,newsweb,SUBC.OL,1,1,False,2023-03-03,2023-03-09,-0.010590647770586159,-0.013590647770586158
ripple,2023-03-02,SUBC.OL,newsweb,AKSO.OL,1,1,False,2023-03-03,2023-03-09,-0.036210958270311004,-0.03921095827031101
ripple,2023-03-02,SUBC.OL,newsweb,DNO.OL,1,1,False,2023-03-03,2023-03-09,0.005245080507030758,0.0022450805070307576
ripple,2023-03-02,SUBC.OL,newsweb,AKRBP.OL,1,1,False,2023-03-03,2023-03-09,-0.02920287970463104,-0.03220287970463104
ripple,2023-03-02,SUBC.OL,newsweb,VAR.OL,1,1,False,2023-03-03,2023-03-09,-0.03924882344803839,-0.042248823448038396
drift_A,2023-03-02,BWE.OL,newsweb,BWE.OL,-1,-1,False,2023-03-03,2023-03-09,0.041724331180676553,0.03872433118067655
ripple,2023-03-02,BWE.OL,newsweb,OKEA.OL,-1,-1,False,2023-03-03,2023-03-09,0.041671408096876264,0.03867140809687626
ripple,2023-03-02,BWE.OL,newsweb,AKRBP.OL,-1,-1,False,2023-03-03,2023-03-09,0.02920287970463104,0.02620287970463104
ripple,2023-03-02,BWE.OL,newsweb,DNO.OL,-1,-1,False,2023-03-03,2023-03-09,-0.005245080507030758,-0.008245080507030758
ripple,2023-03-02,BWE.OL,newsweb,EQNR.OL,-1,-1,False,2023-03-03,2023-03-09,0.03515529159008169,0.03215529159008169
ripple,2023-03-02,BWE.OL,newsweb,PEN.OL,-1,-1,False,2023-03-03,2023-03-09,0.044356493065736476,0.04135649306573647
drift_A,2023-03-07,SOFF.OL,newsweb,SOFF.OL,-1,-1,True,2023-03-08,2023-03-14,-0.04119093873760457,-0.044190938737604574
ripple,2023-03-07,SOFF.OL,newsweb,ODL.OL,-1,-1,True,2023-03-08,2023-03-14,0.0360326303464715,0.0330326303464715
ripple,2023-03-07,SOFF.OL,newsweb,SUBC.OL,-1,-1,True,2023-03-08,2023-03-14,0.06699081879504745,0.06399081879504745
ripple,2023-03-07,SOFF.OL,newsweb,DNO.OL,-1,-1,True,2023-03-08,2023-03-14,-0.0038863839520039134,-0.0068863839520039135
ripple,2023-03-07,SOFF.OL,newsweb,TGS.OL,-1,-1,True,2023-03-08,2023-03-14,-0.03418919303747539,-0.03718919303747539
ripple,2023-03-07,SOFF.OL,newsweb,AKRBP.OL,-1,-1,True,2023-03-08,2023-03-14,0.024641119587854567,0.021641119587854567
drift_A,2023-03-10,KOA.OL,newsweb,KOA.OL,1,1,True,2023-03-13,2023-03-17,-0.25834467071116707,-0.26134467071116707
drift_A,2023-03-13,BNP.PA,gdelt,BNP.PA,-1,-1,True,2023-03-14,2023-03-20,0.04516812509314638,0.04216812509314638
ripple,2023-03-13,BNP.PA,gdelt,VOW3.DE,-1,-1,True,2023-03-14,2023-03-20,0.05058700359855157,0.047587003598551565
ripple,2023-03-13,BNP.PA,gdelt,MBG.DE,-1,-1,True,2023-03-14,2023-03-20,0.02555802837524999,0.02255802837524999
ripple,2023-03-13,BNP.PA,gdelt,SIE.DE,-1,-1,True,2023-03-14,2023-03-20,0.00480637600685159,0.0018063760068515898
ripple,2023-03-13,BNP.PA,gdelt,BMW.DE,-1,-1,True,2023-03-14,2023-03-20,-0.023940236323630563,-0.026940236323630563
drift_A,2023-03-14,CRNA.OL,newsweb,CRNA.OL,1,1,False,2023-03-15,2023-03-21,-0.20286727136393648,-0.20586727136393648
drift_A,2023-03-14,KOA.OL,newsweb,KOA.OL,-1,-1,False,2023-03-15,2023-03-21,0.09808750538734386,0.09508750538734385
drift_A,2023-03-15,GLE.PA,gdelt,GLE.PA,-1,-1,True,2023-03-16,2023-03-22,0.04992941572508548,0.04692941572508548
ripple,2023-03-15,GLE.PA,gdelt,BMW.DE,-1,-1,True,2023-03-16,2023-03-22,-0.011814381094959582,-0.014814381094959583
ripple,2023-03-15,GLE.PA,gdelt,VOW3.DE,-1,-1,True,2023-03-16,2023-03-22,0.02447730966499773,0.02147730966499773
ripple,2023-03-15,GLE.PA,gdelt,MBG.DE,-1,-1,True,2023-03-16,2023-03-22,0.0086389138273148,0.0056389138273148
ripple,2023-03-15,GLE.PA,gdelt,SIE.DE,-1,-1,True,2023-03-16,2023-03-22,-0.01837840730533239,-0.02137840730533239
drift_A,2023-03-15,PARB.OL,newsweb,PARB.OL,-1,-1,True,2023-03-16,2023-03-22,-0.017599463433919958,-0.020599463433919957
drift_A,2023-03-15,BNP.PA,gdelt,BNP.PA,-1,-1,True,2023-03-16,2023-03-22,0.0005362673284668804,-0.0024637326715331196
ripple,2023-03-15,BNP.PA,gdelt,BMW.DE,-1,-1,True,2023-03-16,2023-03-22,-0.011814381094959582,-0.014814381094959583
ripple,2023-03-15,BNP.PA,gdelt,VOW3.DE,-1,-1,True,2023-03-16,2023-03-22,0.02447730966499773,0.02147730966499773
ripple,2023-03-15,BNP.PA,gdelt,MBG.DE,-1,-1,True,2023-03-16,2023-03-22,0.0086389138273148,0.0056389138273148
ripple,2023-03-15,BNP.PA,gdelt,SIE.DE,-1,-1,True,2023-03-16,2023-03-22,-0.01837840730533239,-0.02137840730533239
drift_A,2023-03-16,WEST.OL,newsweb,WEST.OL,-1,-1,False,2023-03-17,2023-03-23,0.04445130795090011,0.04145130795090011
drift_A,2023-03-17,BWE.OL,newsweb,BWE.OL,1,1,False,2023-03-20,2023-03-24,0.008196165802328528,0.005196165802328528
ripple,2023-03-17,BWE.OL,newsweb,AKRBP.OL,1,1,False,2023-03-20,2023-03-24,0.0005617652120301535,-0.0024382347879698466
ripple,2023-03-17,BWE.OL,newsweb,OKEA.OL,1,1,False,2023-03-20,2023-03-24,0.07048574447143571,0.06748574447143571
ripple,2023-03-17,BWE.OL,newsweb,VAR.OL,1,1,False,2023-03-20,2023-03-24,-0.0235955177361418,-0.0265955177361418
ripple,2023-03-17,BWE.OL,newsweb,PEN.OL,1,1,False,2023-03-20,2023-03-24,0.0011836909867745157,-0.0018163090132254844
ripple,2023-03-17,BWE.OL,newsweb,TTE.PA,1,1,False,2023-03-20,2023-03-24,0.0030651961613749976,6.519616137499757e-05
drift_A,2023-03-20,OKEA.OL,newsweb,OKEA.OL,1,1,False,2023-03-21,2023-03-27,0.029195424191415954,0.026195424191415954
ripple,2023-03-20,OKEA.OL,newsweb,PEN.OL,1,1,False,2023-03-21,2023-03-27,0.0041963826488109705,0.0011963826488109704
ripple,2023-03-20,OKEA.OL,newsweb,AKRBP.OL,1,1,False,2023-03-21,2023-03-27,0.008821325386244248,0.005821325386244248
ripple,2023-03-20,OKEA.OL,newsweb,DNO.OL,1,1,False,2023-03-21,2023-03-27,-0.0780592294101978,-0.0810592294101978
ripple,2023-03-20,OKEA.OL,newsweb,EQNR.OL,1,1,False,2023-03-21,2023-03-27,-0.011324474271330553,-0.014324474271330552
ripple,2023-03-20,OKEA.OL,newsweb,VAR.OL,1,1,False,2023-03-21,2023-03-27,-0.023219984173659627,-0.026219984173659627
drift_A,2023-03-22,MOWI.OL,newsweb,MOWI.OL,1,1,False,2023-03-23,2023-03-29,-0.004457050563199559,-0.007457050563199559
drift_A,2023-03-22,SBNOR.OL,newsweb,SBNOR.OL,-1,-1,False,2023-03-23,2023-03-29,0.015557818194263858,0.012557818194263857
drift_A,2023-03-23,SBNOR.OL,newsweb,SBNOR.OL,1,1,False,2023-03-24,2023-03-30,0.01304248051396038,0.01004248051396038
ripple,2023-03-23,SBNOR.OL,newsweb,MING.OL,1,1,False,2023-03-24,2023-03-30,0.0025184146679964846,-0.0004815853320035155
ripple,2023-03-23,SBNOR.OL,newsweb,SPOL.OL,1,1,False,2023-03-24,2023-03-30,-0.05163037243071024,-0.05463037243071024
ripple,2023-03-23,SBNOR.OL,newsweb,NONG.OL,1,1,False,2023-03-24,2023-03-30,-0.07656491610686246,-0.07956491610686246
drift_A,2023-03-24,VEND.OL,newsweb,VEND.OL,-1,-1,True,2023-03-27,2023-03-31,0.18088775083425654,0.17788775083425654
ripple,2023-03-24,VEND.OL,newsweb,SAP.DE,-1,-1,True,2023-03-27,2023-03-31,0.014640313691124484,0.011640313691124483
ripple,2023-03-24,VEND.OL,newsweb,NOD.OL,-1,-1,True,2023-03-27,2023-03-31,0.06168968727724702,0.058689687277247014
ripple,2023-03-24,VEND.OL,newsweb,ASML.AS,-1,-1,True,2023-03-27,2023-03-31,0.018368714178988853,0.015368714178988854
drift_A,2023-03-24,GJF.OL,newsweb,GJF.OL,1,1,True,2023-03-27,2023-03-31,-0.002800726095192378,-0.005800726095192378
drift_A,2023-03-27,DNO.OL,newsweb,DNO.OL,-1,-1,False,2023-03-28,2023-04-03,-0.12577861240595145,-0.12877861240595145
ripple,2023-03-27,DNO.OL,newsweb,AKRBP.OL,-1,-1,False,2023-03-28,2023-04-03,-0.032256999907988554,-0.03525699990798856
ripple,2023-03-27,DNO.OL,newsweb,OKEA.OL,-1,-1,False,2023-03-28,2023-04-03,-0.046132838962345143,-0.049132838962345146
ripple,2023-03-27,DNO.OL,newsweb,EQNR.OL,-1,-1,False,2023-03-28,2023-04-03,-0.04505600752383746,-0.048056007523837464
ripple,2023-03-27,DNO.OL,newsweb,VAR.OL,-1,-1,False,2023-03-28,2023-04-03,-0.02860931103690973,-0.03160931103690973
ripple,2023-03-27,DNO.OL,newsweb,BNOR.OL,-1,-1,False,2023-03-28,2023-04-03,-0.0035559947685459836,-0.006555994768545984
drift_A,2023-03-28,RING.OL,newsweb,RING.OL,1,1,False,2023-03-29,2023-04-04,-0.058471027939815935,-0.06147102793981594
drift_A,2023-03-28,PRS.OL,newsweb,PRS.OL,1,1,False,2023-03-29,2023-04-04,-0.0018653331060170739,-0.004865333106017074
drift_A,2023-03-28,VEND.OL,newsweb,VEND.OL,-1,-1,False,2023-03-29,2023-04-04,0.077098101754227,0.074098101754227
rebound,2023-03-28,VEND.OL,newsweb,ASML.AS,1,-1,False,2023-03-29,2023-04-04,-0.008183186194642082,-0.011183186194642081
rebound,2023-03-28,VEND.OL,newsweb,NOD.OL,1,-1,False,2023-03-29,2023-04-04,-0.029003040796414064,-0.03200304079641406
drift_A,2023-03-28,CADLR.OL,newsweb,CADLR.OL,-1,-1,False,2023-03-29,2023-04-04,-0.043131081002705116,-0.04613108100270512
drift_A,2023-03-29,STB.OL,newsweb,STB.OL,1,1,False,2023-03-30,2023-04-05,0.04304440544138573,0.040044405441385725
drift_A,2023-03-29,MING.OL,newsweb,MING.OL,1,1,False,2023-03-30,2023-04-05,0.014478602704494256,0.011478602704494256
ripple,2023-03-29,MING.OL,newsweb,NONG.OL,1,1,False,2023-03-30,2023-04-05,0.031461294984630704,0.028461294984630705
ripple,2023-03-29,MING.OL,newsweb,DNB.OL,1,1,False,2023-03-30,2023-04-05,0.011889281429433298,0.008889281429433297
ripple,2023-03-29,MING.OL,newsweb,SPOL.OL,1,1,False,2023-03-30,2023-04-05,0.022013597243237766,0.019013597243237767
ripple,2023-03-29,MING.OL,newsweb,SBNOR.OL,1,1,False,2023-03-30,2023-04-05,0.03054545480051046,0.02754545480051046
ripple,2023-03-29,MING.OL,newsweb,PROT.OL,1,1,False,2023-03-30,2023-04-05,0.045001041701083294,0.04200104170108329
drift_A,2023-03-29,ROGS.OL,newsweb,ROGS.OL,1,1,False,2023-03-30,2023-04-05,-0.0034359635753848264,-0.006435963575384826
drift_A,2023-03-29,HELG.OL,newsweb,HELG.OL,-1,-1,False,2023-03-30,2023-04-05,-0.0024677979504412395,-0.0054677979504412395
drift_A,2023-03-29,CADLR.OL,newsweb,CADLR.OL,1,1,False,2023-03-30,2023-04-05,0.01991532099988886,0.01691532099988886
drift_A,2023-03-29,DNO.OL,newsweb,DNO.OL,-1,-1,False,2023-03-30,2023-04-05,-0.14037776263458673,-0.14337776263458674
ripple,2023-03-29,DNO.OL,newsweb,PEN.OL,-1,-1,False,2023-03-30,2023-04-05,-0.006977833535194194,-0.009977833535194193
ripple,2023-03-29,DNO.OL,newsweb,BNOR.OL,-1,-1,False,2023-03-30,2023-04-05,-0.03782469125991168,-0.040824691259911686
drift_A,2023-03-30,CRNA.OL,newsweb,CRNA.OL,-1,-1,False,2023-03-31,2023-04-11,-0.07386033513723099,-0.07686033513723099
drift_A,2023-03-30,MORG.OL,newsweb,MORG.OL,1,1,False,2023-03-31,2023-04-11,-0.020826262484575163,-0.023826262484575162
drift_A,2023-03-30,SPOL.OL,newsweb,SPOL.OL,-1,-1,False,2023-03-31,2023-04-11,-0.020833498034366262,-0.02383349803436626
ripple,2023-03-30,SPOL.OL,newsweb,SBNOR.OL,-1,-1,False,2023-03-31,2023-04-11,-0.0307379844847073,-0.0337379844847073
ripple,2023-03-30,SPOL.OL,newsweb,MING.OL,-1,-1,False,2023-03-31,2023-04-11,-0.04639644549208097,-0.04939644549208097
drift_A,2023-03-30,SALME.OL,newsweb,SALME.OL,1,1,False,2023-03-31,2023-04-11,-0.0031007738655871525,-0.006100773865587153
drift_A,2023-03-31,NORBT.OL,newsweb,NORBT.OL,1,1,False,2023-04-03,2023-04-12,-5.162688240145969e-05,-0.0030516268824014596
drift_A,2023-03-31,AUTO.OL,newsweb,AUTO.OL,-1,-1,False,2023-04-03,2023-04-12,-0.05434334092976254,-0.057343340929762544
drift_A,2023-03-31,SPOL.OL,newsweb,SPOL.OL,1,1,False,2023-04-03,2023-04-12,0.018928807296727468,0.01592880729672747
ripple,2023-03-31,SPOL.OL,newsweb,SBNOR.OL,1,1,False,2023-04-03,2023-04-12,0.0159367783129196,0.0129367783129196
ripple,2023-03-31,SPOL.OL,newsweb,MING.OL,1,1,False,2023-04-03,2023-04-12,0.018911838464540733,0.015911838464540733
drift_A,2023-03-31,SOAG.OL,newsweb,SOAG.OL,1,1,False,2023-04-03,2023-04-12,0.024655570935939536,0.021655570935939537
drift_A,2023-03-31,NONG.OL,newsweb,NONG.OL,1,1,False,2023-04-03,2023-04-12,0.02888468465536227,0.02588468465536227
ripple,2023-03-31,NONG.OL,newsweb,MING.OL,1,1,False,2023-04-03,2023-04-12,0.018911838464540733,0.015911838464540733
ripple,2023-03-31,NONG.OL,newsweb,DNB.OL,1,1,False,2023-04-03,2023-04-12,0.02471425937394659,0.021714259373946592
ripple,2023-03-31,NONG.OL,newsweb,SBNOR.OL,1,1,False,2023-04-03,2023-04-12,0.0159367783129196,0.0129367783129196
drift_A,2023-03-31,ZAP.OL,newsweb,ZAP.OL,1,1,False,2023-04-03,2023-04-12,-0.061793079729866605,-0.0647930797298666
drift_A,2023-03-31,PARB.OL,newsweb,PARB.OL,1,1,False,2023-04-03,2023-04-12,-0.02861553204192969,-0.03161553204192969
drift_A,2023-03-31,MEDI.OL,newsweb,MEDI.OL,1,1,False,2023-04-03,2023-04-12,-0.10685926140995959,-0.1098592614099596
drift_A,2023-04-03,OKEA.OL,newsweb,OKEA.OL,1,1,False,2023-04-04,2023-04-13,-0.024617326493593095,-0.027617326493593095
drift_A,2023-04-03,PEN.OL,newsweb,PEN.OL,1,1,False,2023-04-04,2023-04-13,0.004195062148037901,0.0011950621480379007
drift_A,2023-04-03,BWE.OL,newsweb,BWE.OL,1,1,False,2023-04-04,2023-04-13,0.025458961788626503,0.022458961788626504
drift_A,2023-04-03,MEDI.OL,newsweb,MEDI.OL,-1,-1,False,2023-04-04,2023-04-13,0.16015519664411193,0.15715519664411193
drift_A,2023-04-05,BAKKA.OL,newsweb,BAKKA.OL,-1,-1,False,2023-04-11,2023-04-17,-0.07038499518405922,-0.07338499518405922
ripple,2023-04-05,BAKKA.OL,newsweb,GSF.OL,-1,-1,False,2023-04-11,2023-04-17,-0.038112778985330234,-0.04111277898533024
ripple,2023-04-05,BAKKA.OL,newsweb,MOWI.OL,-1,-1,False,2023-04-11,2023-04-17,-0.04402277733483182,-0.047022777334831824
drift_A,2023-04-13,STB.OL,newsweb,STB.OL,-1,-1,False,2023-04-14,2023-04-20,-0.014051977591019577,-0.017051977591019576
drift_A,2023-04-13,ORK.OL,newsweb,ORK.OL,-1,-1,False,2023-04-14,2023-04-20,-0.014048797384330399,-0.0170487973843304
ripple,2023-04-13,ORK.OL,newsweb,LSG.OL,-1,-1,False,2023-04-14,2023-04-20,-0.022236798233947343,-0.025236798233947342
ripple,2023-04-13,ORK.OL,newsweb,MOWI.OL,-1,-1,False,2023-04-14,2023-04-20,-0.024575326655116407,-0.027575326655116406
drift_A,2023-04-13,TGS.OL,newsweb,TGS.OL,-1,-1,False,2023-04-14,2023-04-20,0.0824042086380552,0.0794042086380552
ripple,2023-04-13,TGS.OL,newsweb,OKEA.OL,-1,-1,False,2023-04-14,2023-04-20,0.07498023878275092,0.07198023878275092
ripple,2023-04-13,TGS.OL,newsweb,AKRBP.OL,-1,-1,False,2023-04-14,2023-04-20,0.07006560596529252,0.06706560596529251
ripple,2023-04-13,TGS.OL,newsweb,ODL.OL,-1,-1,False,2023-04-14,2023-04-20,0.025456890258714795,0.022456890258714796
ripple,2023-04-13,TGS.OL,newsweb,PEN.OL,-1,-1,False,2023-04-14,2023-04-20,0.008810440158325413,0.005810440158325413
ripple,2023-04-13,TGS.OL,newsweb,DNO.OL,-1,-1,False,2023-04-14,2023-04-20,0.034243714604995236,0.031243714604995237
drift_A,2023-04-14,STB.OL,newsweb,STB.OL,1,1,False,2023-04-17,2023-04-21,-0.002546619960572996,-0.005546619960572996
rebound,2023-04-14,STB.OL,newsweb,MING.OL,-1,1,False,2023-04-17,2023-04-21,-0.01671437646687248,-0.01971437646687248
rebound,2023-04-14,STB.OL,newsweb,DNB.OL,-1,1,False,2023-04-17,2023-04-21,-0.014354210568810127,-0.017354210568810126
drift_A,2023-04-14,NAPA.OL,newsweb,NAPA.OL,1,1,False,2023-04-17,2023-04-21,0.018208233711903027,0.015208233711903028
drift_A,2023-04-17,CADLR.OL,newsweb,CADLR.OL,1,1,False,2023-04-18,2023-04-24,-0.0002375669148544108,-0.003237566914854411
drift_A,2023-04-18,AGLX.OL,newsweb,AGLX.OL,-1,-1,False,2023-04-19,2023-04-25,0.03191898452660824,0.02891898452660824
drift_A,2023-04-19,NYKD.OL,newsweb,NYKD.OL,1,1,False,2023-04-20,2023-04-26,-0.1738805522392201,-0.1768805522392201
ripple,2023-04-19,NYKD.OL,newsweb,NOD.OL,1,1,False,2023-04-20,2023-04-26,-0.11949818194969328,-0.12249818194969328
ripple,2023-04-19,NYKD.OL,newsweb,HEX.OL,1,1,False,2023-04-20,2023-04-26,0.0007794042785991134,-0.0022205957214008866
drift_A,2023-04-19,SALME.OL,newsweb,SALME.OL,-1,-1,False,2023-04-20,2023-04-26,-0.008134182682118862,-0.01113418268211886
drift_A,2023-04-20,NOD.OL,newsweb,NOD.OL,-1,-1,False,2023-04-21,2023-04-27,0.10129658047152747,0.09829658047152746
ripple,2023-04-20,NOD.OL,newsweb,ASML.AS,-1,-1,False,2023-04-21,2023-04-27,0.02492116928707235,0.02192116928707235
ripple,2023-04-20,NOD.OL,newsweb,ASM.AS,-1,-1,False,2023-04-21,2023-04-27,0.055885260004763807,0.052885260004763804
ripple,2023-04-20,NOD.OL,newsweb,HEX.OL,-1,-1,False,2023-04-21,2023-04-27,-0.000443239866491368,-0.003443239866491368
ripple,2023-04-20,NOD.OL,newsweb,ATCO-A.ST,-1,-1,False,2023-04-21,2023-04-27,-0.12522580086331628,-0.12822580086331628
ripple,2023-04-20,NOD.OL,newsweb,VEND.OL,-1,-1,False,2023-04-21,2023-04-27,0.0024037582718590836,-0.0005962417281409164
drift_A,2023-04-21,IWS.OL,newsweb,IWS.OL,1,1,False,2023-04-24,2023-04-28,0.12285856991435147,0.11985856991435147
drift_A,2023-04-24,AGLX.OL,newsweb,AGLX.OL,-1,-1,False,2023-04-25,2023-05-02,-0.03503231250201597,-0.038032312502015976
drift_A,2023-04-24,VAR.OL,newsweb,VAR.OL,1,1,False,2023-04-25,2023-05-02,-0.04808471800504397,-0.05108471800504397
ripple,2023-04-24,VAR.OL,newsweb,DNO.OL,1,1,False,2023-04-25,2023-05-02,-0.07634906141904846,-0.07934906141904846
ripple,2023-04-24,VAR.OL,newsweb,OKEA.OL,1,1,False,2023-04-25,2023-05-02,-0.006176450394196897,-0.009176450394196897
ripple,2023-04-24,VAR.OL,newsweb,EQNR.OL,1,1,False,2023-04-25,2023-05-02,-0.01964814342477011,-0.02264814342477011
ripple,2023-04-24,VAR.OL,newsweb,AKRBP.OL,1,1,False,2023-04-25,2023-05-02,-0.03819144596207946,-0.041191445962079465
ripple,2023-04-24,VAR.OL,newsweb,PEN.OL,1,1,False,2023-04-25,2023-05-02,-0.015573566315481378,-0.018573566315481377
drift_A,2023-04-25,MEDI.OL,newsweb,MEDI.OL,-1,-1,False,2023-04-26,2023-05-03,0.054238334535984485,0.05123833453598448
drift_A,2023-04-26,DNB.OL,newsweb,DNB.OL,1,1,False,2023-04-27,2023-05-04,0.028357297233653152,0.025357297233653153
ripple,2023-04-26,DNB.OL,newsweb,SHB-A.ST,1,1,False,2023-04-27,2023-05-04,-0.07049311128603224,-0.07349311128603224
ripple,2023-04-26,DNB.OL,newsweb,NDA-FI.HE,1,1,False,2023-04-27,2023-05-04,-0.0542373366900029,-0.0572373366900029
ripple,2023-04-26,DNB.OL,newsweb,MING.OL,1,1,False,2023-04-27,2023-05-04,0.002275060031170978,-0.0007249399688290222
ripple,2023-04-26,DNB.OL,newsweb,STB.OL,1,1,False,2023-04-27,2023-05-04,0.013915555080238055,0.010915555080238056
ripple,2023-04-26,DNB.OL,newsweb,SWED-A.ST,1,1,False,2023-04-27,2023-05-04,-0.03567285923891475,-0.03867285923891475
drift_A,2023-04-26,SBO.OL,newsweb,SBO.OL,-1,-1,False,2023-04-27,2023-05-04,0.07072610830166175,0.06772610830166174
drift_A,2023-04-27,AKAST.OL,newsweb,AKAST.OL,-1,-1,False,2023-04-28,2023-05-05,-0.018072827985753305,-0.021072827985753304
drift_A,2023-04-27,PRS.OL,newsweb,PRS.OL,-1,-1,False,2023-04-28,2023-05-05,0.07545969273462091,0.07245969273462091
drift_A,2023-04-27,NSKOG.OL,newsweb,NSKOG.OL,-1,-1,False,2023-04-28,2023-05-05,-0.006860610888071505,-0.009860610888071504
drift_A,2023-04-27,EPR.OL,newsweb,EPR.OL,1,1,False,2023-04-28,2023-05-05,2.8599606279417975e-05,-0.002971400393720582
drift_A,2023-04-27,ATEA.OL,newsweb,ATEA.OL,1,1,False,2023-04-28,2023-05-05,0.03944335033870487,0.03644335033870487
ripple,2023-04-27,ATEA.OL,newsweb,ZAP.OL,1,1,False,2023-04-28,2023-05-05,0.03002171814449741,0.02702171814449741
ripple,2023-04-27,ATEA.OL,newsweb,NOD.OL,1,1,False,2023-04-28,2023-05-05,0.0611583237387778,0.0581583237387778
drift_A,2023-04-27,KOG.OL,newsweb,KOG.OL,1,1,False,2023-04-28,2023-05-05,-0.005629519162257504,-0.008629519162257505
drift_A,2023-04-27,AUTO.OL,newsweb,AUTO.OL,1,1,False,2023-04-28,2023-05-05,-0.0380376016043741,-0.0410376016043741
drift_A,2023-04-28,NHY.OL,newsweb,NHY.OL,-1,-1,False,2023-05-02,2023-05-08,0.014074765069190413,0.011074765069190414
drift_A,2023-04-28,GJF.OL,newsweb,GJF.OL,1,1,False,2023-05-02,2023-05-08,-0.005692265824351665,-0.008692265824351664
ripple,2023-04-28,GJF.OL,newsweb,SWED-A.ST,1,1,False,2023-05-02,2023-05-08,-0.02765132294769381,-0.03065132294769381
ripple,2023-04-28,GJF.OL,newsweb,SEB-A.ST,1,1,False,2023-05-02,2023-05-08,0.001920945176627678,-0.001079054823372322
drift_A,2023-04-28,VEI.OL,newsweb,VEI.OL,1,1,False,2023-05-02,2023-05-08,-0.04176663780211755,-0.04476663780211755
drift_A,2023-04-28,PROT.OL,newsweb,PROT.OL,1,1,False,2023-05-02,2023-05-08,0.03588214503428615,0.032882145034286145
drift_A,2023-04-28,YAR.OL,newsweb,YAR.OL,-1,-1,False,2023-05-02,2023-05-08,-0.01416116851656585,-0.01716116851656585
drift_A,2023-04-28,KIT.OL,newsweb,KIT.OL,1,1,False,2023-05-02,2023-05-08,0.08269379384421859,0.07969379384421858
drift_A,2023-05-02,BONHR.OL,newsweb,BONHR.OL,1,1,True,2023-05-03,2023-05-09,0.0370916591280811,0.0340916591280811
drift_A,2023-05-02,VEND.OL,newsweb,VEND.OL,1,1,True,2023-05-03,2023-05-09,0.01718294640464072,0.014182946404640722
ripple,2023-05-02,VEND.OL,newsweb,NOD.OL,1,1,True,2023-05-03,2023-05-09,-0.02483103950316941,-0.02783103950316941
ripple,2023-05-02,VEND.OL,newsweb,TOM.OL,1,1,True,2023-05-03,2023-05-09,0.023801809157346785,0.020801809157346786
drift_A,2023-05-02,PEXIP.OL,newsweb,PEXIP.OL,1,1,True,2023-05-03,2023-05-09,0.025613477992911398,0.0226134779929114
drift_A,2023-05-02,SALME.OL,newsweb,SALME.OL,-1,-1,True,2023-05-03,2023-05-09,0.03321796043707885,0.03021796043707885
drift_A,2023-05-03,NAPA.OL,newsweb,NAPA.OL,-1,-1,False,2023-05-04,2023-05-10,0.028996273457475862,0.025996273457475863
drift_A,2023-05-03,HEX.OL,newsweb,HEX.OL,-1,-1,False,2023-05-04,2023-05-10,0.041306213966350744,0.03830621396635074
ripple,2023-05-03,HEX.OL,newsweb,NOD.OL,-1,-1,False,2023-05-04,2023-05-10,0.027691711695018502,0.024691711695018503
ripple,2023-05-03,HEX.OL,newsweb,ASML.AS,-1,-1,False,2023-05-04,2023-05-10,-0.035265580720340445,-0.03826558072034045
ripple,2023-05-03,HEX.OL,newsweb,ATCO-A.ST,-1,-1,False,2023-05-04,2023-05-10,-0.0023441771568101966,-0.005344177156810197
ripple,2023-05-03,HEX.OL,newsweb,NYKD.OL,-1,-1,False,2023-05-04,2023-05-10,-0.002811486986652895,-0.005811486986652895
drift_A,2023-05-04,WAWI.OL,newsweb,WAWI.OL,-1,-1,False,2023-05-05,2023-05-11,-0.07853603626279206,-0.08153603626279206
drift_A,2023-05-04,ELO.OL,newsweb,ELO.OL,1,1,False,2023-05-05,2023-05-11,-0.052117461961712026,-0.05511746196171203
drift_A,2023-05-04,SBNOR.OL,newsweb,SBNOR.OL,-1,-1,False,2023-05-05,2023-05-11,0.0011920963086825475,-0.0018079036913174525
drift_A,2023-05-05,AFG.OL,newsweb,AFG.OL,-1,-1,False,2023-05-08,2023-05-12,-0.01929049408836396,-0.02229049408836396
drift_A,2023-05-05,POL.OL,newsweb,POL.OL,1,1,False,2023-05-08,2023-05-12,0.01524923762792498,0.012249237627924979
drift_A,2023-05-05,SCATC.OL,newsweb,SCATC.OL,1,1,False,2023-05-08,2023-05-12,-0.02993260586255172,-0.03293260586255172
drift_A,2023-05-05,NAS.OL,newsweb,NAS.OL,1,1,False,2023-05-08,2023-05-12,-0.04837213658860649,-0.051372136588606496
drift_A,2023-05-05,ATEA.OL,newsweb,ATEA.OL,-1,-1,False,2023-05-08,2023-05-12,-0.019429656362075966,-0.022429656362075966
ripple,2023-05-05,ATEA.OL,newsweb,ZAP.OL,-1,-1,False,2023-05-08,2023-05-12,0.13888331756853997,0.13588331756853997
ripple,2023-05-05,ATEA.OL,newsweb,NOD.OL,-1,-1,False,2023-05-08,2023-05-12,0.060397593276713284,0.05739759327671328
drift_A,2023-05-05,BONHR.OL,newsweb,BONHR.OL,-1,-1,False,2023-05-08,2023-05-12,-0.158197433033993,-0.161197433033993
drift_A,2023-05-09,ACR.OL,newsweb,ACR.OL,-1,-1,False,2023-05-10,2023-05-16,0.07722309268180869,0.07422309268180868
drift_A,2023-05-09,KOA.OL,newsweb,KOA.OL,-1,-1,False,2023-05-10,2023-05-16,-0.07385008695492373,-0.07685008695492374
drift_A,2023-05-09,ORK.OL,newsweb,ORK.OL,1,1,False,2023-05-10,2023-05-16,-0.01660613270612533,-0.01960613270612533
drift_A,2023-05-09,HEX.OL,newsweb,HEX.OL,-1,-1,False,2023-05-10,2023-05-16,0.028384897552682815,0.025384897552682816
ripple,2023-05-09,HEX.OL,newsweb,ATCO-A.ST,-1,-1,False,2023-05-10,2023-05-16,-0.0030985805950131708,-0.006098580595013171
ripple,2023-05-09,HEX.OL,newsweb,ASML.AS,-1,-1,False,2023-05-10,2023-05-16,-0.015325362749174433,-0.018325362749174432
ripple,2023-05-09,HEX.OL,newsweb,NOD.OL,-1,-1,False,2023-05-10,2023-05-16,0.012448255591887192,0.009448255591887191
drift_A,2023-05-10,STB.OL,newsweb,STB.OL,-1,-1,False,2023-05-11,2023-05-19,-0.005387565663032529,-0.008387565663032528
rebound,2023-05-10,STB.OL,newsweb,SEB-A.ST,1,-1,False,2023-05-11,2023-05-17,0.0264046934618084,0.0234046934618084
rebound,2023-05-10,STB.OL,newsweb,DNB.OL,1,-1,False,2023-05-11,2023-05-19,0.0026786101437572644,-0.0003213898562427356
drift_A,2023-05-10,ELMRA.OL,newsweb,ELMRA.OL,1,1,False,2023-05-11,2023-05-19,0.07523738009515085,0.07223738009515085
drift_A,2023-05-10,MULTI.OL,newsweb,MULTI.OL,1,1,False,2023-05-11,2023-05-19,-0.003903772665093438,-0.006903772665093438
drift_A,2023-05-10,NHY.OL,newsweb,NHY.OL,-1,-1,False,2023-05-11,2023-05-19,0.03877090806498476,0.03577090806498476
drift_A,2023-05-10,LINK.OL,newsweb,LINK.OL,1,1,False,2023-05-11,2023-05-19,-0.0016828717234155868,-0.004682871723415587
drift_A,2023-05-10,WWI.OL,newsweb,WWI.OL,1,1,False,2023-05-11,2023-05-19,-0.03906408350681051,-0.04206408350681051
ripple,2023-05-10,WWI.OL,newsweb,WAWI.OL,1,1,False,2023-05-11,2023-05-19,-0.05126337317078478,-0.054263373170784786
ripple,2023-05-10,WWI.OL,newsweb,HAUTO.OL,1,1,False,2023-05-11,2023-05-19,-0.04015282546396813,-0.043152825463968134
drift_A,2023-05-10,BNOR.OL,newsweb,BNOR.OL,1,1,False,2023-05-11,2023-05-19,0.08288310841482383,0.07988310841482382
ripple,2023-05-10,BNOR.OL,newsweb,EQNR.OL,1,1,False,2023-05-11,2023-05-19,-0.00937606507634869,-0.01237606507634869
ripple,2023-05-10,BNOR.OL,newsweb,DNO.OL,1,1,False,2023-05-11,2023-05-19,0.035009433167265985,0.03200943316726598
ripple,2023-05-10,BNOR.OL,newsweb,AKRBP.OL,1,1,False,2023-05-11,2023-05-19,-0.00012290273283024206,-0.003122902732830242
ripple,2023-05-10,BNOR.OL,newsweb,VAR.OL,1,1,False,2023-05-11,2023-05-19,-0.02895582014478787,-0.03195582014478787
ripple,2023-05-10,BNOR.OL,newsweb,PEN.OL,1,1,False,2023-05-11,2023-05-19,-0.026588196748612198,-0.029588196748612197
drift_A,2023-05-10,WEST.OL,newsweb,WEST.OL,-1,-1,False,2023-05-11,2023-05-19,0.12519294664979497,0.12219294664979496
drift_A,2023-05-11,VEI.OL,newsweb,VEI.OL,1,1,False,2023-05-12,2023-05-22,-0.01587996120262062,-0.01887996120262062
drift_A,2023-05-11,TEL.OL,newsweb,TEL.OL,1,1,False,2023-05-12,2023-05-22,-0.04462556841204293,-0.047625568412042935
drift_A,2023-05-11,CLOUD.OL,newsweb,CLOUD.OL,1,1,False,2023-05-12,2023-05-22,0.029483387290019633,0.026483387290019634
drift_A,2023-05-11,BONHR.OL,newsweb,BONHR.OL,1,1,False,2023-05-12,2023-05-22,-0.01046138530452827,-0.01346138530452827
drift_A,2023-05-11,SALM.OL,newsweb,SALM.OL,1,1,False,2023-05-12,2023-05-22,-0.015425589864163182,-0.01842558986416318
ripple,2023-05-11,SALM.OL,newsweb,LSG.OL,1,1,False,2023-05-12,2023-05-22,-0.0823940960469063,-0.0853940960469063
ripple,2023-05-11,SALM.OL,newsweb,MOWI.OL,1,1,False,2023-05-12,2023-05-22,-0.028794979094007973,-0.031794979094007976
ripple,2023-05-11,SALM.OL,newsweb,AUSS.OL,1,1,False,2023-05-12,2023-05-22,-0.06963484768637052,-0.07263484768637052
drift_A,2023-05-11,KOG.OL,newsweb,KOG.OL,-1,-1,False,2023-05-12,2023-05-22,-0.03251381387867884,-0.03551381387867884
drift_A,2023-05-11,HEX.OL,newsweb,HEX.OL,-1,-1,False,2023-05-12,2023-05-22,-0.04056992381532191,-0.04356992381532191
ripple,2023-05-11,HEX.OL,newsweb,ATCO-A.ST,-1,-1,False,2023-05-12,2023-05-19,-0.03134200924009399,-0.03434200924009399
ripple,2023-05-11,HEX.OL,newsweb,NYKD.OL,-1,-1,False,2023-05-12,2023-05-22,-0.06969378486688693,-0.07269378486688693
drift_A,2023-05-12,NAS.OL,newsweb,NAS.OL,-1,-1,False,2023-05-15,2023-05-23,-0.14064854951026257,-0.14364854951026257
drift_A,2023-05-16,NORBT.OL,newsweb,NORBT.OL,1,1,False,2023-05-19,2023-05-25,-0.0340563891920286,-0.0370563891920286
drift_A,2023-05-16,AUSS.OL,newsweb,AUSS.OL,-1,-1,False,2023-05-19,2023-05-25,0.01962182975793761,0.01662182975793761
drift_A,2023-05-16,LSG.OL,newsweb,LSG.OL,-1,-1,False,2023-05-19,2023-05-25,-0.060922031600463375,-0.06392203160046338
drift_A,2023-05-23,KOG.OL,newsweb,KOG.OL,-1,-1,False,2023-05-24,2023-05-31,0.02132734109962514,0.018327341099625142
drift_A,2023-05-23,BWLPG.OL,newsweb,BWLPG.OL,1,1,False,2023-05-24,2023-05-31,-0.04653459927626776,-0.049534599276267764
ripple,2023-05-23,BWLPG.OL,newsweb,HAFNI.OL,1,1,False,2023-05-24,2023-05-31,-0.036794551161315664,-0.03979455116131567
ripple,2023-05-23,BWLPG.OL,newsweb,FRO.OL,1,1,False,2023-05-24,2023-05-31,0.02225909994496655,0.01925909994496655
ripple,2023-05-23,BWLPG.OL,newsweb,ALNG.OL,1,1,False,2023-05-24,2023-05-31,-0.009095651802359044,-0.012095651802359043
drift_A,2023-05-23,MPCC.OL,newsweb,MPCC.OL,1,1,False,2023-05-24,2023-05-31,0.11989771254299285,0.11689771254299285
ripple,2023-05-23,MPCC.OL,newsweb,HLAG.DE,1,1,False,2023-05-24,2023-05-30,0.03548463422057811,0.03248463422057811
ripple,2023-05-23,MPCC.OL,newsweb,FRO.OL,1,1,False,2023-05-24,2023-05-31,0.02225909994496655,0.01925909994496655
ripple,2023-05-23,MPCC.OL,newsweb,2020.OL,1,1,False,2023-05-24,2023-05-31,-0.027786233020934466,-0.030786233020934466
drift_A,2023-05-23,LSG.OL,newsweb,LSG.OL,-1,-1,False,2023-05-24,2023-05-31,-0.04198545383971544,-0.044985453839715445
ripple,2023-05-23,LSG.OL,newsweb,GSF.OL,-1,-1,False,2023-05-24,2023-05-31,-0.055365012910146436,-0.05836501291014644
ripple,2023-05-23,LSG.OL,newsweb,SALM.OL,-1,-1,False,2023-05-24,2023-05-31,-0.07184158853888359,-0.07484158853888359
ripple,2023-05-23,LSG.OL,newsweb,AUSS.OL,-1,-1,False,2023-05-24,2023-05-31,-0.07009496483623331,-0.07309496483623332
ripple,2023-05-23,LSG.OL,newsweb,MOWI.OL,-1,-1,False,2023-05-24,2023-05-31,-0.03956847684114182,-0.042568476841141824
ripple,2023-05-23,LSG.OL,newsweb,BAKKA.OL,-1,-1,False,2023-05-24,2023-05-31,0.03295454765267514,0.029954547652675138
drift_A,2023-05-24,HAUTO.OL,newsweb,HAUTO.OL,-1,-1,True,2023-05-25,2023-06-01,-0.05338075322294347,-0.056380753222943475
ripple,2023-05-24,HAUTO.OL,newsweb,WAWI.OL,-1,-1,True,2023-05-25,2023-06-01,0.019607193215942613,0.016607193215942614
ripple,2023-05-24,HAUTO.OL,newsweb,SNI.OL,-1,-1,True,2023-05-25,2023-06-01,0.004080296452970374,0.0010802964529703736
ripple,2023-05-24,HAUTO.OL,newsweb,WWI.OL,-1,-1,True,2023-05-25,2023-06-01,0.020795022182839185,0.017795022182839185
ripple,2023-05-24,HAUTO.OL,newsweb,WWIB.OL,-1,-1,True,2023-05-25,2023-06-01,0.02633875924429031,0.02333875924429031
drift_A,2023-05-24,KCC.OL,newsweb,KCC.OL,-1,-1,True,2023-05-25,2023-06-01,0.013800675410229855,0.010800675410229856
drift_A,2023-05-25,GSF.OL,newsweb,GSF.OL,1,1,False,2023-05-26,2023-06-02,-0.07625473963134691,-0.07925473963134691
ripple,2023-05-25,GSF.OL,newsweb,AUSS.OL,1,1,False,2023-05-26,2023-06-02,-0.05782589379362716,-0.06082589379362716
ripple,2023-05-25,GSF.OL,newsweb,BAKKA.OL,1,1,False,2023-05-26,2023-06-02,0.008580338951414865,0.005580338951414865
rebound,2023-05-25,GSF.OL,newsweb,SALM.OL,-1,1,False,2023-05-26,2023-06-02,0.06825533544420398,0.06525533544420398
rebound,2023-05-25,GSF.OL,newsweb,MOWI.OL,-1,1,False,2023-05-26,2023-06-02,0.04507553996642713,0.04207553996642713
rebound,2023-05-25,GSF.OL,newsweb,LSG.OL,-1,1,False,2023-05-26,2023-06-02,0.07379406305026973,0.07079406305026972
drift_A,2023-05-31,HSHP.OL,newsweb,HSHP.OL,-1,-1,True,2023-06-01,2023-06-07,-0.07439797728055053,-0.07739797728055053
drift_A,2023-05-31,TOM.OL,newsweb,TOM.OL,1,1,True,2023-06-01,2023-06-07,-0.044388874400252756,-0.04738887440025276
drift_A,2023-06-08,SALM.OL,newsweb,SALM.OL,-1,-1,False,2023-06-09,2023-06-15,0.02176786929670938,0.018767869296709382
ripple,2023-06-08,SALM.OL,newsweb,GSF.OL,-1,-1,False,2023-06-09,2023-06-15,0.02990187357304089,0.026901873573040892
ripple,2023-06-08,SALM.OL,newsweb,LSG.OL,-1,-1,False,2023-06-09,2023-06-15,0.05947268201740996,0.05647268201740996
ripple,2023-06-08,SALM.OL,newsweb,AUSS.OL,-1,-1,False,2023-06-09,2023-06-15,0.07665573168939634,0.07365573168939633
ripple,2023-06-08,SALM.OL,newsweb,CLOUD.OL,-1,-1,False,2023-06-09,2023-06-15,0.02565670985919224,0.022656709859192242
ripple,2023-06-08,SALM.OL,newsweb,MOWI.OL,-1,-1,False,2023-06-09,2023-06-15,0.032938987108310364,0.029938987108310364
drift_A,2023-06-08,KOG.OL,newsweb,KOG.OL,1,1,False,2023-06-09,2023-06-15,0.022681806925955245,0.019681806925955246
drift_A,2023-06-13,YAR.OL,newsweb,YAR.OL,1,1,False,2023-06-14,2023-06-20,-0.019666636416302886,-0.022666636416302885
drift_A,2023-06-15,CRNA.OL,newsweb,CRNA.OL,-1,-1,False,2023-06-16,2023-06-22,0.0928844455713911,0.0898844455713911
drift_A,2023-06-15,TRMED.OL,newsweb,TRMED.OL,1,1,False,2023-06-16,2023-06-22,-0.30350817353632675,-0.30650817353632676
drift_A,2023-06-21,ATEA.OL,newsweb,ATEA.OL,-1,-1,False,2023-06-22,2023-06-28,-0.0017645680947780858,-0.004764568094778086
drift_A,2023-06-26,TRMED.OL,newsweb,TRMED.OL,1,1,False,2023-06-27,2023-07-03,-0.18541966408433622,-0.18841966408433622
drift_A,2023-06-28,HEX.OL,newsweb,HEX.OL,1,1,False,2023-06-29,2023-07-05,0.062499779321329725,0.05949977932132972
drift_A,2023-06-29,SUBC.OL,newsweb,SUBC.OL,1,1,False,2023-06-30,2023-07-06,0.06391814417188836,0.06091814417188836
ripple,2023-06-29,SUBC.OL,newsweb,OKEA.OL,1,1,False,2023-06-30,2023-07-06,0.01461586120409177,0.01161586120409177
ripple,2023-06-29,SUBC.OL,newsweb,TTE.PA,1,1,False,2023-06-30,2023-07-06,-0.03457462983384598,-0.037574629833845984
ripple,2023-06-29,SUBC.OL,newsweb,DNO.OL,1,1,False,2023-06-30,2023-07-06,0.0008596151668003663,-0.002140384833199634
ripple,2023-06-29,SUBC.OL,newsweb,EQNR.OL,1,1,False,2023-06-30,2023-07-06,-0.01885125258219489,-0.021851252582194888
ripple,2023-06-29,SUBC.OL,newsweb,AKRBP.OL,1,1,False,2023-06-30,2023-07-06,0.028634989515800797,0.0256349895158008
rebound,2023-06-29,SUBC.OL,newsweb,AKSO.OL,-1,1,False,2023-06-30,2023-07-06,-0.05094324312712332,-0.05394324312712332
rebound,2023-06-29,SUBC.OL,newsweb,ODL.OL,-1,1,False,2023-06-30,2023-07-06,-0.05455625208202475,-0.05755625208202475
drift_A,2023-06-30,SUBC.OL,newsweb,SUBC.OL,1,1,False,2023-07-03,2023-07-07,0.03581084401391378,0.03281084401391378
ripple,2023-06-30,SUBC.OL,newsweb,TGS.OL,1,1,False,2023-07-03,2023-07-07,0.0046199776331435835,0.0016199776331435834
ripple,2023-06-30,SUBC.OL,newsweb,OKEA.OL,1,1,False,2023-07-03,2023-07-07,0.03311795351762703,0.03011795351762703
ripple,2023-06-30,SUBC.OL,newsweb,EQNR.OL,1,1,False,2023-07-03,2023-07-07,-0.02027637436539671,-0.02327637436539671
ripple,2023-06-30,SUBC.OL,newsweb,AKSO.OL,1,1,False,2023-07-03,2023-07-07,0.054063307691134835,0.05106330769113483
ripple,2023-06-30,SUBC.OL,newsweb,AKRBP.OL,1,1,False,2023-07-03,2023-07-07,0.04805548659282483,0.04505548659282483
drift_A,2023-07-03,SNI.OL,newsweb,SNI.OL,-1,-1,False,2023-07-04,2023-07-10,-0.0019797245861520596,-0.00497972458615206
ripple,2023-07-03,SNI.OL,newsweb,HAFNI.OL,-1,-1,False,2023-07-04,2023-07-10,0.011881884200435597,0.008881884200435598
ripple,2023-07-03,SNI.OL,newsweb,OET.OL,-1,-1,False,2023-07-04,2023-07-10,-0.033595781092592,-0.036595781092592004
ripple,2023-07-03,SNI.OL,newsweb,FRO.OL,-1,-1,False,2023-07-04,2023-07-10,-0.041514006572026724,-0.044514006572026726
ripple,2023-07-03,SNI.OL,newsweb,HAUTO.OL,-1,-1,False,2023-07-04,2023-07-10,-0.07539100106983754,-0.07839100106983754
ripple,2023-07-03,SNI.OL,newsweb,WAWI.OL,-1,-1,False,2023-07-04,2023-07-10,-0.051454876329229404,-0.05445487632922941
drift_A,2023-07-06,BNOR.OL,newsweb,BNOR.OL,1,1,True,2023-07-07,2023-07-13,-0.014658349805998973,-0.017658349805998973
ripple,2023-07-06,BNOR.OL,newsweb,AKRBP.OL,1,1,True,2023-07-07,2023-07-13,0.05131051702180416,0.04831051702180416
ripple,2023-07-06,BNOR.OL,newsweb,DNO.OL,1,1,True,2023-07-07,2023-07-13,0.09857012763262857,0.09557012763262857
ripple,2023-07-06,BNOR.OL,newsweb,EQNR.OL,1,1,True,2023-07-07,2023-07-13,-0.014218729178107438,-0.017218729178107437
ripple,2023-07-06,BNOR.OL,newsweb,VAR.OL,1,1,True,2023-07-07,2023-07-13,0.02506056997798403,0.02206056997798403
ripple,2023-07-06,BNOR.OL,newsweb,NOVO-B.CO,1,1,True,2023-07-07,2023-07-13,-0.03073915340857956,-0.03373915340857956
drift_A,2023-07-10,TGS.OL,newsweb,TGS.OL,-1,-1,False,2023-07-11,2023-07-17,0.03709374001134213,0.034093740011342126
ripple,2023-07-10,TGS.OL,newsweb,DNO.OL,-1,-1,False,2023-07-11,2023-07-17,0.04259476033537248,0.03959476033537248
ripple,2023-07-10,TGS.OL,newsweb,SUBC.OL,-1,-1,False,2023-07-11,2023-07-17,0.002724605857616175,-0.0002753941423838252
ripple,2023-07-10,TGS.OL,newsweb,AKRBP.OL,-1,-1,False,2023-07-11,2023-07-17,0.02152113423241613,0.01852113423241613
ripple,2023-07-10,TGS.OL,newsweb,AKSO.OL,-1,-1,False,2023-07-11,2023-07-17,-0.08054334771081188,-0.08354334771081189
ripple,2023-07-10,TGS.OL,newsweb,OKEA.OL,-1,-1,False,2023-07-11,2023-07-17,-0.03666663706208028,-0.03966663706208028
drift_A,2023-07-10,DNO.OL,newsweb,DNO.OL,1,1,False,2023-07-11,2023-07-17,-0.04259476033537248,-0.045594760335372485
ripple,2023-07-10,DNO.OL,newsweb,VAR.OL,1,1,False,2023-07-11,2023-07-17,-0.03951363337973395,-0.042513633379733955
ripple,2023-07-10,DNO.OL,newsweb,BWE.OL,1,1,False,2023-07-11,2023-07-17,-0.008525520301362933,-0.011525520301362932
ripple,2023-07-10,DNO.OL,newsweb,AKRBP.OL,1,1,False,2023-07-11,2023-07-17,-0.02152113423241613,-0.024521134232416128
ripple,2023-07-10,DNO.OL,newsweb,EQNR.OL,1,1,False,2023-07-11,2023-07-17,-0.03137836468631272,-0.03437836468631272
ripple,2023-07-10,DNO.OL,newsweb,OKEA.OL,1,1,False,2023-07-11,2023-07-17,0.03666663706208028,0.03366663706208028
drift_A,2023-07-13,EPR.OL,newsweb,EPR.OL,-1,-1,False,2023-07-14,2023-07-20,0.02149637012341831,0.018496370123418312
drift_A,2023-07-13,OKEA.OL,newsweb,OKEA.OL,1,1,False,2023-07-14,2023-07-20,0.024727358945154487,0.021727358945154488
ripple,2023-07-13,OKEA.OL,newsweb,EQNR.OL,1,1,False,2023-07-14,2023-07-20,0.009581346765595355,0.006581346765595355
ripple,2023-07-13,OKEA.OL,newsweb,ODL.OL,1,1,False,2023-07-14,2023-07-20,0.030569070527946888,0.02756907052794689
ripple,2023-07-13,OKEA.OL,newsweb,SUBC.OL,1,1,False,2023-07-14,2023-07-20,-0.006039676984946571,-0.009039676984946572
ripple,2023-07-13,OKEA.OL,newsweb,VAR.OL,1,1,False,2023-07-14,2023-07-20,-0.008564852274869429,-0.01156485227486943
ripple,2023-07-13,OKEA.OL,newsweb,PEN.OL,1,1,False,2023-07-14,2023-07-20,0.01291118280762717,0.009911182807627171
drift_A,2023-07-13,KIT.OL,newsweb,KIT.OL,-1,-1,False,2023-07-14,2023-07-20,0.03425059503617545,0.03125059503617545
drift_A,2023-07-13,AKSO.OL,newsweb,AKSO.OL,1,1,False,2023-07-14,2023-07-20,0.03401779034521376,0.03101779034521376
ripple,2023-07-13,AKSO.OL,newsweb,TGS.OL,1,1,False,2023-07-14,2023-07-20,-0.05300656680222057,-0.056006566802220575
ripple,2023-07-13,AKSO.OL,newsweb,SUBC.OL,1,1,False,2023-07-14,2023-07-20,-0.006039676984946571,-0.009039676984946572
ripple,2023-07-13,AKSO.OL,newsweb,EQNR.OL,1,1,False,2023-07-14,2023-07-20,0.009581346765595355,0.006581346765595355
ripple,2023-07-13,AKSO.OL,newsweb,PEN.OL,1,1,False,2023-07-14,2023-07-20,0.01291118280762717,0.009911182807627171
drift_A,2023-07-14,NOKIA.HE,gdelt,NOKIA.HE,-1,-1,False,2023-07-17,2023-07-21,-0.011995521394419176,-0.014995521394419176
ripple,2023-07-14,NOKIA.HE,gdelt,NOD.OL,-1,-1,False,2023-07-17,2023-07-21,0.013560237804759854,0.010560237804759853
ripple,2023-07-14,NOKIA.HE,gdelt,ASM.AS,-1,-1,False,2023-07-17,2023-07-21,0.07258052165666233,0.06958052165666233
ripple,2023-07-14,NOKIA.HE,gdelt,ASML.AS,-1,-1,False,2023-07-17,2023-07-21,0.08618248207434412,0.08318248207434412
ripple,2023-07-14,NOKIA.HE,gdelt,TOM.OL,-1,-1,False,2023-07-17,2023-07-21,0.0123735757075358,0.0093735757075358
ripple,2023-07-14,NOKIA.HE,gdelt,MBG.DE,-1,-1,False,2023-07-17,2023-07-21,0.026146285582022553,0.023146285582022554
drift_A,2023-07-14,ERIC-B.ST,gdelt,ERIC-B.ST,-1,-1,False,2023-07-17,2023-07-21,-0.03314760997075916,-0.036147609970759165
drift_A,2023-07-14,ORK.OL,newsweb,ORK.OL,1,1,False,2023-07-17,2023-07-21,-0.00406434758272387,-0.00706434758272387
drift_A,2023-07-14,ELK.OL,newsweb,ELK.OL,-1,-1,False,2023-07-17,2023-07-21,0.0077597519937093054,0.004759751993709305
drift_A,2023-07-14,GJF.OL,newsweb,GJF.OL,-1,-1,False,2023-07-17,2023-07-21,-0.0591052077481141,-0.0621052077481141
drift_A,2023-07-14,ENH.OL,newsweb,ENH.OL,1,1,False,2023-07-17,2023-07-21,-0.005239243402209244,-0.008239243402209245
drift_A,2023-07-17,BAKKA.OL,newsweb,BAKKA.OL,-1,-1,False,2023-07-18,2023-07-24,-0.08285055063001975,-0.08585055063001976
ripple,2023-07-17,BAKKA.OL,newsweb,GSF.OL,-1,-1,False,2023-07-18,2023-07-24,-0.045521563524756115,-0.04852156352475612
ripple,2023-07-17,BAKKA.OL,newsweb,LSG.OL,-1,-1,False,2023-07-18,2023-07-24,-0.020798848143428476,-0.023798848143428475
ripple,2023-07-17,BAKKA.OL,newsweb,AUSS.OL,-1,-1,False,2023-07-18,2023-07-24,-0.007243513617284442,-0.010243513617284442
ripple,2023-07-17,BAKKA.OL,newsweb,MOWI.OL,-1,-1,False,2023-07-18,2023-07-24,-0.03396948839590059,-0.03696948839590059
ripple,2023-07-17,BAKKA.OL,newsweb,SALM.OL,-1,-1,False,2023-07-18,2023-07-24,-0.04714183606457282,-0.05014183606457282
drift_A,2023-07-17,TOM.OL,newsweb,TOM.OL,-1,-1,False,2023-07-18,2023-07-24,-0.028731097124406243,-0.03173109712440624
ripple,2023-07-17,TOM.OL,newsweb,ATCO-A.ST,-1,-1,False,2023-07-18,2023-07-24,0.04071411385065811,0.03771411385065811
ripple,2023-07-17,TOM.OL,newsweb,DSV.CO,-1,-1,False,2023-07-18,2023-07-24,0.022614798491214227,0.01961479849121423
ripple,2023-07-17,TOM.OL,newsweb,SAP.DE,-1,-1,False,2023-07-18,2023-07-24,0.08047525907247569,0.07747525907247568
ripple,2023-07-17,TOM.OL,newsweb,VEND.OL,-1,-1,False,2023-07-18,2023-07-24,0.034152506572664866,0.031152506572664867
drift_A,2023-07-18,ATEA.OL,newsweb,ATEA.OL,-1,-1,False,2023-07-19,2023-07-25,0.04123730965685494,0.038237309656854936
drift_A,2023-07-20,TEL.OL,newsweb,TEL.OL,1,1,False,2023-07-21,2023-07-27,-0.016520748929539832,-0.01952074892953983
drift_A,2023-08-08,KOA.OL,newsweb,KOA.OL,-1,-1,False,2023-08-09,2023-08-15,0.03973243942278517,0.03673243942278517
drift_A,2023-08-09,OKEA.OL,newsweb,OKEA.OL,1,1,False,2023-08-10,2023-08-16,-0.0161835635461329,-0.0191835635461329
rebound,2023-08-09,OKEA.OL,newsweb,EQNR.OL,-1,1,False,2023-08-10,2023-08-16,0.03354920207953807,0.03054920207953807
rebound,2023-08-09,OKEA.OL,newsweb,ODL.OL,-1,1,False,2023-08-10,2023-08-16,-0.0661631692868861,-0.06916316928688611
rebound,2023-08-09,OKEA.OL,newsweb,AKRBP.OL,-1,1,False,2023-08-10,2023-08-16,0.016309683689343376,0.013309683689343377
rebound,2023-08-09,OKEA.OL,newsweb,TTE.PA,-1,1,False,2023-08-10,2023-08-16,0.023422665235685144,0.020422665235685145
rebound,2023-08-09,OKEA.OL,newsweb,VAR.OL,-1,1,False,2023-08-10,2023-08-16,0.009331103845423959,0.0063311038454239585
drift_A,2023-08-09,SBNOR.OL,newsweb,SBNOR.OL,1,1,False,2023-08-10,2023-08-16,0.01777439389862927,0.014774393898629272
rebound,2023-08-09,SBNOR.OL,newsweb,MING.OL,-1,1,False,2023-08-10,2023-08-16,0.004972285918754527,0.001972285918754527
rebound,2023-08-09,SBNOR.OL,newsweb,SPOL.OL,-1,1,False,2023-08-10,2023-08-16,-0.004142432886383819,-0.007142432886383819
drift_A,2023-08-10,HLAG.DE,gdelt,HLAG.DE,-1,-1,False,2023-08-11,2023-08-17,-0.03041865280172191,-0.03341865280172191
ripple,2023-08-10,HLAG.DE,gdelt,MAERSK-B.CO,-1,-1,False,2023-08-11,2023-08-17,0.0035622355266703635,0.0005622355266703635
ripple,2023-08-10,HLAG.DE,gdelt,DSV.CO,-1,-1,False,2023-08-11,2023-08-17,0.00953507441960251,0.00653507441960251
drift_A,2023-08-11,SKUE.OL,newsweb,SKUE.OL,1,1,False,2023-08-14,2023-08-18,-0.015163610209593765,-0.018163610209593766
drift_A,2023-08-11,SOAG.OL,newsweb,SOAG.OL,1,1,False,2023-08-14,2023-08-18,0.0015404776767677074,-0.0014595223232322927
drift_A,2023-08-14,ROGS.OL,newsweb,ROGS.OL,1,1,False,2023-08-15,2023-08-21,-0.015186072764713572,-0.01818607276471357
drift_A,2023-08-15,WAWI.OL,newsweb,WAWI.OL,1,1,False,2023-08-16,2023-08-22,0.02942632592263602,0.02642632592263602
rebound,2023-08-15,WAWI.OL,newsweb,WWIB.OL,-1,1,False,2023-08-16,2023-08-22,-0.03262608525876779,-0.035626085258767794
rebound,2023-08-15,WAWI.OL,newsweb,WWI.OL,-1,1,False,2023-08-16,2023-08-22,-0.015694212330705178,-0.018694212330705177
drift_A,2023-08-16,WEST.OL,newsweb,WEST.OL,-1,-1,False,2023-08-17,2023-08-23,-0.0004481098463389732,-0.0034481098463389733
drift_A,2023-08-17,PRS.OL,newsweb,PRS.OL,-1,-1,False,2023-08-18,2023-08-24,0.015791415144040002,0.012791415144040003
drift_A,2023-08-17,AUTO.OL,newsweb,AUTO.OL,-1,-1,False,2023-08-18,2023-08-24,0.03389131202038947,0.03089131202038947
drift_A,2023-08-17,HEX.OL,newsweb,HEX.OL,1,1,False,2023-08-18,2023-08-24,0.1555523986143083,0.1525523986143083
drift_A,2023-08-21,SPOL.OL,newsweb,SPOL.OL,1,1,False,2023-08-22,2023-08-28,0.042825259606661156,0.039825259606661154
ripple,2023-08-21,SPOL.OL,newsweb,NONG.OL,1,1,False,2023-08-22,2023-08-28,-0.004288527272779254,-0.007288527272779254
ripple,2023-08-21,SPOL.OL,newsweb,SBNOR.OL,1,1,False,2023-08-22,2023-08-28,0.028508429560975594,0.025508429560975595
ripple,2023-08-21,SPOL.OL,newsweb,PARB.OL,1,1,False,2023-08-22,2023-08-28,-0.033890387435425086,-0.03689038743542509
ripple,2023-08-21,SPOL.OL,newsweb,MING.OL,1,1,False,2023-08-22,2023-08-28,0.010726228505140652,0.007726228505140652
ripple,2023-08-21,SPOL.OL,newsweb,DNB.OL,1,1,False,2023-08-22,2023-08-28,0.01937178165178828,0.01637178165178828
drift_A,2023-08-21,SBNOR.OL,newsweb,SBNOR.OL,-1,-1,False,2023-08-22,2023-08-28,-0.028508429560975594,-0.0315084295609756
ripple,2023-08-21,SBNOR.OL,newsweb,SPOL.OL,-1,-1,False,2023-08-22,2023-08-28,-0.042825259606661156,-0.04582525960666116
ripple,2023-08-21,SBNOR.OL,newsweb,MING.OL,-1,-1,False,2023-08-22,2023-08-28,-0.010726228505140652,-0.013726228505140652
drift_A,2023-08-22,BAKKA.OL,newsweb,BAKKA.OL,-1,-1,False,2023-08-23,2023-08-29,-0.04903260566513257,-0.05203260566513257
ripple,2023-08-22,BAKKA.OL,newsweb,SALM.OL,-1,-1,False,2023-08-23,2023-08-29,-0.08443864579662358,-0.08743864579662358
ripple,2023-08-22,BAKKA.OL,newsweb,LSG.OL,-1,-1,False,2023-08-23,2023-08-29,-0.042058287185910474,-0.04505828718591048
ripple,2023-08-22,BAKKA.OL,newsweb,AUSS.OL,-1,-1,False,2023-08-23,2023-08-29,-0.07777383049159928,-0.08077383049159928
ripple,2023-08-22,BAKKA.OL,newsweb,MOWI.OL,-1,-1,False,2023-08-23,2023-08-29,-0.05907354011452701,-0.06207354011452701
drift_A,2023-08-22,AGLX.OL,newsweb,AGLX.OL,-1,-1,False,2023-08-23,2023-08-29,-0.032037403049557024,-0.03503740304955703
drift_A,2023-08-23,ALNG.OL,newsweb,ALNG.OL,-1,-1,False,2023-08-24,2023-08-30,0.03486929157025215,0.031869291570252145
drift_A,2023-08-23,MOWI.OL,newsweb,MOWI.OL,1,1,False,2023-08-24,2023-08-30,0.033928513905004946,0.030928513905004947
drift_A,2023-08-23,REACH.OL,newsweb,REACH.OL,1,1,False,2023-08-24,2023-08-30,0.021862339276062848,0.01886233927606285
drift_A,2023-08-23,LSG.OL,newsweb,LSG.OL,1,1,False,2023-08-24,2023-08-30,-0.018575823674661686,-0.021575823674661685
drift_A,2023-08-23,ZAP.OL,newsweb,ZAP.OL,1,1,False,2023-08-24,2023-08-30,-0.035799818592927156,-0.03879981859292716
drift_A,2023-08-23,SMOP.OL,newsweb,SMOP.OL,-1,-1,False,2023-08-24,2023-08-30,-0.011095424865069085,-0.014095424865069085
drift_A,2023-08-23,BWE.OL,newsweb,BWE.OL,-1,-1,False,2023-08-24,2023-08-30,0.08988736973150312,0.08688736973150311
rebound,2023-08-23,BWE.OL,newsweb,PEN.OL,1,-1,False,2023-08-24,2023-08-30,-0.08037155047788902,-0.08337155047788902
rebound,2023-08-23,BWE.OL,newsweb,EQNR.OL,1,-1,False,2023-08-24,2023-08-30,0.041695116523092754,0.03869511652309275
drift_A,2023-08-23,AUSS.OL,newsweb,AUSS.OL,1,1,False,2023-08-24,2023-08-30,0.019594316782894222,0.016594316782894223
drift_A,2023-08-23,B2I.OL,newsweb,B2I.OL,1,1,False,2023-08-24,2023-08-30,-0.015464643878935766,-0.018464643878935767
drift_A,2023-08-24,CRNA.OL,newsweb,CRNA.OL,-1,-1,False,2023-08-25,2023-08-31,0.0959079490689429,0.0929079490689429
drift_A,2023-08-24,KID.OL,newsweb,KID.OL,1,1,False,2023-08-25,2023-08-31,0.07328519458103488,0.07028519458103488
drift_A,2023-08-24,FRO.OL,newsweb,FRO.OL,1,1,False,2023-08-25,2023-08-31,-0.03010720354373369,-0.03310720354373369
drift_A,2023-08-24,NAS.OL,newsweb,NAS.OL,-1,-1,False,2023-08-25,2023-08-31,0.05751310039115663,0.05451310039115663
drift_A,2023-08-24,SALM.OL,newsweb,SALM.OL,1,1,False,2023-08-25,2023-08-31,0.042149911910466145,0.03914991191046614
rebound,2023-08-24,SALM.OL,newsweb,LSG.OL,-1,1,False,2023-08-25,2023-08-31,0.03306390499444897,0.030063904994448973
rebound,2023-08-24,SALM.OL,newsweb,AUSS.OL,-1,1,False,2023-08-25,2023-08-31,0.027136569489599367,0.024136569489599368
rebound,2023-08-24,SALM.OL,newsweb,CLOUD.OL,-1,1,False,2023-08-25,2023-08-31,0.019854813780103633,0.016854813780103634
drift_A,2023-08-25,SOFF.OL,newsweb,SOFF.OL,-1,-1,False,2023-08-28,2023-09-01,-0.047877475215786267,-0.05087747521578627
drift_A,2023-08-28,JIN.OL,newsweb,JIN.OL,-1,-1,False,2023-08-29,2023-09-04,-0.01673740630233389,-0.01973740630233389
ripple,2023-08-28,JIN.OL,newsweb,HSHP.OL,-1,-1,False,2023-08-29,2023-09-04,-0.0097996537343743,-0.012799653734374299
ripple,2023-08-28,JIN.OL,newsweb,2020.OL,-1,-1,False,2023-08-29,2023-09-04,-0.0263070590681929,-0.0293070590681929
drift_A,2023-09-01,NSKOG.OL,newsweb,NSKOG.OL,-1,-1,False,2023-09-04,2023-09-08,0.0008290320727438894,-0.0021709679272561106
drift_A,2023-09-01,BWE.OL,newsweb,BWE.OL,1,1,False,2023-09-04,2023-09-08,0.025758271803603395,0.022758271803603396
rebound,2023-09-01,BWE.OL,newsweb,ODL.OL,-1,1,False,2023-09-04,2023-09-08,0.003740391803283522,0.0007403918032835221
rebound,2023-09-01,BWE.OL,newsweb,ENI.MI,-1,1,False,2023-09-04,2023-09-08,-0.025773813921228475,-0.028773813921228474
rebound,2023-09-01,BWE.OL,newsweb,AKRBP.OL,-1,1,False,2023-09-04,2023-09-08,-0.022252815143109922,-0.02525281514310992
rebound,2023-09-01,BWE.OL,newsweb,PEN.OL,-1,1,False,2023-09-04,2023-09-08,0.006328091318810309,0.003328091318810309
rebound,2023-09-01,BWE.OL,newsweb,EQNR.OL,-1,1,False,2023-09-04,2023-09-08,-0.0411879588014631,-0.044187958801463104
drift_A,2023-09-04,AFG.OL,newsweb,AFG.OL,-1,-1,False,2023-09-05,2023-09-11,0.02572321336039412,0.02272321336039412
drift_A,2023-09-04,CRNA.OL,newsweb,CRNA.OL,1,1,False,2023-09-05,2023-09-11,-0.3102575444471592,-0.3132575444471592
drift_A,2023-09-05,KOG.OL,newsweb,KOG.OL,1,1,False,2023-09-06,2023-09-12,-0.0006446308552947599,-0.0036446308552947598
drift_A,2023-09-11,KOA.OL,newsweb,KOA.OL,1,1,False,2023-09-12,2023-09-18,-0.03484125187995577,-0.037841251879955774
drift_A,2023-09-13,VEND.OL,newsweb,VEND.OL,-1,-1,False,2023-09-14,2023-09-20,0.0010263514872669022,-0.001973648512733098
ripple,2023-09-13,VEND.OL,newsweb,ASML.AS,-1,-1,False,2023-09-14,2023-09-20,0.06470977198255372,0.061709771982553716
ripple,2023-09-13,VEND.OL,newsweb,ASM.AS,-1,-1,False,2023-09-14,2023-09-20,0.13589110926224826,0.13289110926224826
ripple,2023-09-13,VEND.OL,newsweb,BRG.OL,-1,-1,False,2023-09-14,2023-09-20,-0.02138654284948452,-0.024386542849484518
drift_A,2023-09-18,SKUE.OL,newsweb,SKUE.OL,-1,-1,False,2023-09-19,2023-09-25,-0.01058787150442432,-0.01358787150442432
drift_A,2023-09-18,TGS.OL,newsweb,TGS.OL,1,1,False,2023-09-19,2023-09-25,-0.06708984917284115,-0.07008984917284115
ripple,2023-09-18,TGS.OL,newsweb,AKRBP.OL,1,1,False,2023-09-19,2023-09-25,-0.042134303536694964,-0.04513430353669497
ripple,2023-09-18,TGS.OL,newsweb,SUBC.OL,1,1,False,2023-09-19,2023-09-25,0.010888632356369214,0.007888632356369215
ripple,2023-09-18,TGS.OL,newsweb,ODL.OL,1,1,False,2023-09-19,2023-09-25,0.006578461074656741,0.0035784610746567407
ripple,2023-09-18,TGS.OL,newsweb,EQNR.OL,1,1,False,2023-09-19,2023-09-25,-0.016284440892288563,-0.019284440892288562
ripple,2023-09-18,TGS.OL,newsweb,VAR.OL,1,1,False,2023-09-19,2023-09-25,-0.06670996838207807,-0.06970996838207807
rebound,2023-09-18,TGS.OL,newsweb,PEN.OL,-1,1,False,2023-09-19,2023-09-25,-0.028443249016609565,-0.03144324901660957
rebound,2023-09-18,TGS.OL,newsweb,SOFF.OL,-1,1,False,2023-09-19,2023-09-25,-0.09240944472168056,-0.09540944472168056
drift_A,2023-09-18,NOD.OL,newsweb,NOD.OL,-1,-1,False,2023-09-19,2023-09-25,-0.007227164699076921,-0.010227164699076922
ripple,2023-09-18,NOD.OL,newsweb,NYKD.OL,-1,-1,False,2023-09-19,2023-09-25,-0.002694557503983456,-0.005694557503983456
ripple,2023-09-18,NOD.OL,newsweb,NOKIA.HE,-1,-1,False,2023-09-19,2023-09-25,0.019779982328956548,0.01677998232895655
ripple,2023-09-18,NOD.OL,newsweb,DSV.CO,-1,-1,False,2023-09-19,2023-09-25,0.006025216442133676,0.003025216442133676
ripple,2023-09-18,NOD.OL,newsweb,ASML.AS,-1,-1,False,2023-09-19,2023-09-25,3.7820165575834334e-05,-0.0029621798344241657
ripple,2023-09-18,NOD.OL,newsweb,SAP.DE,-1,-1,False,2023-09-19,2023-09-25,0.010079554393437027,0.007079554393437027
drift_A,2023-09-19,TGS.OL,newsweb,TGS.OL,-1,-1,False,2023-09-20,2023-09-26,0.035106291061463395,0.03210629106146339
ripple,2023-09-19,TGS.OL,newsweb,SUBC.OL,-1,-1,False,2023-09-20,2023-09-26,-0.018956483904890145,-0.021956483904890144
ripple,2023-09-19,TGS.OL,newsweb,AKSO.OL,-1,-1,False,2023-09-20,2023-09-26,0.03498623490127395,0.03198623490127395
ripple,2023-09-19,TGS.OL,newsweb,PEN.OL,-1,-1,False,2023-09-20,2023-09-26,-0.00016175320124710985,-0.00316175320124711
ripple,2023-09-19,TGS.OL,newsweb,ODL.OL,-1,-1,False,2023-09-20,2023-09-26,0.017680927491797522,0.014680927491797523
ripple,2023-09-19,TGS.OL,newsweb,EQNR.OL,-1,-1,False,2023-09-20,2023-09-26,0.011554112945857883,0.008554112945857884
drift_A,2023-09-20,NYKD.OL,newsweb,NYKD.OL,1,1,False,2023-09-21,2023-09-27,-0.16970578417391682,-0.17270578417391683
drift_A,2023-09-20,VAR.OL,newsweb,VAR.OL,-1,-1,False,2023-09-21,2023-09-27,0.02413742958074537,0.02113742958074537
rebound,2023-09-20,VAR.OL,newsweb,OKEA.OL,1,-1,False,2023-09-21,2023-09-27,-0.0058199576650882975,-0.008819957665088297
rebound,2023-09-20,VAR.OL,newsweb,ENI.MI,1,-1,False,2023-09-21,2023-09-27,0.02783726098036598,0.02483726098036598
rebound,2023-09-20,VAR.OL,newsweb,AKRBP.OL,1,-1,False,2023-09-21,2023-09-27,0.001137127251059,-0.0018628727489410002
rebound,2023-09-20,VAR.OL,newsweb,ODL.OL,1,-1,False,2023-09-21,2023-09-27,0.07055860752699147,0.06755860752699147
drift_A,2023-09-21,STB.OL,newsweb,STB.OL,1,1,False,2023-09-22,2023-09-28,0.008806557195761736,0.005806557195761736
ripple,2023-09-21,STB.OL,newsweb,GJF.OL,1,1,False,2023-09-22,2023-09-28,-0.03041468429950918,-0.03341468429950918
ripple,2023-09-21,STB.OL,newsweb,MING.OL,1,1,False,2023-09-22,2023-09-28,-0.033377997232946814,-0.03637799723294682
rebound,2023-09-21,STB.OL,newsweb,SEB-A.ST,-1,1,False,2023-09-22,2023-09-28,-0.0009356133664136686,-0.003935613366413669
rebound,2023-09-21,STB.OL,newsweb,DNB.OL,-1,1,False,2023-09-22,2023-09-28,-0.006670303312032356,-0.009670303312032356
drift_A,2023-09-22,VEND.OL,newsweb,VEND.OL,1,1,False,2023-09-25,2023-09-29,-0.00482696532844808,-0.00782696532844808
ripple,2023-09-22,VEND.OL,newsweb,BRG.OL,1,1,False,2023-09-25,2023-09-29,0.0041628101102757055,0.0011628101102757055
ripple,2023-09-22,VEND.OL,newsweb,ASML.AS,1,1,False,2023-09-25,2023-09-29,0.008549434945193765,0.005549434945193765
ripple,2023-09-22,VEND.OL,newsweb,TOM.OL,1,1,False,2023-09-25,2023-09-29,-0.060225222403829534,-0.06322522240382954
drift_A,2023-09-26,ORK.OL,newsweb,ORK.OL,-1,-1,False,2023-09-27,2023-10-03,0.006222522828636293,0.0032225228286362926
drift_A,2023-09-27,NYKD.OL,newsweb,NYKD.OL,-1,-1,False,2023-09-28,2023-10-04,0.06948977705985585,0.06648977705985584
drift_A,2023-09-29,IWS.OL,newsweb,IWS.OL,1,1,False,2023-10-02,2023-10-06,0.014634759386073568,0.011634759386073567
drift_A,2023-10-02,ZAP.OL,newsweb,ZAP.OL,-1,-1,False,2023-10-03,2023-10-09,0.08361267559481103,0.08061267559481103
drift_A,2023-10-04,BWLPG.OL,newsweb,BWLPG.OL,-1,-1,True,2023-10-05,2023-10-11,-0.062226812053218394,-0.0652268120532184
drift_A,2023-10-06,HAUTO.OL,newsweb,HAUTO.OL,1,1,False,2023-10-09,2023-10-13,-0.011549254097526995,-0.014549254097526994
ripple,2023-10-06,HAUTO.OL,newsweb,WAWI.OL,1,1,False,2023-10-09,2023-10-13,-0.025051607433848867,-0.028051607433848866
ripple,2023-10-06,HAUTO.OL,newsweb,WWIB.OL,1,1,False,2023-10-09,2023-10-13,-0.010349932405635764,-0.013349932405635763
ripple,2023-10-06,HAUTO.OL,newsweb,WWI.OL,1,1,False,2023-10-09,2023-10-13,0.011502723189165438,0.008502723189165437
drift_A,2023-10-06,ELK.OL,newsweb,ELK.OL,-1,-1,False,2023-10-09,2023-10-13,0.023196957212491487,0.020196957212491488
drift_A,2023-10-06,ENVIP.OL,newsweb,ENVIP.OL,-1,-1,False,2023-10-09,2023-10-13,-0.011935271707271662,-0.014935271707271661
drift_A,2023-10-06,NSKOG.OL,newsweb,NSKOG.OL,-1,-1,False,2023-10-09,2023-10-13,0.01670273519476841,0.01370273519476841
drift_A,2023-10-06,PROT.OL,newsweb,PROT.OL,1,1,False,2023-10-09,2023-10-13,-0.00198644576628048,-0.00498644576628048
drift_A,2023-10-09,NYKD.OL,newsweb,NYKD.OL,-1,-1,False,2023-10-10,2023-10-16,0.07249240086076221,0.06949240086076221
drift_A,2023-10-09,KID.OL,newsweb,KID.OL,1,1,False,2023-10-10,2023-10-16,0.01685203390750152,0.013852033907501522
drift_A,2023-10-09,TGS.OL,newsweb,TGS.OL,1,1,False,2023-10-10,2023-10-16,0.005713508010810095,0.002713508010810095
rebound,2023-10-09,TGS.OL,newsweb,VAR.OL,-1,1,False,2023-10-10,2023-10-16,-0.054187833141731485,-0.05718783314173149
rebound,2023-10-09,TGS.OL,newsweb,AKRBP.OL,-1,1,False,2023-10-10,2023-10-16,-0.03809655906135536,-0.04109655906135536
rebound,2023-10-09,TGS.OL,newsweb,EQNR.OL,-1,1,False,2023-10-10,2023-10-16,-0.0366005406826157,-0.039600540682615704
rebound,2023-10-09,TGS.OL,newsweb,ODL.OL,-1,1,False,2023-10-10,2023-10-16,-0.03672146281934412,-0.03972146281934412
rebound,2023-10-09,TGS.OL,newsweb,OKEA.OL,-1,1,False,2023-10-10,2023-10-16,-0.05916889177471901,-0.062168891774719015
drift_A,2023-10-09,FRO.OL,newsweb,FRO.OL,1,1,False,2023-10-10,2023-10-16,0.057890063870027125,0.05489006387002712
rebound,2023-10-09,FRO.OL,newsweb,OET.OL,-1,1,False,2023-10-10,2023-10-16,-0.07324054928889298,-0.07624054928889298
rebound,2023-10-09,FRO.OL,newsweb,MPCC.OL,-1,1,False,2023-10-10,2023-10-16,0.030002018896910503,0.027002018896910503
drift_A,2023-10-09,VOLV-B.ST,gdelt,VOLV-B.ST,-1,-1,False,2023-10-10,2023-10-16,-0.0057210801393267514,-0.00872108013932675
rebound,2023-10-09,VOLV-B.ST,gdelt,ATCO-A.ST,1,-1,False,2023-10-10,2023-10-16,0.017614681540998968,0.014614681540998969
rebound,2023-10-09,VOLV-B.ST,gdelt,SKF-B.ST,1,-1,False,2023-10-10,2023-10-16,-0.012493000775509825,-0.015493000775509826
rebound,2023-10-09,VOLV-B.ST,gdelt,VOW3.DE,1,-1,False,2023-10-10,2023-10-16,0.011532380421346744,0.008532380421346745
rebound,2023-10-09,VOLV-B.ST,gdelt,SIE.DE,1,-1,False,2023-10-10,2023-10-16,-0.010811297003124257,-0.013811297003124258
rebound,2023-10-09,VOLV-B.ST,gdelt,SEB-A.ST,1,-1,False,2023-10-10,2023-10-16,0.03404898348927711,0.03104898348927711
drift_A,2023-10-13,WEST.OL,newsweb,WEST.OL,-1,-1,False,2023-10-16,2023-10-20,0.0939337577361252,0.09093375773612519
drift_A,2023-10-17,ERIC-B.ST,gdelt,ERIC-B.ST,-1,-1,False,2023-10-18,2023-10-24,0.0022023332153383347,-0.0007976667846616653
drift_A,2023-10-17,NOD.OL,newsweb,NOD.OL,-1,-1,False,2023-10-18,2023-10-24,-0.07784868649998772,-0.08084868649998772
ripple,2023-10-17,NOD.OL,newsweb,ASML.AS,-1,-1,False,2023-10-18,2023-10-24,-0.0629808203906351,-0.0659808203906351
ripple,2023-10-17,NOD.OL,newsweb,SAP.DE,-1,-1,False,2023-10-18,2023-10-24,-0.041897186730663005,-0.04489718673066301
ripple,2023-10-17,NOD.OL,newsweb,MBG.DE,-1,-1,False,2023-10-18,2023-10-24,0.027092093288824053,0.024092093288824053
drift_A,2023-10-18,CRNA.OL,newsweb,CRNA.OL,-1,-1,False,2023-10-19,2023-10-25,0.11936499467093373,0.11636499467093372
drift_A,2023-10-18,VOLV-B.ST,gdelt,VOLV-B.ST,1,1,False,2023-10-19,2023-10-25,-0.013672111574508525,-0.016672111574508524
ripple,2023-10-18,VOLV-B.ST,gdelt,SAND.ST,1,1,False,2023-10-19,2023-10-25,0.028588352128712812,0.025588352128712813
ripple,2023-10-18,VOLV-B.ST,gdelt,SKF-B.ST,1,1,False,2023-10-19,2023-10-25,0.044344737467267206,0.041344737467267204
ripple,2023-10-18,VOLV-B.ST,gdelt,SIE.DE,1,1,False,2023-10-19,2023-10-25,0.01713803146441735,0.01413803146441735
ripple,2023-10-18,VOLV-B.ST,gdelt,ATCO-A.ST,1,1,False,2023-10-19,2023-10-25,0.03464720203219117,0.031647202032191166
ripple,2023-10-18,VOLV-B.ST,gdelt,MBG.DE,1,1,False,2023-10-19,2023-10-25,-0.0028004465768826613,-0.005800446576882661
drift_A,2023-10-19,ATEA.OL,newsweb,ATEA.OL,-1,-1,False,2023-10-20,2023-10-26,0.06687691890781891,0.06387691890781891
drift_A,2023-10-19,NOKIA.HE,gdelt,NOKIA.HE,-1,-1,False,2023-10-20,2023-10-26,-0.0699652974481407,-0.0729652974481407
ripple,2023-10-19,NOKIA.HE,gdelt,ERIC-B.ST,-1,-1,False,2023-10-20,2023-10-26,-0.03466539923497842,-0.03766539923497842
ripple,2023-10-19,NOKIA.HE,gdelt,NOD.OL,-1,-1,False,2023-10-20,2023-10-26,-0.03375209838407542,-0.03675209838407542
ripple,2023-10-19,NOKIA.HE,gdelt,MBG.DE,-1,-1,False,2023-10-20,2023-10-26,0.0570350172635396,0.0540350172635396
drift_A,2023-10-19,DNB.OL,newsweb,DNB.OL,-1,-1,False,2023-10-20,2023-10-26,0.0075438822103763604,0.00454388221037636
ripple,2023-10-19,DNB.OL,newsweb,GLE.PA,-1,-1,False,2023-10-20,2023-10-26,-0.02322614961744396,-0.026226149617443958
ripple,2023-10-19,DNB.OL,newsweb,SEB-A.ST,-1,-1,False,2023-10-20,2023-10-26,0.0576769346046008,0.054676934604600796
ripple,2023-10-19,DNB.OL,newsweb,BNP.PA,-1,-1,False,2023-10-20,2023-10-26,-0.017025008471702883,-0.020025008471702882
ripple,2023-10-19,DNB.OL,newsweb,SAN.MC,-1,-1,False,2023-10-20,2023-10-26,-0.045219471803745595,-0.0482194718037456
ripple,2023-10-19,DNB.OL,newsweb,NDA-FI.HE,-1,-1,False,2023-10-20,2023-10-26,0.005278751154788697,0.0022787511547886974
drift_A,2023-10-19,SCATC.OL,newsweb,SCATC.OL,1,1,False,2023-10-20,2023-10-26,0.02764900383334143,0.02464900383334143
drift_A,2023-10-20,YAR.OL,newsweb,YAR.OL,-1,-1,True,2023-10-23,2023-10-27,-0.013341399226489293,-0.016341399226489292
drift_A,2023-10-20,TOM.OL,newsweb,TOM.OL,-1,-1,True,2023-10-23,2023-10-27,-0.019956110818047233,-0.022956110818047232
ripple,2023-10-20,TOM.OL,newsweb,ASML.AS,-1,-1,True,2023-10-23,2023-10-27,-0.0360485662791861,-0.039048566279186105
ripple,2023-10-20,TOM.OL,newsweb,VEND.OL,-1,-1,True,2023-10-23,2023-10-27,-0.015197028653921344,-0.018197028653921345
ripple,2023-10-20,TOM.OL,newsweb,DSV.CO,-1,-1,True,2023-10-23,2023-10-27,0.1107877774020138,0.1077877774020138
ripple,2023-10-20,TOM.OL,newsweb,SAP.DE,-1,-1,True,2023-10-23,2023-10-27,-0.018865692511368708,-0.021865692511368707
drift_A,2023-10-20,GJF.OL,newsweb,GJF.OL,1,1,True,2023-10-23,2023-10-27,0.015372312524810224,0.012372312524810223
drift_A,2023-10-20,SALM.OL,newsweb,SALM.OL,-1,-1,True,2023-10-23,2023-10-27,-0.018094988639512144,-0.021094988639512143
rebound,2023-10-20,SALM.OL,newsweb,MOWI.OL,1,-1,True,2023-10-23,2023-10-27,0.01925135039201961,0.016251350392019612
rebound,2023-10-20,SALM.OL,newsweb,BAKKA.OL,1,-1,True,2023-10-23,2023-10-27,0.05096295388673941,0.04796295388673941
drift_A,2023-10-20,VAR.OL,newsweb,VAR.OL,1,1,True,2023-10-23,2023-10-27,0.019601560455634853,0.016601560455634854
ripple,2023-10-20,VAR.OL,newsweb,EQNR.OL,1,1,True,2023-10-23,2023-10-27,0.01958273875158392,0.01658273875158392
ripple,2023-10-20,VAR.OL,newsweb,TTE.PA,1,1,True,2023-10-23,2023-10-27,0.030953744011505847,0.027953744011505847
rebound,2023-10-20,VAR.OL,newsweb,PEN.OL,-1,1,True,2023-10-23,2023-10-27,0.0006410124423390992,-0.002358987557660901
rebound,2023-10-20,VAR.OL,newsweb,DNO.OL,-1,1,True,2023-10-23,2023-10-27,0.01565432782752132,0.012654327827521322
rebound,2023-10-20,VAR.OL,newsweb,ENI.MI,-1,1,True,2023-10-23,2023-10-27,-0.028207449488484342,-0.03120744948848434
drift_A,2023-10-23,SOFF.OL,newsweb,SOFF.OL,-1,-1,True,2023-10-24,2023-10-30,0.16795832060111793,0.16495832060111792
drift_A,2023-10-23,KOA.OL,newsweb,KOA.OL,-1,-1,True,2023-10-24,2023-10-30,0.014179944798135587,0.011179944798135586
drift_A,2023-10-24,WAWI.OL,newsweb,WAWI.OL,1,1,False,2023-10-25,2023-10-31,0.04288125316911746,0.039881253169117455
rebound,2023-10-24,WAWI.OL,newsweb,HAUTO.OL,-1,1,False,2023-10-25,2023-10-31,-0.04339622403909211,-0.04639622403909211
rebound,2023-10-24,WAWI.OL,newsweb,WWI.OL,-1,1,False,2023-10-25,2023-10-31,0.011882460096866944,0.008882460096866943
rebound,2023-10-24,WAWI.OL,newsweb,WWIB.OL,-1,1,False,2023-10-25,2023-10-31,-0.05306312728599888,-0.05606312728599888
rebound,2023-10-24,WAWI.OL,newsweb,SNI.OL,-1,1,False,2023-10-25,2023-10-31,-0.00773796426071191,-0.01073796426071191
drift_A,2023-10-24,NHY.OL,newsweb,NHY.OL,1,1,False,2023-10-25,2023-10-31,0.06907883135680337,0.06607883135680337
drift_A,2023-10-24,BRG.OL,newsweb,BRG.OL,1,1,False,2023-10-25,2023-10-31,-0.06572025109413022,-0.06872025109413023
drift_A,2023-10-25,STB.OL,newsweb,STB.OL,1,1,False,2023-10-26,2023-11-01,0.021964330725733616,0.018964330725733617
ripple,2023-10-25,STB.OL,newsweb,SEB-A.ST,1,1,False,2023-10-26,2023-11-01,-0.018938297632054527,-0.021938297632054526
ripple,2023-10-25,STB.OL,newsweb,DNB.OL,1,1,False,2023-10-26,2023-11-01,-0.014421975292752912,-0.01742197529275291
ripple,2023-10-25,STB.OL,newsweb,MING.OL,1,1,False,2023-10-26,2023-11-01,-0.0160968795785695,-0.0190968795785695
drift_A,2023-10-25,HELG.OL,newsweb,HELG.OL,1,1,False,2023-10-26,2023-11-01,-0.07464391548555957,-0.07764391548555957
drift_A,2023-10-25,ELK.OL,newsweb,ELK.OL,-1,-1,False,2023-10-26,2023-11-01,-0.027296767484103635,-0.030296767484103634
drift_A,2023-10-25,NYKD.OL,newsweb,NYKD.OL,-1,-1,False,2023-10-26,2023-11-01,0.061900685122460004,0.05890068512246
drift_A,2023-10-25,SAND.ST,gdelt,SAND.ST,1,1,False,2023-10-26,2023-11-01,-0.008469142730736954,-0.011469142730736955
rebound,2023-10-25,SAND.ST,gdelt,ATCO-A.ST,-1,1,False,2023-10-26,2023-11-01,-0.004835984842719344,-0.007835984842719343
rebound,2023-10-25,SAND.ST,gdelt,VOLV-B.ST,-1,1,False,2023-10-26,2023-11-01,0.013651545390722478,0.010651545390722477
drift_A,2023-10-25,KIT.OL,newsweb,KIT.OL,-1,-1,False,2023-10-26,2023-11-01,0.062041723092367676,0.05904172309236767
drift_A,2023-10-25,VEI.OL,newsweb,VEI.OL,1,1,False,2023-10-26,2023-11-01,-0.008071786247258302,-0.0110717862472583
drift_A,2023-10-25,TEL.OL,newsweb,TEL.OL,1,1,False,2023-10-26,2023-11-01,-0.0031310267481006447,-0.006131026748100645
drift_A,2023-10-26,PRS.OL,newsweb,PRS.OL,-1,-1,False,2023-10-27,2023-11-02,0.07082009609310841,0.0678200960931084
drift_A,2023-10-26,MORG.OL,newsweb,MORG.OL,-1,-1,False,2023-10-27,2023-11-02,0.02674523869136361,0.02374523869136361
drift_A,2023-10-26,TGS.OL,newsweb,TGS.OL,1,1,False,2023-10-27,2023-11-02,0.026752423187638562,0.023752423187638563
ripple,2023-10-26,TGS.OL,newsweb,OKEA.OL,1,1,False,2023-10-27,2023-11-02,0.0509772226370324,0.0479772226370324
ripple,2023-10-26,TGS.OL,newsweb,SUBC.OL,1,1,False,2023-10-27,2023-11-02,0.0178362918552553,0.014836291855255302
ripple,2023-10-26,TGS.OL,newsweb,AKRBP.OL,1,1,False,2023-10-27,2023-11-02,0.004860643410369986,0.0018606434103699858
ripple,2023-10-26,TGS.OL,newsweb,VAR.OL,1,1,False,2023-10-27,2023-11-02,-0.03865072745633485,-0.04165072745633485
ripple,2023-10-26,TGS.OL,newsweb,EQNR.OL,1,1,False,2023-10-27,2023-11-02,-0.017549491795474777,-0.020549491795474776
drift_A,2023-10-26,ORK.OL,newsweb,ORK.OL,-1,-1,False,2023-10-27,2023-11-02,-0.054009971351490445,-0.05700997135149045
drift_A,2023-10-26,SBNOR.OL,newsweb,SBNOR.OL,1,1,False,2023-10-27,2023-11-02,-0.010611722283692263,-0.013611722283692264
ripple,2023-10-26,SBNOR.OL,newsweb,SPOL.OL,1,1,False,2023-10-27,2023-11-02,-0.020885444367634662,-0.02388544436763466
ripple,2023-10-26,SBNOR.OL,newsweb,MING.OL,1,1,False,2023-10-27,2023-11-02,-0.06768899170209032,-0.07068899170209032
drift_A,2023-10-27,SPOL.OL,newsweb,SPOL.OL,-1,-1,False,2023-10-30,2023-11-03,-0.014066011056585285,-0.017066011056585284
drift_A,2023-10-27,NONG.OL,newsweb,NONG.OL,-1,-1,False,2023-10-30,2023-11-03,-0.001871972835994204,-0.004871972835994204
drift_A,2023-10-30,AFG.OL,newsweb,AFG.OL,-1,-1,False,2023-10-31,2023-11-06,-0.029437720311331496,-0.0324377203113315
drift_A,2023-10-30,AKAST.OL,newsweb,AKAST.OL,1,1,False,2023-10-31,2023-11-06,-0.04362057973934029,-0.04662057973934029
drift_A,2023-10-30,AKSO.OL,newsweb,AKSO.OL,1,1,False,2023-10-31,2023-11-06,-0.08447345156260039,-0.08747345156260039
ripple,2023-10-30,AKSO.OL,newsweb,SUBC.OL,1,1,False,2023-10-31,2023-11-06,-0.00390872761850182,-0.00690872761850182
ripple,2023-10-30,AKSO.OL,newsweb,EQNR.OL,1,1,False,2023-10-31,2023-11-06,-0.02754851020351566,-0.03054851020351566
drift_A,2023-10-30,HAVI.OL,newsweb,HAVI.OL,-1,-1,False,2023-10-31,2023-11-06,0.2832175833280664,0.2802175833280664
drift_A,2023-10-31,HAVI.OL,newsweb,HAVI.OL,-1,-1,False,2023-11-01,2023-11-07,0.11565249645772475,0.11265249645772475
drift_A,2023-10-31,CLOUD.OL,newsweb,CLOUD.OL,1,1,False,2023-11-01,2023-11-07,-0.05096865539714711,-0.05396865539714711
drift_A,2023-11-01,ELMRA.OL,newsweb,ELMRA.OL,-1,-1,False,2023-11-02,2023-11-08,-0.07607513307942698,-0.07907513307942698
drift_A,2023-11-01,WAWI.OL,newsweb,WAWI.OL,1,1,False,2023-11-02,2023-11-08,-0.07080183063156044,-0.07380183063156044
ripple,2023-11-01,WAWI.OL,newsweb,HAUTO.OL,1,1,False,2023-11-02,2023-11-08,-0.07991610616832377,-0.08291610616832377
ripple,2023-11-01,WAWI.OL,newsweb,WWIB.OL,1,1,False,2023-11-02,2023-11-08,0.001382289408884808,-0.001617710591115192
ripple,2023-11-01,WAWI.OL,newsweb,SNI.OL,1,1,False,2023-11-02,2023-11-08,-0.0626206425241081,-0.0656206425241081
drift_A,2023-11-01,MULTI.OL,newsweb,MULTI.OL,-1,-1,False,2023-11-02,2023-11-08,0.05795847307683047,0.054958473076830466
drift_A,2023-11-02,ODL.OL,newsweb,ODL.OL,1,1,False,2023-11-03,2023-11-09,-0.12006480588198494,-0.12306480588198494
ripple,2023-11-02,ODL.OL,newsweb,AKRBP.OL,1,1,False,2023-11-03,2023-11-09,-0.04358868184057919,-0.04658868184057919
ripple,2023-11-02,ODL.OL,newsweb,BNOR.OL,1,1,False,2023-11-03,2023-11-09,-0.0367403471136562,-0.039740347113656205
ripple,2023-11-02,ODL.OL,newsweb,EQNR.OL,1,1,False,2023-11-03,2023-11-09,-0.04074318321235701,-0.04374318321235701
ripple,2023-11-02,ODL.OL,newsweb,PEN.OL,1,1,False,2023-11-03,2023-11-09,-0.08631031915460734,-0.08931031915460734
ripple,2023-11-02,ODL.OL,newsweb,DNO.OL,1,1,False,2023-11-03,2023-11-09,-0.06642258286967548,-0.06942258286967548
drift_A,2023-11-02,ACR.OL,newsweb,ACR.OL,-1,-1,False,2023-11-03,2023-11-09,0.005556175201385844,0.0025561752013858437
drift_A,2023-11-02,NSKOG.OL,newsweb,NSKOG.OL,1,1,False,2023-11-03,2023-11-09,-0.053285059844344305,-0.05628505984434431
drift_A,2023-11-02,MING.OL,newsweb,MING.OL,-1,-1,False,2023-11-03,2023-11-09,-0.004794232799832999,-0.007794232799832999
ripple,2023-11-02,MING.OL,newsweb,SPOL.OL,-1,-1,False,2023-11-03,2023-11-09,-0.004854743223156912,-0.007854743223156912
ripple,2023-11-02,MING.OL,newsweb,STB.OL,-1,-1,False,2023-11-03,2023-11-09,0.006725687200065682,0.003725687200065682
ripple,2023-11-02,MING.OL,newsweb,SEB-A.ST,-1,-1,False,2023-11-03,2023-11-09,0.0030480941547814883,4.8094154781488235e-05
drift_A,2023-11-02,SOAG.OL,newsweb,SOAG.OL,-1,-1,False,2023-11-03,2023-11-09,-0.03179107526295519,-0.03479107526295519
drift_A,2023-11-02,SCATC.OL,newsweb,SCATC.OL,1,1,False,2023-11-03,2023-11-09,-0.024397322653743756,-0.027397322653743755
drift_A,2023-11-02,NAS.OL,newsweb,NAS.OL,1,1,False,2023-11-03,2023-11-09,0.06844117019544325,0.06544117019544325
drift_A,2023-11-02,ELO.OL,newsweb,ELO.OL,1,1,False,2023-11-03,2023-11-09,0.06274110375089358,0.05974110375089357
drift_A,2023-11-02,SBO.OL,newsweb,SBO.OL,1,1,False,2023-11-03,2023-11-09,-0.03014330378916339,-0.03314330378916339
drift_A,2023-11-03,MAERSK-B.CO,gdelt,MAERSK-B.CO,-1,-1,False,2023-11-06,2023-11-10,0.01037505543712305,0.007375055437123051
drift_A,2023-11-06,MING.OL,newsweb,MING.OL,1,1,False,2023-11-07,2023-11-13,-0.018813880040721286,-0.021813880040721285
ripple,2023-11-06,MING.OL,newsweb,SPOL.OL,1,1,False,2023-11-07,2023-11-13,-0.0010407763987058962,-0.004040776398705896
ripple,2023-11-06,MING.OL,newsweb,STB.OL,1,1,False,2023-11-07,2023-11-13,0.011906000732140841,0.008906000732140842
ripple,2023-11-06,MING.OL,newsweb,NONG.OL,1,1,False,2023-11-07,2023-11-13,-0.012863662854812084,-0.015863662854812083
ripple,2023-11-06,MING.OL,newsweb,DNB.OL,1,1,False,2023-11-07,2023-11-13,0.023461065099622657,0.020461065099622658
ripple,2023-11-06,MING.OL,newsweb,SEB-A.ST,1,1,False,2023-11-07,2023-11-13,0.004733010413716272,0.0017330104137162723
drift_A,2023-11-07,RING.OL,newsweb,RING.OL,1,1,True,2023-11-08,2023-11-14,0.052317871883989495,0.04931787188398949
drift_A,2023-11-07,ENDUR.OL,newsweb,ENDUR.OL,1,1,True,2023-11-08,2023-11-14,-0.030897467777208018,-0.03389746777720802
drift_A,2023-11-07,LINK.OL,newsweb,LINK.OL,1,1,True,2023-11-08,2023-11-14,-0.02382655906316935,-0.026826559063169348
drift_A,2023-11-07,SOAG.OL,newsweb,SOAG.OL,1,1,True,2023-11-08,2023-11-14,-0.022942155980201457,-0.025942155980201456
drift_A,2023-11-08,RING.OL,newsweb,RING.OL,-1,-1,False,2023-11-09,2023-11-15,-0.031011014928385053,-0.034011014928385055
drift_A,2023-11-08,MOWI.OL,newsweb,MOWI.OL,1,1,False,2023-11-09,2023-11-15,0.00614071860978644,0.00314071860978644
drift_A,2023-11-08,AUSS.OL,newsweb,AUSS.OL,1,1,False,2023-11-09,2023-11-15,-0.06946657151040822,-0.07246657151040822
drift_A,2023-11-08,VEI.OL,newsweb,VEI.OL,1,1,False,2023-11-09,2023-11-15,0.016727679442470736,0.013727679442470737
drift_A,2023-11-09,REACH.OL,newsweb,REACH.OL,-1,-1,False,2023-11-10,2023-11-16,0.05672984097485959,0.05372984097485959
drift_A,2023-11-09,KID.OL,newsweb,KID.OL,1,1,False,2023-11-10,2023-11-16,0.0889314397857463,0.0859314397857463
drift_A,2023-11-09,SKUE.OL,newsweb,SKUE.OL,1,1,False,2023-11-10,2023-11-16,0.02632088281941164,0.02332088281941164
drift_A,2023-11-09,SBO.OL,newsweb,SBO.OL,1,1,False,2023-11-10,2023-11-16,0.040866858178176826,0.037866858178176824
drift_A,2023-11-09,OET.OL,newsweb,OET.OL,-1,-1,False,2023-11-10,2023-11-16,0.05351907538144329,0.05051907538144329
ripple,2023-11-09,OET.OL,newsweb,FRO.OL,-1,-1,False,2023-11-10,2023-11-16,0.025133812619066474,0.022133812619066474
ripple,2023-11-09,OET.OL,newsweb,HAFNI.OL,-1,-1,False,2023-11-10,2023-11-16,0.03055070883687038,0.027550708836870382
ripple,2023-11-09,OET.OL,newsweb,SNI.OL,-1,-1,False,2023-11-10,2023-11-16,0.05053565169987156,0.047535651699871555
drift_A,2023-11-09,DNO.OL,newsweb,DNO.OL,-1,-1,False,2023-11-10,2023-11-16,-0.045384562023355585,-0.04838456202335559
ripple,2023-11-09,DNO.OL,newsweb,AKRBP.OL,-1,-1,False,2023-11-10,2023-11-16,0.0012296578462365191,-0.001770342153763481
ripple,2023-11-09,DNO.OL,newsweb,EQNR.OL,-1,-1,False,2023-11-10,2023-11-16,0.021617693505549332,0.018617693505549333
ripple,2023-11-09,DNO.OL,newsweb,VAR.OL,-1,-1,False,2023-11-10,2023-11-16,-0.0002259557854597926,-0.0032259557854597927
ripple,2023-11-09,DNO.OL,newsweb,TTE.PA,-1,-1,False,2023-11-10,2023-11-16,0.012079503200987699,0.009079503200987698
rebound,2023-11-09,DNO.OL,newsweb,PEN.OL,1,-1,False,2023-11-10,2023-11-16,-0.08984523105699409,-0.09284523105699409
rebound,2023-11-09,DNO.OL,newsweb,ODL.OL,1,-1,False,2023-11-10,2023-11-16,-0.07433553533962813,-0.07733553533962813
rebound,2023-11-09,DNO.OL,newsweb,BWE.OL,1,-1,False,2023-11-10,2023-11-16,-0.07412198301754488,-0.07712198301754489
drift_A,2023-11-09,SALM.OL,newsweb,SALM.OL,1,1,False,2023-11-10,2023-11-16,0.0007429740161715756,-0.0022570259838284243
ripple,2023-11-09,SALM.OL,newsweb,GSF.OL,1,1,False,2023-11-10,2023-11-16,-0.15697115578806886,-0.15997115578806886
ripple,2023-11-09,SALM.OL,newsweb,BAKKA.OL,1,1,False,2023-11-10,2023-11-16,-0.024837672109506367,-0.027837672109506367
drift_A,2023-11-09,AUTO.OL,newsweb,AUTO.OL,1,1,False,2023-11-10,2023-11-16,0.156630525262218,0.153630525262218
drift_A,2023-11-09,BOUV.OL,newsweb,BOUV.OL,1,1,False,2023-11-10,2023-11-16,0.008593163861329267,0.005593163861329267
drift_A,2023-11-10,AFG.OL,newsweb,AFG.OL,-1,-1,False,2023-11-13,2023-11-17,0.006323715073161577,0.003323715073161577
drift_A,2023-11-10,NSKOG.OL,newsweb,NSKOG.OL,-1,-1,False,2023-11-13,2023-11-17,-0.035643790963322194,-0.0386437909633222
drift_A,2023-11-10,B2I.OL,newsweb,B2I.OL,-1,-1,False,2023-11-13,2023-11-17,0.01895102362949301,0.01595102362949301
drift_A,2023-11-14,GSF.OL,newsweb,GSF.OL,-1,-1,False,2023-11-15,2023-11-21,0.04940816061753027,0.04640816061753027
ripple,2023-11-14,GSF.OL,newsweb,SALM.OL,-1,-1,False,2023-11-15,2023-11-21,0.004487211964195476,0.0014872119641954756
ripple,2023-11-14,GSF.OL,newsweb,LSG.OL,-1,-1,False,2023-11-15,2023-11-21,0.026489381767349836,0.023489381767349837
ripple,2023-11-14,GSF.OL,newsweb,AUSS.OL,-1,-1,False,2023-11-15,2023-11-21,0.02254755986605809,0.019547559866058092
ripple,2023-11-14,GSF.OL,newsweb,MOWI.OL,-1,-1,False,2023-11-15,2023-11-21,0.0006027329208754973,-0.0023972670791245028
ripple,2023-11-14,GSF.OL,newsweb,BAKKA.OL,-1,-1,False,2023-11-15,2023-11-21,0.023490656895735117,0.020490656895735117
drift_A,2023-11-14,TOM.OL,newsweb,TOM.OL,1,1,False,2023-11-15,2023-11-21,-0.004777938954600427,-0.007777938954600427
ripple,2023-11-14,TOM.OL,newsweb,VEND.OL,1,1,False,2023-11-15,2023-11-21,0.038946471731668535,0.03594647173166853
ripple,2023-11-14,TOM.OL,newsweb,ASML.AS,1,1,False,2023-11-15,2023-11-21,0.006128925107186665,0.003128925107186665
ripple,2023-11-14,TOM.OL,newsweb,DSV.CO,1,1,False,2023-11-15,2023-11-21,0.0019322113625053986,-0.0010677886374946014
ripple,2023-11-14,TOM.OL,newsweb,SAP.DE,1,1,False,2023-11-15,2023-11-21,0.03133991790570134,0.028339917905701343
drift_A,2023-11-14,HAFNI.OL,newsweb,HAFNI.OL,-1,-1,False,2023-11-15,2023-11-21,-0.02246567579601936,-0.025465675796019358
rebound,2023-11-14,HAFNI.OL,newsweb,FRO.OL,1,-1,False,2023-11-15,2023-11-21,0.010915688507042817,0.007915688507042818
rebound,2023-11-14,HAFNI.OL,newsweb,SNI.OL,1,-1,False,2023-11-15,2023-11-21,-0.03173245262600857,-0.034732452626008575
rebound,2023-11-14,HAFNI.OL,newsweb,HAUTO.OL,1,-1,False,2023-11-15,2023-11-21,0.05508387863786801,0.05208387863786801
drift_A,2023-11-14,BWLPG.OL,newsweb,BWLPG.OL,-1,-1,False,2023-11-15,2023-11-21,0.07105208114674941,0.0680520811467494
rebound,2023-11-14,BWLPG.OL,newsweb,FRO.OL,1,-1,False,2023-11-15,2023-11-21,0.010915688507042817,0.007915688507042818
rebound,2023-11-14,BWLPG.OL,newsweb,KCC.OL,1,-1,False,2023-11-15,2023-11-21,0.018334022481406212,0.015334022481406213
drift_A,2023-11-15,NORBT.OL,newsweb,NORBT.OL,-1,-1,False,2023-11-16,2023-11-22,0.07564649894928469,0.07264649894928468
drift_A,2023-11-15,TEL.OL,newsweb,TEL.OL,-1,-1,False,2023-11-16,2023-11-22,0.010635600530284749,0.007635600530284749
drift_A,2023-11-15,LSG.OL,newsweb,LSG.OL,-1,-1,False,2023-11-16,2023-11-22,0.008354602701689568,0.005354602701689568
ripple,2023-11-15,LSG.OL,newsweb,MOWI.OL,-1,-1,False,2023-11-16,2023-11-22,-0.005207329320421379,-0.00820732932042138
ripple,2023-11-15,LSG.OL,newsweb,SALM.OL,-1,-1,False,2023-11-16,2023-11-22,-0.018925535771600575,-0.021925535771600575
ripple,2023-11-15,LSG.OL,newsweb,BAKKA.OL,-1,-1,False,2023-11-16,2023-11-22,0.0054702551321523,0.0024702551321522997
drift_A,2023-11-15,ZAP.OL,newsweb,ZAP.OL,-1,-1,False,2023-11-16,2023-11-22,0.19743005909638006,0.19443005909638006
drift_A,2023-11-15,AUSS.OL,newsweb,AUSS.OL,-1,-1,False,2023-11-16,2023-11-22,0.006697851848841099,0.0036978518488410992
ripple,2023-11-15,AUSS.OL,newsweb,MOWI.OL,-1,-1,False,2023-11-16,2023-11-22,-0.005207329320421379,-0.00820732932042138
ripple,2023-11-15,AUSS.OL,newsweb,SALM.OL,-1,-1,False,2023-11-16,2023-11-22,-0.018925535771600575,-0.021925535771600575
drift_A,2023-11-15,TRMED.OL,newsweb,TRMED.OL,1,1,False,2023-11-16,2023-11-22,-0.19783882839531883,-0.20083882839531883
drift_A,2023-11-16,SUBC.OL,newsweb,SUBC.OL,-1,-1,True,2023-11-17,2023-11-23,-0.03433438678637849,-0.037334386786378494
rebound,2023-11-16,SUBC.OL,newsweb,OKEA.OL,1,-1,True,2023-11-17,2023-11-23,-0.004936181020028026,-0.007936181020028025
rebound,2023-11-16,SUBC.OL,newsweb,EQNR.OL,1,-1,True,2023-11-17,2023-11-23,0.011916156624836145,0.008916156624836146
rebound,2023-11-16,SUBC.OL,newsweb,TTE.PA,1,-1,True,2023-11-17,2023-11-23,0.013266890460111345,0.010266890460111346
rebound,2023-11-16,SUBC.OL,newsweb,AKRBP.OL,1,-1,True,2023-11-17,2023-11-23,-0.006199315372350838,-0.009199315372350837
rebound,2023-11-16,SUBC.OL,newsweb,TGS.OL,1,-1,True,2023-11-17,2023-11-23,-0.015206271397612277,-0.018206271397612276
drift_A,2023-11-16,BWE.OL,newsweb,BWE.OL,-1,-1,True,2023-11-17,2023-11-23,0.08716896563908559,0.08416896563908559
drift_A,2023-11-16,PEN.OL,newsweb,PEN.OL,-1,-1,True,2023-11-17,2023-11-23,-0.026337385742253833,-0.029337385742253832
ripple,2023-11-16,PEN.OL,newsweb,DNO.OL,-1,-1,True,2023-11-17,2023-11-23,0.034362164315005134,0.03136216431500513
ripple,2023-11-16,PEN.OL,newsweb,ODL.OL,-1,-1,True,2023-11-17,2023-11-23,0.02753960031231891,0.024539600312318912
drift_A,2023-11-16,HSHP.OL,newsweb,HSHP.OL,1,1,True,2023-11-17,2023-11-23,0.04835955897489165,0.04535955897489165
drift_A,2023-11-16,SOAG.OL,newsweb,SOAG.OL,-1,-1,True,2023-11-17,2023-11-23,0.020366544476467147,0.017366544476467148
drift_A,2023-11-21,SNI.OL,newsweb,SNI.OL,-1,-1,True,2023-11-22,2023-11-28,0.04468327203733407,0.04168327203733407
ripple,2023-11-21,SNI.OL,newsweb,HAUTO.OL,-1,-1,True,2023-11-22,2023-11-28,-0.025767517484857103,-0.028767517484857102
ripple,2023-11-21,SNI.OL,newsweb,WAWI.OL,-1,-1,True,2023-11-22,2023-11-28,0.0020210164875336107,-0.0009789835124663893
ripple,2023-11-21,SNI.OL,newsweb,FRO.OL,-1,-1,True,2023-11-22,2023-11-28,-0.006870993036794618,-0.009870993036794617
ripple,2023-11-21,SNI.OL,newsweb,HAFNI.OL,-1,-1,True,2023-11-22,2023-11-28,0.022896471442397662,0.019896471442397663
drift_A,2023-11-22,VEND.OL,newsweb,VEND.OL,1,1,False,2023-11-23,2023-11-29,0.0694380351231648,0.0664380351231648
drift_A,2023-11-23,HUNT.OL,newsweb,HUNT.OL,1,1,False,2023-11-24,2023-11-30,-0.048860554152383634,-0.05186055415238364
drift_A,2023-11-28,ROGS.OL,newsweb,ROGS.OL,1,1,False,2023-11-29,2023-12-05,0.003139409795976187,0.00013940979597618693
drift_A,2023-11-29,EQNR.OL,newsweb,EQNR.OL,-1,-1,False,2023-11-30,2023-12-06,0.05725685649566706,0.054256856495667055
rebound,2023-11-29,EQNR.OL,newsweb,TTE.PA,1,-1,False,2023-11-30,2023-12-06,-0.030371094408012424,-0.033371094408012426
rebound,2023-11-29,EQNR.OL,newsweb,SUBC.OL,1,-1,False,2023-11-30,2023-12-06,-0.04398802722956148,-0.04698802722956148
rebound,2023-11-29,EQNR.OL,newsweb,AKSO.OL,1,-1,False,2023-11-30,2023-12-06,-0.06338981044019354,-0.06638981044019354
rebound,2023-11-29,EQNR.OL,newsweb,BNOR.OL,1,-1,False,2023-11-30,2023-12-06,-0.0198634023182792,-0.0228634023182792
rebound,2023-11-29,EQNR.OL,newsweb,ENI.MI,1,-1,False,2023-11-30,2023-12-06,-0.026251265289612545,-0.029251265289612544
drift_A,2023-11-30,FRO.OL,newsweb,FRO.OL,-1,-1,False,2023-12-01,2023-12-07,0.027209822410833237,0.024209822410833238
ripple,2023-11-30,FRO.OL,newsweb,BWLPG.OL,-1,-1,False,2023-12-01,2023-12-07,0.050068895566905865,0.04706889556690586
ripple,2023-11-30,FRO.OL,newsweb,MPCC.OL,-1,-1,False,2023-12-01,2023-12-07,-0.007315153311152693,-0.010315153311152693
drift_A,2023-12-01,OKEA.OL,newsweb,OKEA.OL,-1,-1,False,2023-12-04,2023-12-08,0.07689370914267388,0.07389370914267387
ripple,2023-12-01,OKEA.OL,newsweb,AKRBP.OL,-1,-1,False,2023-12-04,2023-12-08,0.021460468095213958,0.01846046809521396
ripple,2023-12-01,OKEA.OL,newsweb,PEN.OL,-1,-1,False,2023-12-04,2023-12-08,0.05658813747590618,0.05358813747590618
ripple,2023-12-01,OKEA.OL,newsweb,TTE.PA,-1,-1,False,2023-12-04,2023-12-08,0.00017577173559616983,-0.0028242282644038302
ripple,2023-12-01,OKEA.OL,newsweb,ENI.MI,-1,-1,False,2023-12-04,2023-12-08,0.014236309412465096,0.011236309412465097
drift_A,2023-12-01,HUNT.OL,newsweb,HUNT.OL,1,1,False,2023-12-04,2023-12-08,-0.20323999561885178,-0.20623999561885178
drift_A,2023-12-04,KOG.OL,newsweb,KOG.OL,-1,-1,False,2023-12-05,2023-12-11,0.02317985185339901,0.02017985185339901
drift_A,2023-12-05,NOKIA.HE,gdelt,NOKIA.HE,-1,-1,False,2023-12-07,2023-12-13,-0.07070706420049823,-0.07370706420049823
ripple,2023-12-05,NOKIA.HE,gdelt,ERIC-B.ST,-1,-1,False,2023-12-06,2023-12-12,-0.033924143010677685,-0.03692414301067769
ripple,2023-12-05,NOKIA.HE,gdelt,NOD.OL,-1,-1,False,2023-12-06,2023-12-12,-0.07415428703607416,-0.07715428703607416
ripple,2023-12-05,NOKIA.HE,gdelt,VOW3.DE,-1,-1,False,2023-12-06,2023-12-12,-0.04101477872528555,-0.04401477872528555
drift_A,2023-12-06,MULTI.OL,newsweb,MULTI.OL,1,1,False,2023-12-07,2023-12-13,-0.13112964132216046,-0.13412964132216046
drift_A,2023-12-07,AGLX.OL,newsweb,AGLX.OL,1,1,False,2023-12-08,2023-12-14,-0.027408311894805075,-0.030408311894805074
drift_A,2023-12-08,RING.OL,newsweb,RING.OL,-1,-1,False,2023-12-11,2023-12-15,-0.02728334876394472,-0.030283348763944718
drift_A,2023-12-08,AGLX.OL,newsweb,AGLX.OL,-1,-1,False,2023-12-11,2023-12-15,-0.005951977799559249,-0.008951977799559249
drift_A,2023-12-11,SMOP.OL,newsweb,SMOP.OL,-1,-1,False,2023-12-12,2023-12-18,0.059884004670341044,0.05688400467034104
drift_A,2023-12-11,VEND.OL,newsweb,VEND.OL,1,1,False,2023-12-12,2023-12-18,-0.043917575044936166,-0.04691757504493617
drift_A,2023-12-11,BRG.OL,newsweb,BRG.OL,-1,-1,False,2023-12-12,2023-12-18,-0.021903840149889813,-0.024903840149889812
drift_A,2023-12-13,STB.OL,newsweb,STB.OL,-1,-1,False,2023-12-14,2023-12-20,0.04600886395886946,0.04300886395886946
ripple,2023-12-13,STB.OL,newsweb,MING.OL,-1,-1,False,2023-12-14,2023-12-20,0.0032529442038968306,0.0002529442038968306
ripple,2023-12-13,STB.OL,newsweb,GLE.PA,-1,-1,False,2023-12-14,2023-12-20,0.03888244598754666,0.035882445987546654
ripple,2023-12-13,STB.OL,newsweb,NDA-FI.HE,-1,-1,False,2023-12-14,2023-12-20,0.008246976103484776,0.005246976103484776
drift_A,2023-12-13,KIT.OL,newsweb,KIT.OL,-1,-1,False,2023-12-14,2023-12-20,0.01520591036105037,0.01220591036105037
drift_A,2023-12-13,CLOUD.OL,newsweb,CLOUD.OL,1,1,False,2023-12-14,2023-12-20,0.0017146868364536494,-0.0012853131635463507
drift_A,2023-12-14,STB.OL,newsweb,STB.OL,-1,-1,False,2023-12-15,2023-12-21,0.029502176778661057,0.026502176778661058
ripple,2023-12-14,STB.OL,newsweb,BNP.PA,-1,-1,False,2023-12-15,2023-12-21,0.027118576727069323,0.024118576727069324
ripple,2023-12-14,STB.OL,newsweb,GLE.PA,-1,-1,False,2023-12-15,2023-12-21,0.043877434611364854,0.04087743461136485
ripple,2023-12-14,STB.OL,newsweb,NDA-FI.HE,-1,-1,False,2023-12-15,2023-12-21,0.012901791617272597,0.009901791617272598
drift_A,2023-12-14,BWE.OL,newsweb,BWE.OL,1,1,False,2023-12-15,2023-12-21,-0.017978185752390574,-0.020978185752390573
ripple,2023-12-14,BWE.OL,newsweb,DNO.OL,1,1,False,2023-12-15,2023-12-21,0.00220235994784862,-0.0007976400521513801
ripple,2023-12-14,BWE.OL,newsweb,EQNR.OL,1,1,False,2023-12-15,2023-12-21,-0.04191622887465783,-0.044916228874657835
ripple,2023-12-14,BWE.OL,newsweb,TTE.PA,1,1,False,2023-12-15,2023-12-21,-0.013546754328680775,-0.016546754328680774
ripple,2023-12-14,BWE.OL,newsweb,PEN.OL,1,1,False,2023-12-15,2023-12-21,-0.022650193438710116,-0.025650193438710115
ripple,2023-12-14,BWE.OL,newsweb,AKRBP.OL,1,1,False,2023-12-15,2023-12-21,-0.03102956846725731,-0.03402956846725731
drift_A,2023-12-14,NYKD.OL,newsweb,NYKD.OL,1,1,False,2023-12-15,2023-12-21,-0.04037892582410543,-0.043378925824105435
drift_A,2023-12-14,B2I.OL,newsweb,B2I.OL,1,1,False,2023-12-15,2023-12-21,-0.008697270910229824,-0.011697270910229825
drift_A,2023-12-18,EPR.OL,newsweb,EPR.OL,1,1,False,2023-12-19,2023-12-27,0.00944596173366051,0.00644596173366051
drift_A,2023-12-21,ZAP.OL,newsweb,ZAP.OL,1,1,False,2023-12-22,2024-01-02,-0.10620103088391734,-0.10920103088391735
drift_A,2023-12-22,SALM.OL,newsweb,SALM.OL,-1,-1,False,2023-12-27,2024-01-03,-0.06433425986990077,-0.06733425986990077
ripple,2023-12-22,SALM.OL,newsweb,GSF.OL,-1,-1,False,2023-12-27,2024-01-03,-0.05210751095981759,-0.05510751095981759
ripple,2023-12-22,SALM.OL,newsweb,LSG.OL,-1,-1,False,2023-12-27,2024-01-03,-0.04129764410109305,-0.044297644101093055
ripple,2023-12-22,SALM.OL,newsweb,AUSS.OL,-1,-1,False,2023-12-27,2024-01-03,-0.06062134912917048,-0.06362134912917047
ripple,2023-12-22,SALM.OL,newsweb,MOWI.OL,-1,-1,False,2023-12-27,2024-01-03,-0.05115001098323409,-0.05415001098323409
drift_A,2023-12-22,WEST.OL,newsweb,WEST.OL,-1,-1,False,2023-12-27,2024-01-03,0.005865313064340552,0.0028653130643405515
drift_A,2023-12-27,KOA.OL,newsweb,KOA.OL,1,1,False,2023-12-28,2024-01-04,-0.041099465255907894,-0.044099465255907896
drift_A,2023-12-27,MAERSK-B.CO,gdelt,MAERSK-B.CO,-1,-1,False,2023-12-28,2024-01-04,-0.13501219100257986,-0.13801219100257986
drift_A,2023-12-27,HLAG.DE,gdelt,HLAG.DE,-1,-1,False,2023-12-28,2024-01-04,-0.20694236024181667,-0.20994236024181667
drift_A,2023-12-29,OKEA.OL,newsweb,OKEA.OL,-1,-1,False,2024-01-02,2024-01-08,0.025429275290179423,0.022429275290179424
ripple,2023-12-29,OKEA.OL,newsweb,VAR.OL,-1,-1,False,2024-01-02,2024-01-08,0.03253447235208118,0.02953447235208118
ripple,2023-12-29,OKEA.OL,newsweb,AKRBP.OL,-1,-1,False,2024-01-02,2024-01-08,0.03787791804343971,0.034877918043439704
ripple,2023-12-29,OKEA.OL,newsweb,EQNR.OL,-1,-1,False,2024-01-02,2024-01-08,0.024420347493774492,0.021420347493774493
ripple,2023-12-29,OKEA.OL,newsweb,PEN.OL,-1,-1,False,2024-01-02,2024-01-08,0.0603309720386907,0.0573309720386907
ripple,2023-12-29,OKEA.OL,newsweb,DNO.OL,-1,-1,False,2024-01-02,2024-01-08,0.045052750184870545,0.04205275018487054
drift_A,2024-01-02,SBNOR.OL,newsweb,SBNOR.OL,-1,-1,False,2024-01-03,2024-01-09,-0.029725181703093597,-0.032725181703093596
drift_A,2024-01-02,ENVIP.OL,newsweb,ENVIP.OL,1,1,False,2024-01-03,2024-01-09,0.054402047655873316,0.05140204765587331
drift_A,2024-01-03,ZAL.OL,newsweb,ZAL.OL,1,1,False,2024-01-04,2024-01-10,-0.01448384220140621,-0.01748384220140621
drift_A,2024-01-08,PRS.OL,newsweb,PRS.OL,-1,-1,False,2024-01-09,2024-01-15,0.07930547921290046,0.07630547921290046
drift_A,2024-01-08,BNOR.OL,newsweb,BNOR.OL,-1,-1,False,2024-01-09,2024-01-15,-0.019398308347232662,-0.02239830834723266
rebound,2024-01-08,BNOR.OL,newsweb,EQNR.OL,1,-1,False,2024-01-09,2024-01-15,-0.04209153746243937,-0.04509153746243937
rebound,2024-01-08,BNOR.OL,newsweb,AKRBP.OL,1,-1,False,2024-01-09,2024-01-15,-0.03913053353806449,-0.042130533538064494
rebound,2024-01-08,BNOR.OL,newsweb,VAR.OL,1,-1,False,2024-01-09,2024-01-15,-0.03628035101394215,-0.03928035101394215
rebound,2024-01-08,BNOR.OL,newsweb,OKEA.OL,1,-1,False,2024-01-09,2024-01-15,-0.03673190219647171,-0.03973190219647171
drift_A,2024-01-09,TGS.OL,newsweb,TGS.OL,-1,-1,False,2024-01-10,2024-01-16,-0.02680186103918785,-0.02980186103918785
ripple,2024-01-09,TGS.OL,newsweb,AKSO.OL,-1,-1,False,2024-01-10,2024-01-16,-0.0035053863595323224,-0.0065053863595323225
ripple,2024-01-09,TGS.OL,newsweb,VAR.OL,-1,-1,False,2024-01-10,2024-01-16,0.021361757598566757,0.018361757598566758
ripple,2024-01-09,TGS.OL,newsweb,AKRBP.OL,-1,-1,False,2024-01-10,2024-01-16,0.030630677601492514,0.027630677601492515
ripple,2024-01-09,TGS.OL,newsweb,PEN.OL,-1,-1,False,2024-01-10,2024-01-16,-0.044338344196293296,-0.0473383441962933
ripple,2024-01-09,TGS.OL,newsweb,EQNR.OL,-1,-1,False,2024-01-10,2024-01-16,0.023102675977422712,0.020102675977422713
drift_A,2024-01-12,BMW.DE,gdelt,BMW.DE,-1,-1,False,2024-01-15,2024-01-19,0.043172109043908356,0.040172109043908354
ripple,2024-01-12,BMW.DE,gdelt,SIE.DE,-1,-1,False,2024-01-15,2024-01-19,0.010631617582635623,0.007631617582635623
ripple,2024-01-12,BMW.DE,gdelt,VOLV-B.ST,-1,-1,False,2024-01-15,2024-01-19,0.02014981312782115,0.01714981312782115
ripple,2024-01-12,BMW.DE,gdelt,SKF-B.ST,-1,-1,False,2024-01-15,2024-01-19,0.009997525528434876,0.006997525528434876
rebound,2024-01-12,BMW.DE,gdelt,MBG.DE,1,-1,False,2024-01-15,2024-01-19,-0.029597908821253675,-0.03259790882125368
rebound,2024-01-12,BMW.DE,gdelt,VOW3.DE,1,-1,False,2024-01-15,2024-01-19,-0.04294161413790146,-0.04594161413790146
drift_A,2024-01-16,OKEA.OL,newsweb,OKEA.OL,-1,-1,False,2024-01-17,2024-01-23,0.061239439317949326,0.058239439317949324
ripple,2024-01-16,OKEA.OL,newsweb,AKRBP.OL,-1,-1,False,2024-01-17,2024-01-23,0.028755930950610138,0.02575593095061014
ripple,2024-01-16,OKEA.OL,newsweb,VAR.OL,-1,-1,False,2024-01-17,2024-01-23,0.047150386879219845,0.04415038687921984
ripple,2024-01-16,OKEA.OL,newsweb,EQNR.OL,-1,-1,False,2024-01-17,2024-01-23,0.03435497650669189,0.03135497650669189
ripple,2024-01-16,OKEA.OL,newsweb,ODL.OL,-1,-1,False,2024-01-17,2024-01-23,-0.0007318285942088942,-0.0037318285942088943
ripple,2024-01-16,OKEA.OL,newsweb,DNO.OL,-1,-1,False,2024-01-17,2024-01-23,0.06091652729723175,0.05791652729723175
drift_A,2024-01-18,MOWI.OL,newsweb,MOWI.OL,1,1,False,2024-01-19,2024-01-25,-0.04754400906704375,-0.05054400906704375
ripple,2024-01-18,MOWI.OL,newsweb,AUSS.OL,1,1,False,2024-01-19,2024-01-25,-0.06973234944864426,-0.07273234944864426
ripple,2024-01-18,MOWI.OL,newsweb,SALM.OL,1,1,False,2024-01-19,2024-01-25,-0.04315901750808342,-0.046159017508083426
ripple,2024-01-18,MOWI.OL,newsweb,LSG.OL,1,1,False,2024-01-19,2024-01-25,-0.09558721168117182,-0.09858721168117182
drift_A,2024-01-18,B2I.OL,newsweb,B2I.OL,1,1,False,2024-01-19,2024-01-25,-0.027065613999215383,-0.030065613999215382
drift_A,2024-01-22,PROT.OL,newsweb,PROT.OL,1,1,False,2024-01-23,2024-01-29,-0.042874245774524845,-0.04587424577452485
drift_A,2024-01-22,ATEA.OL,newsweb,ATEA.OL,1,1,False,2024-01-23,2024-01-29,0.0035509426721597554,0.0005509426721597554
drift_A,2024-01-22,BNOR.OL,newsweb,BNOR.OL,-1,-1,False,2024-01-23,2024-01-29,-0.027226798452761495,-0.030226798452761494
drift_A,2024-01-24,GJF.OL,newsweb,GJF.OL,-1,-1,False,2024-01-25,2024-01-31,0.01254047337538374,0.009540473375383739
drift_A,2024-01-25,GSF.OL,newsweb,GSF.OL,-1,-1,False,2024-01-26,2024-02-01,0.002371267026699963,-0.0006287329733000373
drift_A,2024-01-25,MOWI.OL,newsweb,MOWI.OL,-1,-1,False,2024-01-26,2024-02-01,-0.012220607194626538,-0.015220607194626538
drift_A,2024-01-25,LSG.OL,newsweb,LSG.OL,-1,-1,False,2024-01-26,2024-02-01,-0.010649488387133196,-0.013649488387133195
drift_A,2024-01-26,AGLX.OL,newsweb,AGLX.OL,1,1,False,2024-01-29,2024-02-02,0.15679428509315424,0.15379428509315424
drift_A,2024-01-26,YAR.OL,newsweb,YAR.OL,1,1,False,2024-01-29,2024-02-02,0.008313443153203134,0.005313443153203134
drift_A,2024-01-26,SCATC.OL,newsweb,SCATC.OL,1,1,False,2024-01-29,2024-02-02,0.003478879325196504,0.00047887932519650404
drift_A,2024-01-30,WAWI.OL,newsweb,WAWI.OL,1,1,False,2024-01-31,2024-02-06,0.047451329479293605,0.0444513294792936
ripple,2024-01-30,WAWI.OL,newsweb,HAFNI.OL,1,1,False,2024-01-31,2024-02-06,-0.016342089754404373,-0.019342089754404372
ripple,2024-01-30,WAWI.OL,newsweb,2020.OL,1,1,False,2024-01-31,2024-02-06,0.030776696220011564,0.027776696220011565
rebound,2024-01-30,WAWI.OL,newsweb,WWI.OL,-1,1,False,2024-01-31,2024-02-06,-0.04018546087565847,-0.04318546087565847
rebound,2024-01-30,WAWI.OL,newsweb,WWIB.OL,-1,1,False,2024-01-31,2024-02-06,-0.009159350318439778,-0.012159350318439777
rebound,2024-01-30,WAWI.OL,newsweb,SNI.OL,-1,1,False,2024-01-31,2024-02-06,-0.06243257303062305,-0.06543257303062305
drift_A,2024-01-31,DNB.OL,newsweb,DNB.OL,-1,-1,False,2024-02-01,2024-02-07,0.009065059322158071,0.006065059322158071
ripple,2024-01-31,DNB.OL,newsweb,GLE.PA,-1,-1,False,2024-02-01,2024-02-07,0.03052164384240951,0.027521643842409512
ripple,2024-01-31,DNB.OL,newsweb,BNP.PA,-1,-1,False,2024-02-01,2024-02-07,0.026684878844829472,0.023684878844829473
drift_A,2024-01-31,BRG.OL,newsweb,BRG.OL,1,1,False,2024-02-01,2024-02-07,-0.017973845728623303,-0.020973845728623302
drift_A,2024-02-01,PRS.OL,newsweb,PRS.OL,-1,-1,False,2024-02-02,2024-02-08,0.13910346591505882,0.1361034659150588
drift_A,2024-02-01,EPR.OL,newsweb,EPR.OL,-1,-1,False,2024-02-02,2024-02-08,0.033066783278123846,0.030066783278123847
drift_A,2024-02-01,SBNOR.OL,newsweb,SBNOR.OL,1,1,False,2024-02-02,2024-02-08,0.030047458531137924,0.027047458531137925
drift_A,2024-02-01,PROT.OL,newsweb,PROT.OL,1,1,False,2024-02-02,2024-02-08,0.05535948750257948,0.052359487502579474
drift_A,2024-02-02,IWS.OL,newsweb,IWS.OL,1,1,False,2024-02-05,2024-02-09,-0.006433865841637641,-0.009433865841637641
drift_A,2024-02-06,MULTI.OL,newsweb,MULTI.OL,1,1,False,2024-02-07,2024-02-13,0.039043840578137645,0.03604384057813764
drift_A,2024-02-06,NOD.OL,newsweb,NOD.OL,-1,-1,False,2024-02-07,2024-02-13,-0.20483929388823477,-0.20783929388823477
drift_A,2024-02-07,STB.OL,newsweb,STB.OL,-1,-1,False,2024-02-08,2024-02-14,0.004911250505882833,0.0019112505058828328
drift_A,2024-02-07,EQNR.OL,newsweb,EQNR.OL,-1,-1,False,2024-02-08,2024-02-14,0.027598013661217446,0.024598013661217447
ripple,2024-02-07,EQNR.OL,newsweb,AKSO.OL,-1,-1,False,2024-02-08,2024-02-14,0.1082333930399955,0.1052333930399955
ripple,2024-02-07,EQNR.OL,newsweb,AKRBP.OL,-1,-1,False,2024-02-08,2024-02-14,0.01297370123694804,0.009973701236948039
ripple,2024-02-07,EQNR.OL,newsweb,OKEA.OL,-1,-1,False,2024-02-08,2024-02-14,0.017168530471363838,0.014168530471363839
ripple,2024-02-07,EQNR.OL,newsweb,PEN.OL,-1,-1,False,2024-02-08,2024-02-14,0.01705890604105889,0.014058906041058892
ripple,2024-02-07,EQNR.OL,newsweb,DNO.OL,-1,-1,False,2024-02-08,2024-02-14,0.001879034891879126,-0.001120965108120874
drift_A,2024-02-08,NSKOG.OL,newsweb,NSKOG.OL,1,1,False,2024-02-09,2024-02-15,-0.010845338438999673,-0.013845338438999672
drift_A,2024-02-08,POL.OL,newsweb,POL.OL,-1,-1,False,2024-02-09,2024-02-15,-0.12324628858514554,-0.12624628858514553
drift_A,2024-02-08,VEI.OL,newsweb,VEI.OL,1,1,False,2024-02-09,2024-02-15,-0.06911949525075964,-0.07211949525075964
drift_A,2024-02-08,NONG.OL,newsweb,NONG.OL,-1,-1,False,2024-02-09,2024-02-15,0.007353964235730162,0.004353964235730162
ripple,2024-02-08,NONG.OL,newsweb,SOAG.OL,-1,-1,False,2024-02-09,2024-02-15,0.018941268004674248,0.01594126800467425
ripple,2024-02-08,NONG.OL,newsweb,PARB.OL,-1,-1,False,2024-02-09,2024-02-15,0.01987669078386006,0.01687669078386006
ripple,2024-02-08,NONG.OL,newsweb,MING.OL,-1,-1,False,2024-02-09,2024-02-15,-0.015350799097699472,-0.01835079909769947
drift_A,2024-02-08,AKSO.OL,newsweb,AKSO.OL,-1,-1,False,2024-02-09,2024-02-15,0.04785016478543887,0.044850164785438865
ripple,2024-02-08,AKSO.OL,newsweb,TGS.OL,-1,-1,False,2024-02-09,2024-02-15,-0.0035047028810320565,-0.0065047028810320566
ripple,2024-02-08,AKSO.OL,newsweb,SUBC.OL,-1,-1,False,2024-02-09,2024-02-15,-0.010128690553550824,-0.013128690553550825
ripple,2024-02-08,AKSO.OL,newsweb,DNO.OL,-1,-1,False,2024-02-09,2024-02-15,-0.01005843892775587,-0.01305843892775587
ripple,2024-02-08,AKSO.OL,newsweb,TTE.PA,-1,-1,False,2024-02-09,2024-02-15,0.0034520612469282723,0.00045206124692827223
drift_A,2024-02-08,ATEA.OL,newsweb,ATEA.OL,-1,-1,False,2024-02-09,2024-02-15,-0.02202246118718369,-0.025022461187183688
drift_A,2024-02-08,HAUTO.OL,newsweb,HAUTO.OL,1,1,False,2024-02-09,2024-02-15,0.06194137512475207,0.05894137512475207
ripple,2024-02-08,HAUTO.OL,newsweb,KCC.OL,1,1,False,2024-02-09,2024-02-15,-0.050238103957529624,-0.05323810395752963
ripple,2024-02-08,HAUTO.OL,newsweb,SNI.OL,1,1,False,2024-02-09,2024-02-15,-0.07490745626040528,-0.07790745626040528
ripple,2024-02-08,HAUTO.OL,newsweb,HAFNI.OL,1,1,False,2024-02-09,2024-02-15,-0.0017337948763605018,-0.004733794876360502
rebound,2024-02-08,HAUTO.OL,newsweb,WWI.OL,-1,1,False,2024-02-09,2024-02-15,0.052112706468778774,0.04911270646877877
rebound,2024-02-08,HAUTO.OL,newsweb,WWIB.OL,-1,1,False,2024-02-09,2024-02-15,0.03725785246886495,0.034257852468864945
drift_A,2024-02-08,ORK.OL,newsweb,ORK.OL,-1,-1,False,2024-02-09,2024-02-15,0.011447386930921032,0.008447386930921032
drift_A,2024-02-08,ELK.OL,newsweb,ELK.OL,-1,-1,False,2024-02-09,2024-02-15,0.04744380777088636,0.04444380777088636
drift_A,2024-02-09,YAR.OL,newsweb,YAR.OL,1,1,False,2024-02-12,2024-02-16,-0.01610593978064436,-0.01910593978064436
drift_A,2024-02-09,HELG.OL,newsweb,HELG.OL,-1,-1,False,2024-02-12,2024-02-16,0.004965025970133312,0.001965025970133312
drift_A,2024-02-09,KOG.OL,newsweb,KOG.OL,1,1,False,2024-02-12,2024-02-16,0.08200525159145246,0.07900525159145246
drift_A,2024-02-13,SATS.OL,newsweb,SATS.OL,1,1,False,2024-02-14,2024-02-20,-0.12086862090179072,-0.12386862090179072
drift_A,2024-02-13,SALME.OL,newsweb,SALME.OL,-1,-1,False,2024-02-14,2024-02-20,0.04268876260618637,0.03968876260618637
drift_A,2024-02-14,MOWI.OL,newsweb,MOWI.OL,1,1,False,2024-02-15,2024-02-21,0.01973550193422255,0.01673550193422255
ripple,2024-02-14,MOWI.OL,newsweb,LSG.OL,1,1,False,2024-02-15,2024-02-21,0.010925797669252457,0.007925797669252457
ripple,2024-02-14,MOWI.OL,newsweb,GSF.OL,1,1,False,2024-02-15,2024-02-21,0.031802871342859494,0.028802871342859495
ripple,2024-02-14,MOWI.OL,newsweb,AUSS.OL,1,1,False,2024-02-15,2024-02-21,0.01855641130561835,0.01555641130561835
ripple,2024-02-14,MOWI.OL,newsweb,SALM.OL,1,1,False,2024-02-15,2024-02-21,0.06827469619660269,0.06527469619660269
ripple,2024-02-14,MOWI.OL,newsweb,BAKKA.OL,1,1,False,2024-02-15,2024-02-21,0.0716204981869492,0.0686204981869492
drift_A,2024-02-14,WAWI.OL,newsweb,WAWI.OL,-1,-1,False,2024-02-15,2024-02-21,0.018024314541800188,0.015024314541800188
ripple,2024-02-14,WAWI.OL,newsweb,HAUTO.OL,-1,-1,False,2024-02-15,2024-02-21,0.01502464562503476,0.01202464562503476
ripple,2024-02-14,WAWI.OL,newsweb,2020.OL,-1,-1,False,2024-02-15,2024-02-21,0.024012008186297566,0.021012008186297566
ripple,2024-02-14,WAWI.OL,newsweb,HAFNI.OL,-1,-1,False,2024-02-15,2024-02-21,0.024465220690511425,0.021465220690511426
rebound,2024-02-14,WAWI.OL,newsweb,WWI.OL,1,-1,False,2024-02-15,2024-02-21,-0.021502507993564908,-0.024502507993564907
rebound,2024-02-14,WAWI.OL,newsweb,WWIB.OL,1,-1,False,2024-02-15,2024-02-21,-0.08768632057144278,-0.09068632057144278
rebound,2024-02-14,WAWI.OL,newsweb,SNI.OL,1,-1,False,2024-02-15,2024-02-21,-0.028155433228118778,-0.031155433228118777
drift_A,2024-02-14,REACH.OL,newsweb,REACH.OL,1,1,False,2024-02-15,2024-02-21,0.08177920119361434,0.07877920119361434
drift_A,2024-02-14,PEXIP.OL,newsweb,PEXIP.OL,-1,-1,False,2024-02-15,2024-02-21,-0.08629923515605407,-0.08929923515605408
drift_A,2024-02-14,KIT.OL,newsweb,KIT.OL,1,1,False,2024-02-15,2024-02-21,-0.025796088160712924,-0.028796088160712923
drift_A,2024-02-15,ELMRA.OL,newsweb,ELMRA.OL,-1,-1,False,2024-02-16,2024-02-22,-0.005172699990359438,-0.008172699990359439
drift_A,2024-02-15,ACR.OL,newsweb,ACR.OL,-1,-1,False,2024-02-16,2024-02-22,-0.013237395365580568,-0.016237395365580568
drift_A,2024-02-15,NORBT.OL,newsweb,NORBT.OL,1,1,False,2024-02-16,2024-02-22,-0.02482558080166846,-0.02782558080166846
drift_A,2024-02-15,TOM.OL,newsweb,TOM.OL,1,1,False,2024-02-16,2024-02-22,0.11468361564971308,0.11168361564971307
drift_A,2024-02-15,SOAG.OL,newsweb,SOAG.OL,-1,-1,False,2024-02-16,2024-02-22,-0.02445130183643209,-0.027451301836432088
drift_A,2024-02-15,CADLR.OL,newsweb,CADLR.OL,-1,-1,False,2024-02-16,2024-02-22,0.0662565423091362,0.0632565423091362
drift_A,2024-02-15,SALM.OL,newsweb,SALM.OL,1,1,False,2024-02-16,2024-02-22,0.051414426137899386,0.04841442613789938
drift_A,2024-02-15,BWLPG.OL,newsweb,BWLPG.OL,-1,-1,False,2024-02-16,2024-02-22,-0.06528236809960528,-0.06828236809960528
drift_A,2024-02-15,HEX.OL,newsweb,HEX.OL,-1,-1,False,2024-02-16,2024-02-22,0.05437769827839262,0.051377698278392614
drift_A,2024-02-16,AUTO.OL,newsweb,AUTO.OL,-1,-1,False,2024-02-19,2024-02-23,-0.016422945605021784,-0.019422945605021783
drift_A,2024-02-16,NAS.OL,newsweb,NAS.OL,1,1,False,2024-02-19,2024-02-23,-0.018803423251827857,-0.021803423251827856
drift_A,2024-02-16,BOUV.OL,newsweb,BOUV.OL,1,1,False,2024-02-19,2024-02-23,0.03333835824939882,0.03033835824939882
drift_A,2024-02-16,AKVA.OL,newsweb,AKVA.OL,1,1,False,2024-02-19,2024-02-23,0.15829584195765536,0.15529584195765536
drift_A,2024-02-16,HUNT.OL,newsweb,HUNT.OL,1,1,False,2024-02-19,2024-02-23,-0.09853704460583246,-0.10153704460583246
drift_A,2024-02-19,MING.OL,newsweb,MING.OL,-1,-1,False,2024-02-20,2024-02-26,0.02390144468300309,0.02090144468300309
ripple,2024-02-19,MING.OL,newsweb,ROGS.OL,-1,-1,False,2024-02-20,2024-02-26,-0.008681479893997557,-0.011681479893997558
ripple,2024-02-19,MING.OL,newsweb,DNB.OL,-1,-1,False,2024-02-20,2024-02-26,-0.003955296878885415,-0.006955296878885415
ripple,2024-02-19,MING.OL,newsweb,NONG.OL,-1,-1,False,2024-02-20,2024-02-26,0.0008188297964898767,-0.0021811702035101233
drift_A,2024-02-20,RING.OL,newsweb,RING.OL,-1,-1,False,2024-02-21,2024-02-27,-0.01984017645860095,-0.02284017645860095
drift_A,2024-02-20,BAKKA.OL,newsweb,BAKKA.OL,1,1,False,2024-02-21,2024-02-27,0.049821554533067025,0.04682155453306702
ripple,2024-02-20,BAKKA.OL,newsweb,AUSS.OL,1,1,False,2024-02-21,2024-02-27,-0.02919926691136106,-0.03219926691136106
ripple,2024-02-20,BAKKA.OL,newsweb,LSG.OL,1,1,False,2024-02-21,2024-02-27,-0.03628217163208208,-0.039282171632082086
ripple,2024-02-20,BAKKA.OL,newsweb,GSF.OL,1,1,False,2024-02-21,2024-02-27,-0.07984516237290978,-0.08284516237290979
drift_A,2024-02-20,BNOR.OL,newsweb,BNOR.OL,1,1,False,2024-02-21,2024-02-27,-0.015530966232821618,-0.01853096623282162
ripple,2024-02-20,BNOR.OL,newsweb,EQNR.OL,1,1,False,2024-02-21,2024-02-27,-0.006501840305307835,-0.009501840305307836
ripple,2024-02-20,BNOR.OL,newsweb,PEN.OL,1,1,False,2024-02-21,2024-02-27,0.0019642137171506898,-0.0010357862828493103
ripple,2024-02-20,BNOR.OL,newsweb,TTE.PA,1,1,False,2024-02-21,2024-02-27,0.013111941620806481,0.010111941620806482
ripple,2024-02-20,BNOR.OL,newsweb,AKRBP.OL,1,1,False,2024-02-21,2024-02-27,0.00022200191533022946,-0.0027779980846697706
ripple,2024-02-20,BNOR.OL,newsweb,VAR.OL,1,1,False,2024-02-21,2024-02-27,-0.012977052775331285,-0.015977052775331284
drift_A,2024-02-21,ZAP.OL,newsweb,ZAP.OL,-1,-1,False,2024-02-22,2024-02-28,0.15594843465658825,0.15294843465658825
drift_A,2024-02-22,GSF.OL,newsweb,GSF.OL,-1,-1,False,2024-02-23,2024-02-29,-0.011223377553250397,-0.014223377553250396
ripple,2024-02-22,GSF.OL,newsweb,LSG.OL,-1,-1,False,2024-02-23,2024-02-29,-0.12323346037714601,-0.126233460377146
ripple,2024-02-22,GSF.OL,newsweb,SALM.OL,-1,-1,False,2024-02-23,2024-02-29,-0.042069003551232026,-0.04506900355123203
ripple,2024-02-22,GSF.OL,newsweb,AUSS.OL,-1,-1,False,2024-02-23,2024-02-29,-0.07215486027170606,-0.07515486027170606
ripple,2024-02-22,GSF.OL,newsweb,BAKKA.OL,-1,-1,False,2024-02-23,2024-02-29,-0.015405616718719116,-0.018405616718719115
drift_A,2024-02-22,ENDUR.OL,newsweb,ENDUR.OL,-1,-1,False,2024-02-23,2024-02-29,0.0361114789103253,0.033111478910325294
drift_A,2024-02-23,ENH.OL,newsweb,ENH.OL,-1,-1,False,2024-02-26,2024-03-01,0.04053014007745767,0.03753014007745767
drift_A,2024-02-26,ASM.AS,gdelt,ASM.AS,1,1,False,2024-02-27,2024-03-04,0.004916564977469178,0.0019165649774691776
drift_A,2024-02-27,JIN.OL,newsweb,JIN.OL,-1,-1,False,2024-02-28,2024-03-05,0.03512379196532179,0.03212379196532179
drift_A,2024-02-27,WAWI.OL,newsweb,WAWI.OL,-1,-1,False,2024-02-28,2024-03-05,-0.009156039240041464,-0.012156039240041463
rebound,2024-02-27,WAWI.OL,newsweb,WWI.OL,1,-1,False,2024-02-28,2024-03-05,-0.0014291431404985936,-0.004429143140498594
rebound,2024-02-27,WAWI.OL,newsweb,SNI.OL,1,-1,False,2024-02-28,2024-03-05,0.03804742029402866,0.03504742029402866
rebound,2024-02-27,WAWI.OL,newsweb,FRO.OL,1,-1,False,2024-02-28,2024-03-05,0.0454843260801254,0.042484326080125395
drift_A,2024-02-27,MPCC.OL,newsweb,MPCC.OL,-1,-1,False,2024-02-28,2024-03-05,0.04407698240307754,0.041076982403077535
drift_A,2024-02-28,ALNG.OL,newsweb,ALNG.OL,1,1,False,2024-02-29,2024-03-06,-0.04107486243135788,-0.04407486243135788
drift_A,2024-02-28,NYKD.OL,newsweb,NYKD.OL,-1,-1,False,2024-02-29,2024-03-06,0.08957271131418844,0.08657271131418844
drift_A,2024-02-28,AUSS.OL,newsweb,AUSS.OL,1,1,False,2024-02-29,2024-03-06,0.026115291512924,0.023115291512924
ripple,2024-02-28,AUSS.OL,newsweb,GSF.OL,1,1,False,2024-02-29,2024-03-06,0.097491216929361,0.094491216929361
ripple,2024-02-28,AUSS.OL,newsweb,SALM.OL,1,1,False,2024-02-29,2024-03-06,0.056247991288847464,0.05324799128884746
ripple,2024-02-28,AUSS.OL,newsweb,SALME.OL,1,1,False,2024-02-29,2024-03-06,-0.03770727605886379,-0.04070727605886379
ripple,2024-02-28,AUSS.OL,newsweb,BAKKA.OL,1,1,False,2024-02-29,2024-03-06,0.007869692660428116,0.004869692660428116
drift_A,2024-02-28,LSG.OL,newsweb,LSG.OL,1,1,False,2024-02-29,2024-03-06,0.046811511166804834,0.04381151116680483
ripple,2024-02-28,LSG.OL,newsweb,GSF.OL,1,1,False,2024-02-29,2024-03-06,0.097491216929361,0.094491216929361
ripple,2024-02-28,LSG.OL,newsweb,SALM.OL,1,1,False,2024-02-29,2024-03-06,0.056247991288847464,0.05324799128884746
ripple,2024-02-28,LSG.OL,newsweb,MOWI.OL,1,1,False,2024-02-29,2024-03-06,0.0011690635350215031,-0.001830936464978497
ripple,2024-02-28,LSG.OL,newsweb,BAKKA.OL,1,1,False,2024-02-29,2024-03-06,0.007869692660428116,0.004869692660428116
drift_A,2024-02-29,SUBC.OL,newsweb,SUBC.OL,1,1,False,2024-03-01,2024-03-07,0.03348192757253942,0.03048192757253942
ripple,2024-02-29,SUBC.OL,newsweb,AKRBP.OL,1,1,False,2024-03-01,2024-03-07,0.01496132838520486,0.011961328385204861
ripple,2024-02-29,SUBC.OL,newsweb,EQNR.OL,1,1,False,2024-03-01,2024-03-07,0.032470420014807364,0.029470420014807364
ripple,2024-02-29,SUBC.OL,newsweb,TTE.PA,1,1,False,2024-03-01,2024-03-07,0.013710993324897466,0.010710993324897465
ripple,2024-02-29,SUBC.OL,newsweb,PEN.OL,1,1,False,2024-03-01,2024-03-07,0.02635611529791389,0.02335611529791389
ripple,2024-02-29,SUBC.OL,newsweb,ODL.OL,1,1,False,2024-03-01,2024-03-07,0.02833885620924142,0.02533885620924142
rebound,2024-02-29,SUBC.OL,newsweb,VAR.OL,-1,1,False,2024-03-01,2024-03-07,-0.05799707783659131,-0.060997077836591314
rebound,2024-02-29,SUBC.OL,newsweb,TGS.OL,-1,1,False,2024-03-01,2024-03-07,-0.05479515572303534,-0.05779515572303534
drift_A,2024-02-29,SOAG.OL,newsweb,SOAG.OL,-1,-1,False,2024-03-01,2024-03-07,-0.03077887526798072,-0.03377887526798072
drift_A,2024-02-29,CLOUD.OL,newsweb,CLOUD.OL,1,1,False,2024-03-01,2024-03-07,-0.050301032813213485,-0.05330103281321349
drift_A,2024-02-29,BWLPG.OL,newsweb,BWLPG.OL,-1,-1,False,2024-03-01,2024-03-07,0.05383596105393447,0.05083596105393447
ripple,2024-02-29,BWLPG.OL,newsweb,HAFNI.OL,-1,-1,False,2024-03-01,2024-03-07,0.018172793262252317,0.015172793262252317
ripple,2024-02-29,BWLPG.OL,newsweb,FRO.OL,-1,-1,False,2024-03-01,2024-03-07,-0.012062706440521962,-0.015062706440521961
rebound,2024-02-29,BWLPG.OL,newsweb,ALNG.OL,1,-1,False,2024-03-01,2024-03-07,-0.046339693437134,-0.049339693437134
rebound,2024-02-29,BWLPG.OL,newsweb,KCC.OL,1,-1,False,2024-03-01,2024-03-07,-0.01501414152615834,-0.01801414152615834
drift_A,2024-03-05,CRNA.OL,newsweb,CRNA.OL,1,1,False,2024-03-06,2024-03-12,-0.22352670692170823,-0.22652670692170823
drift_A,2024-03-07,ENVIP.OL,newsweb,ENVIP.OL,1,1,False,2024-03-08,2024-03-14,0.04020536109703897,0.037205361097038966
drift_A,2024-03-07,ATEA.OL,newsweb,ATEA.OL,1,1,False,2024-03-08,2024-03-14,0.0009870797970841982,-0.002012920202915802
drift_A,2024-03-12,KOA.OL,newsweb,KOA.OL,-1,-1,False,2024-03-13,2024-03-19,-0.004546772466339947,-0.007546772466339947
drift_A,2024-03-15,NONG.OL,newsweb,NONG.OL,1,1,False,2024-03-18,2024-03-22,-0.026929823969626544,-0.029929823969626543
ripple,2024-03-15,NONG.OL,newsweb,PARB.OL,1,1,False,2024-03-18,2024-03-22,0.014028841199677858,0.011028841199677859
ripple,2024-03-15,NONG.OL,newsweb,SOAG.OL,1,1,False,2024-03-18,2024-03-22,0.0647953646653601,0.06179536466536009
ripple,2024-03-15,NONG.OL,newsweb,MING.OL,1,1,False,2024-03-18,2024-03-22,-0.0041476265584593055,-0.0071476265584593055
drift_A,2024-03-20,HELG.OL,newsweb,HELG.OL,-1,-1,False,2024-03-21,2024-03-27,0.04622922798618698,0.043229227986186974
drift_A,2024-03-20,GJF.OL,newsweb,GJF.OL,-1,-1,False,2024-03-21,2024-03-27,0.019958503809835104,0.016958503809835105
drift_A,2024-03-21,RING.OL,newsweb,RING.OL,1,1,False,2024-03-22,2024-04-02,-0.005936882264180188,-0.008936882264180188
drift_A,2024-03-21,GJF.OL,newsweb,GJF.OL,1,1,False,2024-03-22,2024-04-02,-0.025990049146385998,-0.028990049146385997
drift_A,2024-03-21,SKUE.OL,newsweb,SKUE.OL,1,1,False,2024-03-22,2024-04-02,-0.0045900447006453704,-0.0075900447006453705
drift_A,2024-03-21,SBNOR.OL,newsweb,SBNOR.OL,-1,-1,False,2024-03-22,2024-04-02,-0.006267479962601699,-0.009267479962601698
drift_A,2024-03-22,NSKOG.OL,newsweb,NSKOG.OL,-1,-1,False,2024-03-25,2024-04-03,-0.0073142380074158915,-0.01031423800741589
drift_A,2024-03-22,MING.OL,newsweb,MING.OL,1,1,False,2024-03-25,2024-04-03,0.007079584012638465,0.004079584012638465
ripple,2024-03-22,MING.OL,newsweb,DNB.OL,1,1,False,2024-03-25,2024-04-03,0.010243662313783805,0.007243662313783805
ripple,2024-03-22,MING.OL,newsweb,NONG.OL,1,1,False,2024-03-25,2024-04-03,0.0048384696521591095,0.0018384696521591094
ripple,2024-03-22,MING.OL,newsweb,STB.OL,1,1,False,2024-03-25,2024-04-03,-0.018942034020270306,-0.021942034020270305
ripple,2024-03-22,MING.OL,newsweb,ROGS.OL,1,1,False,2024-03-25,2024-04-03,-0.007612138398477294,-0.010612138398477293
drift_A,2024-03-22,SPOL.OL,newsweb,SPOL.OL,1,1,False,2024-03-25,2024-04-03,0.009334142533555623,0.006334142533555623
drift_A,2024-03-22,SOAG.OL,newsweb,SOAG.OL,1,1,False,2024-03-25,2024-04-03,-0.011208547937209077,-0.014208547937209076
drift_A,2024-03-22,VEND.OL,newsweb,VEND.OL,1,1,False,2024-03-25,2024-04-03,0.018275693383634824,0.015275693383634825
drift_A,2024-03-22,HELG.OL,newsweb,HELG.OL,-1,-1,False,2024-03-25,2024-04-03,0.016311886669964165,0.013311886669964166
drift_A,2024-03-22,MPCC.OL,newsweb,MPCC.OL,-1,-1,False,2024-03-25,2024-04-03,-0.06970328267048176,-0.07270328267048176
drift_A,2024-03-26,CADLR.OL,newsweb,CADLR.OL,1,1,False,2024-03-27,2024-04-05,-0.03770194587887808,-0.040701945878878085
drift_A,2024-04-03,ORK.OL,newsweb,ORK.OL,-1,-1,False,2024-04-04,2024-04-10,-0.02180411239722967,-0.02480411239722967
drift_A,2024-04-04,MORG.OL,newsweb,MORG.OL,1,1,False,2024-04-05,2024-04-11,-0.01745434308920204,-0.020454343089202038
drift_A,2024-04-04,BAKKA.OL,newsweb,BAKKA.OL,1,1,False,2024-04-05,2024-04-11,-0.016878617723468832,-0.01987861772346883
ripple,2024-04-04,BAKKA.OL,newsweb,LSG.OL,1,1,False,2024-04-05,2024-04-11,0.02355927520315989,0.02055927520315989
ripple,2024-04-04,BAKKA.OL,newsweb,MOWI.OL,1,1,False,2024-04-05,2024-04-11,-0.004937120797805934,-0.007937120797805935
ripple,2024-04-04,BAKKA.OL,newsweb,AUSS.OL,1,1,False,2024-04-05,2024-04-11,0.0028464531405857606,-0.0001535468594142395
drift_A,2024-04-04,DNB.OL,newsweb,DNB.OL,-1,-1,False,2024-04-05,2024-04-11,-0.00127944433318337,-0.00427944433318337
ripple,2024-04-04,DNB.OL,newsweb,SEB-A.ST,-1,-1,False,2024-04-05,2024-04-11,0.006706776735138268,0.003706776735138268
ripple,2024-04-04,DNB.OL,newsweb,MING.OL,-1,-1,False,2024-04-05,2024-04-11,-0.009579355589490707,-0.012579355589490707
drift_A,2024-04-05,STB.OL,newsweb,STB.OL,1,1,False,2024-04-08,2024-04-12,-0.012771459253451942,-0.01577145925345194
ripple,2024-04-05,STB.OL,newsweb,GLE.PA,1,1,False,2024-04-08,2024-04-12,0.01855346380021558,0.015553463800215581
ripple,2024-04-05,STB.OL,newsweb,SAN.MC,1,1,False,2024-04-08,2024-04-12,-0.04155839164386939,-0.04455839164386939
ripple,2024-04-05,STB.OL,newsweb,NDA-FI.HE,1,1,False,2024-04-08,2024-04-12,-0.004158654294195369,-0.007158654294195369
drift_A,2024-04-05,PARB.OL,newsweb,PARB.OL,1,1,False,2024-04-08,2024-04-12,-0.03917780344215322,-0.042177803442153224
drift_A,2024-04-08,GSF.OL,newsweb,GSF.OL,1,1,False,2024-04-09,2024-04-15,-0.08852002524693883,-0.09152002524693884
ripple,2024-04-08,GSF.OL,newsweb,SALM.OL,1,1,False,2024-04-09,2024-04-15,-0.009224150169382737,-0.012224150169382737
ripple,2024-04-08,GSF.OL,newsweb,MOWI.OL,1,1,False,2024-04-09,2024-04-15,-0.022619151347038638,-0.025619151347038637
drift_A,2024-04-08,DNO.OL,newsweb,DNO.OL,1,1,False,2024-04-09,2024-04-15,0.04615239843471378,0.04315239843471378
ripple,2024-04-08,DNO.OL,newsweb,PEN.OL,1,1,False,2024-04-09,2024-04-15,0.014177215975696144,0.011177215975696143
ripple,2024-04-08,DNO.OL,newsweb,AKRBP.OL,1,1,False,2024-04-09,2024-04-15,0.020511220118373242,0.017511220118373243
ripple,2024-04-08,DNO.OL,newsweb,EQNR.OL,1,1,False,2024-04-09,2024-04-15,0.016006429974358815,0.013006429974358816
ripple,2024-04-08,DNO.OL,newsweb,BWE.OL,1,1,False,2024-04-09,2024-04-15,0.04561286782854636,0.042612867828546355
ripple,2024-04-08,DNO.OL,newsweb,VAR.OL,1,1,False,2024-04-09,2024-04-15,0.017149440500201937,0.014149440500201938
drift_A,2024-04-08,SALME.OL,newsweb,SALME.OL,1,1,False,2024-04-09,2024-04-15,-0.008825805947856435,-0.011825805947856434
drift_A,2024-04-09,KID.OL,newsweb,KID.OL,1,1,False,2024-04-10,2024-04-16,0.020866577122332003,0.017866577122332004
drift_A,2024-04-09,TGS.OL,newsweb,TGS.OL,1,1,False,2024-04-10,2024-04-16,0.04019884406035605,0.03719884406035605
ripple,2024-04-09,TGS.OL,newsweb,VAR.OL,1,1,False,2024-04-10,2024-04-16,0.04466660451259458,0.041666604512594574
ripple,2024-04-09,TGS.OL,newsweb,SUBC.OL,1,1,False,2024-04-10,2024-04-16,0.01798551787769625,0.01498551787769625
ripple,2024-04-09,TGS.OL,newsweb,AKSO.OL,1,1,False,2024-04-10,2024-04-16,0.027279672788490958,0.02427967278849096
drift_A,2024-04-10,PARB.OL,newsweb,PARB.OL,1,1,False,2024-04-11,2024-04-17,-0.0004804260247663981,-0.003480426024766398
drift_A,2024-04-11,KCC.OL,newsweb,KCC.OL,1,1,False,2024-04-12,2024-04-18,0.005783396371983083,0.002783396371983083
rebound,2024-04-11,KCC.OL,newsweb,SNI.OL,-1,1,False,2024-04-12,2024-04-18,-0.04911487700645395,-0.05211487700645395
rebound,2024-04-11,KCC.OL,newsweb,2020.OL,-1,1,False,2024-04-12,2024-04-18,0.06940695598285443,0.06640695598285443
rebound,2024-04-11,KCC.OL,newsweb,FRO.OL,-1,1,False,2024-04-12,2024-04-18,-0.0036297357447086023,-0.006629735744708602
rebound,2024-04-11,KCC.OL,newsweb,OET.OL,-1,1,False,2024-04-12,2024-04-18,-0.002762094428210772,-0.005762094428210772
rebound,2024-04-11,KCC.OL,newsweb,HAFNI.OL,-1,1,False,2024-04-12,2024-04-18,-0.03635552859693552,-0.03935552859693552
drift_A,2024-04-11,ROGS.OL,newsweb,ROGS.OL,1,1,False,2024-04-12,2024-04-18,-0.0421510459591434,-0.045151045959143404
drift_A,2024-04-11,TRMED.OL,newsweb,TRMED.OL,1,1,False,2024-04-12,2024-04-18,-0.06713594827761121,-0.07013594827761122
drift_A,2024-04-11,KOA.OL,newsweb,KOA.OL,1,1,False,2024-04-12,2024-04-18,-0.056568115469489234,-0.05956811546948924
drift_A,2024-04-12,NHY.OL,newsweb,NHY.OL,1,1,False,2024-04-15,2024-04-19,-0.019055265956129913,-0.022055265956129912
drift_A,2024-04-16,SKUE.OL,newsweb,SKUE.OL,1,1,True,2024-04-17,2024-04-23,0.008864358524398982,0.005864358524398982
drift_A,2024-04-17,SOAG.OL,newsweb,SOAG.OL,1,1,False,2024-04-18,2024-04-24,-0.032514223628616015,-0.03551422362861602
drift_A,2024-04-17,ORK.OL,newsweb,ORK.OL,1,1,False,2024-04-18,2024-04-24,0.0075708651257549876,0.0045708651257549875
drift_A,2024-04-17,SMOP.OL,newsweb,SMOP.OL,1,1,False,2024-04-18,2024-04-24,0.04481184819301344,0.04181184819301344
drift_A,2024-04-18,AKAST.OL,newsweb,AKAST.OL,1,1,False,2024-04-19,2024-04-25,0.07602736314068904,0.07302736314068904
drift_A,2024-04-18,ABG.OL,newsweb,ABG.OL,-1,-1,False,2024-04-19,2024-04-25,-0.036345897196322495,-0.0393458971963225
drift_A,2024-04-18,ORK.OL,newsweb,ORK.OL,-1,-1,False,2024-04-19,2024-04-25,-0.0076419719070015355,-0.010641971907001536
drift_A,2024-04-18,ELK.OL,newsweb,ELK.OL,-1,-1,False,2024-04-19,2024-04-25,0.004498317257815999,0.0014983172578159993
drift_A,2024-04-18,DOFG.OL,newsweb,DOFG.OL,1,1,False,2024-04-19,2024-04-25,-0.004920867381011213,-0.007920867381011214
drift_A,2024-04-19,ODL.OL,newsweb,ODL.OL,-1,-1,False,2024-04-22,2024-04-26,0.02193416549894824,0.01893416549894824
rebound,2024-04-19,ODL.OL,newsweb,SUBC.OL,1,-1,False,2024-04-22,2024-04-26,0.010885345023402992,0.007885345023402993
rebound,2024-04-19,ODL.OL,newsweb,PEN.OL,1,-1,False,2024-04-22,2024-04-26,-0.021262788712470185,-0.024262788712470184
rebound,2024-04-19,ODL.OL,newsweb,VAR.OL,1,-1,False,2024-04-22,2024-04-26,-0.015087166239493346,-0.018087166239493347
drift_A,2024-04-19,ORK.OL,newsweb,ORK.OL,1,1,False,2024-04-22,2024-04-26,0.029353743811381734,0.026353743811381735
drift_A,2024-04-19,NSKOG.OL,newsweb,NSKOG.OL,1,1,False,2024-04-22,2024-04-26,0.0051831587999422515,0.0021831587999422515
drift_A,2024-04-22,AKAST.OL,newsweb,AKAST.OL,1,1,False,2024-04-23,2024-04-29,-0.031882730089877784,-0.034882730089877786
drift_A,2024-04-24,STB.OL,newsweb,STB.OL,1,1,False,2024-04-25,2024-05-02,0.009052404141450662,0.006052404141450662
drift_A,2024-04-24,PEN.OL,newsweb,PEN.OL,-1,-1,False,2024-04-25,2024-05-02,-0.017867180987166206,-0.020867180987166205
ripple,2024-04-24,PEN.OL,newsweb,EQNR.OL,-1,-1,False,2024-04-25,2024-05-02,0.013894877756090836,0.010894877756090837
ripple,2024-04-24,PEN.OL,newsweb,VAR.OL,-1,-1,False,2024-04-25,2024-05-02,-0.01492619705714147,-0.01792619705714147
drift_A,2024-04-24,NOD.OL,newsweb,NOD.OL,1,1,False,2024-04-25,2024-05-02,0.03282431435777011,0.029824314357770113
drift_A,2024-04-25,SUBC.OL,newsweb,SUBC.OL,1,1,False,2024-04-26,2024-05-03,-0.013844281876581772,-0.01684428187658177
drift_A,2024-04-25,EPR.OL,newsweb,EPR.OL,-1,-1,False,2024-04-26,2024-05-03,-0.012856294783977045,-0.015856294783977046
drift_A,2024-04-25,GJF.OL,newsweb,GJF.OL,1,1,False,2024-04-26,2024-05-03,-0.007853389682474203,-0.010853389682474204
ripple,2024-04-25,GJF.OL,newsweb,SKUE.OL,1,1,False,2024-04-26,2024-05-03,-0.018535058066356778,-0.021535058066356777
ripple,2024-04-25,GJF.OL,newsweb,HELG.OL,1,1,False,2024-04-26,2024-05-03,-0.015573382089644951,-0.01857338208964495
drift_A,2024-04-25,NAS.OL,newsweb,NAS.OL,-1,-1,False,2024-04-26,2024-05-03,0.06367747564119038,0.06067747564119037
drift_A,2024-04-25,AKSO.OL,newsweb,AKSO.OL,1,1,False,2024-04-26,2024-05-03,-0.01099689827401329,-0.013996898274013288
drift_A,2024-04-25,ATEA.OL,newsweb,ATEA.OL,1,1,False,2024-04-26,2024-05-03,0.020842460862031162,0.017842460862031163
drift_A,2024-04-25,KIT.OL,newsweb,KIT.OL,-1,-1,False,2024-04-26,2024-05-03,-0.005388124475405737,-0.008388124475405736
drift_A,2024-04-25,AUTO.OL,newsweb,AUTO.OL,-1,-1,False,2024-04-26,2024-05-03,0.019895357644405996,0.016895357644405997
drift_A,2024-04-25,SBO.OL,newsweb,SBO.OL,-1,-1,False,2024-04-26,2024-05-03,-0.015309608943368637,-0.018309608943368638
drift_A,2024-04-26,YAR.OL,newsweb,YAR.OL,-1,-1,False,2024-04-29,2024-05-06,-0.011812132109210971,-0.014812132109210972
drift_A,2024-04-26,KOA.OL,newsweb,KOA.OL,1,1,False,2024-04-29,2024-05-06,0.014995474828280266,0.011995474828280266
drift_A,2024-04-30,DNB.OL,newsweb,DNB.OL,1,1,False,2024-05-02,2024-05-08,0.028387503740752988,0.02538750374075299
ripple,2024-04-30,DNB.OL,newsweb,SEB-A.ST,1,1,False,2024-05-02,2024-05-08,-0.003181349129043016,-0.006181349129043016
ripple,2024-04-30,DNB.OL,newsweb,SWED-A.ST,1,1,False,2024-05-02,2024-05-08,-0.012627394947045286,-0.015627394947045285
ripple,2024-04-30,DNB.OL,newsweb,NDA-FI.HE,1,1,False,2024-05-02,2024-05-08,0.0011072007790991836,-0.0018927992209008164
ripple,2024-04-30,DNB.OL,newsweb,SHB-A.ST,1,1,False,2024-05-02,2024-05-08,-0.018514367208491467,-0.021514367208491467
drift_A,2024-04-30,SATS.OL,newsweb,SATS.OL,-1,-1,False,2024-05-02,2024-05-08,0.016224936650027888,0.013224936650027889
drift_A,2024-04-30,SCATC.OL,newsweb,SCATC.OL,1,1,False,2024-05-02,2024-05-08,-0.033931912420626945,-0.03693191242062695
drift_A,2024-04-30,PEN.OL,newsweb,PEN.OL,1,1,False,2024-05-02,2024-05-08,0.009075116188749878,0.006075116188749878
ripple,2024-04-30,PEN.OL,newsweb,AKRBP.OL,1,1,False,2024-05-02,2024-05-08,-0.018594708902006287,-0.021594708902006286
ripple,2024-04-30,PEN.OL,newsweb,VAR.OL,1,1,False,2024-05-02,2024-05-08,-0.04120327967727949,-0.044203279677279494
ripple,2024-04-30,PEN.OL,newsweb,EQNR.OL,1,1,False,2024-05-02,2024-05-08,0.016262035450746618,0.013262035450746619
ripple,2024-04-30,PEN.OL,newsweb,TTE.PA,1,1,False,2024-05-02,2024-05-08,-0.022848126829937702,-0.0258481268299377
ripple,2024-04-30,PEN.OL,newsweb,DNO.OL,1,1,False,2024-05-02,2024-05-08,0.05757749191989779,0.05457749191989779
drift_A,2024-05-02,NAPA.OL,newsweb,NAPA.OL,-1,-1,False,2024-05-03,2024-05-10,-0.1390443884786983,-0.1420443884786983
drift_A,2024-05-03,BONHR.OL,newsweb,BONHR.OL,-1,-1,False,2024-05-06,2024-05-13,-0.030285748297022547,-0.03328574829702255
drift_A,2024-05-03,ORK.OL,newsweb,ORK.OL,1,1,False,2024-05-06,2024-05-13,0.03200158721998748,0.02900158721998748
drift_A,2024-05-06,BAKKA.OL,newsweb,BAKKA.OL,-1,-1,False,2024-05-07,2024-05-14,0.022216152935405867,0.019216152935405868
drift_A,2024-05-06,DNB.OL,newsweb,DNB.OL,1,1,False,2024-05-07,2024-05-14,-0.010337161695081979,-0.013337161695081978
drift_A,2024-05-07,ACR.OL,newsweb,ACR.OL,-1,-1,False,2024-05-08,2024-05-15,0.04611140626379451,0.043111406263794505
drift_A,2024-05-07,BNOR.OL,newsweb,BNOR.OL,-1,-1,False,2024-05-08,2024-05-15,-0.01799083785912927,-0.02099083785912927
ripple,2024-05-07,BNOR.OL,newsweb,VAR.OL,-1,-1,False,2024-05-08,2024-05-15,0.06492178630956025,0.061921786309560245
ripple,2024-05-07,BNOR.OL,newsweb,OET.OL,-1,-1,False,2024-05-08,2024-05-15,-0.012632417835374516,-0.015632417835374515
ripple,2024-05-07,BNOR.OL,newsweb,EQNR.OL,-1,-1,False,2024-05-08,2024-05-15,0.018573673598624132,0.015573673598624133
ripple,2024-05-07,BNOR.OL,newsweb,AKRBP.OL,-1,-1,False,2024-05-08,2024-05-15,0.04137806246980133,0.03837806246980133
drift_A,2024-05-07,NHY.OL,newsweb,NHY.OL,-1,-1,False,2024-05-08,2024-05-15,0.04063608389566136,0.03763608389566136
drift_A,2024-05-07,VEI.OL,newsweb,VEI.OL,-1,-1,False,2024-05-08,2024-05-15,-0.016135843694005322,-0.01913584369400532
drift_A,2024-05-07,SALME.OL,newsweb,SALME.OL,1,1,False,2024-05-08,2024-05-15,-0.08973650215060193,-0.09273650215060193
drift_A,2024-05-08,ELMRA.OL,newsweb,ELMRA.OL,-1,-1,False,2024-05-10,2024-05-16,0.038983569869405946,0.03598356986940594
drift_A,2024-05-08,NAPA.OL,newsweb,NAPA.OL,1,1,False,2024-05-10,2024-05-16,0.16162514857126756,0.15862514857126755
drift_A,2024-05-08,VAR.OL,newsweb,VAR.OL,-1,-1,False,2024-05-10,2024-05-16,0.018389840341019086,0.015389840341019086
ripple,2024-05-08,VAR.OL,newsweb,DNO.OL,-1,-1,False,2024-05-10,2024-05-16,0.02692997740780139,0.02392997740780139
ripple,2024-05-08,VAR.OL,newsweb,PEN.OL,-1,-1,False,2024-05-10,2024-05-16,-0.06451530229510088,-0.06751530229510089
rebound,2024-05-08,VAR.OL,newsweb,AKRBP.OL,1,-1,False,2024-05-10,2024-05-16,-0.046928819170209635,-0.04992881917020964
rebound,2024-05-08,VAR.OL,newsweb,SUBC.OL,1,-1,False,2024-05-10,2024-05-16,0.004773376428977457,0.001773376428977457
drift_A,2024-05-08,VEI.OL,newsweb,VEI.OL,1,1,False,2024-05-10,2024-05-16,0.022331741720557154,0.019331741720557155
drift_A,2024-05-08,TEL.OL,newsweb,TEL.OL,1,1,False,2024-05-10,2024-05-16,0.0088378532708592,0.005837853270859199
drift_A,2024-05-08,ELO.OL,newsweb,ELO.OL,1,1,False,2024-05-10,2024-05-16,-0.049866076665315465,-0.05286607666531547
drift_A,2024-05-08,DNO.OL,newsweb,DNO.OL,1,1,False,2024-05-10,2024-05-16,-0.02692997740780139,-0.02992997740780139
ripple,2024-05-08,DNO.OL,newsweb,VAR.OL,1,1,False,2024-05-10,2024-05-16,-0.018389840341019086,-0.021389840341019085
ripple,2024-05-08,DNO.OL,newsweb,AKRBP.OL,1,1,False,2024-05-10,2024-05-16,-0.046928819170209635,-0.04992881917020964
ripple,2024-05-08,DNO.OL,newsweb,OKEA.OL,1,1,False,2024-05-10,2024-05-16,-0.01610930431884518,-0.01910930431884518
ripple,2024-05-08,DNO.OL,newsweb,EQNR.OL,1,1,False,2024-05-10,2024-05-16,-0.024729055892085697,-0.027729055892085696
ripple,2024-05-08,DNO.OL,newsweb,ENI.MI,1,1,False,2024-05-09,2024-05-15,-0.0014205320642665057,-0.004420532064266506
drift_A,2024-05-08,KOA.OL,newsweb,KOA.OL,-1,-1,False,2024-05-10,2024-05-16,-0.005443832227645195,-0.008443832227645196
drift_A,2024-05-08,HEX.OL,newsweb,HEX.OL,1,1,False,2024-05-10,2024-05-16,-0.024354845527541524,-0.027354845527541524
drift_A,2024-05-15,ELO.OL,newsweb,ELO.OL,-1,-1,False,2024-05-16,2024-05-24,-0.004366518672880872,-0.007366518672880872
drift_A,2024-05-15,AFG.OL,newsweb,AFG.OL,-1,-1,False,2024-05-16,2024-05-24,0.02276302637506758,0.01976302637506758
drift_A,2024-05-15,ODL.OL,newsweb,ODL.OL,-1,-1,False,2024-05-16,2024-05-24,-0.12224727395337681,-0.12524727395337681
ripple,2024-05-15,ODL.OL,newsweb,EQNR.OL,-1,-1,False,2024-05-16,2024-05-24,0.0026846351512837055,-0.00031536484871629456
ripple,2024-05-15,ODL.OL,newsweb,AKSO.OL,-1,-1,False,2024-05-16,2024-05-24,-0.005600732150162399,-0.0086007321501624
ripple,2024-05-15,ODL.OL,newsweb,SUBC.OL,-1,-1,False,2024-05-16,2024-05-24,0.01491148204311784,0.01191148204311784
drift_A,2024-05-15,DOFG.OL,newsweb,DOFG.OL,-1,-1,False,2024-05-16,2024-05-24,0.0031254089473406084,0.00012540894734060833
drift_A,2024-05-15,B2I.OL,newsweb,B2I.OL,-1,-1,False,2024-05-16,2024-05-24,-0.007121966423754626,-0.010121966423754626
drift_A,2024-05-16,NAPA.OL,newsweb,NAPA.OL,1,1,False,2024-05-21,2024-05-27,-0.05301271588217968,-0.05601271588217968
drift_A,2024-05-16,DNO.OL,newsweb,DNO.OL,1,1,False,2024-05-21,2024-05-27,-0.01048728919478584,-0.01348728919478584
ripple,2024-05-16,DNO.OL,newsweb,AKRBP.OL,1,1,False,2024-05-21,2024-05-27,-0.022065047898430133,-0.025065047898430132
ripple,2024-05-16,DNO.OL,newsweb,ENI.MI,1,1,False,2024-05-17,2024-05-23,-0.014669834423643727,-0.017669834423643727
ripple,2024-05-16,DNO.OL,newsweb,EQNR.OL,1,1,False,2024-05-21,2024-05-27,-0.011085717636420269,-0.014085717636420268
rebound,2024-05-16,DNO.OL,newsweb,PEN.OL,-1,1,False,2024-05-21,2024-05-27,-0.03308716646005079,-0.03608716646005079
rebound,2024-05-16,DNO.OL,newsweb,VAR.OL,-1,1,False,2024-05-21,2024-05-27,-0.008727634609709874,-0.011727634609709874
drift_A,2024-05-16,SBO.OL,newsweb,SBO.OL,1,1,False,2024-05-21,2024-05-27,0.032123738284370984,0.029123738284370985
drift_A,2024-05-21,AKAST.OL,newsweb,AKAST.OL,1,1,False,2024-05-22,2024-05-28,-0.030916374809890117,-0.03391637480989012
drift_A,2024-05-21,ENH.OL,newsweb,ENH.OL,1,1,False,2024-05-22,2024-05-28,0.011593405829764265,0.008593405829764266
drift_A,2024-05-21,BWE.OL,newsweb,BWE.OL,1,1,False,2024-05-22,2024-05-28,0.02075900588443279,0.017759005884432792
drift_A,2024-05-21,PEN.OL,newsweb,PEN.OL,1,1,False,2024-05-22,2024-05-28,0.043544637439346404,0.0405446374393464
ripple,2024-05-21,PEN.OL,newsweb,OKEA.OL,1,1,False,2024-05-22,2024-05-28,-0.02271191389515695,-0.025711913895156948
ripple,2024-05-21,PEN.OL,newsweb,AKRBP.OL,1,1,False,2024-05-22,2024-05-28,-0.005416172629582704,-0.008416172629582705
ripple,2024-05-21,PEN.OL,newsweb,ENI.MI,1,1,False,2024-05-22,2024-05-28,-0.004149170417639785,-0.007149170417639785
ripple,2024-05-21,PEN.OL,newsweb,SUBC.OL,1,1,False,2024-05-22,2024-05-28,-0.01054260802029792,-0.01354260802029792
ripple,2024-05-21,PEN.OL,newsweb,DNO.OL,1,1,False,2024-05-22,2024-05-28,0.009874741588860064,0.006874741588860064
drift_A,2024-05-22,ODL.OL,newsweb,ODL.OL,1,1,False,2024-05-23,2024-05-29,0.04132942530624397,0.03832942530624397
ripple,2024-05-22,ODL.OL,newsweb,AKRBP.OL,1,1,False,2024-05-23,2024-05-29,0.004816220026440748,0.0018162200264407484
ripple,2024-05-22,ODL.OL,newsweb,SUBC.OL,1,1,False,2024-05-23,2024-05-29,0.006358815002053226,0.003358815002053226
ripple,2024-05-22,ODL.OL,newsweb,AKSO.OL,1,1,False,2024-05-23,2024-05-29,0.0336806319402466,0.0306806319402466
ripple,2024-05-22,ODL.OL,newsweb,VAR.OL,1,1,False,2024-05-23,2024-05-29,0.014214102176346837,0.011214102176346837
ripple,2024-05-22,ODL.OL,newsweb,OKEA.OL,1,1,False,2024-05-23,2024-05-29,0.010939197110359535,0.007939197110359536
drift_A,2024-05-22,ADS.OL,newsweb,ADS.OL,-1,-1,False,2024-05-23,2024-05-29,0.002212044129109001,-0.000787955870890999
drift_A,2024-05-23,CADLR.OL,newsweb,CADLR.OL,1,1,False,2024-05-24,2024-05-30,0.009089343334895963,0.006089343334895963
drift_A,2024-05-28,IWS.OL,newsweb,IWS.OL,1,1,False,2024-05-29,2024-06-04,-0.005858047238504668,-0.008858047238504668
drift_A,2024-05-28,LSG.OL,newsweb,LSG.OL,-1,-1,False,2024-05-29,2024-06-04,0.04919909697991734,0.04619909697991734
ripple,2024-05-28,LSG.OL,newsweb,GSF.OL,-1,-1,False,2024-05-29,2024-06-04,0.03566456465546054,0.03266456465546054
ripple,2024-05-28,LSG.OL,newsweb,AUSS.OL,-1,-1,False,2024-05-29,2024-06-04,0.03498630918880973,0.03198630918880973
ripple,2024-05-28,LSG.OL,newsweb,SALM.OL,-1,-1,False,2024-05-29,2024-06-04,0.04249651847821966,0.03949651847821966
ripple,2024-05-28,LSG.OL,newsweb,MOWI.OL,-1,-1,False,2024-05-29,2024-06-04,0.024133487614509088,0.02113348761450909
drift_A,2024-05-28,VEND.OL,newsweb,VEND.OL,1,1,False,2024-05-29,2024-06-04,0.10843820456519498,0.10543820456519498
drift_A,2024-05-28,CADLR.OL,newsweb,CADLR.OL,-1,-1,False,2024-05-29,2024-06-04,0.01152133676212334,0.008521336762123341
drift_A,2024-05-29,BWE.OL,newsweb,BWE.OL,1,1,False,2024-05-30,2024-06-05,-0.060806398493361356,-0.06380639849336135
ripple,2024-05-29,BWE.OL,newsweb,PEN.OL,1,1,False,2024-05-30,2024-06-05,-0.040265189815106725,-0.04326518981510673
ripple,2024-05-29,BWE.OL,newsweb,AKRBP.OL,1,1,False,2024-05-30,2024-06-05,-0.030787122501030027,-0.033787122501030026
drift_A,2024-05-29,AUSS.OL,newsweb,AUSS.OL,-1,-1,False,2024-05-30,2024-06-05,0.038563109975150965,0.03556310997515096
ripple,2024-05-29,AUSS.OL,newsweb,LSG.OL,-1,-1,False,2024-05-30,2024-06-05,0.03181184843521687,0.028811848435216874
ripple,2024-05-29,AUSS.OL,newsweb,GSF.OL,-1,-1,False,2024-05-30,2024-06-05,0.0029172195057082686,-8.278049429173142e-05
ripple,2024-05-29,AUSS.OL,newsweb,SALME.OL,-1,-1,False,2024-05-30,2024-06-05,0.01097186376613064,0.00797186376613064
ripple,2024-05-29,AUSS.OL,newsweb,BAKKA.OL,-1,-1,False,2024-05-30,2024-06-05,0.038784281595482084,0.03578428159548208
drift_A,2024-05-30,CRNA.OL,newsweb,CRNA.OL,-1,-1,False,2024-05-31,2024-06-06,0.16896205998609828,0.16596205998609828
drift_A,2024-05-30,PRS.OL,newsweb,PRS.OL,1,1,False,2024-05-31,2024-06-06,0.08179925551646154,0.07879925551646154
drift_A,2024-05-30,VEND.OL,newsweb,VEND.OL,1,1,False,2024-05-31,2024-06-06,-0.01077180003186694,-0.01377180003186694
drift_A,2024-05-30,FRO.OL,newsweb,FRO.OL,-1,-1,False,2024-05-31,2024-06-06,0.04476231463460039,0.04176231463460039
ripple,2024-05-30,FRO.OL,newsweb,BWLPG.OL,-1,-1,False,2024-05-31,2024-06-06,0.1148308639738048,0.1118308639738048
ripple,2024-05-30,FRO.OL,newsweb,HAFNI.OL,-1,-1,False,2024-05-31,2024-06-06,0.03565997184945476,0.03265997184945476
drift_A,2024-05-30,HEX.OL,newsweb,HEX.OL,1,1,False,2024-05-31,2024-06-06,0.17237684535831857,0.16937684535831857
drift_A,2024-05-30,BWLPG.OL,newsweb,BWLPG.OL,1,1,False,2024-05-31,2024-06-06,-0.1148308639738048,-0.11783086397380481
ripple,2024-05-30,BWLPG.OL,newsweb,FRO.OL,1,1,False,2024-05-31,2024-06-06,-0.04476231463460039,-0.04776231463460039
ripple,2024-05-30,BWLPG.OL,newsweb,KCC.OL,1,1,False,2024-05-31,2024-06-06,-0.04058687561754455,-0.043586875617544554
ripple,2024-05-30,BWLPG.OL,newsweb,ALNG.OL,1,1,False,2024-05-31,2024-06-06,-0.01480725764717256,-0.01780725764717256
drift_A,2024-05-31,IWS.OL,newsweb,IWS.OL,1,1,False,2024-06-03,2024-06-07,-0.04895144873133446,-0.05195144873133446
drift_A,2024-05-31,JIN.OL,newsweb,JIN.OL,1,1,False,2024-06-03,2024-06-07,-0.008279232370419852,-0.011279232370419851
drift_A,2024-06-03,REACH.OL,newsweb,REACH.OL,1,1,False,2024-06-04,2024-06-10,-0.002013302649317178,-0.005013302649317178
drift_A,2024-06-03,NAS.OL,newsweb,NAS.OL,1,1,False,2024-06-04,2024-06-10,-0.07260542423215664,-0.07560542423215665
drift_A,2024-06-06,SALM.OL,newsweb,SALM.OL,-1,-1,False,2024-06-07,2024-06-13,-0.020760714808055032,-0.02376071480805503
ripple,2024-06-06,SALM.OL,newsweb,MOWI.OL,-1,-1,False,2024-06-07,2024-06-13,-0.010573097859430735,-0.013573097859430734
ripple,2024-06-06,SALM.OL,newsweb,GSF.OL,-1,-1,False,2024-06-07,2024-06-13,-0.059655027584533685,-0.06265502758453369
ripple,2024-06-06,SALM.OL,newsweb,LSG.OL,-1,-1,False,2024-06-07,2024-06-13,-0.03219770516397845,-0.03519770516397845
ripple,2024-06-06,SALM.OL,newsweb,BAKKA.OL,-1,-1,False,2024-06-07,2024-06-13,-0.022318375403765044,-0.025318375403765043
ripple,2024-06-06,SALM.OL,newsweb,AUSS.OL,-1,-1,False,2024-06-07,2024-06-13,-0.013932688275421752,-0.016932688275421753
drift_A,2024-06-06,NAS.OL,newsweb,NAS.OL,-1,-1,False,2024-06-07,2024-06-13,-0.05908590615804257,-0.062085906158042575
drift_A,2024-06-10,STB.OL,newsweb,STB.OL,-1,-1,False,2024-06-11,2024-06-17,-0.004337367290274659,-0.007337367290274659
drift_A,2024-06-11,AFK.OL,newsweb,AFK.OL,-1,-1,True,2024-06-12,2024-06-18,0.03514619501831224,0.032146195018312236
drift_A,2024-06-11,HUNT.OL,newsweb,HUNT.OL,-1,-1,True,2024-06-12,2024-06-18,-0.0003077010341672715,-0.0033077010341672716
drift_A,2024-06-14,BINT.OL,newsweb,BINT.OL,1,1,False,2024-06-17,2024-06-21,-0.03822346386961871,-0.04122346386961871
drift_A,2024-06-20,GSF.OL,newsweb,GSF.OL,-1,-1,False,2024-06-21,2024-06-27,0.04993856112396358,0.04693856112396358
ripple,2024-06-20,GSF.OL,newsweb,LSG.OL,-1,-1,False,2024-06-21,2024-06-27,0.06836032233819982,0.06536032233819981
ripple,2024-06-20,GSF.OL,newsweb,SALM.OL,-1,-1,False,2024-06-21,2024-06-27,0.07449248556103907,0.07149248556103907
drift_A,2024-06-20,MOWI.OL,newsweb,MOWI.OL,-1,-1,False,2024-06-21,2024-06-27,0.03703498360301494,0.034034983603014934
drift_A,2024-06-20,MPCC.OL,newsweb,MPCC.OL,1,1,False,2024-06-21,2024-06-27,0.09385483598588835,0.09085483598588835
ripple,2024-06-20,MPCC.OL,newsweb,HLAG.DE,1,1,False,2024-06-21,2024-06-27,-0.012858207434571969,-0.015858207434571968
ripple,2024-06-20,MPCC.OL,newsweb,MAERSK-B.CO,1,1,False,2024-06-21,2024-06-27,0.023552100520639076,0.020552100520639077
drift_A,2024-06-21,OET.OL,newsweb,OET.OL,1,1,False,2024-06-24,2024-06-28,-0.006794969437103783,-0.009794969437103784
ripple,2024-06-21,OET.OL,newsweb,PEN.OL,1,1,False,2024-06-24,2024-06-28,0.00533184380768649,0.00233184380768649
ripple,2024-06-21,OET.OL,newsweb,BNOR.OL,1,1,False,2024-06-24,2024-06-28,-0.012574224512925156,-0.015574224512925155
drift_A,2024-06-24,REACH.OL,newsweb,REACH.OL,1,1,False,2024-06-25,2024-07-01,-0.05634669334261102,-0.05934669334261102
drift_A,2024-06-24,DOFG.OL,newsweb,DOFG.OL,1,1,False,2024-06-25,2024-07-01,0.04649928615892107,0.04349928615892107
drift_A,2024-06-27,NORBT.OL,newsweb,NORBT.OL,1,1,False,2024-06-28,2024-07-04,0.01894402702289124,0.01594402702289124
drift_A,2024-07-01,NONG.OL,newsweb,NONG.OL,1,1,False,2024-07-02,2024-07-08,-0.005136319880394057,-0.008136319880394056
drift_A,2024-07-03,DOFG.OL,newsweb,DOFG.OL,1,1,False,2024-07-04,2024-07-10,-0.030526931366302575,-0.033526931366302574
drift_A,2024-07-04,NAS.OL,newsweb,NAS.OL,-1,-1,False,2024-07-05,2024-07-11,0.01439219603992869,0.011392196039928689
drift_A,2024-07-05,ABG.OL,newsweb,ABG.OL,1,1,False,2024-07-08,2024-07-12,-0.0332742934181102,-0.036274293418110205
drift_A,2024-07-08,AFK.OL,newsweb,AFK.OL,1,1,False,2024-07-09,2024-07-15,-0.03191915125747044,-0.03491915125747044
drift_A,2024-07-08,BNOR.OL,newsweb,BNOR.OL,-1,-1,False,2024-07-09,2024-07-15,0.006570402919244895,0.003570402919244895
ripple,2024-07-08,BNOR.OL,newsweb,VAR.OL,-1,-1,False,2024-07-09,2024-07-15,0.02988394418560263,0.02688394418560263
ripple,2024-07-08,BNOR.OL,newsweb,PEN.OL,-1,-1,False,2024-07-09,2024-07-15,0.005719021250833427,0.0027190212508334272
rebound,2024-07-08,BNOR.OL,newsweb,EQNR.OL,1,-1,False,2024-07-09,2024-07-15,-0.020259707162321988,-0.023259707162321987
rebound,2024-07-08,BNOR.OL,newsweb,OKEA.OL,1,-1,False,2024-07-09,2024-07-15,-0.07196303937370027,-0.07496303937370027
rebound,2024-07-08,BNOR.OL,newsweb,AKRBP.OL,1,-1,False,2024-07-09,2024-07-15,-0.002832721392785685,-0.005832721392785685
drift_A,2024-07-10,OKEA.OL,newsweb,OKEA.OL,-1,-1,False,2024-07-11,2024-07-17,-0.04514040494383821,-0.048140404943838214
ripple,2024-07-10,OKEA.OL,newsweb,VAR.OL,-1,-1,False,2024-07-11,2024-07-17,0.04756828370835785,0.044568283708357845
ripple,2024-07-10,OKEA.OL,newsweb,DNO.OL,-1,-1,False,2024-07-11,2024-07-17,0.019584099403185565,0.016584099403185566
ripple,2024-07-10,OKEA.OL,newsweb,ENI.MI,-1,-1,False,2024-07-11,2024-07-17,0.012661024608526895,0.009661024608526896
drift_A,2024-07-10,KOG.OL,newsweb,KOG.OL,1,1,False,2024-07-11,2024-07-17,0.06579017225952088,0.06279017225952088
drift_A,2024-07-11,DNB.OL,newsweb,DNB.OL,1,1,False,2024-07-12,2024-07-18,-0.005092547628013684,-0.008092547628013685
drift_A,2024-07-11,VAR.OL,newsweb,VAR.OL,-1,-1,False,2024-07-12,2024-07-18,0.019887806228837745,0.016887806228837746
ripple,2024-07-11,VAR.OL,newsweb,AKSO.OL,-1,-1,False,2024-07-12,2024-07-18,-0.12483478903810571,-0.12783478903810572
ripple,2024-07-11,VAR.OL,newsweb,EQNR.OL,-1,-1,False,2024-07-12,2024-07-18,-0.016141668595503703,-0.019141668595503702
ripple,2024-07-11,VAR.OL,newsweb,AKRBP.OL,-1,-1,False,2024-07-12,2024-07-18,-0.0028732291202021518,-0.005873229120202152
drift_A,2024-07-11,BONHR.OL,newsweb,BONHR.OL,1,1,False,2024-07-12,2024-07-18,0.059068583859436044,0.05606858385943604
drift_A,2024-07-11,SNI.OL,newsweb,SNI.OL,-1,-1,False,2024-07-12,2024-07-18,0.0011959969985098125,-0.0018040030014901875
ripple,2024-07-11,SNI.OL,newsweb,HAUTO.OL,-1,-1,False,2024-07-12,2024-07-18,0.005237487416699995,0.0022374874166999946
ripple,2024-07-11,SNI.OL,newsweb,WAWI.OL,-1,-1,False,2024-07-12,2024-07-18,0.01482587747467563,0.01182587747467563
ripple,2024-07-11,SNI.OL,newsweb,OET.OL,-1,-1,False,2024-07-12,2024-07-18,0.011182472092468216,0.008182472092468217
drift_A,2024-07-11,BINT.OL,newsweb,BINT.OL,-1,-1,False,2024-07-12,2024-07-18,-0.16148222307210638,-0.1644822230721064
drift_A,2024-07-11,KIT.OL,newsweb,KIT.OL,1,1,False,2024-07-12,2024-07-18,-0.012419173215071962,-0.015419173215071962
ripple,2024-07-11,KIT.OL,newsweb,NYKD.OL,1,1,False,2024-07-12,2024-07-18,0.038699210415545374,0.03569921041554537
ripple,2024-07-11,KIT.OL,newsweb,EPR.OL,1,1,False,2024-07-12,2024-07-18,-0.07969558791929275,-0.08269558791929275
drift_A,2024-07-12,NSKOG.OL,newsweb,NSKOG.OL,1,1,False,2024-07-15,2024-07-19,-0.043953901392523045,-0.04695390139252305
drift_A,2024-07-12,NAS.OL,newsweb,NAS.OL,1,1,False,2024-07-15,2024-07-19,-0.00020988709498809916,-0.0032098870949880992
drift_A,2024-07-12,PROT.OL,newsweb,PROT.OL,-1,-1,False,2024-07-15,2024-07-19,0.021786062453773264,0.018786062453773265
drift_A,2024-07-12,AKSO.OL,newsweb,AKSO.OL,1,1,False,2024-07-15,2024-07-19,0.08512503912583787,0.08212503912583786
ripple,2024-07-12,AKSO.OL,newsweb,VAR.OL,1,1,False,2024-07-15,2024-07-19,-0.012980808505519477,-0.015980808505519476
ripple,2024-07-12,AKSO.OL,newsweb,SUBC.OL,1,1,False,2024-07-15,2024-07-19,0.036258539016739484,0.03325853901673948
ripple,2024-07-12,AKSO.OL,newsweb,AKRBP.OL,1,1,False,2024-07-15,2024-07-19,0.0060455030677258,0.0030455030677257995
ripple,2024-07-12,AKSO.OL,newsweb,EQNR.OL,1,1,False,2024-07-15,2024-07-19,0.007181545828812438,0.004181545828812438
ripple,2024-07-12,AKSO.OL,newsweb,OKEA.OL,1,1,False,2024-07-15,2024-07-19,0.06874788678791217,0.06574788678791217
drift_A,2024-07-12,ATEA.OL,newsweb,ATEA.OL,-1,-1,False,2024-07-15,2024-07-19,0.022132131930687166,0.019132131930687166
drift_A,2024-07-12,ELK.OL,newsweb,ELK.OL,1,1,False,2024-07-15,2024-07-19,-0.0012244670432374196,-0.00422446704323742
drift_A,2024-07-12,BINT.OL,newsweb,BINT.OL,1,1,False,2024-07-15,2024-07-19,0.06541688177579008,0.06241688177579008
drift_A,2024-07-15,ORK.OL,newsweb,ORK.OL,1,1,False,2024-07-16,2024-07-22,0.0055448132516035895,0.0025448132516035895
drift_A,2024-07-15,GJF.OL,newsweb,GJF.OL,-1,-1,False,2024-07-16,2024-07-22,0.006576221899403713,0.003576221899403713
ripple,2024-07-15,GJF.OL,newsweb,HELG.OL,-1,-1,False,2024-07-16,2024-07-22,0.00526935026785365,0.0022693502678536497
ripple,2024-07-15,GJF.OL,newsweb,SKUE.OL,-1,-1,False,2024-07-16,2024-07-22,-0.0062240603473944734,-0.009224060347394474
drift_A,2024-07-15,BMW.DE,gdelt,BMW.DE,-1,-1,False,2024-07-16,2024-07-22,-0.008270164060005945,-0.011270164060005944
ripple,2024-07-15,BMW.DE,gdelt,MBG.DE,-1,-1,False,2024-07-16,2024-07-22,0.008399701842538854,0.005399701842538854
ripple,2024-07-15,BMW.DE,gdelt,VOW3.DE,-1,-1,False,2024-07-16,2024-07-22,0.018934365244910004,0.015934365244910004
ripple,2024-07-15,BMW.DE,gdelt,BBVA.MC,-1,-1,False,2024-07-16,2024-07-22,-0.021783850986906397,-0.024783850986906397
ripple,2024-07-15,BMW.DE,gdelt,BNP.PA,-1,-1,False,2024-07-16,2024-07-22,-0.021189686823929337,-0.024189686823929336
drift_A,2024-07-17,OKEA.OL,newsweb,OKEA.OL,1,1,False,2024-07-18,2024-07-24,0.025584196783483157,0.022584196783483158
ripple,2024-07-17,OKEA.OL,newsweb,VAR.OL,1,1,False,2024-07-18,2024-07-24,-0.012221815780506556,-0.015221815780506555
ripple,2024-07-17,OKEA.OL,newsweb,PEN.OL,1,1,False,2024-07-18,2024-07-24,-0.010201659723719276,-0.013201659723719276
ripple,2024-07-17,OKEA.OL,newsweb,DNO.OL,1,1,False,2024-07-18,2024-07-24,-0.014352784015010889,-0.017352784015010888
drift_A,2024-07-17,ASM.AS,gdelt,ASM.AS,-1,-1,False,2024-07-18,2024-07-24,0.10167300298338193,0.09867300298338193
rebound,2024-07-17,ASM.AS,gdelt,ASML.AS,1,-1,False,2024-07-18,2024-07-24,-0.055475251433313146,-0.05847525143331315
rebound,2024-07-17,ASM.AS,gdelt,ATCO-A.ST,1,-1,False,2024-07-18,2024-07-24,-0.06118106602897716,-0.06418106602897716
drift_A,2024-07-19,TOM.OL,newsweb,TOM.OL,1,1,False,2024-07-22,2024-07-26,0.057856694889307024,0.05485669488930702
drift_A,2024-07-19,BINT.OL,newsweb,BINT.OL,1,1,False,2024-07-22,2024-07-26,0.08287365189608756,0.07987365189608756
drift_A,2024-07-19,YAR.OL,newsweb,YAR.OL,1,1,False,2024-07-22,2024-07-26,-0.01436079013610383,-0.01736079013610383
drift_A,2024-07-23,NHY.OL,newsweb,NHY.OL,-1,-1,False,2024-07-24,2024-07-30,0.025140814448857962,0.022140814448857963
drift_A,2024-07-25,SUBC.OL,newsweb,SUBC.OL,1,1,False,2024-07-26,2024-08-01,-0.05322517795795261,-0.056225177957952614
ripple,2024-07-25,SUBC.OL,newsweb,VAR.OL,1,1,False,2024-07-26,2024-08-01,0.009625210478609137,0.006625210478609137
ripple,2024-07-25,SUBC.OL,newsweb,TGS.OL,1,1,False,2024-07-26,2024-08-01,-0.03066087946347213,-0.03366087946347213
ripple,2024-07-25,SUBC.OL,newsweb,AKRBP.OL,1,1,False,2024-07-26,2024-08-01,-0.0065166644159727095,-0.009516664415972709
ripple,2024-07-25,SUBC.OL,newsweb,EQNR.OL,1,1,False,2024-07-26,2024-08-01,0.0013602196524684302,-0.00163978034753157
ripple,2024-07-25,SUBC.OL,newsweb,PEN.OL,1,1,False,2024-07-26,2024-08-01,-0.011687315032944092,-0.014687315032944091
drift_A,2024-08-02,ASM.AS,gdelt,ASM.AS,-1,-1,True,2024-08-05,2024-08-09,-0.10837735284181743,-0.11137735284181743
ripple,2024-08-02,ASM.AS,gdelt,ATCO-A.ST,-1,-1,True,2024-08-05,2024-08-09,-0.01095029986806528,-0.013950299868065279
ripple,2024-08-02,ASM.AS,gdelt,SAP.DE,-1,-1,True,2024-08-05,2024-08-09,-0.041346601329594494,-0.0443466013295945
drift_A,2024-08-06,HELG.OL,newsweb,HELG.OL,1,1,False,2024-08-07,2024-08-13,-0.03065874104149184,-0.033658741041491844
drift_A,2024-08-08,KOA.OL,newsweb,KOA.OL,-1,-1,False,2024-08-09,2024-08-15,0.04961170023443781,0.04661170023443781
drift_A,2024-08-08,SBO.OL,newsweb,SBO.OL,-1,-1,False,2024-08-09,2024-08-15,0.040884767642900055,0.03788476764290005
drift_A,2024-08-14,HAUTO.OL,newsweb,HAUTO.OL,1,1,False,2024-08-15,2024-08-21,-0.027348970208957983,-0.030348970208957982
rebound,2024-08-14,HAUTO.OL,newsweb,WWI.OL,-1,1,False,2024-08-15,2024-08-21,-0.010852517771595883,-0.013852517771595883
rebound,2024-08-14,HAUTO.OL,newsweb,WAWI.OL,-1,1,False,2024-08-15,2024-08-21,0.011719642274408063,0.008719642274408062
rebound,2024-08-14,HAUTO.OL,newsweb,WWIB.OL,-1,1,False,2024-08-15,2024-08-21,-0.016355834876365064,-0.019355834876365063
drift_A,2024-08-15,ACR.OL,newsweb,ACR.OL,-1,-1,False,2024-08-16,2024-08-22,-0.0969497509581276,-0.09994975095812761
drift_A,2024-08-15,ENVIP.OL,newsweb,ENVIP.OL,-1,-1,False,2024-08-16,2024-08-22,0.05884816255073651,0.055848162550736505
drift_A,2024-08-15,NORBT.OL,newsweb,NORBT.OL,1,1,False,2024-08-16,2024-08-22,0.01666426551985168,0.013664265519851681
drift_A,2024-08-15,VEI.OL,newsweb,VEI.OL,1,1,False,2024-08-16,2024-08-22,-0.008918812606663233,-0.011918812606663234
drift_A,2024-08-15,DNO.OL,newsweb,DNO.OL,1,1,False,2024-08-16,2024-08-22,0.024774307052523564,0.021774307052523565
ripple,2024-08-15,DNO.OL,newsweb,OKEA.OL,1,1,False,2024-08-16,2024-08-22,-0.04043505745072062,-0.04343505745072062
ripple,2024-08-15,DNO.OL,newsweb,TGS.OL,1,1,False,2024-08-16,2024-08-22,0.033176417074859944,0.030176417074859945
ripple,2024-08-15,DNO.OL,newsweb,PEN.OL,1,1,False,2024-08-16,2024-08-22,-0.08177317360751356,-0.08477317360751356
ripple,2024-08-15,DNO.OL,newsweb,VAR.OL,1,1,False,2024-08-16,2024-08-22,-0.012585869894248924,-0.015585869894248924
ripple,2024-08-15,DNO.OL,newsweb,AKRBP.OL,1,1,False,2024-08-16,2024-08-22,-0.01571087738152878,-0.018710877381528778
drift_A,2024-08-15,PEXIP.OL,newsweb,PEXIP.OL,1,1,False,2024-08-16,2024-08-22,0.12596717755571613,0.12296717755571612
drift_A,2024-08-15,WEST.OL,newsweb,WEST.OL,-1,-1,False,2024-08-16,2024-08-22,0.018080099366495576,0.015080099366495577
drift_A,2024-08-15,AUTO.OL,newsweb,AUTO.OL,-1,-1,False,2024-08-16,2024-08-22,-0.012193192963468187,-0.015193192963468188
drift_A,2024-08-15,SALME.OL,newsweb,SALME.OL,-1,-1,False,2024-08-16,2024-08-22,-0.012722990367744762,-0.01572299036774476
drift_A,2024-08-16,AKVA.OL,newsweb,AKVA.OL,-1,-1,False,2024-08-19,2024-08-23,0.0329509700790839,0.029950970079083903
drift_A,2024-08-20,SALM.OL,newsweb,SALM.OL,-1,-1,True,2024-08-21,2024-08-27,0.038823533112634555,0.03582353311263455
ripple,2024-08-20,SALM.OL,newsweb,LSG.OL,-1,-1,True,2024-08-21,2024-08-27,-0.03553819151871661,-0.03853819151871661
ripple,2024-08-20,SALM.OL,newsweb,BAKKA.OL,-1,-1,True,2024-08-21,2024-08-27,-0.00946099708163597,-0.01246099708163597
ripple,2024-08-20,SALM.OL,newsweb,AUSS.OL,-1,-1,True,2024-08-21,2024-08-27,-0.05369384906562794,-0.056693849065627945
drift_A,2024-08-21,GSF.OL,newsweb,GSF.OL,-1,-1,False,2024-08-22,2024-08-28,0.04860648834413683,0.04560648834413683
ripple,2024-08-21,GSF.OL,newsweb,LSG.OL,-1,-1,False,2024-08-22,2024-08-28,0.015088997410253215,0.012088997410253214
ripple,2024-08-21,GSF.OL,newsweb,AUSS.OL,-1,-1,False,2024-08-22,2024-08-28,-0.02290583061382115,-0.025905830613821148
ripple,2024-08-21,GSF.OL,newsweb,MOWI.OL,-1,-1,False,2024-08-22,2024-08-28,5.851941304970315e-05,-0.0029414805869502967
ripple,2024-08-21,GSF.OL,newsweb,SALM.OL,-1,-1,False,2024-08-22,2024-08-28,0.038490849339478474,0.03549084933947847
ripple,2024-08-21,GSF.OL,newsweb,BAKKA.OL,-1,-1,False,2024-08-22,2024-08-28,-0.0013975618845668445,-0.004397561884566845
drift_A,2024-08-21,MULTI.OL,newsweb,MULTI.OL,1,1,False,2024-08-22,2024-08-28,0.022258884862028774,0.019258884862028775
drift_A,2024-08-21,LSG.OL,newsweb,LSG.OL,1,1,False,2024-08-22,2024-08-28,-0.015088997410253215,-0.018088997410253216
ripple,2024-08-21,LSG.OL,newsweb,GSF.OL,1,1,False,2024-08-22,2024-08-28,-0.04860648834413683,-0.051606488344136836
ripple,2024-08-21,LSG.OL,newsweb,SALM.OL,1,1,False,2024-08-22,2024-08-28,-0.038490849339478474,-0.041490849339478476
ripple,2024-08-21,LSG.OL,newsweb,MOWI.OL,1,1,False,2024-08-22,2024-08-28,-5.851941304970315e-05,-0.0030585194130497034
ripple,2024-08-21,LSG.OL,newsweb,BAKKA.OL,1,1,False,2024-08-22,2024-08-28,0.0013975618845668445,-0.0016024381154331555
drift_A,2024-08-21,ZAP.OL,newsweb,ZAP.OL,1,1,False,2024-08-22,2024-08-28,-0.009510005193939644,-0.012510005193939643
drift_A,2024-08-21,CLOUD.OL,newsweb,CLOUD.OL,1,1,False,2024-08-22,2024-08-28,0.029777113900600026,0.026777113900600027
drift_A,2024-08-21,HEX.OL,newsweb,HEX.OL,-1,-1,False,2024-08-22,2024-08-28,-0.036089086700086905,-0.03908908670008691
drift_A,2024-08-22,NAPA.OL,newsweb,NAPA.OL,-1,-1,False,2024-08-23,2024-08-29,-0.10189330913786153,-0.10489330913786153
drift_A,2024-08-22,AGLX.OL,newsweb,AGLX.OL,-1,-1,False,2024-08-23,2024-08-29,-0.02410301206620047,-0.027103012066200468
drift_A,2024-08-22,PEN.OL,newsweb,PEN.OL,-1,-1,False,2024-08-23,2024-08-29,0.002025763135229867,-0.000974236864770133
ripple,2024-08-22,PEN.OL,newsweb,OKEA.OL,-1,-1,False,2024-08-23,2024-08-29,0.016847229331694594,0.013847229331694594
ripple,2024-08-22,PEN.OL,newsweb,BWE.OL,-1,-1,False,2024-08-23,2024-08-29,0.08915726155520699,0.08615726155520699
ripple,2024-08-22,PEN.OL,newsweb,VAR.OL,-1,-1,False,2024-08-23,2024-08-29,-0.03760135438020777,-0.040601354380207774
ripple,2024-08-22,PEN.OL,newsweb,AKRBP.OL,-1,-1,False,2024-08-23,2024-08-29,-0.010324089650407976,-0.013324089650407975
ripple,2024-08-22,PEN.OL,newsweb,DNO.OL,-1,-1,False,2024-08-23,2024-08-29,-0.017103552653711405,-0.020103552653711405
drift_A,2024-08-22,KID.OL,newsweb,KID.OL,1,1,False,2024-08-23,2024-08-29,0.0023297553146116676,-0.0006702446853883324
drift_A,2024-08-22,SATS.OL,newsweb,SATS.OL,1,1,False,2024-08-23,2024-08-29,0.03913049535064482,0.03613049535064482
drift_A,2024-08-23,KCC.OL,newsweb,KCC.OL,-1,-1,False,2024-08-26,2024-08-30,0.004072642971306516,0.0010726429713065156
ripple,2024-08-23,KCC.OL,newsweb,BWLPG.OL,-1,-1,False,2024-08-26,2024-08-30,0.054273321627425465,0.05127332162742546
ripple,2024-08-23,KCC.OL,newsweb,ALNG.OL,-1,-1,False,2024-08-26,2024-08-30,-0.0055848608971192735,-0.008584860897119274
ripple,2024-08-23,KCC.OL,newsweb,SNI.OL,-1,-1,False,2024-08-26,2024-08-30,-0.01449969885847683,-0.01749969885847683
ripple,2024-08-23,KCC.OL,newsweb,FRO.OL,-1,-1,False,2024-08-26,2024-08-30,-0.01530556734860689,-0.01830556734860689
rebound,2024-08-23,KCC.OL,newsweb,2020.OL,1,-1,False,2024-08-26,2024-08-30,0.00621131469193216,0.00321131469193216
rebound,2024-08-23,KCC.OL,newsweb,HSHP.OL,1,-1,False,2024-08-26,2024-08-30,0.007428879691390283,0.004428879691390283
drift_A,2024-08-23,NORCO.OL,newsweb,NORCO.OL,1,1,False,2024-08-26,2024-08-30,0.030875090871162948,0.02787509087116295
drift_A,2024-08-27,ADS.OL,newsweb,ADS.OL,-1,-1,False,2024-08-28,2024-09-03,0.006558419863213469,0.0035584198632134688
drift_A,2024-08-27,REACH.OL,newsweb,REACH.OL,-1,-1,False,2024-08-28,2024-09-03,0.10532133411894294,0.10232133411894294
drift_A,2024-08-27,BOUV.OL,newsweb,BOUV.OL,1,1,False,2024-08-28,2024-09-03,0.0855424087200245,0.0825424087200245
drift_A,2024-08-28,MPCC.OL,newsweb,MPCC.OL,-1,-1,False,2024-08-29,2024-09-04,-0.06375367666815246,-0.06675367666815246
ripple,2024-08-28,MPCC.OL,newsweb,HLAG.DE,-1,-1,False,2024-08-29,2024-09-04,-0.026292943353566665,-0.029292943353566664
ripple,2024-08-28,MPCC.OL,newsweb,MAERSK-B.CO,-1,-1,False,2024-08-29,2024-09-04,-0.010004566914674136,-0.013004566914674137
drift_A,2024-08-29,BWE.OL,newsweb,BWE.OL,-1,-1,False,2024-08-30,2024-09-05,0.06532045044440164,0.06232045044440164
ripple,2024-08-29,BWE.OL,newsweb,PEN.OL,-1,-1,False,2024-08-30,2024-09-05,0.03458956431823036,0.03158956431823036
ripple,2024-08-29,BWE.OL,newsweb,VAR.OL,-1,-1,False,2024-08-30,2024-09-05,0.04189296107790461,0.03889296107790461
drift_A,2024-08-29,SOAG.OL,newsweb,SOAG.OL,1,1,False,2024-08-30,2024-09-05,0.004570962356411292,0.0015709623564112915
ripple,2024-08-29,SOAG.OL,newsweb,MING.OL,1,1,False,2024-08-30,2024-09-05,0.014925146871056894,0.011925146871056894
ripple,2024-08-29,SOAG.OL,newsweb,SBNOR.OL,1,1,False,2024-08-30,2024-09-05,-0.01541301690413258,-0.01841301690413258
drift_A,2024-08-30,AFG.OL,newsweb,AFG.OL,-1,-1,False,2024-09-02,2024-09-06,-0.02543379401857002,-0.02843379401857002
drift_A,2024-08-30,BNOR.OL,newsweb,BNOR.OL,-1,-1,False,2024-09-02,2024-09-06,0.027566179191252843,0.024566179191252844
rebound,2024-08-30,BNOR.OL,newsweb,AKRBP.OL,1,-1,False,2024-09-02,2024-09-06,-0.039174947580221754,-0.04217494758022176
rebound,2024-08-30,BNOR.OL,newsweb,EQNR.OL,1,-1,False,2024-09-02,2024-09-06,2.7465406902821288e-05,-0.0029725345930971788
rebound,2024-08-30,BNOR.OL,newsweb,PEN.OL,1,-1,False,2024-09-02,2024-09-06,0.020232992445063838,0.01723299244506384
drift_A,2024-08-30,FRO.OL,newsweb,FRO.OL,1,1,False,2024-09-02,2024-09-06,0.003467037949010897,0.0004670379490108968
ripple,2024-08-30,FRO.OL,newsweb,KCC.OL,1,1,False,2024-09-02,2024-09-06,-0.03361059185596189,-0.03661059185596189
ripple,2024-08-30,FRO.OL,newsweb,2020.OL,1,1,False,2024-09-02,2024-09-06,0.0436525117953402,0.0406525117953402
ripple,2024-08-30,FRO.OL,newsweb,WAWI.OL,1,1,False,2024-09-02,2024-09-06,0.09832633690576811,0.09532633690576811
rebound,2024-08-30,FRO.OL,newsweb,OET.OL,-1,1,False,2024-09-02,2024-09-06,-0.036771071676753864,-0.039771071676753866
rebound,2024-08-30,FRO.OL,newsweb,HAFNI.OL,-1,1,False,2024-09-02,2024-09-06,0.009187351313934895,0.006187351313934895
rebound,2024-08-30,FRO.OL,newsweb,SNI.OL,-1,1,False,2024-09-02,2024-09-06,0.033582981857253114,0.030582981857253114
drift_A,2024-09-04,ELO.OL,newsweb,ELO.OL,1,1,False,2024-09-05,2024-09-11,0.01200805395967456,0.00900805395967456
drift_A,2024-09-05,NSKOG.OL,newsweb,NSKOG.OL,-1,-1,False,2024-09-06,2024-09-12,-0.037861714153253276,-0.04086171415325328
drift_A,2024-09-06,HAUTO.OL,newsweb,HAUTO.OL,1,1,False,2024-09-09,2024-09-13,0.06929298736102128,0.06629298736102128
rebound,2024-09-06,HAUTO.OL,newsweb,WAWI.OL,-1,1,False,2024-09-09,2024-09-13,-0.05871827393586135,-0.06171827393586135
rebound,2024-09-06,HAUTO.OL,newsweb,WWI.OL,-1,1,False,2024-09-09,2024-09-13,-0.029813489302532165,-0.03281348930253217
drift_A,2024-09-06,ENDUR.OL,newsweb,ENDUR.OL,1,1,False,2024-09-09,2024-09-13,0.011299982729123708,0.008299982729123707
drift_A,2024-09-10,BMW.DE,gdelt,BMW.DE,-1,-1,False,2024-09-11,2024-09-17,-0.037056689915654875,-0.04005668991565488
ripple,2024-09-10,BMW.DE,gdelt,VOW3.DE,-1,-1,False,2024-09-11,2024-09-17,-0.02534521300386232,-0.028345213003862318
ripple,2024-09-10,BMW.DE,gdelt,BBVA.MC,-1,-1,False,2024-09-11,2024-09-17,-0.03133326325550739,-0.034333263255507396
ripple,2024-09-10,BMW.DE,gdelt,SAN.MC,-1,-1,False,2024-09-11,2024-09-17,-0.027936961705932923,-0.030936961705932922
ripple,2024-09-10,BMW.DE,gdelt,BNP.PA,-1,-1,False,2024-09-11,2024-09-17,-0.007971941562726983,-0.010971941562726982
ripple,2024-09-10,BMW.DE,gdelt,NDA-FI.HE,-1,-1,False,2024-09-11,2024-09-17,0.011005544101372049,0.00800554410137205
drift_A,2024-09-10,DOFG.OL,newsweb,DOFG.OL,-1,-1,False,2024-09-11,2024-09-17,0.015686600150662092,0.012686600150662093
drift_A,2024-09-11,BWE.OL,newsweb,BWE.OL,1,1,False,2024-09-12,2024-09-18,-0.04203414015567888,-0.04503414015567888
ripple,2024-09-11,BWE.OL,newsweb,PEN.OL,1,1,False,2024-09-12,2024-09-18,-0.0016685253071682758,-0.004668525307168276
ripple,2024-09-11,BWE.OL,newsweb,VAR.OL,1,1,False,2024-09-12,2024-09-18,-0.021333044820883273,-0.024333044820883273
ripple,2024-09-11,BWE.OL,newsweb,AKRBP.OL,1,1,False,2024-09-12,2024-09-18,-0.020999523031221053,-0.023999523031221052
drift_A,2024-09-12,HELG.OL,newsweb,HELG.OL,-1,-1,False,2024-09-13,2024-09-19,0.018577773972884407,0.015577773972884408
ripple,2024-09-12,HELG.OL,newsweb,GJF.OL,-1,-1,False,2024-09-13,2024-09-19,0.021875355670068417,0.018875355670068417
ripple,2024-09-12,HELG.OL,newsweb,RING.OL,-1,-1,False,2024-09-13,2024-09-19,0.021733463599255258,0.01873346359925526
ripple,2024-09-12,HELG.OL,newsweb,SKUE.OL,-1,-1,False,2024-09-13,2024-09-19,0.014682068880392158,0.011682068880392159
drift_A,2024-09-17,PROT.OL,newsweb,PROT.OL,1,1,False,2024-09-18,2024-09-24,0.006469420786330143,0.0034694207863301433
drift_A,2024-09-20,HAFNI.OL,newsweb,HAFNI.OL,-1,-1,False,2024-09-23,2024-09-27,0.046456670038247085,0.04345667003824708
ripple,2024-09-20,HAFNI.OL,newsweb,WAWI.OL,-1,-1,False,2024-09-23,2024-09-27,-0.0060873697019661315,-0.009087369701966132
ripple,2024-09-20,HAFNI.OL,newsweb,SNI.OL,-1,-1,False,2024-09-23,2024-09-27,0.013325998901715668,0.010325998901715667
drift_A,2024-09-23,KIT.OL,newsweb,KIT.OL,-1,-1,False,2024-09-24,2024-09-30,0.028339561870629564,0.025339561870629565
drift_A,2024-09-23,AKRBP.OL,newsweb,AKRBP.OL,1,1,False,2024-09-24,2024-09-30,-0.022951971862291462,-0.02595197186229146
ripple,2024-09-23,AKRBP.OL,newsweb,AKSO.OL,1,1,False,2024-09-24,2024-09-30,-0.04512109860298375,-0.048121098602983754
ripple,2024-09-23,AKRBP.OL,newsweb,SUBC.OL,1,1,False,2024-09-24,2024-09-30,-0.10368497112325292,-0.10668497112325293
ripple,2024-09-23,AKRBP.OL,newsweb,TTE.PA,1,1,False,2024-09-24,2024-09-30,-0.05374326413980047,-0.05674326413980047
rebound,2024-09-23,AKRBP.OL,newsweb,EQNR.OL,-1,1,False,2024-09-24,2024-09-30,0.0074298429371848695,0.0044298429371848694
rebound,2024-09-23,AKRBP.OL,newsweb,OKEA.OL,-1,1,False,2024-09-24,2024-09-30,-0.04641003747802481,-0.04941003747802481
drift_A,2024-09-24,OKEA.OL,newsweb,OKEA.OL,1,1,False,2024-09-25,2024-10-01,0.09360430268885805,0.09060430268885805
ripple,2024-09-24,OKEA.OL,newsweb,PEN.OL,1,1,False,2024-09-25,2024-10-01,-0.015282098697860468,-0.018282098697860467
ripple,2024-09-24,OKEA.OL,newsweb,AKRBP.OL,1,1,False,2024-09-25,2024-10-01,-0.003375850244778088,-0.006375850244778088
ripple,2024-09-24,OKEA.OL,newsweb,EQNR.OL,1,1,False,2024-09-25,2024-10-01,0.0207178364182994,0.0177178364182994
ripple,2024-09-24,OKEA.OL,newsweb,SUBC.OL,1,1,False,2024-09-25,2024-10-01,-0.08425425039223888,-0.08725425039223889
ripple,2024-09-24,OKEA.OL,newsweb,VAR.OL,1,1,False,2024-09-25,2024-10-01,-0.0009113114487623256,-0.003911311448762326
drift_A,2024-09-25,SAP.DE,gdelt,SAP.DE,-1,-1,False,2024-09-26,2024-10-02,0.01306534582223547,0.01006534582223547
ripple,2024-09-25,SAP.DE,gdelt,ASML.AS,-1,-1,False,2024-09-26,2024-10-02,0.0256129006761988,0.0226129006761988
ripple,2024-09-25,SAP.DE,gdelt,ASM.AS,-1,-1,False,2024-09-26,2024-10-02,0.010743149836511612,0.007743149836511612
ripple,2024-09-25,SAP.DE,gdelt,ATCO-A.ST,-1,-1,False,2024-09-26,2024-10-02,-0.006623196967851119,-0.00962319696785112
ripple,2024-09-25,SAP.DE,gdelt,SIE.DE,-1,-1,False,2024-09-26,2024-10-02,-0.02568438431745665,-0.028684384317456648
drift_A,2024-09-26,ODL.OL,newsweb,ODL.OL,-1,-1,False,2024-09-27,2024-10-03,-0.016584330115015387,-0.019584330115015387
rebound,2024-09-26,ODL.OL,newsweb,SUBC.OL,1,-1,False,2024-09-27,2024-10-03,0.03788434559599338,0.03488434559599338
rebound,2024-09-26,ODL.OL,newsweb,AKRBP.OL,1,-1,False,2024-09-27,2024-10-03,0.07939246888482396,0.07639246888482396
rebound,2024-09-26,ODL.OL,newsweb,DOFG.OL,1,-1,False,2024-09-27,2024-10-03,0.03426230120686072,0.031262301206860715
rebound,2024-09-26,ODL.OL,newsweb,VAR.OL,1,-1,False,2024-09-27,2024-10-03,0.09187199605949695,0.08887199605949694
rebound,2024-09-26,ODL.OL,newsweb,AKSO.OL,1,-1,False,2024-09-27,2024-10-03,0.03618425917334338,0.033184259173343375
drift_A,2024-09-26,MOWI.OL,newsweb,MOWI.OL,1,1,False,2024-09-27,2024-10-03,0.0015711397219135793,-0.0014288602780864208
ripple,2024-09-26,MOWI.OL,newsweb,LSG.OL,1,1,False,2024-09-27,2024-10-03,0.036086913072888326,0.03308691307288832
ripple,2024-09-26,MOWI.OL,newsweb,AUSS.OL,1,1,False,2024-09-27,2024-10-03,0.011324286963446995,0.008324286963446996
drift_A,2024-09-26,TRMED.OL,newsweb,TRMED.OL,1,1,False,2024-09-27,2024-10-03,0.1707492630052665,0.1677492630052665
drift_A,2024-09-26,NOD.OL,newsweb,NOD.OL,-1,-1,False,2024-09-27,2024-10-03,0.11738557607436838,0.11438557607436838
ripple,2024-09-26,NOD.OL,newsweb,ATCO-A.ST,-1,-1,False,2024-09-27,2024-10-03,0.011021836040060781,0.008021836040060782
ripple,2024-09-26,NOD.OL,newsweb,ASM.AS,-1,-1,False,2024-09-27,2024-10-03,0.003051165000309627,5.116500030962704e-05
drift_A,2024-10-02,SNI.OL,newsweb,SNI.OL,-1,-1,False,2024-10-03,2024-10-09,0.020702741188999178,0.01770274118899918
ripple,2024-10-02,SNI.OL,newsweb,FRO.OL,-1,-1,False,2024-10-03,2024-10-09,-0.017753109407063105,-0.020753109407063104
ripple,2024-10-02,SNI.OL,newsweb,HAFNI.OL,-1,-1,False,2024-10-03,2024-10-09,0.011584467977945094,0.008584467977945095
ripple,2024-10-02,SNI.OL,newsweb,OET.OL,-1,-1,False,2024-10-03,2024-10-09,-0.02042928245560595,-0.023429282455605948
ripple,2024-10-02,SNI.OL,newsweb,HAUTO.OL,-1,-1,False,2024-10-03,2024-10-09,0.08795142855545626,0.08495142855545626
ripple,2024-10-02,SNI.OL,newsweb,KCC.OL,-1,-1,False,2024-10-03,2024-10-09,-0.03195333521725326,-0.034953335217253266
drift_A,2024-10-02,AKRBP.OL,newsweb,AKRBP.OL,1,1,False,2024-10-03,2024-10-09,-0.042710866342402766,-0.04571086634240277
drift_A,2024-10-03,TGS.OL,newsweb,TGS.OL,1,1,False,2024-10-04,2024-10-10,0.012881308454207662,0.009881308454207663
ripple,2024-10-03,TGS.OL,newsweb,AKSO.OL,1,1,False,2024-10-04,2024-10-10,-0.009256935890562519,-0.01225693589056252
ripple,2024-10-03,TGS.OL,newsweb,AKRBP.OL,1,1,False,2024-10-04,2024-10-10,-0.025568346120537273,-0.028568346120537273
ripple,2024-10-03,TGS.OL,newsweb,SUBC.OL,1,1,False,2024-10-04,2024-10-10,0.018665803713093794,0.015665803713093795
ripple,2024-10-03,TGS.OL,newsweb,VAR.OL,1,1,False,2024-10-04,2024-10-10,-0.027249229608302387,-0.030249229608302387
ripple,2024-10-03,TGS.OL,newsweb,OKEA.OL,1,1,False,2024-10-04,2024-10-10,-0.032351623056144946,-0.03535162305614495
drift_A,2024-10-03,BAKKA.OL,newsweb,BAKKA.OL,1,1,False,2024-10-04,2024-10-10,0.051240824539769046,0.048240824539769044
ripple,2024-10-03,BAKKA.OL,newsweb,LSG.OL,1,1,False,2024-10-04,2024-10-10,0.0363828066522282,0.033382806652228196
ripple,2024-10-03,BAKKA.OL,newsweb,GSF.OL,1,1,False,2024-10-04,2024-10-10,0.05626737169785949,0.053267371697859486
drift_A,2024-10-04,HLAG.DE,gdelt,HLAG.DE,-1,-1,False,2024-10-07,2024-10-11,0.006756256002357512,0.003756256002357512
drift_A,2024-10-04,NAS.OL,newsweb,NAS.OL,-1,-1,False,2024-10-07,2024-10-11,-0.058968449497860745,-0.06196844949786075
drift_A,2024-10-07,EQNR.OL,newsweb,EQNR.OL,-1,-1,False,2024-10-08,2024-10-14,0.009555137318551798,0.006555137318551798
ripple,2024-10-07,EQNR.OL,newsweb,VAR.OL,-1,-1,False,2024-10-08,2024-10-14,0.027389603086922586,0.024389603086922586
ripple,2024-10-07,EQNR.OL,newsweb,AKRBP.OL,-1,-1,False,2024-10-08,2024-10-14,0.03374123406070829,0.03074123406070829
ripple,2024-10-07,EQNR.OL,newsweb,TTE.PA,-1,-1,False,2024-10-08,2024-10-14,0.016164851268772096,0.013164851268772097
ripple,2024-10-07,EQNR.OL,newsweb,ENI.MI,-1,-1,False,2024-10-08,2024-10-14,0.012179304655839846,0.009179304655839847
ripple,2024-10-07,EQNR.OL,newsweb,BNOR.OL,-1,-1,False,2024-10-08,2024-10-14,0.024654175107057634,0.021654175107057635
drift_A,2024-10-08,TGS.OL,newsweb,TGS.OL,-1,-1,False,2024-10-09,2024-10-15,0.02005361846230065,0.017053618462300652
rebound,2024-10-08,TGS.OL,newsweb,AKRBP.OL,1,-1,False,2024-10-09,2024-10-15,-0.028664365576797326,-0.031664365576797325
rebound,2024-10-08,TGS.OL,newsweb,VAR.OL,1,-1,False,2024-10-09,2024-10-15,-0.015839180373397023,-0.018839180373397022
rebound,2024-10-08,TGS.OL,newsweb,SUBC.OL,1,-1,False,2024-10-09,2024-10-15,0.008724385114364578,0.005724385114364578
rebound,2024-10-08,TGS.OL,newsweb,PEN.OL,1,-1,False,2024-10-09,2024-10-15,-0.017132888069698003,-0.020132888069698002
drift_A,2024-10-09,ORK.OL,newsweb,ORK.OL,1,1,False,2024-10-10,2024-10-16,0.02072195038348621,0.017721950383486212
drift_A,2024-10-11,WEST.OL,newsweb,WEST.OL,-1,-1,False,2024-10-14,2024-10-18,0.062227082666501274,0.05922708266650127
drift_A,2024-10-14,KOG.OL,newsweb,KOG.OL,1,1,False,2024-10-15,2024-10-21,-0.0016688307663594226,-0.004668830766359423
drift_A,2024-10-14,B2I.OL,newsweb,B2I.OL,1,1,False,2024-10-15,2024-10-21,0.06984736675547917,0.06684736675547917
drift_A,2024-10-16,TEL.OL,newsweb,TEL.OL,1,1,False,2024-10-17,2024-10-23,-0.010500828030813357,-0.013500828030813358
drift_A,2024-10-17,NOKIA.HE,gdelt,NOKIA.HE,-1,-1,False,2024-10-18,2024-10-24,-0.1242170427646544,-0.1272170427646544
drift_A,2024-10-18,NSKOG.OL,newsweb,NSKOG.OL,-1,-1,False,2024-10-21,2024-10-25,0.14883478611811468,0.14583478611811468
drift_A,2024-10-18,BNOR.OL,newsweb,BNOR.OL,1,1,False,2024-10-21,2024-10-25,0.03964255063411234,0.036642550634112335
ripple,2024-10-18,BNOR.OL,newsweb,OKEA.OL,1,1,False,2024-10-21,2024-10-25,0.045603094713490805,0.0426030947134908
ripple,2024-10-18,BNOR.OL,newsweb,PEN.OL,1,1,False,2024-10-21,2024-10-25,0.0008147158237098873,-0.0021852841762901127
ripple,2024-10-18,BNOR.OL,newsweb,AKRBP.OL,1,1,False,2024-10-21,2024-10-25,0.010499855694076144,0.007499855694076144
ripple,2024-10-18,BNOR.OL,newsweb,EQNR.OL,1,1,False,2024-10-21,2024-10-25,0.06627116967511945,0.06327116967511945
ripple,2024-10-18,BNOR.OL,newsweb,VAR.OL,1,1,False,2024-10-21,2024-10-25,0.041736264295212,0.038736264295212
drift_A,2024-10-18,MEDI.OL,newsweb,MEDI.OL,-1,-1,False,2024-10-21,2024-10-25,-0.006011227700418988,-0.009011227700418987
drift_A,2024-10-22,RING.OL,newsweb,RING.OL,1,1,False,2024-10-23,2024-10-29,0.0260750336230399,0.0230750336230399
drift_A,2024-10-22,DNB.OL,newsweb,DNB.OL,1,1,False,2024-10-23,2024-10-29,-0.014802707424131058,-0.017802707424131058
drift_A,2024-10-22,SPOL.OL,newsweb,SPOL.OL,1,1,False,2024-10-23,2024-10-29,-0.00033455998592311865,-0.0033345599859231187
drift_A,2024-10-22,NONG.OL,newsweb,NONG.OL,1,1,False,2024-10-23,2024-10-29,0.007859143179380261,0.004859143179380261
drift_A,2024-10-23,STB.OL,newsweb,STB.OL,1,1,False,2024-10-24,2024-10-30,0.020388913135986505,0.017388913135986506
drift_A,2024-10-23,ATEA.OL,newsweb,ATEA.OL,1,1,False,2024-10-24,2024-10-30,-0.008647865183906,-0.011647865183905998
drift_A,2024-10-23,VEND.OL,newsweb,VEND.OL,1,1,False,2024-10-24,2024-10-30,0.060186368590988054,0.05718636859098805
drift_A,2024-10-24,AKAST.OL,newsweb,AKAST.OL,1,1,False,2024-10-25,2024-10-31,0.0014847694265436532,-0.0015152305734563469
drift_A,2024-10-24,ZAL.OL,newsweb,ZAL.OL,1,1,False,2024-10-25,2024-10-31,-0.015841843615842024,-0.018841843615842024
drift_A,2024-10-24,TGS.OL,newsweb,TGS.OL,1,1,False,2024-10-25,2024-10-31,0.027431854305116913,0.024431854305116914
ripple,2024-10-24,TGS.OL,newsweb,VAR.OL,1,1,False,2024-10-25,2024-10-31,0.02083596387952882,0.01783596387952882
ripple,2024-10-24,TGS.OL,newsweb,PEN.OL,1,1,False,2024-10-25,2024-10-31,0.014342600971203857,0.011342600971203858
ripple,2024-10-24,TGS.OL,newsweb,AKSO.OL,1,1,False,2024-10-25,2024-10-31,0.20218360680728395,0.19918360680728395
ripple,2024-10-24,TGS.OL,newsweb,BWE.OL,1,1,False,2024-10-25,2024-10-31,-0.0008682978119745159,-0.003868297811974516
drift_A,2024-10-24,PROT.OL,newsweb,PROT.OL,1,1,False,2024-10-25,2024-10-31,0.02824091374597051,0.02524091374597051
drift_A,2024-10-24,HAUTO.OL,newsweb,HAUTO.OL,-1,-1,False,2024-10-25,2024-10-31,0.04614105611762423,0.04314105611762423
rebound,2024-10-24,HAUTO.OL,newsweb,WAWI.OL,1,-1,False,2024-10-25,2024-10-31,-0.09629138143106906,-0.09929138143106907
rebound,2024-10-24,HAUTO.OL,newsweb,KCC.OL,1,-1,False,2024-10-25,2024-10-31,-0.04192895428914189,-0.04492895428914189
rebound,2024-10-24,HAUTO.OL,newsweb,WWIB.OL,1,-1,False,2024-10-25,2024-10-31,-0.061314470527478473,-0.06431447052747848
rebound,2024-10-24,HAUTO.OL,newsweb,WWI.OL,1,-1,False,2024-10-25,2024-10-31,-0.0757188988908246,-0.0787188988908246
rebound,2024-10-24,HAUTO.OL,newsweb,HSHP.OL,1,-1,False,2024-10-25,2024-10-31,-0.01313766326597618,-0.01613766326597618
drift_A,2024-10-24,EQNR.OL,newsweb,EQNR.OL,1,1,False,2024-10-25,2024-10-31,-0.025585699257131406,-0.028585699257131406
ripple,2024-10-24,EQNR.OL,newsweb,VAR.OL,1,1,False,2024-10-25,2024-10-31,0.02083596387952882,0.01783596387952882
ripple,2024-10-24,EQNR.OL,newsweb,PEN.OL,1,1,False,2024-10-25,2024-10-31,0.014342600971203857,0.011342600971203858
ripple,2024-10-24,EQNR.OL,newsweb,AKRBP.OL,1,1,False,2024-10-25,2024-10-31,0.04033321230763946,0.03733321230763946
ripple,2024-10-24,EQNR.OL,newsweb,TTE.PA,1,1,False,2024-10-25,2024-10-31,-0.028729263758860056,-0.03172926375886006
ripple,2024-10-24,EQNR.OL,newsweb,AKSO.OL,1,1,False,2024-10-25,2024-10-31,0.20218360680728395,0.19918360680728395
drift_A,2024-10-24,PARB.OL,newsweb,PARB.OL,-1,-1,False,2024-10-25,2024-10-31,0.016189212672392754,0.013189212672392755
drift_A,2024-10-24,KOG.OL,newsweb,KOG.OL,1,1,False,2024-10-25,2024-10-31,0.00865271564102479,0.0056527156410247905
drift_A,2024-10-25,YAR.OL,newsweb,YAR.OL,1,1,False,2024-10-28,2024-11-01,-0.012086873685679537,-0.015086873685679538
drift_A,2024-10-25,VEND.OL,newsweb,VEND.OL,1,1,False,2024-10-28,2024-11-01,0.066479821357361,0.063479821357361
drift_A,2024-10-25,NAS.OL,newsweb,NAS.OL,-1,-1,False,2024-10-28,2024-11-01,-0.07860586682072981,-0.08160586682072982
drift_A,2024-10-28,CRNA.OL,newsweb,CRNA.OL,-1,-1,False,2024-10-29,2024-11-04,0.07538492719727928,0.07238492719727928
drift_A,2024-10-28,PARB.OL,newsweb,PARB.OL,-1,-1,False,2024-10-29,2024-11-04,-0.021377056988064545,-0.024377056988064544
drift_A,2024-10-29,MOWI.OL,newsweb,MOWI.OL,-1,-1,False,2024-10-30,2024-11-05,-0.008389577790481762,-0.011389577790481761
ripple,2024-10-29,MOWI.OL,newsweb,BAKKA.OL,-1,-1,False,2024-10-30,2024-11-05,0.0122668956128671,0.009266895612867102
ripple,2024-10-29,MOWI.OL,newsweb,GSF.OL,-1,-1,False,2024-10-30,2024-11-05,-0.010176869363888447,-0.013176869363888448
drift_A,2024-10-29,ORK.OL,newsweb,ORK.OL,1,1,False,2024-10-30,2024-11-05,-0.005248893530629958,-0.008248893530629957
drift_A,2024-10-29,TRMED.OL,newsweb,TRMED.OL,1,1,False,2024-10-30,2024-11-05,-0.06636953170441366,-0.06936953170441366
drift_A,2024-10-30,AKAST.OL,newsweb,AKAST.OL,-1,-1,False,2024-10-31,2024-11-06,-0.06205948311447565,-0.06505948311447565
drift_A,2024-10-30,WAWI.OL,newsweb,WAWI.OL,-1,-1,False,2024-10-31,2024-11-06,0.01744379268075051,0.014443792680750512
rebound,2024-10-30,WAWI.OL,newsweb,WWIB.OL,1,-1,False,2024-10-31,2024-11-06,-0.01607435945666594,-0.01907435945666594
rebound,2024-10-30,WAWI.OL,newsweb,WWI.OL,1,-1,False,2024-10-31,2024-11-06,0.03396117240045346,0.03096117240045346
rebound,2024-10-30,WAWI.OL,newsweb,BWLPG.OL,1,-1,False,2024-10-31,2024-11-06,0.040833761273181134,0.03783376127318113
drift_A,2024-10-30,AGLX.OL,newsweb,AGLX.OL,1,1,False,2024-10-31,2024-11-06,0.004933847909285985,0.0019338479092859849
drift_A,2024-10-30,TEL.OL,newsweb,TEL.OL,1,1,False,2024-10-31,2024-11-06,-0.027460549108581124,-0.030460549108581123
drift_A,2024-10-30,BNOR.OL,newsweb,BNOR.OL,1,1,False,2024-10-31,2024-11-06,0.026189904882300573,0.023189904882300574
ripple,2024-10-30,BNOR.OL,newsweb,EQNR.OL,1,1,False,2024-10-31,2024-11-06,-0.05882543881145532,-0.06182543881145532
ripple,2024-10-30,BNOR.OL,newsweb,ENI.MI,1,1,False,2024-10-31,2024-11-06,0.0216122003177057,0.0186122003177057
rebound,2024-10-30,BNOR.OL,newsweb,PEN.OL,-1,1,False,2024-10-31,2024-11-06,-0.017778690722097232,-0.02077869072209723
rebound,2024-10-30,BNOR.OL,newsweb,DNO.OL,-1,1,False,2024-10-31,2024-11-06,-0.019119248363081445,-0.022119248363081444
rebound,2024-10-30,BNOR.OL,newsweb,VAR.OL,-1,1,False,2024-10-31,2024-11-06,0.018728952386120053,0.015728952386120054
drift_A,2024-10-30,AKRBP.OL,newsweb,AKRBP.OL,1,1,False,2024-10-31,2024-11-06,0.018062416747497406,0.015062416747497406
ripple,2024-10-30,AKRBP.OL,newsweb,EQNR.OL,1,1,False,2024-10-31,2024-11-06,-0.05882543881145532,-0.06182543881145532
ripple,2024-10-30,AKRBP.OL,newsweb,TTE.PA,1,1,False,2024-10-31,2024-11-06,0.011618447486697795,0.008618447486697794
ripple,2024-10-30,AKRBP.OL,newsweb,OKEA.OL,1,1,False,2024-10-31,2024-11-06,-0.08442830128542736,-0.08742830128542736
ripple,2024-10-30,AKRBP.OL,newsweb,ENI.MI,1,1,False,2024-10-31,2024-11-06,0.0216122003177057,0.0186122003177057
rebound,2024-10-30,AKRBP.OL,newsweb,AKSO.OL,-1,1,False,2024-10-31,2024-11-06,0.09395203934326285,0.09095203934326285
rebound,2024-10-30,AKRBP.OL,newsweb,PEN.OL,-1,1,False,2024-10-31,2024-11-06,-0.017778690722097232,-0.02077869072209723
drift_A,2024-10-30,SBNOR.OL,newsweb,SBNOR.OL,1,1,False,2024-10-31,2024-11-06,0.02042813155122984,0.017428131551229843
drift_A,2024-10-30,HEX.OL,newsweb,HEX.OL,1,1,False,2024-10-31,2024-11-06,-0.009458936424483533,-0.012458936424483532
drift_A,2024-10-31,AKSO.OL,newsweb,AKSO.OL,1,1,False,2024-11-01,2024-11-07,-0.043170365133258996,-0.046170365133259
ripple,2024-10-31,AKSO.OL,newsweb,TTE.PA,1,1,False,2024-11-01,2024-11-07,0.010105162580154424,0.007105162580154424
ripple,2024-10-31,AKSO.OL,newsweb,TGS.OL,1,1,False,2024-11-01,2024-11-07,0.028572186586328624,0.025572186586328625
ripple,2024-10-31,AKSO.OL,newsweb,VAR.OL,1,1,False,2024-11-01,2024-11-07,-0.018851210043053006,-0.021851210043053005
ripple,2024-10-31,AKSO.OL,newsweb,AKRBP.OL,1,1,False,2024-11-01,2024-11-07,-0.016292838215327052,-0.01929283821532705
ripple,2024-10-31,AKSO.OL,newsweb,PEN.OL,1,1,False,2024-11-01,2024-11-07,-0.015112640064615155,-0.018112640064615156
drift_A,2024-10-31,ACR.OL,newsweb,ACR.OL,-1,-1,False,2024-11-01,2024-11-07,0.13574338619561593,0.13274338619561593
drift_A,2024-10-31,EPR.OL,newsweb,EPR.OL,-1,-1,False,2024-11-01,2024-11-07,0.00496330474572518,0.0019633047457251803
drift_A,2024-10-31,KOA.OL,newsweb,KOA.OL,-1,-1,False,2024-11-01,2024-11-07,-0.03299747826699562,-0.03599747826699562
drift_A,2024-11-01,KID.OL,newsweb,KID.OL,-1,-1,False,2024-11-04,2024-11-08,-0.01433402349980449,-0.01733402349980449
drift_A,2024-11-01,POL.OL,newsweb,POL.OL,1,1,False,2024-11-04,2024-11-08,0.04121731490308813,0.03821731490308813
drift_A,2024-11-01,SPOL.OL,newsweb,SPOL.OL,-1,-1,False,2024-11-04,2024-11-08,0.0015951302235108124,-0.0014048697764891876
ripple,2024-11-01,SPOL.OL,newsweb,MING.OL,-1,-1,False,2024-11-04,2024-11-08,-0.023837095848176088,-0.026837095848176087
ripple,2024-11-01,SPOL.OL,newsweb,SBNOR.OL,-1,-1,False,2024-11-04,2024-11-08,-0.018557503844087445,-0.021557503844087444
drift_A,2024-11-05,LINK.OL,newsweb,LINK.OL,-1,-1,False,2024-11-06,2024-11-12,0.027728655042911474,0.024728655042911475
drift_A,2024-11-06,ODL.OL,newsweb,ODL.OL,1,1,True,2024-11-07,2024-11-13,-0.04194842843188325,-0.04494842843188325
ripple,2024-11-06,ODL.OL,newsweb,VAR.OL,1,1,True,2024-11-07,2024-11-13,-0.009789432430670469,-0.012789432430670468
ripple,2024-11-06,ODL.OL,newsweb,AKRBP.OL,1,1,True,2024-11-07,2024-11-13,-0.013621837593898702,-0.0166218375938987
ripple,2024-11-06,ODL.OL,newsweb,DOFG.OL,1,1,True,2024-11-07,2024-11-13,-0.018203102105189453,-0.021203102105189452
drift_A,2024-11-06,AKAST.OL,newsweb,AKAST.OL,1,1,True,2024-11-07,2024-11-13,-0.06379451601691317,-0.06679451601691318
drift_A,2024-11-06,MOWI.OL,newsweb,MOWI.OL,1,1,True,2024-11-07,2024-11-13,-0.0024228344077049163,-0.005422834407704916
ripple,2024-11-06,MOWI.OL,newsweb,SALM.OL,1,1,True,2024-11-07,2024-11-13,0.02407544506945237,0.02107544506945237
ripple,2024-11-06,MOWI.OL,newsweb,GSF.OL,1,1,True,2024-11-07,2024-11-13,-0.03329086152113488,-0.036290861521134886
ripple,2024-11-06,MOWI.OL,newsweb,BAKKA.OL,1,1,True,2024-11-07,2024-11-13,0.010954897558373599,0.0079548975583736
ripple,2024-11-06,MOWI.OL,newsweb,LSG.OL,1,1,True,2024-11-07,2024-11-13,0.004289373879056415,0.0012893738790564152
drift_A,2024-11-06,SUBC.OL,newsweb,SUBC.OL,1,1,True,2024-11-07,2024-11-13,0.010872225422123448,0.007872225422123447
ripple,2024-11-06,SUBC.OL,newsweb,EQNR.OL,1,1,True,2024-11-07,2024-11-13,0.007900058158875756,0.004900058158875756
ripple,2024-11-06,SUBC.OL,newsweb,VAR.OL,1,1,True,2024-11-07,2024-11-13,-0.009789432430670469,-0.012789432430670468
ripple,2024-11-06,SUBC.OL,newsweb,AKRBP.OL,1,1,True,2024-11-07,2024-11-13,-0.013621837593898702,-0.0166218375938987
ripple,2024-11-06,SUBC.OL,newsweb,DOFG.OL,1,1,True,2024-11-07,2024-11-13,-0.018203102105189453,-0.021203102105189452
ripple,2024-11-06,SUBC.OL,newsweb,PEN.OL,1,1,True,2024-11-07,2024-11-13,0.023533477022988834,0.020533477022988834
drift_A,2024-11-07,ELMRA.OL,newsweb,ELMRA.OL,1,1,False,2024-11-08,2024-11-14,0.03618960633729532,0.03318960633729532
drift_A,2024-11-07,POL.OL,newsweb,POL.OL,1,1,False,2024-11-08,2024-11-14,-0.049643089366240935,-0.05264308936624094
drift_A,2024-11-07,SKUE.OL,newsweb,SKUE.OL,1,1,False,2024-11-08,2024-11-14,-0.0031116615883842085,-0.0061116615883842085
ripple,2024-11-07,SKUE.OL,newsweb,GJF.OL,1,1,False,2024-11-08,2024-11-14,-0.027266421754229102,-0.0302664217542291
ripple,2024-11-07,SKUE.OL,newsweb,HELG.OL,1,1,False,2024-11-08,2024-11-14,0.024932111570294537,0.021932111570294538
drift_A,2024-11-07,VEI.OL,newsweb,VEI.OL,1,1,False,2024-11-08,2024-11-14,0.0307131666515423,0.0277131666515423
drift_A,2024-11-07,PEXIP.OL,newsweb,PEXIP.OL,-1,-1,False,2024-11-08,2024-11-14,-0.05750805441324684,-0.060508054413246845
drift_A,2024-11-07,SALME.OL,newsweb,SALME.OL,1,1,False,2024-11-08,2024-11-14,-0.0025502373147309534,-0.0055502373147309535
drift_A,2024-11-07,HEX.OL,newsweb,HEX.OL,1,1,False,2024-11-08,2024-11-14,-0.033336820780120895,-0.0363368207801209
drift_A,2024-11-08,OET.OL,newsweb,OET.OL,-1,-1,False,2024-11-11,2024-11-15,0.02512760960791878,0.02212760960791878
ripple,2024-11-08,OET.OL,newsweb,FRO.OL,-1,-1,False,2024-11-11,2024-11-15,-0.03250213847245315,-0.035502138472453156
ripple,2024-11-08,OET.OL,newsweb,BWLPG.OL,-1,-1,False,2024-11-11,2024-11-15,-0.034100809757920375,-0.03710080975792038
ripple,2024-11-08,OET.OL,newsweb,SNI.OL,-1,-1,False,2024-11-11,2024-11-15,-0.027671901843956327,-0.030671901843956326
drift_A,2024-11-11,HUNT.OL,newsweb,HUNT.OL,-1,-1,False,2024-11-12,2024-11-18,-0.27130895806757876,-0.27430895806757877
drift_A,2024-11-12,KID.OL,newsweb,KID.OL,-1,-1,False,2024-11-13,2024-11-19,0.039607003479083434,0.03660700347908343
drift_A,2024-11-13,ADS.OL,newsweb,ADS.OL,-1,-1,False,2024-11-14,2024-11-20,0.009328356133412498,0.0063283561334124975
drift_A,2024-11-13,2020.OL,newsweb,2020.OL,1,1,False,2024-11-14,2024-11-20,-0.019496549128967568,-0.022496549128967567
ripple,2024-11-13,2020.OL,newsweb,HSHP.OL,1,1,False,2024-11-14,2024-11-20,-0.032880734067531364,-0.03588073406753137
ripple,2024-11-13,2020.OL,newsweb,HAUTO.OL,1,1,False,2024-11-14,2024-11-20,0.11852112298506007,0.11552112298506007
rebound,2024-11-13,2020.OL,newsweb,FRO.OL,-1,1,False,2024-11-14,2024-11-20,-0.03016227330259244,-0.03316227330259244
rebound,2024-11-13,2020.OL,newsweb,OET.OL,-1,1,False,2024-11-14,2024-11-20,-0.004089678179423678,-0.0070896781794236785
drift_A,2024-11-13,KOG.OL,newsweb,KOG.OL,1,1,False,2024-11-14,2024-11-20,-0.007278036723450734,-0.010278036723450734
drift_A,2024-11-13,ENH.OL,newsweb,ENH.OL,1,1,False,2024-11-14,2024-11-20,0.016843441787983693,0.013843441787983694
drift_A,2024-11-13,ZAP.OL,newsweb,ZAP.OL,-1,-1,False,2024-11-14,2024-11-20,0.023306051251741088,0.02030605125174109
drift_A,2024-11-14,ALNG.OL,newsweb,ALNG.OL,-1,-1,False,2024-11-15,2024-11-21,0.15914544405921152,0.15614544405921152
ripple,2024-11-14,ALNG.OL,newsweb,BWLPG.OL,-1,-1,False,2024-11-15,2024-11-21,-0.004560227875389138,-0.007560227875389138
ripple,2024-11-14,ALNG.OL,newsweb,KCC.OL,-1,-1,False,2024-11-15,2024-11-21,0.0007987723911096756,-0.0022012276088903245
drift_A,2024-11-14,PRS.OL,newsweb,PRS.OL,-1,-1,False,2024-11-15,2024-11-21,0.5094151349024025,0.5064151349024025
drift_A,2024-11-14,NORBT.OL,newsweb,NORBT.OL,-1,-1,False,2024-11-15,2024-11-21,-0.06903701791654702,-0.07203701791654703
drift_A,2024-11-14,MEDI.OL,newsweb,MEDI.OL,-1,-1,False,2024-11-15,2024-11-21,-0.05883749589247739,-0.06183749589247739
drift_A,2024-11-14,AUSS.OL,newsweb,AUSS.OL,-1,-1,False,2024-11-15,2024-11-21,-0.027131711067050934,-0.030131711067050933
ripple,2024-11-14,AUSS.OL,newsweb,GSF.OL,-1,-1,False,2024-11-15,2024-11-21,0.00566588265006947,0.00266588265006947
ripple,2024-11-14,AUSS.OL,newsweb,SALM.OL,-1,-1,False,2024-11-15,2024-11-21,-0.05119352661943189,-0.054193526619431893
drift_A,2024-11-14,VAR.OL,newsweb,VAR.OL,1,1,False,2024-11-15,2024-11-21,0.07867160125982929,0.07567160125982929
rebound,2024-11-14,VAR.OL,newsweb,EQNR.OL,-1,1,False,2024-11-15,2024-11-21,-0.08816369701590807,-0.09116369701590807
rebound,2024-11-14,VAR.OL,newsweb,OKEA.OL,-1,1,False,2024-11-15,2024-11-21,-0.04054444599947523,-0.04354444599947523
rebound,2024-11-14,VAR.OL,newsweb,BNOR.OL,-1,1,False,2024-11-15,2024-11-21,-0.061224132256452596,-0.0642241322564526
rebound,2024-11-14,VAR.OL,newsweb,ENI.MI,-1,1,False,2024-11-15,2024-11-21,-0.011942123697540004,-0.014942123697540003
rebound,2024-11-14,VAR.OL,newsweb,TTE.PA,-1,1,False,2024-11-15,2024-11-21,-0.006309819687674785,-0.009309819687674786
drift_A,2024-11-14,LSG.OL,newsweb,LSG.OL,-1,-1,False,2024-11-15,2024-11-21,-0.03715739697551826,-0.04015739697551826
ripple,2024-11-14,LSG.OL,newsweb,GSF.OL,-1,-1,False,2024-11-15,2024-11-21,0.00566588265006947,0.00266588265006947
ripple,2024-11-14,LSG.OL,newsweb,SALM.OL,-1,-1,False,2024-11-15,2024-11-21,-0.05119352661943189,-0.054193526619431893
drift_A,2024-11-15,BWE.OL,newsweb,BWE.OL,1,1,False,2024-11-18,2024-11-22,-0.10726679463137445,-0.11026679463137445
drift_A,2024-11-15,AUSS.OL,newsweb,AUSS.OL,1,1,False,2024-11-18,2024-11-22,0.01479839798157834,0.011798397981578342
rebound,2024-11-15,AUSS.OL,newsweb,LSG.OL,-1,1,False,2024-11-18,2024-11-22,-0.014027090501372637,-0.017027090501372636
rebound,2024-11-15,AUSS.OL,newsweb,SALM.OL,-1,1,False,2024-11-18,2024-11-22,-0.06298211259894239,-0.06598211259894239
rebound,2024-11-15,AUSS.OL,newsweb,MOWI.OL,-1,1,False,2024-11-18,2024-11-22,-0.03125953986555329,-0.034259539865553294
drift_A,2024-11-15,GJF.OL,newsweb,GJF.OL,1,1,False,2024-11-18,2024-11-22,-0.003922648044035584,-0.006922648044035584
drift_A,2024-11-19,TRMED.OL,newsweb,TRMED.OL,1,1,False,2024-11-20,2024-11-26,0.27532954719360037,0.27232954719360036
drift_A,2024-11-20,MEDI.OL,newsweb,MEDI.OL,1,1,False,2024-11-21,2024-11-27,0.10210148404561291,0.0991014840456129
drift_A,2024-11-21,ENVIP.OL,newsweb,ENVIP.OL,-1,-1,False,2024-11-22,2024-11-28,-0.047569685008887384,-0.05056968500888739
drift_A,2024-11-22,SOFF.OL,newsweb,SOFF.OL,1,1,False,2024-11-25,2024-11-29,0.02868136749227801,0.02568136749227801
drift_A,2024-11-22,BINT.OL,newsweb,BINT.OL,1,1,False,2024-11-25,2024-11-29,-0.19448571734646336,-0.19748571734646336
drift_A,2024-11-22,TRMED.OL,newsweb,TRMED.OL,1,1,False,2024-11-25,2024-11-29,-0.1794272205445341,-0.1824272205445341
drift_A,2024-11-26,ACR.OL,newsweb,ACR.OL,-1,-1,False,2024-11-27,2024-12-03,-0.09237129217242837,-0.09537129217242837
drift_A,2024-11-26,NSKOG.OL,newsweb,NSKOG.OL,-1,-1,False,2024-11-27,2024-12-03,0.019996615624948044,0.016996615624948044
drift_A,2024-11-27,FRO.OL,newsweb,FRO.OL,-1,-1,False,2024-11-28,2024-12-04,0.05422047422770687,0.05122047422770687
ripple,2024-11-27,FRO.OL,newsweb,HAFNI.OL,-1,-1,False,2024-11-28,2024-12-04,-0.0034802861466851596,-0.00648028614668516
ripple,2024-11-27,FRO.OL,newsweb,OET.OL,-1,-1,False,2024-11-28,2024-12-04,0.014230807463592789,0.011230807463592788
ripple,2024-11-27,FRO.OL,newsweb,KCC.OL,-1,-1,False,2024-11-28,2024-12-04,0.029920527819987407,0.026920527819987407
rebound,2024-11-27,FRO.OL,newsweb,HUNT.OL,1,-1,False,2024-11-28,2024-12-04,-0.2828316648797415,-0.2858316648797415
rebound,2024-11-27,FRO.OL,newsweb,BWLPG.OL,1,-1,False,2024-11-28,2024-12-04,-0.07811423714228963,-0.08111423714228963
drift_A,2024-11-29,MORG.OL,newsweb,MORG.OL,-1,-1,False,2024-12-02,2024-12-06,-0.025753798525275325,-0.028753798525275324
drift_A,2024-12-02,TTE.PA,gdelt,TTE.PA,-1,-1,False,2024-12-03,2024-12-09,-0.003944643006979045,-0.006944643006979045
ripple,2024-12-02,TTE.PA,gdelt,EQNR.OL,-1,-1,False,2024-12-03,2024-12-09,0.021704312708800556,0.018704312708800557
ripple,2024-12-02,TTE.PA,gdelt,DNO.OL,-1,-1,False,2024-12-03,2024-12-09,0.028481846060323057,0.025481846060323058
ripple,2024-12-02,TTE.PA,gdelt,ENI.MI,-1,-1,False,2024-12-03,2024-12-09,0.004222054269513051,0.001222054269513051
ripple,2024-12-02,TTE.PA,gdelt,PEN.OL,-1,-1,False,2024-12-03,2024-12-09,-0.0035599157164622926,-0.006559915716462293
ripple,2024-12-02,TTE.PA,gdelt,VAR.OL,-1,-1,False,2024-12-03,2024-12-09,0.029232869197678753,0.026232869197678754
drift_A,2024-12-06,HELG.OL,newsweb,HELG.OL,1,1,False,2024-12-09,2024-12-13,0.004054268439451107,0.0010542684394511071
ripple,2024-12-06,HELG.OL,newsweb,SKUE.OL,1,1,False,2024-12-09,2024-12-13,0.043779246417144105,0.0407792464171441
ripple,2024-12-06,HELG.OL,newsweb,RING.OL,1,1,False,2024-12-09,2024-12-13,0.007995040416605006,0.004995040416605006
drift_A,2024-12-06,DNB.OL,newsweb,DNB.OL,-1,-1,False,2024-12-09,2024-12-13,-0.017826967366287833,-0.02082696736628783
drift_A,2024-12-06,CLOUD.OL,newsweb,CLOUD.OL,1,1,False,2024-12-09,2024-12-13,0.022961627572793637,0.019961627572793638
drift_A,2024-12-12,HAUTO.OL,newsweb,HAUTO.OL,-1,-1,False,2024-12-13,2024-12-19,-0.02679104643951217,-0.029791046439512168
ripple,2024-12-12,HAUTO.OL,newsweb,SNI.OL,-1,-1,False,2024-12-13,2024-12-19,0.03163203746418053,0.02863203746418053
ripple,2024-12-12,HAUTO.OL,newsweb,BWLPG.OL,-1,-1,False,2024-12-13,2024-12-19,0.025900945868234958,0.02290094586823496
drift_A,2024-12-12,TRMED.OL,newsweb,TRMED.OL,-1,-1,False,2024-12-13,2024-12-19,0.06571982434851889,0.06271982434851889
drift_A,2024-12-13,ACR.OL,newsweb,ACR.OL,1,1,False,2024-12-16,2024-12-20,0.031820792514987054,0.028820792514987054
drift_A,2024-12-16,WAWI.OL,newsweb,WAWI.OL,-1,-1,False,2024-12-17,2024-12-23,0.0017688905053920604,-0.0012311094946079397
ripple,2024-12-16,WAWI.OL,newsweb,HAUTO.OL,-1,-1,False,2024-12-17,2024-12-23,-0.05440051540796592,-0.057400515407965924
ripple,2024-12-16,WAWI.OL,newsweb,WWIB.OL,-1,-1,False,2024-12-17,2024-12-23,-0.03984238836106666,-0.042842388361066665
ripple,2024-12-16,WAWI.OL,newsweb,MPCC.OL,-1,-1,False,2024-12-17,2024-12-23,-0.028647506540833163,-0.03164750654083316
ripple,2024-12-16,WAWI.OL,newsweb,WWI.OL,-1,-1,False,2024-12-17,2024-12-23,-0.019076468459549228,-0.022076468459549227
ripple,2024-12-16,WAWI.OL,newsweb,KCC.OL,-1,-1,False,2024-12-17,2024-12-23,-0.038998976272726235,-0.04199897627272624
drift_A,2024-12-17,LSG.OL,newsweb,LSG.OL,-1,-1,True,2024-12-18,2024-12-27,-0.0026683017574562866,-0.005668301757456287
rebound,2024-12-17,LSG.OL,newsweb,GSF.OL,1,-1,True,2024-12-18,2024-12-27,0.014203682658545182,0.011203682658545183
rebound,2024-12-17,LSG.OL,newsweb,SALM.OL,1,-1,True,2024-12-18,2024-12-27,-0.04154287637955564,-0.044542876379555646
rebound,2024-12-17,LSG.OL,newsweb,AUSS.OL,1,-1,True,2024-12-18,2024-12-27,0.0005633456828121417,-0.0024366543171878583
rebound,2024-12-17,LSG.OL,newsweb,BAKKA.OL,1,-1,True,2024-12-18,2024-12-27,-0.021049476114901784,-0.024049476114901783
rebound,2024-12-17,LSG.OL,newsweb,MOWI.OL,1,-1,True,2024-12-18,2024-12-27,-0.026202773453554304,-0.029202773453554303
drift_A,2024-12-18,ELK.OL,newsweb,ELK.OL,-1,-1,False,2024-12-19,2024-12-30,0.00973710999202165,0.0067371099920216495
drift_A,2024-12-19,VEND.OL,newsweb,VEND.OL,-1,-1,False,2024-12-20,2025-01-02,0.025445151879990354,0.022445151879990355
drift_A,2024-12-23,ENDUR.OL,newsweb,ENDUR.OL,1,1,False,2024-12-27,2025-01-06,-0.06015955807064228,-0.06315955807064227
drift_A,2024-12-23,KOA.OL,newsweb,KOA.OL,1,1,False,2024-12-27,2025-01-06,-0.18488602931483772,-0.18788602931483772
drift_A,2024-12-30,HAVI.OL,newsweb,HAVI.OL,-1,-1,False,2025-01-02,2025-01-08,0.16178999630679994,0.15878999630679994
drift_A,2025-01-09,KID.OL,newsweb,KID.OL,1,1,False,2025-01-10,2025-01-16,0.015874770699582062,0.012874770699582063
drift_A,2025-01-15,KCC.OL,newsweb,KCC.OL,-1,-1,False,2025-01-16,2025-01-22,0.04573171067310203,0.042731710673102025
ripple,2025-01-15,KCC.OL,newsweb,ALNG.OL,-1,-1,False,2025-01-16,2025-01-22,0.10004110464232413,0.09704110464232413
ripple,2025-01-15,KCC.OL,newsweb,FRO.OL,-1,-1,False,2025-01-16,2025-01-22,0.12342352310041327,0.12042352310041327
rebound,2025-01-15,KCC.OL,newsweb,2020.OL,1,-1,False,2025-01-16,2025-01-22,-0.08775874972103602,-0.09075874972103602
rebound,2025-01-15,KCC.OL,newsweb,HSHP.OL,1,-1,False,2025-01-16,2025-01-22,-0.05397001299306632,-0.056970012993066324
rebound,2025-01-15,KCC.OL,newsweb,WAWI.OL,1,-1,False,2025-01-16,2025-01-22,-0.03752582419905886,-0.04052582419905886
drift_A,2025-01-16,MOWI.OL,newsweb,MOWI.OL,1,1,False,2025-01-17,2025-01-23,0.02659253081524958,0.02359253081524958
ripple,2025-01-16,MOWI.OL,newsweb,GSF.OL,1,1,False,2025-01-17,2025-01-23,0.014324530102739399,0.0113245301027394
ripple,2025-01-16,MOWI.OL,newsweb,BAKKA.OL,1,1,False,2025-01-17,2025-01-23,0.012346905124667991,0.00934690512466799
drift_A,2025-01-17,ENDUR.OL,newsweb,ENDUR.OL,1,1,False,2025-01-20,2025-01-24,0.004592182757827406,0.001592182757827406
drift_A,2025-01-21,PROT.OL,newsweb,PROT.OL,1,1,False,2025-01-22,2025-01-28,0.03169371154843685,0.02869371154843685
drift_A,2025-01-22,MULTI.OL,newsweb,MULTI.OL,1,1,False,2025-01-23,2025-01-29,-0.002853443887142932,-0.005853443887142932
drift_A,2025-01-22,KIT.OL,newsweb,KIT.OL,1,1,False,2025-01-23,2025-01-29,-0.022920723105659083,-0.025920723105659082
drift_A,2025-01-22,BWLPG.OL,newsweb,BWLPG.OL,-1,-1,False,2025-01-23,2025-01-29,0.01805306962608838,0.015053069626088381
rebound,2025-01-22,BWLPG.OL,newsweb,KCC.OL,1,-1,False,2025-01-23,2025-01-29,-0.028683406784850173,-0.031683406784850175
rebound,2025-01-22,BWLPG.OL,newsweb,2020.OL,1,-1,False,2025-01-23,2025-01-29,0.008303964465711418,0.005303964465711418
rebound,2025-01-22,BWLPG.OL,newsweb,HSHP.OL,1,-1,False,2025-01-23,2025-01-29,-0.06953093075714646,-0.07253093075714646
rebound,2025-01-22,BWLPG.OL,newsweb,MPCC.OL,1,-1,False,2025-01-23,2025-01-29,-0.03345601323689895,-0.036456013236898954
drift_A,2025-01-22,HAVI.OL,newsweb,HAVI.OL,-1,-1,False,2025-01-23,2025-01-29,0.005843176857735218,0.002843176857735218
drift_A,2025-01-22,ZAP.OL,newsweb,ZAP.OL,1,1,False,2025-01-23,2025-01-29,0.030211867391410865,0.027211867391410866
drift_A,2025-01-23,ELK.OL,newsweb,ELK.OL,1,1,False,2025-01-24,2025-01-30,0.12037685657544415,0.11737685657544415
drift_A,2025-01-23,NONG.OL,newsweb,NONG.OL,-1,-1,False,2025-01-24,2025-01-30,-0.017751485342815124,-0.020751485342815124
rebound,2025-01-23,NONG.OL,newsweb,SPOL.OL,1,-1,False,2025-01-24,2025-01-30,0.029245712953592823,0.026245712953592824
rebound,2025-01-23,NONG.OL,newsweb,SBNOR.OL,1,-1,False,2025-01-24,2025-01-30,0.026086055158361716,0.023086055158361717
drift_A,2025-01-24,ERIC-B.ST,gdelt,ERIC-B.ST,-1,-1,False,2025-01-27,2025-01-31,0.0054764665856053656,0.0024764665856053655
drift_A,2025-01-24,PARB.OL,newsweb,PARB.OL,-1,-1,False,2025-01-27,2025-01-31,-0.04589407596775494,-0.04889407596775494
drift_A,2025-01-24,GJF.OL,newsweb,GJF.OL,1,1,False,2025-01-27,2025-01-31,0.010498705777732448,0.007498705777732448
drift_A,2025-01-24,ROGS.OL,newsweb,ROGS.OL,1,1,False,2025-01-27,2025-01-31,0.008826254394576231,0.005826254394576231
drift_A,2025-01-27,ATCO-A.ST,gdelt,ATCO-A.ST,-1,-1,False,2025-01-28,2025-02-03,0.03079364428121909,0.027793644281219092
ripple,2025-01-27,ATCO-A.ST,gdelt,SKF-B.ST,-1,-1,False,2025-01-28,2025-02-03,0.03431833990528426,0.03131833990528426
ripple,2025-01-27,ATCO-A.ST,gdelt,VOLV-B.ST,-1,-1,False,2025-01-28,2025-02-03,-0.04794786002009798,-0.05094786002009798
rebound,2025-01-27,ATCO-A.ST,gdelt,ASML.AS,1,-1,False,2025-01-28,2025-02-03,0.06717902315005618,0.06417902315005618
rebound,2025-01-27,ATCO-A.ST,gdelt,SAND.ST,1,-1,False,2025-01-28,2025-02-03,-0.02506468118565398,-0.02806468118565398
drift_A,2025-01-28,ATCO-A.ST,gdelt,ATCO-A.ST,-1,-1,False,2025-01-29,2025-02-04,-0.013925659402049732,-0.016925659402049733
ripple,2025-01-28,ATCO-A.ST,gdelt,SAND.ST,-1,-1,False,2025-01-29,2025-02-04,0.02475267697766601,0.02175267697766601
ripple,2025-01-28,ATCO-A.ST,gdelt,ASML.AS,-1,-1,False,2025-01-29,2025-02-04,0.006841990118668963,0.0038419901186689627
ripple,2025-01-28,ATCO-A.ST,gdelt,SAP.DE,-1,-1,False,2025-01-29,2025-02-04,-0.012416645501432436,-0.015416645501432437
drift_A,2025-01-28,VAR.OL,newsweb,VAR.OL,-1,-1,False,2025-01-29,2025-02-04,-0.018363785212147744,-0.021363785212147744
ripple,2025-01-28,VAR.OL,newsweb,AKRBP.OL,-1,-1,False,2025-01-29,2025-02-04,-0.0019006638714085798,-0.00490066387140858
ripple,2025-01-28,VAR.OL,newsweb,BNOR.OL,-1,-1,False,2025-01-29,2025-02-04,-0.009544185955151255,-0.012544185955151256
ripple,2025-01-28,VAR.OL,newsweb,PEN.OL,-1,-1,False,2025-01-29,2025-02-04,0.049350431436646865,0.04635043143664686
ripple,2025-01-28,VAR.OL,newsweb,BWE.OL,-1,-1,False,2025-01-29,2025-02-04,0.014229061178444765,0.011229061178444764
ripple,2025-01-28,VAR.OL,newsweb,ENI.MI,-1,-1,False,2025-01-29,2025-02-04,-0.021203623168745325,-0.024203623168745324
rebound,2025-01-28,VAR.OL,newsweb,OKEA.OL,1,-1,False,2025-01-29,2025-02-04,-0.08073754024805882,-0.08373754024805882
rebound,2025-01-28,VAR.OL,newsweb,DNO.OL,1,-1,False,2025-01-29,2025-02-04,0.13635702366508531,0.1333570236650853
drift_A,2025-01-28,SNI.OL,newsweb,SNI.OL,1,1,False,2025-01-29,2025-02-04,-0.06594578833991296,-0.06894578833991297
ripple,2025-01-28,SNI.OL,newsweb,HAFNI.OL,1,1,False,2025-01-29,2025-02-04,0.08011608120577665,0.07711608120577665
ripple,2025-01-28,SNI.OL,newsweb,FRO.OL,1,1,False,2025-01-29,2025-02-04,0.11677521606187405,0.11377521606187405
ripple,2025-01-28,SNI.OL,newsweb,OET.OL,1,1,False,2025-01-29,2025-02-04,0.09828694015718084,0.09528694015718084
ripple,2025-01-28,SNI.OL,newsweb,HAUTO.OL,1,1,False,2025-01-29,2025-02-04,-0.013757599432644752,-0.01675759943264475
ripple,2025-01-28,SNI.OL,newsweb,HSHP.OL,1,1,False,2025-01-29,2025-02-04,0.059933958052635246,0.05693395805263524
drift_A,2025-01-29,IWS.OL,newsweb,IWS.OL,-1,-1,False,2025-01-30,2025-02-05,0.011922455663214484,0.008922455663214483
drift_A,2025-01-30,MOWI.OL,newsweb,MOWI.OL,1,1,False,2025-01-31,2025-02-06,-0.04824737642071415,-0.051247376420714155
ripple,2025-01-30,MOWI.OL,newsweb,LSG.OL,1,1,False,2025-01-31,2025-02-06,-0.03349208607301633,-0.036492086073016336
ripple,2025-01-30,MOWI.OL,newsweb,SALM.OL,1,1,False,2025-01-31,2025-02-06,-0.05669115794891267,-0.05969115794891267
drift_A,2025-01-30,SNI.OL,newsweb,SNI.OL,-1,-1,False,2025-01-31,2025-02-06,0.0439348652278236,0.040934865227823594
ripple,2025-01-30,SNI.OL,newsweb,FRO.OL,-1,-1,False,2025-01-31,2025-02-06,-0.02292692328994914,-0.02592692328994914
ripple,2025-01-30,SNI.OL,newsweb,KCC.OL,-1,-1,False,2025-01-31,2025-02-06,0.009204807494128853,0.006204807494128853
ripple,2025-01-30,SNI.OL,newsweb,HAFNI.OL,-1,-1,False,2025-01-31,2025-02-06,-0.009933078131858918,-0.012933078131858917
ripple,2025-01-30,SNI.OL,newsweb,HSHP.OL,-1,-1,False,2025-01-31,2025-02-06,0.004919646886664195,0.0019196468866641949
ripple,2025-01-30,SNI.OL,newsweb,OET.OL,-1,-1,False,2025-01-31,2025-02-06,-0.03854609523093538,-0.04154609523093538
drift_A,2025-01-30,SMOP.OL,newsweb,SMOP.OL,1,1,False,2025-01-31,2025-02-06,0.07650082304456332,0.07350082304456332
drift_A,2025-01-30,OKEA.OL,newsweb,OKEA.OL,-1,-1,False,2025-01-31,2025-02-06,0.054298943602551185,0.05129894360255118
ripple,2025-01-30,OKEA.OL,newsweb,DNO.OL,-1,-1,False,2025-01-31,2025-02-06,0.01567983289036644,0.012679832890366442
ripple,2025-01-30,OKEA.OL,newsweb,PEN.OL,-1,-1,False,2025-01-31,2025-02-06,-0.013678194905748637,-0.016678194905748636
ripple,2025-01-30,OKEA.OL,newsweb,EQNR.OL,-1,-1,False,2025-01-31,2025-02-06,0.024502013752981534,0.021502013752981535
ripple,2025-01-30,OKEA.OL,newsweb,BWE.OL,-1,-1,False,2025-01-31,2025-02-06,0.05798772476473089,0.054987724764730884
ripple,2025-01-30,OKEA.OL,newsweb,ENI.MI,-1,-1,False,2025-01-31,2025-02-06,-0.0170980424100952,-0.0200980424100952
drift_A,2025-01-31,ELMRA.OL,newsweb,ELMRA.OL,-1,-1,False,2025-02-03,2025-02-07,-0.006745155863916039,-0.009745155863916038
drift_A,2025-01-31,NSKOG.OL,newsweb,NSKOG.OL,1,1,False,2025-02-03,2025-02-07,-0.13029187756057573,-0.13329187756057573
drift_A,2025-01-31,SOAG.OL,newsweb,SOAG.OL,1,1,False,2025-02-03,2025-02-07,0.032624455239425185,0.029624455239425185
ripple,2025-01-31,SOAG.OL,newsweb,SBNOR.OL,1,1,False,2025-02-03,2025-02-07,-0.04550309860082623,-0.04850309860082623
ripple,2025-01-31,SOAG.OL,newsweb,MING.OL,1,1,False,2025-02-03,2025-02-07,-0.002046139747043452,-0.005046139747043452
drift_A,2025-02-03,ENH.OL,newsweb,ENH.OL,1,1,True,2025-02-04,2025-02-10,0.029560386454236618,0.02656038645423662
drift_A,2025-02-04,SOAG.OL,newsweb,SOAG.OL,1,1,False,2025-02-05,2025-02-11,0.016155948071022955,0.013155948071022956
ripple,2025-02-04,SOAG.OL,newsweb,MING.OL,1,1,False,2025-02-05,2025-02-11,-0.030574983872093325,-0.033574983872093324
ripple,2025-02-04,SOAG.OL,newsweb,SBNOR.OL,1,1,False,2025-02-05,2025-02-11,-0.03705955399930553,-0.04005955399930553
drift_A,2025-02-05,EQNR.OL,newsweb,EQNR.OL,-1,-1,False,2025-02-06,2025-02-12,0.007662016548234337,0.004662016548234337
ripple,2025-02-05,EQNR.OL,newsweb,AKRBP.OL,-1,-1,False,2025-02-06,2025-02-12,-0.01883277951139956,-0.021832779511399558
ripple,2025-02-05,EQNR.OL,newsweb,VAR.OL,-1,-1,False,2025-02-06,2025-02-12,-0.03816388903927337,-0.04116388903927337
ripple,2025-02-05,EQNR.OL,newsweb,TTE.PA,-1,-1,False,2025-02-06,2025-02-12,-0.012845833607095517,-0.015845833607095516
ripple,2025-02-05,EQNR.OL,newsweb,SUBC.OL,-1,-1,False,2025-02-06,2025-02-12,0.015777977261845606,0.012777977261845607
ripple,2025-02-05,EQNR.OL,newsweb,ENI.MI,-1,-1,False,2025-02-06,2025-02-12,-0.017044171359124418,-0.020044171359124417
rebound,2025-02-05,EQNR.OL,newsweb,OKEA.OL,1,-1,False,2025-02-06,2025-02-12,0.00827994660896414,0.005279946608964139
rebound,2025-02-05,EQNR.OL,newsweb,DNO.OL,1,-1,False,2025-02-06,2025-02-12,-0.0625492427243677,-0.0655492427243677
drift_A,2025-02-05,SCATC.OL,newsweb,SCATC.OL,1,1,False,2025-02-06,2025-02-12,-0.041697857688555454,-0.044697857688555456
drift_A,2025-02-05,NOD.OL,newsweb,NOD.OL,1,1,False,2025-02-06,2025-02-12,0.019779292192119047,0.016779292192119048
drift_A,2025-02-06,ATEA.OL,newsweb,ATEA.OL,-1,-1,False,2025-02-07,2025-02-13,0.03440351292592955,0.03140351292592955
drift_A,2025-02-06,DNO.OL,newsweb,DNO.OL,-1,-1,False,2025-02-07,2025-02-13,0.050829456736754784,0.04782945673675478
ripple,2025-02-06,DNO.OL,newsweb,PEN.OL,-1,-1,False,2025-02-07,2025-02-13,0.03424346984162055,0.03124346984162055
ripple,2025-02-06,DNO.OL,newsweb,OKEA.OL,-1,-1,False,2025-02-07,2025-02-13,0.01678645151892644,0.013786451518926442
ripple,2025-02-06,DNO.OL,newsweb,AKRBP.OL,-1,-1,False,2025-02-07,2025-02-13,-0.00928485720429509,-0.012284857204295091
drift_A,2025-02-06,NAS.OL,newsweb,NAS.OL,1,1,False,2025-02-07,2025-02-13,0.0043639265964585516,0.0013639265964585515
drift_A,2025-02-07,YAR.OL,newsweb,YAR.OL,-1,-1,False,2025-02-10,2025-02-14,-0.03551814360735858,-0.038518143607358585
drift_A,2025-02-07,VEND.OL,newsweb,VEND.OL,-1,-1,False,2025-02-10,2025-02-14,-0.010663045826284846,-0.013663045826284845
drift_A,2025-02-07,NSKOG.OL,newsweb,NSKOG.OL,-1,-1,False,2025-02-10,2025-02-14,-0.14293648942571685,-0.14593648942571685
drift_A,2025-02-07,KOG.OL,newsweb,KOG.OL,-1,-1,False,2025-02-10,2025-02-14,0.044501214011010086,0.04150121401101008
drift_A,2025-02-07,SOAG.OL,newsweb,SOAG.OL,-1,-1,False,2025-02-10,2025-02-14,0.0040658613116,0.0010658613115999997
drift_A,2025-02-07,SBNOR.OL,newsweb,SBNOR.OL,-1,-1,False,2025-02-10,2025-02-14,0.028232319051339112,0.025232319051339113
ripple,2025-02-07,SBNOR.OL,newsweb,MING.OL,-1,-1,False,2025-02-10,2025-02-14,0.029806670899668826,0.026806670899668827
ripple,2025-02-07,SBNOR.OL,newsweb,SPOL.OL,-1,-1,False,2025-02-10,2025-02-14,0.01841153636007759,0.01541153636007759
ripple,2025-02-07,SBNOR.OL,newsweb,NONG.OL,-1,-1,False,2025-02-10,2025-02-14,0.009655308787431505,0.006655308787431505
drift_A,2025-02-10,ENDUR.OL,newsweb,ENDUR.OL,1,1,False,2025-02-11,2025-02-17,-0.014006107773208333,-0.017006107773208334
drift_A,2025-02-10,SKUE.OL,newsweb,SKUE.OL,1,1,False,2025-02-11,2025-02-17,0.05166933751305772,0.048669337513057714
drift_A,2025-02-10,SALME.OL,newsweb,SALME.OL,1,1,False,2025-02-11,2025-02-17,-0.044561436537069794,-0.0475614365370698
drift_A,2025-02-11,ENDUR.OL,newsweb,ENDUR.OL,1,1,False,2025-02-12,2025-02-18,-0.07860126281878295,-0.08160126281878295
drift_A,2025-02-11,VAR.OL,newsweb,VAR.OL,1,1,False,2025-02-12,2025-02-18,-0.07868103729810315,-0.08168103729810315
ripple,2025-02-11,VAR.OL,newsweb,DNO.OL,1,1,False,2025-02-12,2025-02-18,-0.0383458306592207,-0.041345830659220706
ripple,2025-02-11,VAR.OL,newsweb,OKEA.OL,1,1,False,2025-02-12,2025-02-18,-0.03054838462315945,-0.03354838462315945
ripple,2025-02-11,VAR.OL,newsweb,PEN.OL,1,1,False,2025-02-12,2025-02-18,-0.05300977650642299,-0.05600977650642299
ripple,2025-02-11,VAR.OL,newsweb,AKRBP.OL,1,1,False,2025-02-12,2025-02-18,-0.0475841926676112,-0.0505841926676112
ripple,2025-02-11,VAR.OL,newsweb,BWE.OL,1,1,False,2025-02-12,2025-02-18,0.015569859003715504,0.012569859003715503
drift_A,2025-02-11,SALME.OL,newsweb,SALME.OL,-1,-1,False,2025-02-12,2025-02-18,0.03648786132332416,0.03348786132332416
drift_A,2025-02-11,AKSO.OL,newsweb,AKSO.OL,1,1,False,2025-02-12,2025-02-18,-0.07024599329447956,-0.07324599329447956
drift_A,2025-02-12,STB.OL,newsweb,STB.OL,-1,-1,False,2025-02-13,2025-02-19,0.006907322768746808,0.003907322768746808
drift_A,2025-02-12,SATS.OL,newsweb,SATS.OL,1,1,False,2025-02-13,2025-02-19,0.03571293757727295,0.03271293757727295
drift_A,2025-02-12,AKRBP.OL,newsweb,AKRBP.OL,-1,-1,False,2025-02-13,2025-02-19,-0.046396415431827626,-0.04939641543182763
ripple,2025-02-12,AKRBP.OL,newsweb,OKEA.OL,-1,-1,False,2025-02-13,2025-02-19,0.01598001779637783,0.012980017796377832
ripple,2025-02-12,AKRBP.OL,newsweb,ENI.MI,-1,-1,False,2025-02-13,2025-02-19,-0.011500583976801195,-0.014500583976801196
ripple,2025-02-12,AKRBP.OL,newsweb,DNO.OL,-1,-1,False,2025-02-13,2025-02-19,-0.01663013202414316,-0.019630132024143158
ripple,2025-02-12,AKRBP.OL,newsweb,BNOR.OL,-1,-1,False,2025-02-13,2025-02-19,-0.018097980951053694,-0.021097980951053693
rebound,2025-02-12,AKRBP.OL,newsweb,AKSO.OL,1,-1,False,2025-02-13,2025-02-19,-0.005253092554707116,-0.008253092554707117
rebound,2025-02-12,AKRBP.OL,newsweb,EQNR.OL,1,-1,False,2025-02-13,2025-02-19,0.014980922428779108,0.011980922428779107
rebound,2025-02-12,AKRBP.OL,newsweb,SUBC.OL,1,-1,False,2025-02-13,2025-02-19,0.0018577297994853564,-0.0011422702005146437
rebound,2025-02-12,AKRBP.OL,newsweb,PEN.OL,1,-1,False,2025-02-13,2025-02-19,-0.03257819158809874,-0.035578191588098745
drift_A,2025-02-13,NORBT.OL,newsweb,NORBT.OL,1,1,False,2025-02-14,2025-02-20,0.05973736728028489,0.05673736728028489
drift_A,2025-02-13,ORK.OL,newsweb,ORK.OL,1,1,False,2025-02-14,2025-02-20,-0.02367738566506223,-0.02667738566506223
drift_A,2025-02-13,LINK.OL,newsweb,LINK.OL,1,1,False,2025-02-14,2025-02-20,-0.014471067972082625,-0.017471067972082626
drift_A,2025-02-13,WWI.OL,newsweb,WWI.OL,-1,-1,False,2025-02-14,2025-02-20,0.015410648992676617,0.012410648992676618
drift_A,2025-02-13,KID.OL,newsweb,KID.OL,-1,-1,False,2025-02-14,2025-02-20,-0.01661607883002075,-0.01961607883002075
drift_A,2025-02-13,ELK.OL,newsweb,ELK.OL,1,1,False,2025-02-14,2025-02-20,0.034066978409431084,0.031066978409431085
drift_A,2025-02-13,HEX.OL,newsweb,HEX.OL,-1,-1,False,2025-02-14,2025-02-20,0.07376663693297762,0.07076663693297762
drift_A,2025-02-14,AFG.OL,newsweb,AFG.OL,1,1,False,2025-02-17,2025-02-21,-0.10858208721265261,-0.11158208721265261
drift_A,2025-02-14,MING.OL,newsweb,MING.OL,-1,-1,False,2025-02-17,2025-02-21,-0.014397949452239364,-0.017397949452239363
drift_A,2025-02-14,TOM.OL,newsweb,TOM.OL,1,1,False,2025-02-17,2025-02-21,-0.03779696894440459,-0.04079696894440459
drift_A,2025-02-14,AKVA.OL,newsweb,AKVA.OL,-1,-1,False,2025-02-17,2025-02-21,0.027144313792477517,0.024144313792477518
drift_A,2025-02-14,HAUTO.OL,newsweb,HAUTO.OL,-1,-1,False,2025-02-17,2025-02-21,0.10348000269256998,0.10048000269256997
ripple,2025-02-14,HAUTO.OL,newsweb,WAWI.OL,-1,-1,False,2025-02-17,2025-02-21,0.054472223600150534,0.05147222360015053
ripple,2025-02-14,HAUTO.OL,newsweb,WWI.OL,-1,-1,False,2025-02-17,2025-02-21,0.03288953775713487,0.029889537757134873
ripple,2025-02-14,HAUTO.OL,newsweb,WWIB.OL,-1,-1,False,2025-02-17,2025-02-21,0.003313540155071917,0.00031354015507191685
drift_A,2025-02-14,KCC.OL,newsweb,KCC.OL,-1,-1,False,2025-02-17,2025-02-21,0.029552173331796036,0.026552173331796037
ripple,2025-02-14,KCC.OL,newsweb,HSHP.OL,-1,-1,False,2025-02-17,2025-02-21,-0.07449467023379559,-0.0774946702337956
ripple,2025-02-14,KCC.OL,newsweb,FRO.OL,-1,-1,False,2025-02-17,2025-02-21,0.06220306644291964,0.05920306644291964
ripple,2025-02-14,KCC.OL,newsweb,OET.OL,-1,-1,False,2025-02-17,2025-02-21,0.07109282624871394,0.06809282624871393
ripple,2025-02-14,KCC.OL,newsweb,WAWI.OL,-1,-1,False,2025-02-17,2025-02-21,0.054472223600150534,0.05147222360015053
ripple,2025-02-14,KCC.OL,newsweb,2020.OL,-1,-1,False,2025-02-17,2025-02-21,-0.07812570391867596,-0.08112570391867596
drift_A,2025-02-17,BAKKA.OL,newsweb,BAKKA.OL,-1,-1,False,2025-02-18,2025-02-24,0.025703372151329333,0.022703372151329334
ripple,2025-02-17,BAKKA.OL,newsweb,AUSS.OL,-1,-1,False,2025-02-18,2025-02-24,0.032803633997102,0.029803633997101998
ripple,2025-02-17,BAKKA.OL,newsweb,LSG.OL,-1,-1,False,2025-02-18,2025-02-24,0.05062749347958953,0.04762749347958953
drift_A,2025-02-18,BOUV.OL,newsweb,BOUV.OL,-1,-1,False,2025-02-19,2025-02-25,0.04495588232991114,0.04195588232991114
drift_A,2025-02-19,AFG.OL,newsweb,AFG.OL,-1,-1,False,2025-02-20,2025-02-26,0.05227627852219559,0.049276278522195585
drift_A,2025-02-19,TGS.OL,newsweb,TGS.OL,1,1,False,2025-02-20,2025-02-26,-0.03665359801659285,-0.03965359801659285
ripple,2025-02-19,TGS.OL,newsweb,BWE.OL,1,1,False,2025-02-20,2025-02-26,0.017386897834743266,0.014386897834743267
ripple,2025-02-19,TGS.OL,newsweb,DOFG.OL,1,1,False,2025-02-20,2025-02-26,-0.038099204379911926,-0.04109920437991193
ripple,2025-02-19,TGS.OL,newsweb,OKEA.OL,1,1,False,2025-02-20,2025-02-26,-0.04052682655405688,-0.04352682655405688
ripple,2025-02-19,TGS.OL,newsweb,SUBC.OL,1,1,False,2025-02-20,2025-02-26,-0.027632491788491316,-0.030632491788491315
rebound,2025-02-19,TGS.OL,newsweb,EQNR.OL,-1,1,False,2025-02-20,2025-02-26,0.0026821054857630224,-0.00031789451423697764
rebound,2025-02-19,TGS.OL,newsweb,VAR.OL,-1,1,False,2025-02-20,2025-02-26,0.03677321134411025,0.033773211344110245
rebound,2025-02-19,TGS.OL,newsweb,DNO.OL,-1,1,False,2025-02-20,2025-02-26,-0.009443208400834468,-0.012443208400834467
drift_A,2025-02-19,SAND.ST,gdelt,SAND.ST,-1,-1,False,2025-02-20,2025-02-26,-0.019826222971880095,-0.022826222971880094
ripple,2025-02-19,SAND.ST,gdelt,ELK.OL,-1,-1,False,2025-02-20,2025-02-26,-0.016143817984228766,-0.019143817984228765
ripple,2025-02-19,SAND.ST,gdelt,SEB-A.ST,-1,-1,False,2025-02-20,2025-02-26,-0.03823056531099716,-0.04123056531099716
rebound,2025-02-19,SAND.ST,gdelt,ATCO-A.ST,1,-1,False,2025-02-20,2025-02-26,0.0067369701546249414,0.0037369701546249414
rebound,2025-02-19,SAND.ST,gdelt,SKF-B.ST,1,-1,False,2025-02-20,2025-02-26,0.026634765686593495,0.023634765686593496
rebound,2025-02-19,SAND.ST,gdelt,SWED-A.ST,1,-1,False,2025-02-20,2025-02-26,0.033628929221296566,0.030628929221296567
rebound,2025-02-19,SAND.ST,gdelt,SIE.DE,1,-1,False,2025-02-20,2025-02-26,0.01040178450263926,0.007401784502639261
rebound,2025-02-19,SAND.ST,gdelt,BBVA.MC,1,-1,False,2025-02-20,2025-02-26,0.07293462469246564,0.06993462469246564
drift_A,2025-02-19,BINT.OL,newsweb,BINT.OL,-1,-1,False,2025-02-20,2025-02-26,0.21325517494978707,0.21025517494978707
drift_A,2025-02-19,ZAP.OL,newsweb,ZAP.OL,1,1,False,2025-02-20,2025-02-26,0.035189202618319725,0.03218920261831972
drift_A,2025-02-20,GSF.OL,newsweb,GSF.OL,-1,-1,False,2025-02-21,2025-02-27,0.059161783986589736,0.05616178398658973
ripple,2025-02-20,GSF.OL,newsweb,SALM.OL,-1,-1,False,2025-02-21,2025-02-27,0.02344318965882653,0.020443189658826532
ripple,2025-02-20,GSF.OL,newsweb,BAKKA.OL,-1,-1,False,2025-02-21,2025-02-27,0.005416412257267739,0.002416412257267739
ripple,2025-02-20,GSF.OL,newsweb,MOWI.OL,-1,-1,False,2025-02-21,2025-02-27,0.01654761815281175,0.01354761815281175
ripple,2025-02-20,GSF.OL,newsweb,SALME.OL,-1,-1,False,2025-02-21,2025-02-27,0.014450238062846149,0.01145023806284615
ripple,2025-02-20,GSF.OL,newsweb,LSG.OL,-1,-1,False,2025-02-21,2025-02-27,9.37577328467519e-05,-0.002906242267153248
drift_A,2025-02-20,OET.OL,newsweb,OET.OL,-1,-1,False,2025-02-21,2025-02-27,0.02588306265706827,0.02288306265706827
ripple,2025-02-20,OET.OL,newsweb,HUNT.OL,-1,-1,False,2025-02-21,2025-02-27,0.16677628129672167,0.16377628129672167
ripple,2025-02-20,OET.OL,newsweb,HAFNI.OL,-1,-1,False,2025-02-21,2025-02-27,0.12062941841783946,0.11762941841783946
ripple,2025-02-20,OET.OL,newsweb,2020.OL,-1,-1,False,2025-02-21,2025-02-27,-0.04676699909397833,-0.04976699909397833
ripple,2025-02-20,OET.OL,newsweb,KCC.OL,-1,-1,False,2025-02-21,2025-02-27,0.034535469065044934,0.03153546906504493
drift_A,2025-02-24,SUBC.OL,newsweb,SUBC.OL,1,1,False,2025-02-25,2025-03-03,-0.07355959779735476,-0.07655959779735476
ripple,2025-02-24,SUBC.OL,newsweb,DNO.OL,1,1,False,2025-02-25,2025-03-03,0.034678620748144234,0.03167862074814423
ripple,2025-02-24,SUBC.OL,newsweb,AKRBP.OL,1,1,False,2025-02-25,2025-03-03,0.005080681636290867,0.0020806816362908672
ripple,2025-02-24,SUBC.OL,newsweb,VAR.OL,1,1,False,2025-02-25,2025-03-03,-0.030172215887191878,-0.03317221588719188
ripple,2025-02-24,SUBC.OL,newsweb,PEN.OL,1,1,False,2025-02-25,2025-03-03,-0.03639605210304644,-0.03939605210304644
rebound,2025-02-24,SUBC.OL,newsweb,BWE.OL,-1,1,False,2025-02-25,2025-03-03,-0.003986772215372414,-0.006986772215372414
rebound,2025-02-24,SUBC.OL,newsweb,AKSO.OL,-1,1,False,2025-02-25,2025-03-03,0.026618205109333517,0.023618205109333518
drift_A,2025-02-25,PEN.OL,newsweb,PEN.OL,1,1,False,2025-02-26,2025-03-04,-0.07079859693319084,-0.07379859693319084
ripple,2025-02-25,PEN.OL,newsweb,SUBC.OL,1,1,False,2025-02-26,2025-03-04,-0.07405927521744977,-0.07705927521744978
ripple,2025-02-25,PEN.OL,newsweb,AKRBP.OL,1,1,False,2025-02-26,2025-03-04,-0.005609705218023953,-0.008609705218023952
ripple,2025-02-25,PEN.OL,newsweb,EQNR.OL,1,1,False,2025-02-26,2025-03-04,0.03645593562980779,0.03345593562980779
ripple,2025-02-25,PEN.OL,newsweb,VAR.OL,1,1,False,2025-02-26,2025-03-04,-0.02950975477806206,-0.03250975477806206
ripple,2025-02-25,PEN.OL,newsweb,DNO.OL,1,1,False,2025-02-26,2025-03-04,0.013275346063746807,0.010275346063746808
drift_A,2025-02-26,NAPA.OL,newsweb,NAPA.OL,-1,-1,False,2025-02-27,2025-03-05,0.08404186492107749,0.08104186492107748
drift_A,2025-02-27,HAFNI.OL,newsweb,HAFNI.OL,-1,-1,True,2025-02-28,2025-03-06,-0.03767764250089124,-0.040677642500891245
ripple,2025-02-27,HAFNI.OL,newsweb,BWLPG.OL,-1,-1,True,2025-02-28,2025-03-06,0.01774644960005356,0.01474644960005356
ripple,2025-02-27,HAFNI.OL,newsweb,FRO.OL,-1,-1,True,2025-02-28,2025-03-06,-0.07040929235804255,-0.07340929235804255
ripple,2025-02-27,HAFNI.OL,newsweb,OET.OL,-1,-1,True,2025-02-28,2025-03-06,-0.037751656403543235,-0.04075165640354324
ripple,2025-02-27,HAFNI.OL,newsweb,SNI.OL,-1,-1,True,2025-02-28,2025-03-06,0.05288914026989408,0.04988914026989408
drift_A,2025-02-28,ZAL.OL,newsweb,ZAL.OL,1,1,False,2025-03-03,2025-03-07,0.0003320951246135982,-0.002667904875386402
drift_A,2025-02-28,LSG.OL,newsweb,LSG.OL,1,1,False,2025-03-03,2025-03-07,-0.0349367625861669,-0.037936762586166906
ripple,2025-02-28,LSG.OL,newsweb,SALM.OL,1,1,False,2025-03-03,2025-03-07,0.0029614428601837488,-3.8557139816251286e-05
ripple,2025-02-28,LSG.OL,newsweb,MOWI.OL,1,1,False,2025-03-03,2025-03-07,-0.015840824955634974,-0.018840824955634973
ripple,2025-02-28,LSG.OL,newsweb,BAKKA.OL,1,1,False,2025-03-03,2025-03-07,-0.044381349513262405,-0.04738134951326241
drift_A,2025-03-04,SOAG.OL,newsweb,SOAG.OL,1,1,True,2025-03-05,2025-03-11,-0.0061450401338031925,-0.009145040133803193
drift_A,2025-03-05,BNOR.OL,newsweb,BNOR.OL,-1,-1,False,2025-03-06,2025-03-12,-0.025060149770826767,-0.028060149770826767
rebound,2025-03-05,BNOR.OL,newsweb,PEN.OL,1,-1,False,2025-03-06,2025-03-12,0.08838915844491951,0.08538915844491951
rebound,2025-03-05,BNOR.OL,newsweb,OKEA.OL,1,-1,False,2025-03-06,2025-03-12,0.03620210520868885,0.03320210520868885
rebound,2025-03-05,BNOR.OL,newsweb,EQNR.OL,1,-1,False,2025-03-06,2025-03-12,0.05168712749909153,0.04868712749909153
rebound,2025-03-05,BNOR.OL,newsweb,VAR.OL,1,-1,False,2025-03-06,2025-03-12,0.05194610157700187,0.04894610157700187
rebound,2025-03-05,BNOR.OL,newsweb,AKRBP.OL,1,-1,False,2025-03-06,2025-03-12,0.04549143665340012,0.04249143665340012
drift_A,2025-03-05,SOAG.OL,newsweb,SOAG.OL,-1,-1,False,2025-03-06,2025-03-12,0.0018180704830765898,-0.0011819295169234103
drift_A,2025-03-07,PEN.OL,newsweb,PEN.OL,1,1,False,2025-03-10,2025-03-14,-0.052438072085601445,-0.05543807208560145
ripple,2025-03-07,PEN.OL,newsweb,OKEA.OL,1,1,False,2025-03-10,2025-03-14,0.054222054848937926,0.05122205484893792
ripple,2025-03-07,PEN.OL,newsweb,SUBC.OL,1,1,False,2025-03-10,2025-03-14,0.016560773716081542,0.013560773716081543
drift_A,2025-03-07,DNO.OL,newsweb,DNO.OL,1,1,False,2025-03-10,2025-03-14,0.0035435019510532658,0.0005435019510532657
drift_A,2025-03-07,BWE.OL,newsweb,BWE.OL,1,1,False,2025-03-10,2025-03-14,0.018403933957321515,0.015403933957321515
ripple,2025-03-07,BWE.OL,newsweb,TGS.OL,1,1,False,2025-03-10,2025-03-14,-0.016146554743450767,-0.019146554743450766
ripple,2025-03-07,BWE.OL,newsweb,SUBC.OL,1,1,False,2025-03-10,2025-03-14,0.016560773716081542,0.013560773716081543
drift_A,2025-03-10,SWED-A.ST,gdelt,SWED-A.ST,1,1,True,2025-03-11,2025-03-17,-0.031451401474327276,-0.03445140147432728
ripple,2025-03-10,SWED-A.ST,gdelt,GLE.PA,1,1,True,2025-03-11,2025-03-17,0.00497586270515455,0.0019758627051545503
ripple,2025-03-10,SWED-A.ST,gdelt,SAN.MC,1,1,True,2025-03-11,2025-03-17,0.013946117780850767,0.010946117780850768
ripple,2025-03-10,SWED-A.ST,gdelt,BNP.PA,1,1,True,2025-03-11,2025-03-17,0.008957514878347832,0.005957514878347832
ripple,2025-03-10,SWED-A.ST,gdelt,SHB-A.ST,1,1,True,2025-03-11,2025-03-17,-0.03282864840227983,-0.03582864840227983
ripple,2025-03-10,SWED-A.ST,gdelt,BBVA.MC,1,1,True,2025-03-11,2025-03-17,0.0007082981214033002,-0.0022917018785967
drift_A,2025-03-11,BNOR.OL,newsweb,BNOR.OL,-1,-1,False,2025-03-12,2025-03-18,-0.07521921668932194,-0.07821921668932194
ripple,2025-03-11,BNOR.OL,newsweb,VAR.OL,-1,-1,False,2025-03-12,2025-03-18,-0.0010040692985673824,-0.0040040692985673825
ripple,2025-03-11,BNOR.OL,newsweb,DNO.OL,-1,-1,False,2025-03-12,2025-03-18,0.01924078816041458,0.01624078816041458
ripple,2025-03-11,BNOR.OL,newsweb,PEN.OL,-1,-1,False,2025-03-12,2025-03-18,0.0341033408585017,0.031103340858501704
ripple,2025-03-11,BNOR.OL,newsweb,OKEA.OL,-1,-1,False,2025-03-12,2025-03-18,-0.022071089650915608,-0.025071089650915607
ripple,2025-03-11,BNOR.OL,newsweb,BWE.OL,-1,-1,False,2025-03-12,2025-03-18,-0.06965629377778985,-0.07265629377778986
drift_A,2025-03-11,ROGS.OL,newsweb,ROGS.OL,1,1,False,2025-03-12,2025-03-18,0.033107427966225914,0.030107427966225914
drift_A,2025-03-14,CRNA.OL,newsweb,CRNA.OL,-1,-1,False,2025-03-17,2025-03-21,0.009018512893210212,0.006018512893210212
drift_A,2025-03-14,NORBT.OL,newsweb,NORBT.OL,1,1,False,2025-03-17,2025-03-21,0.02100374132547793,0.01800374132547793
drift_A,2025-03-14,ROGS.OL,newsweb,ROGS.OL,1,1,False,2025-03-17,2025-03-21,-0.04999040541501436,-0.05299040541501436
drift_A,2025-03-14,MPCC.OL,newsweb,MPCC.OL,-1,-1,False,2025-03-17,2025-03-21,0.020818585755458228,0.01781858575545823
rebound,2025-03-14,MPCC.OL,newsweb,WAWI.OL,1,-1,False,2025-03-17,2025-03-21,-0.02731640399195137,-0.03031640399195137
rebound,2025-03-14,MPCC.OL,newsweb,HLAG.DE,1,-1,False,2025-03-17,2025-03-21,-0.07844974679749137,-0.08144974679749137
rebound,2025-03-14,MPCC.OL,newsweb,BWLPG.OL,1,-1,False,2025-03-17,2025-03-21,0.012494604033472734,0.009494604033472735
rebound,2025-03-14,MPCC.OL,newsweb,KCC.OL,1,-1,False,2025-03-17,2025-03-21,0.046517469456475606,0.0435174694564756
drift_A,2025-03-19,JIN.OL,newsweb,JIN.OL,1,1,False,2025-03-20,2025-03-26,-0.04548481905900131,-0.04848481905900131
drift_A,2025-03-19,PROT.OL,newsweb,PROT.OL,1,1,False,2025-03-20,2025-03-26,0.041163018098240675,0.03816301809824067
drift_A,2025-03-20,ENVIP.OL,newsweb,ENVIP.OL,1,1,False,2025-03-21,2025-03-27,-0.08672248871041928,-0.08972248871041928
drift_A,2025-03-20,HSHP.OL,newsweb,HSHP.OL,1,1,False,2025-03-21,2025-03-27,-0.025865631863321262,-0.02886563186332126
ripple,2025-03-20,HSHP.OL,newsweb,2020.OL,1,1,False,2025-03-21,2025-03-27,-0.050097402833738924,-0.05309740283373893
ripple,2025-03-20,HSHP.OL,newsweb,HAFNI.OL,1,1,False,2025-03-21,2025-03-27,-0.03938633073992359,-0.042386330739923594
ripple,2025-03-20,HSHP.OL,newsweb,KCC.OL,1,1,False,2025-03-21,2025-03-27,-0.010662189403067278,-0.01366218940306728
ripple,2025-03-20,HSHP.OL,newsweb,OET.OL,1,1,False,2025-03-21,2025-03-27,-0.04740785187832825,-0.050407851878328254
drift_A,2025-03-21,ENDUR.OL,newsweb,ENDUR.OL,1,1,False,2025-03-24,2025-03-28,-0.044939143202799625,-0.04793914320279963
drift_A,2025-03-24,SBNOR.OL,newsweb,SBNOR.OL,-1,-1,False,2025-03-25,2025-03-31,-0.023514337547431877,-0.026514337547431877
ripple,2025-03-24,SBNOR.OL,newsweb,MING.OL,-1,-1,False,2025-03-25,2025-03-31,-0.041949714004391056,-0.04494971400439106
ripple,2025-03-24,SBNOR.OL,newsweb,DNB.OL,-1,-1,False,2025-03-25,2025-03-31,-0.026208753330539604,-0.029208753330539603
ripple,2025-03-24,SBNOR.OL,newsweb,MOWI.OL,-1,-1,False,2025-03-25,2025-03-31,0.04069797193654186,0.037697971936541855
drift_A,2025-03-26,NAPA.OL,newsweb,NAPA.OL,1,1,False,2025-03-27,2025-04-02,-0.024099876483396836,-0.027099876483396835
drift_A,2025-03-26,MULTI.OL,newsweb,MULTI.OL,1,1,False,2025-03-27,2025-04-02,-0.0039478338120630015,-0.0069478338120630015
drift_A,2025-03-27,AKVA.OL,newsweb,AKVA.OL,1,1,False,2025-03-28,2025-04-03,0.03162123984059156,0.028621239840591558
drift_A,2025-03-28,WAWI.OL,newsweb,WAWI.OL,1,1,False,2025-03-31,2025-04-04,-0.008063283587731368,-0.011063283587731367
ripple,2025-03-28,WAWI.OL,newsweb,HAUTO.OL,1,1,False,2025-03-31,2025-04-04,0.01457437907869949,0.01157437907869949
ripple,2025-03-28,WAWI.OL,newsweb,HAFNI.OL,1,1,False,2025-03-31,2025-04-04,0.045200155820006485,0.04220015582000648
ripple,2025-03-28,WAWI.OL,newsweb,OET.OL,1,1,False,2025-03-31,2025-04-04,-0.005669495410292241,-0.00866949541029224
ripple,2025-03-28,WAWI.OL,newsweb,KCC.OL,1,1,False,2025-03-31,2025-04-04,0.0021526708903320396,-0.0008473291096679604
drift_A,2025-03-31,GSF.OL,newsweb,GSF.OL,1,1,True,2025-04-01,2025-04-07,0.08204115013672841,0.07904115013672841
rebound,2025-03-31,GSF.OL,newsweb,SALM.OL,-1,1,True,2025-04-01,2025-04-07,-0.018301882203779346,-0.021301882203779345
rebound,2025-03-31,GSF.OL,newsweb,MOWI.OL,-1,1,True,2025-04-01,2025-04-07,0.0010806937764717972,-0.0019193062235282029
drift_A,2025-03-31,VAR.OL,newsweb,VAR.OL,1,1,True,2025-04-01,2025-04-07,-0.0408000050437599,-0.0438000050437599
ripple,2025-03-31,VAR.OL,newsweb,BNOR.OL,1,1,True,2025-04-01,2025-04-07,-0.024417611398516503,-0.027417611398516503
ripple,2025-03-31,VAR.OL,newsweb,DNO.OL,1,1,True,2025-04-01,2025-04-07,-0.026497932226262955,-0.029497932226262954
rebound,2025-03-31,VAR.OL,newsweb,AKRBP.OL,-1,1,True,2025-04-01,2025-04-07,0.011262965011073212,0.008262965011073212
rebound,2025-03-31,VAR.OL,newsweb,EQNR.OL,-1,1,True,2025-04-01,2025-04-07,0.015393714542495524,0.012393714542495524
rebound,2025-03-31,VAR.OL,newsweb,BWE.OL,-1,1,True,2025-04-01,2025-04-07,0.019645426672702915,0.016645426672702916
drift_A,2025-04-03,DNB.OL,newsweb,DNB.OL,-1,-1,True,2025-04-04,2025-04-10,0.025375926953103988,0.02237592695310399
drift_A,2025-04-03,SNI.OL,newsweb,SNI.OL,-1,-1,True,2025-04-04,2025-04-10,0.03014883468235143,0.027148834682351432
ripple,2025-04-03,SNI.OL,newsweb,FRO.OL,-1,-1,True,2025-04-04,2025-04-10,-0.06166505388147516,-0.06466505388147516
ripple,2025-04-03,SNI.OL,newsweb,OET.OL,-1,-1,True,2025-04-04,2025-04-10,-0.03187092954008731,-0.03487092954008731
ripple,2025-04-03,SNI.OL,newsweb,HAUTO.OL,-1,-1,True,2025-04-04,2025-04-10,-0.05931488479754844,-0.062314884797548445
ripple,2025-04-03,SNI.OL,newsweb,2020.OL,-1,-1,True,2025-04-04,2025-04-10,-0.0427892819628164,-0.045789281962816404
ripple,2025-04-03,SNI.OL,newsweb,KCC.OL,-1,-1,True,2025-04-04,2025-04-10,-0.027825187522759892,-0.03082518752275989
drift_A,2025-04-03,AKRBP.OL,newsweb,AKRBP.OL,-1,-1,True,2025-04-04,2025-04-10,0.016758925414782938,0.013758925414782939
ripple,2025-04-03,AKRBP.OL,newsweb,BNOR.OL,-1,-1,True,2025-04-04,2025-04-10,0.015434677087535896,0.012434677087535897
ripple,2025-04-03,AKRBP.OL,newsweb,DNO.OL,-1,-1,True,2025-04-04,2025-04-10,0.025904581938303597,0.022904581938303598
ripple,2025-04-03,AKRBP.OL,newsweb,AKSO.OL,-1,-1,True,2025-04-04,2025-04-10,0.0618367453562314,0.058836745356231394
rebound,2025-04-03,AKRBP.OL,newsweb,ENI.MI,1,-1,True,2025-04-04,2025-04-10,-0.12480539478969337,-0.12780539478969336
rebound,2025-04-03,AKRBP.OL,newsweb,VAR.OL,1,-1,True,2025-04-04,2025-04-10,-0.05721460392759634,-0.060214603927596345
rebound,2025-04-03,AKRBP.OL,newsweb,OKEA.OL,1,-1,True,2025-04-04,2025-04-10,-0.05423185632125139,-0.05723185632125139
rebound,2025-04-03,AKRBP.OL,newsweb,EQNR.OL,1,-1,True,2025-04-04,2025-04-10,-0.02483729356460474,-0.02783729356460474
rebound,2025-04-03,AKRBP.OL,newsweb,PEN.OL,1,-1,True,2025-04-04,2025-04-10,-0.02777713796588859,-0.03077713796588859
drift_A,2025-04-03,KIT.OL,newsweb,KIT.OL,1,1,True,2025-04-04,2025-04-10,0.018946639603307183,0.015946639603307184
drift_A,2025-04-03,HLAG.DE,gdelt,HLAG.DE,-1,-1,True,2025-04-04,2025-04-10,-0.035463953132901085,-0.03846395313290109
drift_A,2025-04-04,GSF.OL,newsweb,GSF.OL,1,1,True,2025-04-07,2025-04-11,0.0017772909068045212,-0.0012227090931954789
rebound,2025-04-04,GSF.OL,newsweb,SALM.OL,-1,1,True,2025-04-07,2025-04-11,-0.06676409780655108,-0.06976409780655109
rebound,2025-04-04,GSF.OL,newsweb,BAKKA.OL,-1,1,True,2025-04-07,2025-04-11,-0.034539895555780936,-0.03753989555578094
drift_A,2025-04-04,PARB.OL,newsweb,PARB.OL,-1,-1,True,2025-04-07,2025-04-11,-0.006738592634855899,-0.009738592634855898
drift_A,2025-04-04,SUBC.OL,newsweb,SUBC.OL,-1,-1,True,2025-04-07,2025-04-11,0.02148926452917728,0.01848926452917728
ripple,2025-04-04,SUBC.OL,newsweb,PEN.OL,-1,-1,True,2025-04-07,2025-04-11,0.07100980663794784,0.06800980663794784
ripple,2025-04-04,SUBC.OL,newsweb,ODL.OL,-1,-1,True,2025-04-07,2025-04-11,0.029974226918000016,0.026974226918000017
ripple,2025-04-04,SUBC.OL,newsweb,VAR.OL,-1,-1,True,2025-04-07,2025-04-11,0.08198524961820515,0.07898524961820515
ripple,2025-04-04,SUBC.OL,newsweb,TGS.OL,-1,-1,True,2025-04-07,2025-04-11,0.10728468215843706,0.10428468215843706
ripple,2025-04-04,SUBC.OL,newsweb,DOFG.OL,-1,-1,True,2025-04-07,2025-04-11,0.057125131374852464,0.05412513137485246
drift_A,2025-04-04,DNB.OL,newsweb,DNB.OL,-1,-1,True,2025-04-07,2025-04-11,-0.019581527108673696,-0.022581527108673696
drift_A,2025-04-04,AKSO.OL,newsweb,AKSO.OL,-1,-1,True,2025-04-07,2025-04-11,0.06710958233232302,0.06410958233232301
ripple,2025-04-04,AKSO.OL,newsweb,EQNR.OL,-1,-1,True,2025-04-07,2025-04-11,0.04833741355805361,0.04533741355805361
ripple,2025-04-04,AKSO.OL,newsweb,VAR.OL,-1,-1,True,2025-04-07,2025-04-11,0.08198524961820515,0.07898524961820515
ripple,2025-04-04,AKSO.OL,newsweb,AKRBP.OL,-1,-1,True,2025-04-07,2025-04-11,0.0547983601940528,0.051798360194052796
drift_A,2025-04-07,HAUTO.OL,newsweb,HAUTO.OL,1,1,False,2025-04-08,2025-04-14,0.020415136126999113,0.017415136126999114
rebound,2025-04-07,HAUTO.OL,newsweb,MPCC.OL,-1,1,False,2025-04-08,2025-04-14,0.042970208599211863,0.03997020859921186
rebound,2025-04-07,HAUTO.OL,newsweb,FRO.OL,-1,1,False,2025-04-08,2025-04-14,0.003960245279243029,0.0009602452792430291
rebound,2025-04-07,HAUTO.OL,newsweb,WAWI.OL,-1,1,False,2025-04-08,2025-04-14,-0.01640058145768032,-0.01940058145768032
rebound,2025-04-07,HAUTO.OL,newsweb,WWI.OL,-1,1,False,2025-04-08,2025-04-14,0.009872658345594792,0.006872658345594792
rebound,2025-04-07,HAUTO.OL,newsweb,OET.OL,-1,1,False,2025-04-08,2025-04-14,0.023923796290356437,0.020923796290356438
drift_A,2025-04-07,AKVA.OL,newsweb,AKVA.OL,-1,-1,False,2025-04-08,2025-04-14,-0.04387916476191784,-0.04687916476191784
drift_A,2025-04-07,AGLX.OL,newsweb,AGLX.OL,-1,-1,False,2025-04-08,2025-04-14,0.002191342961223931,-0.0008086570387760691
drift_A,2025-04-07,AKRBP.OL,newsweb,AKRBP.OL,1,1,False,2025-04-08,2025-04-14,-0.0535593928174351,-0.056559392817435106
ripple,2025-04-07,AKRBP.OL,newsweb,ENI.MI,1,1,False,2025-04-08,2025-04-14,-0.06039044749295777,-0.06339044749295777
ripple,2025-04-07,AKRBP.OL,newsweb,EQNR.OL,1,1,False,2025-04-08,2025-04-14,-0.03527788737813235,-0.038277887378132355
ripple,2025-04-07,AKRBP.OL,newsweb,VAR.OL,1,1,False,2025-04-08,2025-04-14,-0.06336930354831691,-0.06636930354831691
ripple,2025-04-07,AKRBP.OL,newsweb,OKEA.OL,1,1,False,2025-04-08,2025-04-14,-0.02837496687242866,-0.03137496687242866
ripple,2025-04-07,AKRBP.OL,newsweb,AKSO.OL,1,1,False,2025-04-08,2025-04-14,-0.05275350835965943,-0.055753508359659434
drift_A,2025-04-07,SALME.OL,newsweb,SALME.OL,-1,-1,False,2025-04-08,2025-04-14,-0.01100290512243168,-0.014002905122431679
drift_A,2025-04-09,TTE.PA,gdelt,TTE.PA,-1,-1,True,2025-04-10,2025-04-16,-0.00034437072970173316,-0.0033443707297017332
rebound,2025-04-09,TTE.PA,gdelt,ENI.MI,1,-1,True,2025-04-10,2025-04-16,0.0024063252548540423,-0.0005936747451459577
rebound,2025-04-09,TTE.PA,gdelt,EQNR.OL,1,-1,True,2025-04-10,2025-04-16,-0.008662403196665842,-0.011662403196665842
rebound,2025-04-09,TTE.PA,gdelt,VAR.OL,1,-1,True,2025-04-10,2025-04-16,-0.017789666485239268,-0.020789666485239267
rebound,2025-04-09,TTE.PA,gdelt,SUBC.OL,1,-1,True,2025-04-10,2025-04-16,-0.032874539128007474,-0.03587453912800748
drift_A,2025-04-10,CRNA.OL,newsweb,CRNA.OL,-1,-1,False,2025-04-11,2025-04-22,-0.05079728593472295,-0.05379728593472295
drift_A,2025-04-10,EPR.OL,newsweb,EPR.OL,-1,-1,False,2025-04-11,2025-04-22,0.04417488273428639,0.041174882734286385
drift_A,2025-04-10,BRG.OL,newsweb,BRG.OL,1,1,False,2025-04-11,2025-04-22,-0.032085442348723354,-0.03508544234872336
drift_A,2025-04-11,CRNA.OL,newsweb,CRNA.OL,1,1,False,2025-04-14,2025-04-23,0.013616230323446228,0.010616230323446229
drift_A,2025-04-11,SIE.DE,gdelt,SIE.DE,-1,-1,False,2025-04-14,2025-04-22,-0.009561289696308414,-0.012561289696308413
ripple,2025-04-11,SIE.DE,gdelt,VOLV-B.ST,-1,-1,False,2025-04-14,2025-04-22,-0.0006091710364934397,-0.0036091710364934398
ripple,2025-04-11,SIE.DE,gdelt,MBG.DE,-1,-1,False,2025-04-14,2025-04-22,-0.03929609398077048,-0.042296093980770486
ripple,2025-04-11,SIE.DE,gdelt,ASML.AS,-1,-1,False,2025-04-14,2025-04-22,0.07342455087580049,0.07042455087580049
ripple,2025-04-11,SIE.DE,gdelt,VOW3.DE,-1,-1,False,2025-04-14,2025-04-22,-0.0509668958782183,-0.053966895878218304
ripple,2025-04-11,SIE.DE,gdelt,SEB-A.ST,-1,-1,False,2025-04-14,2025-04-22,-0.028587003413094086,-0.03158700341309409
drift_A,2025-04-11,NAS.OL,newsweb,NAS.OL,-1,-1,False,2025-04-14,2025-04-23,-0.07645270691954317,-0.07945270691954318
drift_A,2025-04-14,CRNA.OL,newsweb,CRNA.OL,1,1,False,2025-04-15,2025-04-24,-0.03949885413924474,-0.04249885413924474
drift_A,2025-04-15,NYKD.OL,newsweb,NYKD.OL,1,1,False,2025-04-16,2025-04-25,-0.15906914332534403,-0.16206914332534403
drift_A,2025-04-22,SAP.DE,gdelt,SAP.DE,-1,-1,False,2025-04-23,2025-04-29,-0.02531897673164831,-0.02831897673164831
ripple,2025-04-22,SAP.DE,gdelt,SAND.ST,-1,-1,False,2025-04-23,2025-04-29,-0.00736368173883575,-0.010363681738835749
ripple,2025-04-22,SAP.DE,gdelt,ASML.AS,-1,-1,False,2025-04-23,2025-04-29,0.003644404846808981,0.0006444048468089809
ripple,2025-04-22,SAP.DE,gdelt,SIE.DE,-1,-1,False,2025-04-23,2025-04-29,-0.020221140118610773,-0.023221140118610772
ripple,2025-04-22,SAP.DE,gdelt,ASM.AS,-1,-1,False,2025-04-23,2025-04-29,-0.04366459802034542,-0.04666459802034542
ripple,2025-04-22,SAP.DE,gdelt,ATCO-A.ST,-1,-1,False,2025-04-23,2025-04-29,0.06634610959910847,0.06334610959910847
drift_A,2025-04-23,SKUE.OL,newsweb,SKUE.OL,1,1,False,2025-04-24,2025-04-30,-0.02106145605147907,-0.02406145605147907
drift_A,2025-04-23,SALM.OL,newsweb,SALM.OL,1,1,False,2025-04-24,2025-04-30,-0.04976097096281669,-0.05276097096281669
ripple,2025-04-23,SALM.OL,newsweb,GSF.OL,1,1,False,2025-04-24,2025-04-30,0.08763814356295277,0.08463814356295277
ripple,2025-04-23,SALM.OL,newsweb,AUSS.OL,1,1,False,2025-04-24,2025-04-30,-0.019488919944644516,-0.022488919944644515
rebound,2025-04-23,SALM.OL,newsweb,LSG.OL,-1,1,False,2025-04-24,2025-04-30,0.041440395247687965,0.03844039524768796
rebound,2025-04-23,SALM.OL,newsweb,BAKKA.OL,-1,1,False,2025-04-24,2025-04-30,0.005865065551857677,0.0028650655518576767
rebound,2025-04-23,SALM.OL,newsweb,MOWI.OL,-1,1,False,2025-04-24,2025-04-30,0.03162089732867837,0.028620897328678372
drift_A,2025-04-23,TEL.OL,newsweb,TEL.OL,-1,-1,False,2025-04-24,2025-04-30,-0.04660590642066475,-0.04960590642066475
drift_A,2025-04-24,AFG.OL,newsweb,AFG.OL,1,1,False,2025-04-25,2025-05-02,0.05858858305301361,0.055588583053013604
drift_A,2025-04-24,ACR.OL,newsweb,ACR.OL,1,1,False,2025-04-25,2025-05-02,0.11152902319160898,0.10852902319160898
drift_A,2025-04-24,AUTO.OL,newsweb,AUTO.OL,-1,-1,False,2025-04-25,2025-05-02,0.15874222611679567,0.15574222611679567
drift_A,2025-04-25,ATEA.OL,newsweb,ATEA.OL,1,1,False,2025-04-28,2025-05-05,0.019225829036331344,0.016225829036331345
drift_A,2025-04-25,BAKKA.OL,newsweb,BAKKA.OL,-1,-1,False,2025-04-28,2025-05-05,-0.012832446187452511,-0.015832446187452512
rebound,2025-04-25,BAKKA.OL,newsweb,SALM.OL,1,-1,False,2025-04-28,2025-05-05,-0.011955127763508225,-0.014955127763508224
rebound,2025-04-25,BAKKA.OL,newsweb,MOWI.OL,1,-1,False,2025-04-28,2025-05-05,0.021038519484674292,0.018038519484674293
rebound,2025-04-25,BAKKA.OL,newsweb,AUSS.OL,1,-1,False,2025-04-28,2025-05-05,0.01992127721523975,0.01692127721523975
rebound,2025-04-25,BAKKA.OL,newsweb,LSG.OL,1,-1,False,2025-04-28,2025-05-05,0.020930795499343565,0.017930795499343566
drift_A,2025-04-28,ACR.OL,newsweb,ACR.OL,1,1,False,2025-04-29,2025-05-06,0.07622923357572978,0.07322923357572977
drift_A,2025-04-29,CRNA.OL,newsweb,CRNA.OL,-1,-1,False,2025-04-30,2025-05-07,0.2025765788129523,0.1995765788129523
drift_A,2025-04-29,ATCO-A.ST,gdelt,ATCO-A.ST,-1,-1,False,2025-04-30,2025-05-07,-0.011048363278643124,-0.014048363278643124
ripple,2025-04-29,ATCO-A.ST,gdelt,ASM.AS,-1,-1,False,2025-04-30,2025-05-07,-0.002154075099118115,-0.005154075099118115
ripple,2025-04-29,ATCO-A.ST,gdelt,ASML.AS,-1,-1,False,2025-04-30,2025-05-07,-0.009668645009538415,-0.012668645009538414
ripple,2025-04-29,ATCO-A.ST,gdelt,SAP.DE,-1,-1,False,2025-04-30,2025-05-07,-0.00848521943887234,-0.01148521943887234
ripple,2025-04-29,ATCO-A.ST,gdelt,SIE.DE,-1,-1,False,2025-04-30,2025-05-07,-0.009672246433292713,-0.012672246433292712
ripple,2025-04-29,ATCO-A.ST,gdelt,SAND.ST,-1,-1,False,2025-04-30,2025-05-07,-0.0024653011481762,-0.0054653011481762
drift_A,2025-04-29,GJF.OL,newsweb,GJF.OL,-1,-1,False,2025-04-30,2025-05-07,-0.0622804336552528,-0.0652804336552528
drift_A,2025-04-29,NOD.OL,newsweb,NOD.OL,-1,-1,False,2025-04-30,2025-05-07,-0.06764027399595766,-0.07064027399595767
drift_A,2025-04-30,DNB.OL,newsweb,DNB.OL,1,1,False,2025-05-02,2025-05-08,0.00668835478550465,0.0036883547855046496
rebound,2025-04-30,DNB.OL,newsweb,MING.OL,-1,1,False,2025-05-02,2025-05-08,0.00420131442081474,0.00120131442081474
rebound,2025-04-30,DNB.OL,newsweb,NONG.OL,-1,1,False,2025-05-02,2025-05-08,-0.009773962027831321,-0.01277396202783132
drift_A,2025-04-30,BRG.OL,newsweb,BRG.OL,1,1,False,2025-05-02,2025-05-08,0.024461633786921566,0.021461633786921567
drift_A,2025-04-30,ORK.OL,newsweb,ORK.OL,1,1,False,2025-05-02,2025-05-08,0.017635414828962366,0.014635414828962367
drift_A,2025-04-30,ELK.OL,newsweb,ELK.OL,-1,-1,False,2025-05-02,2025-05-08,0.0030618500018513156,6.185000185131555e-05
drift_A,2025-05-02,NONG.OL,newsweb,NONG.OL,1,1,False,2025-05-05,2025-05-09,-0.019211853176658356,-0.022211853176658355
ripple,2025-05-02,NONG.OL,newsweb,SPOL.OL,1,1,False,2025-05-05,2025-05-09,-0.007145905529185316,-0.010145905529185317
ripple,2025-05-02,NONG.OL,newsweb,MING.OL,1,1,False,2025-05-05,2025-05-09,-0.031961613829306824,-0.03496161382930683
ripple,2025-05-02,NONG.OL,newsweb,DNB.OL,1,1,False,2025-05-05,2025-05-09,-0.008310925749605107,-0.011310925749605107
drift_A,2025-05-05,CRNA.OL,newsweb,CRNA.OL,-1,-1,False,2025-05-06,2025-05-12,0.09157503844347704,0.08857503844347704
drift_A,2025-05-05,TRMED.OL,newsweb,TRMED.OL,1,1,False,2025-05-06,2025-05-12,-0.1252868992603916,-0.1282868992603916
drift_A,2025-05-07,ACR.OL,newsweb,ACR.OL,1,1,False,2025-05-08,2025-05-14,-0.0705400151785982,-0.0735400151785982
drift_A,2025-05-07,DNB.OL,newsweb,DNB.OL,1,1,False,2025-05-08,2025-05-14,-0.04689577683800708,-0.04989577683800708
ripple,2025-05-07,DNB.OL,newsweb,SBNOR.OL,1,1,False,2025-05-08,2025-05-14,0.0027527118506921328,-0.0002472881493078673
ripple,2025-05-07,DNB.OL,newsweb,NONG.OL,1,1,False,2025-05-08,2025-05-14,-0.008408613459727276,-0.011408613459727275
drift_A,2025-05-07,TOM.OL,newsweb,TOM.OL,-1,-1,False,2025-05-08,2025-05-14,0.047727299425563086,0.04472729942556308
drift_A,2025-05-07,POL.OL,newsweb,POL.OL,1,1,False,2025-05-08,2025-05-14,-0.02679477753929109,-0.02979477753929109
drift_A,2025-05-07,ELO.OL,newsweb,ELO.OL,1,1,False,2025-05-08,2025-05-14,-0.019557730644216155,-0.022557730644216154
drift_A,2025-05-07,VEND.OL,newsweb,VEND.OL,1,1,False,2025-05-08,2025-05-14,-0.05383147645072263,-0.05683147645072263
drift_A,2025-05-07,SOFF.OL,newsweb,SOFF.OL,-1,-1,False,2025-05-08,2025-05-14,0.014887482579355724,0.011887482579355724
drift_A,2025-05-07,PEXIP.OL,newsweb,PEXIP.OL,1,1,False,2025-05-08,2025-05-14,0.11335708143279007,0.11035708143279006
drift_A,2025-05-07,AUSS.OL,newsweb,AUSS.OL,-1,-1,False,2025-05-08,2025-05-14,0.009195078938295524,0.0061950789382955234
ripple,2025-05-07,AUSS.OL,newsweb,VEND.OL,-1,-1,False,2025-05-08,2025-05-14,0.05383147645072263,0.050831476450722626
ripple,2025-05-07,AUSS.OL,newsweb,LSG.OL,-1,-1,False,2025-05-08,2025-05-14,-0.01079521384417963,-0.01379521384417963
ripple,2025-05-07,AUSS.OL,newsweb,SALM.OL,-1,-1,False,2025-05-08,2025-05-14,0.013417419947142673,0.010417419947142674
ripple,2025-05-07,AUSS.OL,newsweb,BAKKA.OL,-1,-1,False,2025-05-08,2025-05-14,0.01196264224513879,0.008962642245138791
ripple,2025-05-07,AUSS.OL,newsweb,GSF.OL,-1,-1,False,2025-05-08,2025-05-14,-0.023347654135165173,-0.026347654135165172
drift_A,2025-05-08,REACH.OL,newsweb,REACH.OL,1,1,False,2025-05-09,2025-05-15,-0.04060197429030349,-0.04360197429030349
drift_A,2025-05-08,MING.OL,newsweb,MING.OL,-1,-1,False,2025-05-09,2025-05-15,-0.005013621742488622,-0.008013621742488621
drift_A,2025-05-08,SPOL.OL,newsweb,SPOL.OL,-1,-1,False,2025-05-09,2025-05-15,-0.004104073891343898,-0.007104073891343898
drift_A,2025-05-08,VEI.OL,newsweb,VEI.OL,-1,-1,False,2025-05-09,2025-05-15,0.011325921926037708,0.008325921926037708
drift_A,2025-05-08,SCATC.OL,newsweb,SCATC.OL,1,1,False,2025-05-09,2025-05-15,-0.035868754065435014,-0.03886875406543502
drift_A,2025-05-08,NAS.OL,newsweb,NAS.OL,-1,-1,False,2025-05-09,2025-05-15,0.03948632203266263,0.036486322032662624
drift_A,2025-05-08,HELG.OL,newsweb,HELG.OL,1,1,False,2025-05-09,2025-05-15,-0.02942465030154525,-0.03242465030154525
drift_A,2025-05-08,KCC.OL,newsweb,KCC.OL,-1,-1,False,2025-05-09,2025-05-15,-0.03268318550592499,-0.035683185505924996
ripple,2025-05-08,KCC.OL,newsweb,HAFNI.OL,-1,-1,False,2025-05-09,2025-05-15,0.04749859345605546,0.04449859345605546
ripple,2025-05-08,KCC.OL,newsweb,MPCC.OL,-1,-1,False,2025-05-09,2025-05-15,-0.08086561670461859,-0.08386561670461859
ripple,2025-05-08,KCC.OL,newsweb,2020.OL,-1,-1,False,2025-05-09,2025-05-15,-0.009150481253742536,-0.012150481253742535
ripple,2025-05-08,KCC.OL,newsweb,FRO.OL,-1,-1,False,2025-05-09,2025-05-15,0.01691520022156524,0.013915200221565241
ripple,2025-05-08,KCC.OL,newsweb,BWLPG.OL,-1,-1,False,2025-05-09,2025-05-15,-0.04360533861011962,-0.046605338610119625
drift_A,2025-05-09,ORK.OL,newsweb,ORK.OL,-1,-1,False,2025-05-12,2025-05-16,0.0005667254115613524,-0.0024332745884386477
ripple,2025-05-09,ORK.OL,newsweb,LSG.OL,-1,-1,False,2025-05-12,2025-05-16,-0.05216254698671014,-0.055162546986710144
ripple,2025-05-09,ORK.OL,newsweb,ABG.OL,-1,-1,False,2025-05-12,2025-05-16,-0.009598478286138159,-0.012598478286138158
drift_A,2025-05-09,WWI.OL,newsweb,WWI.OL,1,1,False,2025-05-12,2025-05-16,0.03467544260409013,0.03167544260409013
ripple,2025-05-09,WWI.OL,newsweb,WAWI.OL,1,1,False,2025-05-12,2025-05-16,0.06703987490133556,0.06403987490133556
ripple,2025-05-09,WWI.OL,newsweb,MPCC.OL,1,1,False,2025-05-12,2025-05-16,0.06906032989297917,0.06606032989297916
drift_A,2025-05-09,MEDI.OL,newsweb,MEDI.OL,1,1,False,2025-05-12,2025-05-16,0.06890908223713939,0.06590908223713939
drift_A,2025-05-13,MULTI.OL,newsweb,MULTI.OL,-1,-1,False,2025-05-14,2025-05-20,0.005178793757566331,0.002178793757566331
drift_A,2025-05-13,SALME.OL,newsweb,SALME.OL,-1,-1,False,2025-05-14,2025-05-20,0.007909003871435033,0.004909003871435033
drift_A,2025-05-14,NORBT.OL,newsweb,NORBT.OL,1,1,False,2025-05-15,2025-05-21,0.10672602323314348,0.10372602323314348
drift_A,2025-05-14,POL.OL,newsweb,POL.OL,-1,-1,False,2025-05-15,2025-05-21,0.08638383851781822,0.08338383851781822
drift_A,2025-05-14,NORCO.OL,newsweb,NORCO.OL,-1,-1,False,2025-05-15,2025-05-21,0.002090547917341655,-0.0009094520826583453
drift_A,2025-05-14,LINK.OL,newsweb,LINK.OL,-1,-1,False,2025-05-15,2025-05-21,-0.000995259901300317,-0.003995259901300317
drift_A,2025-05-15,B2I.OL,newsweb,B2I.OL,1,1,False,2025-05-16,2025-05-22,0.052799047535007776,0.04979904753500777
drift_A,2025-05-15,ENDUR.OL,newsweb,ENDUR.OL,-1,-1,False,2025-05-16,2025-05-22,-0.0217035751537396,-0.0247035751537396
drift_A,2025-05-15,KID.OL,newsweb,KID.OL,-1,-1,False,2025-05-16,2025-05-22,0.02665228416365784,0.02365228416365784
drift_A,2025-05-15,LSG.OL,newsweb,LSG.OL,1,1,False,2025-05-16,2025-05-22,-0.02694577622236247,-0.02994577622236247
ripple,2025-05-15,LSG.OL,newsweb,BAKKA.OL,1,1,False,2025-05-16,2025-05-22,-0.03542691506848222,-0.038426915068482226
ripple,2025-05-15,LSG.OL,newsweb,GSF.OL,1,1,False,2025-05-16,2025-05-22,-0.03035282237534906,-0.03335282237534906
rebound,2025-05-15,LSG.OL,newsweb,ORK.OL,-1,1,False,2025-05-16,2025-05-22,-0.024016076241690356,-0.027016076241690355
rebound,2025-05-15,LSG.OL,newsweb,SALM.OL,-1,1,False,2025-05-16,2025-05-22,0.11151687653039609,0.10851687653039609
drift_A,2025-05-15,AUSS.OL,newsweb,AUSS.OL,1,1,False,2025-05-16,2025-05-22,-0.04128801510102996,-0.04428801510102996
ripple,2025-05-15,AUSS.OL,newsweb,BAKKA.OL,1,1,False,2025-05-16,2025-05-22,-0.03542691506848222,-0.038426915068482226
ripple,2025-05-15,AUSS.OL,newsweb,GSF.OL,1,1,False,2025-05-16,2025-05-22,-0.03035282237534906,-0.03335282237534906
ripple,2025-05-15,AUSS.OL,newsweb,MOWI.OL,1,1,False,2025-05-16,2025-05-22,-0.010746160851523426,-0.013746160851523425
ripple,2025-05-15,AUSS.OL,newsweb,VEND.OL,1,1,False,2025-05-16,2025-05-22,0.01571035092681237,0.012710350926812372
drift_A,2025-05-15,HAVI.OL,newsweb,HAVI.OL,1,1,False,2025-05-16,2025-05-22,-0.003554787488182838,-0.006554787488182838
drift_A,2025-05-15,HEX.OL,newsweb,HEX.OL,-1,-1,False,2025-05-16,2025-05-22,0.02333028380054629,0.02033028380054629
drift_A,2025-05-16,ODL.OL,newsweb,ODL.OL,1,1,False,2025-05-19,2025-05-23,-0.007154584186142468,-0.010154584186142467
ripple,2025-05-16,ODL.OL,newsweb,SUBC.OL,1,1,False,2025-05-19,2025-05-23,0.006437245483046729,0.0034372454830467287
ripple,2025-05-16,ODL.OL,newsweb,DNO.OL,1,1,False,2025-05-19,2025-05-23,-0.004710073699335435,-0.0077100736993354355
ripple,2025-05-16,ODL.OL,newsweb,AKRBP.OL,1,1,False,2025-05-19,2025-05-23,-0.004092184903498889,-0.007092184903498889
drift_A,2025-05-16,AFK.OL,newsweb,AFK.OL,-1,-1,False,2025-05-19,2025-05-23,0.006616570092771317,0.003616570092771317
drift_A,2025-05-16,ACR.OL,newsweb,ACR.OL,1,1,False,2025-05-19,2025-05-23,0.019836177804210896,0.016836177804210897
drift_A,2025-05-16,DOFG.OL,newsweb,DOFG.OL,1,1,False,2025-05-19,2025-05-23,-0.005810075897840113,-0.008810075897840112
ripple,2025-05-16,DOFG.OL,newsweb,SUBC.OL,1,1,False,2025-05-19,2025-05-23,0.006437245483046729,0.0034372454830467287
ripple,2025-05-16,DOFG.OL,newsweb,AKRBP.OL,1,1,False,2025-05-19,2025-05-23,-0.004092184903498889,-0.007092184903498889
drift_A,2025-05-19,NONG.OL,newsweb,NONG.OL,-1,-1,False,2025-05-20,2025-05-26,-0.000381869227098813,-0.003381869227098813
ripple,2025-05-19,NONG.OL,newsweb,SPOL.OL,-1,-1,False,2025-05-20,2025-05-26,0.003440183130469067,0.0004401831304690668
ripple,2025-05-19,NONG.OL,newsweb,MING.OL,-1,-1,False,2025-05-20,2025-05-26,0.002620770020053857,-0.0003792299799461429
ripple,2025-05-19,NONG.OL,newsweb,DNB.OL,-1,-1,False,2025-05-20,2025-05-26,-0.005769458467341341,-0.00876945846734134
ripple,2025-05-19,NONG.OL,newsweb,SBNOR.OL,-1,-1,False,2025-05-20,2025-05-26,-0.01316547214252753,-0.01616547214252753
drift_A,2025-05-19,PRS.OL,newsweb,PRS.OL,-1,-1,False,2025-05-20,2025-05-26,0.06878842085213693,0.06578842085213693
drift_A,2025-05-20,SALM.OL,newsweb,SALM.OL,-1,-1,False,2025-05-21,2025-05-27,0.004032832701484461,0.0010328327014844608
ripple,2025-05-20,SALM.OL,newsweb,MOWI.OL,-1,-1,False,2025-05-21,2025-05-27,-0.01393590997543739,-0.01693590997543739
ripple,2025-05-20,SALM.OL,newsweb,BAKKA.OL,-1,-1,False,2025-05-21,2025-05-27,-0.0009662412387630636,-0.003966241238763064
ripple,2025-05-20,SALM.OL,newsweb,LSG.OL,-1,-1,False,2025-05-21,2025-05-27,0.008240692082613427,0.005240692082613427
ripple,2025-05-20,SALM.OL,newsweb,AUSS.OL,-1,-1,False,2025-05-21,2025-05-27,-0.006262275915971206,-0.009262275915971206
ripple,2025-05-20,SALM.OL,newsweb,ORK.OL,-1,-1,False,2025-05-21,2025-05-27,-0.009591688114442122,-0.012591688114442123
drift_A,2025-05-21,ENDUR.OL,newsweb,ENDUR.OL,1,1,False,2025-05-22,2025-05-28,0.04954167290369275,0.046541672903692745
drift_A,2025-05-22,MPCC.OL,newsweb,MPCC.OL,-1,-1,True,2025-05-23,2025-05-30,-0.06487537348660986,-0.06787537348660987
ripple,2025-05-22,MPCC.OL,newsweb,HAUTO.OL,-1,-1,True,2025-05-23,2025-05-30,0.04845120802688832,0.04545120802688832
ripple,2025-05-22,MPCC.OL,newsweb,MAERSK-B.CO,-1,-1,True,2025-05-23,2025-06-02,0.0672527763012617,0.0642527763012617
ripple,2025-05-22,MPCC.OL,newsweb,WAWI.OL,-1,-1,True,2025-05-23,2025-05-30,0.026932999668626195,0.023932999668626196
ripple,2025-05-22,MPCC.OL,newsweb,2020.OL,-1,-1,True,2025-05-23,2025-05-30,-0.006459970208865393,-0.009459970208865392
ripple,2025-05-22,MPCC.OL,newsweb,HLAG.DE,-1,-1,True,2025-05-23,2025-05-29,0.09087988920467063,0.08787988920467063
drift_A,2025-05-23,BINT.OL,newsweb,BINT.OL,1,1,False,2025-05-26,2025-06-02,0.6486576764507347,0.6456576764507347
drift_A,2025-05-26,NAPA.OL,newsweb,NAPA.OL,1,1,False,2025-05-27,2025-06-03,0.053702745411259245,0.05070274541125924
drift_A,2025-05-27,ENH.OL,newsweb,ENH.OL,1,1,False,2025-05-28,2025-06-04,0.02103417389687392,0.01803417389687392
drift_A,2025-06-04,NONG.OL,newsweb,NONG.OL,1,1,False,2025-06-05,2025-06-12,-0.023912806900283256,-0.026912806900283255
ripple,2025-06-04,NONG.OL,newsweb,MING.OL,1,1,False,2025-06-05,2025-06-12,-0.012955996646680915,-0.015955996646680914
ripple,2025-06-04,NONG.OL,newsweb,DNB.OL,1,1,False,2025-06-05,2025-06-12,0.00904092883448615,0.00604092883448615
drift_A,2025-06-06,HAUTO.OL,newsweb,HAUTO.OL,1,1,False,2025-06-10,2025-06-16,-0.043840529715930124,-0.046840529715930126
ripple,2025-06-06,HAUTO.OL,newsweb,FRO.OL,1,1,False,2025-06-10,2025-06-16,0.029277140257176898,0.0262771402571769
ripple,2025-06-06,HAUTO.OL,newsweb,KCC.OL,1,1,False,2025-06-10,2025-06-16,-0.01828337155922725,-0.02128337155922725
ripple,2025-06-06,HAUTO.OL,newsweb,OET.OL,1,1,False,2025-06-10,2025-06-16,0.02222759533228082,0.01922759533228082
ripple,2025-06-06,HAUTO.OL,newsweb,MPCC.OL,1,1,False,2025-06-10,2025-06-16,-0.005458305014084289,-0.008458305014084289
rebound,2025-06-06,HAUTO.OL,newsweb,WAWI.OL,-1,1,False,2025-06-10,2025-06-16,0.02872677228623449,0.02572677228623449
rebound,2025-06-06,HAUTO.OL,newsweb,WWI.OL,-1,1,False,2025-06-10,2025-06-16,0.009272033912398777,0.006272033912398777
rebound,2025-06-06,HAUTO.OL,newsweb,SNI.OL,-1,1,False,2025-06-10,2025-06-16,0.034422181483628696,0.03142218148362869
drift_A,2025-06-10,OKEA.OL,newsweb,OKEA.OL,1,1,False,2025-06-11,2025-06-17,0.07823596703759919,0.07523596703759919
rebound,2025-06-10,OKEA.OL,newsweb,DNO.OL,-1,1,False,2025-06-11,2025-06-17,-0.08749837205690203,-0.09049837205690203
rebound,2025-06-10,OKEA.OL,newsweb,VAR.OL,-1,1,False,2025-06-11,2025-06-17,-0.07491007903432771,-0.07791007903432771
rebound,2025-06-10,OKEA.OL,newsweb,AKRBP.OL,-1,1,False,2025-06-11,2025-06-17,-0.09130821070040497,-0.09430821070040497
rebound,2025-06-10,OKEA.OL,newsweb,EQNR.OL,-1,1,False,2025-06-11,2025-06-17,-0.08715891390531531,-0.09015891390531532
rebound,2025-06-10,OKEA.OL,newsweb,ENI.MI,-1,1,False,2025-06-11,2025-06-17,-0.03566486101843266,-0.03866486101843266
drift_A,2025-06-10,SUBC.OL,newsweb,SUBC.OL,1,1,False,2025-06-11,2025-06-17,0.007634771889557843,0.0046347718895578425
ripple,2025-06-10,SUBC.OL,newsweb,DOFG.OL,1,1,False,2025-06-11,2025-06-17,0.0017554459152558247,-0.0012445540847441754
ripple,2025-06-10,SUBC.OL,newsweb,BWE.OL,1,1,False,2025-06-11,2025-06-17,0.10346648773275362,0.10046648773275361
rebound,2025-06-10,SUBC.OL,newsweb,ODL.OL,-1,1,False,2025-06-11,2025-06-17,-0.036405982117538746,-0.03940598211753875
rebound,2025-06-10,SUBC.OL,newsweb,VAR.OL,-1,1,False,2025-06-11,2025-06-17,-0.07491007903432771,-0.07791007903432771
rebound,2025-06-10,SUBC.OL,newsweb,AKRBP.OL,-1,1,False,2025-06-11,2025-06-17,-0.09130821070040497,-0.09430821070040497
rebound,2025-06-10,SUBC.OL,newsweb,AKSO.OL,-1,1,False,2025-06-11,2025-06-17,-0.04900785415345827,-0.05200785415345827
rebound,2025-06-10,SUBC.OL,newsweb,TGS.OL,-1,1,False,2025-06-11,2025-06-17,-0.02609621888484761,-0.02909621888484761
drift_A,2025-06-11,ORK.OL,newsweb,ORK.OL,-1,-1,False,2025-06-12,2025-06-18,0.01831076030664321,0.01531076030664321
ripple,2025-06-11,ORK.OL,newsweb,TEL.OL,-1,-1,False,2025-06-12,2025-06-18,0.0026312346902919153,-0.00036876530970808476
ripple,2025-06-11,ORK.OL,newsweb,LSG.OL,-1,-1,False,2025-06-12,2025-06-18,0.028847128769024764,0.025847128769024764
drift_A,2025-06-12,ZAL.OL,newsweb,ZAL.OL,-1,-1,False,2025-06-13,2025-06-19,0.0026224041761443427,-0.0003775958238556574
drift_A,2025-06-16,TRMED.OL,newsweb,TRMED.OL,1,1,False,2025-06-17,2025-06-23,-0.17240150653723527,-0.17540150653723527
drift_A,2025-06-17,BAKKA.OL,newsweb,BAKKA.OL,-1,-1,False,2025-06-18,2025-06-24,-0.006883098576634626,-0.009883098576634625
ripple,2025-06-17,BAKKA.OL,newsweb,GSF.OL,-1,-1,False,2025-06-18,2025-06-24,-0.09316467903642064,-0.09616467903642065
ripple,2025-06-17,BAKKA.OL,newsweb,LSG.OL,-1,-1,False,2025-06-18,2025-06-24,-0.04010920803773997,-0.043109208037739974
ripple,2025-06-17,BAKKA.OL,newsweb,AUSS.OL,-1,-1,False,2025-06-18,2025-06-24,-0.03260150016124033,-0.035601500161240335
drift_A,2025-06-18,ACR.OL,newsweb,ACR.OL,1,1,False,2025-06-19,2025-06-25,0.08562399190945905,0.08262399190945904
drift_A,2025-06-19,DNB.OL,newsweb,DNB.OL,-1,-1,False,2025-06-20,2025-06-26,-0.013933227310273428,-0.016933227310273427
ripple,2025-06-19,DNB.OL,newsweb,RING.OL,-1,-1,False,2025-06-20,2025-06-26,0.012895339404514313,0.009895339404514314
ripple,2025-06-19,DNB.OL,newsweb,SEB-A.ST,-1,-1,False,2025-06-23,2025-06-27,-0.015387366970089848,-0.018387366970089847
ripple,2025-06-19,DNB.OL,newsweb,SWED-A.ST,-1,-1,False,2025-06-23,2025-06-27,-0.024873329284388054,-0.027873329284388054
drift_A,2025-06-19,NONG.OL,newsweb,NONG.OL,-1,-1,False,2025-06-20,2025-06-26,-0.013879554922841522,-0.016879554922841523
drift_A,2025-06-19,TRMED.OL,newsweb,TRMED.OL,-1,-1,False,2025-06-20,2025-06-26,0.004716801089262137,0.0017168010892621372
drift_A,2025-06-19,SBNOR.OL,newsweb,SBNOR.OL,-1,-1,False,2025-06-20,2025-06-26,-0.03174928519221479,-0.03474928519221479
drift_A,2025-06-24,TOM.OL,newsweb,TOM.OL,1,1,False,2025-06-25,2025-07-01,-0.08674472690449223,-0.08974472690449223
drift_A,2025-06-24,LINK.OL,newsweb,LINK.OL,1,1,False,2025-06-25,2025-07-01,0.01499291206001956,0.01199291206001956
drift_A,2025-06-26,TOM.OL,newsweb,TOM.OL,-1,-1,False,2025-06-27,2025-07-03,-0.010906578731411244,-0.013906578731411243
drift_A,2025-06-26,HEX.OL,newsweb,HEX.OL,1,1,False,2025-06-27,2025-07-03,-0.0037693130526186003,-0.0067693130526186
drift_A,2025-07-02,ATEA.OL,newsweb,ATEA.OL,-1,-1,False,2025-07-03,2025-07-09,-0.004851331036310927,-0.007851331036310926
drift_A,2025-07-02,TGS.OL,newsweb,TGS.OL,1,1,False,2025-07-03,2025-07-09,-0.10007688376772975,-0.10307688376772975
ripple,2025-07-02,TGS.OL,newsweb,BWE.OL,1,1,False,2025-07-03,2025-07-09,0.015213762434932134,0.012213762434932135
ripple,2025-07-02,TGS.OL,newsweb,DOFG.OL,1,1,False,2025-07-03,2025-07-09,-0.005859243201054971,-0.00885924320105497
ripple,2025-07-02,TGS.OL,newsweb,PEN.OL,1,1,False,2025-07-03,2025-07-09,-0.019187765978034194,-0.022187765978034193
ripple,2025-07-02,TGS.OL,newsweb,AKRBP.OL,1,1,False,2025-07-03,2025-07-09,-0.019802371756043026,-0.022802371756043025
drift_A,2025-07-02,NORCO.OL,newsweb,NORCO.OL,-1,-1,False,2025-07-03,2025-07-09,-0.052374342262198295,-0.0553743422621983
drift_A,2025-07-03,SNI.OL,newsweb,SNI.OL,1,1,False,2025-07-04,2025-07-10,-0.006761967107895582,-0.009761967107895581
ripple,2025-07-03,SNI.OL,newsweb,WAWI.OL,1,1,False,2025-07-04,2025-07-10,0.029540008747387266,0.026540008747387267
ripple,2025-07-03,SNI.OL,newsweb,HAFNI.OL,1,1,False,2025-07-04,2025-07-10,0.009215446175612988,0.006215446175612988
ripple,2025-07-03,SNI.OL,newsweb,BWLPG.OL,1,1,False,2025-07-04,2025-07-10,0.03467478919973711,0.03167478919973711
rebound,2025-07-03,SNI.OL,newsweb,OET.OL,-1,1,False,2025-07-04,2025-07-10,0.026588676223573166,0.023588676223573166
rebound,2025-07-03,SNI.OL,newsweb,KCC.OL,-1,1,False,2025-07-04,2025-07-10,-0.06430434545111977,-0.06730434545111977
drift_A,2025-07-07,KID.OL,newsweb,KID.OL,-1,-1,False,2025-07-08,2025-07-14,0.01118235919422408,0.008182359194224081
drift_A,2025-07-08,TGS.OL,newsweb,TGS.OL,-1,-1,False,2025-07-09,2025-07-15,-0.0011932626290959772,-0.004193262629095977
ripple,2025-07-08,TGS.OL,newsweb,BWE.OL,-1,-1,False,2025-07-09,2025-07-15,0.03545773804269102,0.03245773804269102
ripple,2025-07-08,TGS.OL,newsweb,AKRBP.OL,-1,-1,False,2025-07-09,2025-07-15,0.04458554774844006,0.04158554774844006
ripple,2025-07-08,TGS.OL,newsweb,DOFG.OL,-1,-1,False,2025-07-09,2025-07-15,-0.01867221637673244,-0.021672216376732438
ripple,2025-07-08,TGS.OL,newsweb,PEN.OL,-1,-1,False,2025-07-09,2025-07-15,0.009238948910858582,0.0062389489108585815
ripple,2025-07-08,TGS.OL,newsweb,OKEA.OL,-1,-1,False,2025-07-09,2025-07-15,0.024805751126554566,0.021805751126554567
drift_A,2025-07-09,KOG.OL,newsweb,KOG.OL,-1,-1,False,2025-07-10,2025-07-16,0.033107829478919416,0.030107829478919417
drift_A,2025-07-09,AKSO.OL,newsweb,AKSO.OL,1,1,False,2025-07-10,2025-07-16,-0.20396524006681382,-0.20696524006681383
ripple,2025-07-09,AKSO.OL,newsweb,AKRBP.OL,1,1,False,2025-07-10,2025-07-16,-0.06720221344962363,-0.07020221344962363
ripple,2025-07-09,AKSO.OL,newsweb,SUBC.OL,1,1,False,2025-07-10,2025-07-16,-0.006649832225259417,-0.009649832225259416
drift_A,2025-07-10,EPR.OL,newsweb,EPR.OL,1,1,False,2025-07-11,2025-07-17,0.03767320473931159,0.03467320473931159
drift_A,2025-07-11,STB.OL,newsweb,STB.OL,1,1,False,2025-07-14,2025-07-18,0.009278085842754056,0.006278085842754056
ripple,2025-07-11,STB.OL,newsweb,DNB.OL,1,1,False,2025-07-14,2025-07-18,-0.00370193049096824,-0.00670193049096824
ripple,2025-07-11,STB.OL,newsweb,SHB-A.ST,1,1,False,2025-07-14,2025-07-18,-0.0742917813184413,-0.0772917813184413
ripple,2025-07-11,STB.OL,newsweb,SBNOR.OL,1,1,False,2025-07-14,2025-07-18,-0.007053353288356372,-0.010053353288356371
drift_A,2025-07-11,DNB.OL,newsweb,DNB.OL,-1,-1,False,2025-07-14,2025-07-18,0.00370193049096824,0.0007019304909682399
ripple,2025-07-11,DNB.OL,newsweb,STB.OL,-1,-1,False,2025-07-14,2025-07-18,-0.009278085842754056,-0.012278085842754055
ripple,2025-07-11,DNB.OL,newsweb,MING.OL,-1,-1,False,2025-07-14,2025-07-18,0.00790310428994571,0.004903104289945709
ripple,2025-07-11,DNB.OL,newsweb,SBNOR.OL,-1,-1,False,2025-07-14,2025-07-18,0.007053353288356372,0.004053353288356372
drift_A,2025-07-11,GJF.OL,newsweb,GJF.OL,1,1,False,2025-07-14,2025-07-18,0.001209679806718579,-0.001790320193281421
drift_A,2025-07-11,NAS.OL,newsweb,NAS.OL,1,1,False,2025-07-14,2025-07-18,0.010983361620156255,0.007983361620156254
ripple,2025-07-11,NAS.OL,newsweb,SATS.OL,1,1,False,2025-07-14,2025-07-18,-0.007448232066511394,-0.010448232066511395
ripple,2025-07-11,NAS.OL,newsweb,BNP.PA,1,1,False,2025-07-14,2025-07-18,0.02491251957832531,0.02191251957832531
drift_A,2025-07-11,NONG.OL,newsweb,NONG.OL,-1,-1,False,2025-07-14,2025-07-18,0.006541911066914038,0.0035419110669140377
drift_A,2025-07-11,PROT.OL,newsweb,PROT.OL,1,1,False,2025-07-14,2025-07-18,0.029258268230163406,0.026258268230163407
drift_A,2025-07-11,AKSO.OL,newsweb,AKSO.OL,-1,-1,False,2025-07-14,2025-07-18,0.08813968056321489,0.08513968056321489
ripple,2025-07-11,AKSO.OL,newsweb,AKRBP.OL,-1,-1,False,2025-07-14,2025-07-18,0.05689410756042124,0.05389410756042124
ripple,2025-07-11,AKSO.OL,newsweb,SUBC.OL,-1,-1,False,2025-07-14,2025-07-18,-0.008807828766740059,-0.01180782876674006
ripple,2025-07-11,AKSO.OL,newsweb,VAR.OL,-1,-1,False,2025-07-14,2025-07-18,0.0025563410087574337,-0.0004436589912425663
ripple,2025-07-11,AKSO.OL,newsweb,EQNR.OL,-1,-1,False,2025-07-14,2025-07-18,0.029444980898035808,0.02644498089803581
drift_A,2025-07-11,ELK.OL,newsweb,ELK.OL,-1,-1,False,2025-07-14,2025-07-18,-0.09334475312706361,-0.09634475312706361
drift_A,2025-07-14,SMOP.OL,newsweb,SMOP.OL,1,1,False,2025-07-15,2025-07-21,-0.029146615608912373,-0.032146615608912375
drift_A,2025-07-14,SOFF.OL,newsweb,SOFF.OL,1,1,False,2025-07-15,2025-07-21,0.037981116183086,0.034981116183086
drift_A,2025-07-15,AKRBP.OL,newsweb,AKRBP.OL,-1,-1,False,2025-07-16,2025-07-22,0.0047623617481116634,0.0017623617481116634
ripple,2025-07-15,AKRBP.OL,newsweb,VAR.OL,-1,-1,False,2025-07-16,2025-07-22,0.009904175081616623,0.0069041750816166226
ripple,2025-07-15,AKRBP.OL,newsweb,OKEA.OL,-1,-1,False,2025-07-16,2025-07-22,-0.02110511996944668,-0.02410511996944668
ripple,2025-07-15,AKRBP.OL,newsweb,PEN.OL,-1,-1,False,2025-07-16,2025-07-22,-0.0032792640365715397,-0.00627926403657154
ripple,2025-07-15,AKRBP.OL,newsweb,BWE.OL,-1,-1,False,2025-07-16,2025-07-22,-0.007397807017180491,-0.010397807017180492
ripple,2025-07-15,AKRBP.OL,newsweb,SUBC.OL,-1,-1,False,2025-07-16,2025-07-22,-0.01704266567924477,-0.02004266567924477
drift_A,2025-07-15,MOWI.OL,newsweb,MOWI.OL,1,1,False,2025-07-16,2025-07-22,-0.016484248258862313,-0.019484248258862313
ripple,2025-07-15,MOWI.OL,newsweb,BAKKA.OL,1,1,False,2025-07-16,2025-07-22,-0.017117421557105796,-0.020117421557105795
ripple,2025-07-15,MOWI.OL,newsweb,GSF.OL,1,1,False,2025-07-16,2025-07-22,0.03559223527587291,0.032592235275872905
ripple,2025-07-15,MOWI.OL,newsweb,EPR.OL,1,1,False,2025-07-16,2025-07-22,-0.012553205147899557,-0.015553205147899558
ripple,2025-07-15,MOWI.OL,newsweb,ORK.OL,1,1,False,2025-07-16,2025-07-22,-0.0008803832131531917,-0.0038803832131531915
drift_A,2025-07-15,NSKOG.OL,newsweb,NSKOG.OL,1,1,False,2025-07-16,2025-07-22,-0.04842954077468574,-0.05142954077468574
drift_A,2025-07-16,ATEA.OL,newsweb,ATEA.OL,-1,-1,False,2025-07-17,2025-07-23,0.02496679854468099,0.02196679854468099
drift_A,2025-07-16,BAKKA.OL,newsweb,BAKKA.OL,-1,-1,False,2025-07-17,2025-07-23,-0.06448069865741587,-0.06748069865741588
ripple,2025-07-16,BAKKA.OL,newsweb,LSG.OL,-1,-1,False,2025-07-17,2025-07-23,-0.029571372758063635,-0.032571372758063634
ripple,2025-07-16,BAKKA.OL,newsweb,SALM.OL,-1,-1,False,2025-07-17,2025-07-23,-0.04319511324458352,-0.04619511324458352
ripple,2025-07-16,BAKKA.OL,newsweb,GSF.OL,-1,-1,False,2025-07-17,2025-07-23,0.08121010098018068,0.07821010098018068
ripple,2025-07-16,BAKKA.OL,newsweb,MOWI.OL,-1,-1,False,2025-07-17,2025-07-23,0.00041927764115087405,-0.002580722358849126
ripple,2025-07-16,BAKKA.OL,newsweb,AUSS.OL,-1,-1,False,2025-07-17,2025-07-23,-0.03495280776730466,-0.03795280776730466
drift_A,2025-07-16,BRG.OL,newsweb,BRG.OL,-1,-1,False,2025-07-17,2025-07-23,-0.013394738788342193,-0.016394738788342193
drift_A,2025-07-17,SOFF.OL,newsweb,SOFF.OL,-1,-1,False,2025-07-18,2025-07-24,0.0005287770927516118,-0.0024712229072483883
drift_A,2025-07-17,TOM.OL,newsweb,TOM.OL,-1,-1,False,2025-07-18,2025-07-24,0.014270629421020684,0.011270629421020684
drift_A,2025-07-17,TGS.OL,newsweb,TGS.OL,-1,-1,False,2025-07-18,2025-07-24,-0.0476071099126429,-0.0506071099126429
ripple,2025-07-17,TGS.OL,newsweb,PEN.OL,-1,-1,False,2025-07-18,2025-07-24,-0.029272292747218296,-0.032272292747218295
ripple,2025-07-17,TGS.OL,newsweb,OKEA.OL,-1,-1,False,2025-07-18,2025-07-24,-0.010221082023708531,-0.01322108202370853
ripple,2025-07-17,TGS.OL,newsweb,SUBC.OL,-1,-1,False,2025-07-18,2025-07-24,-0.03780370079051335,-0.040803700790513354
ripple,2025-07-17,TGS.OL,newsweb,EQNR.OL,-1,-1,False,2025-07-18,2025-07-24,0.024834711012657877,0.021834711012657878
drift_A,2025-07-18,VEND.OL,newsweb,VEND.OL,1,1,False,2025-07-21,2025-07-25,0.04795491030130634,0.044954910301306335
ripple,2025-07-18,VEND.OL,newsweb,PEXIP.OL,1,1,False,2025-07-21,2025-07-25,-0.02552056675088886,-0.02852056675088886
ripple,2025-07-18,VEND.OL,newsweb,ELO.OL,1,1,False,2025-07-21,2025-07-25,0.038606803129467085,0.03560680312946708
drift_A,2025-07-18,MPCC.OL,newsweb,MPCC.OL,1,1,False,2025-07-21,2025-07-25,0.019126647751628197,0.016126647751628198
ripple,2025-07-18,MPCC.OL,newsweb,HLAG.DE,1,1,False,2025-07-21,2025-07-25,0.05029310289301196,0.04729310289301196
ripple,2025-07-18,MPCC.OL,newsweb,FRO.OL,1,1,False,2025-07-21,2025-07-25,0.0067486510147954214,0.0037486510147954214
ripple,2025-07-18,MPCC.OL,newsweb,HAUTO.OL,1,1,False,2025-07-21,2025-07-25,0.03214544799832297,0.029145447998322967
ripple,2025-07-18,MPCC.OL,newsweb,KCC.OL,1,1,False,2025-07-21,2025-07-25,0.022636975243996636,0.019636975243996636
ripple,2025-07-18,MPCC.OL,newsweb,2020.OL,1,1,False,2025-07-21,2025-07-25,0.01296538949822517,0.009965389498225171
drift_A,2025-07-21,B2I.OL,newsweb,B2I.OL,1,1,False,2025-07-22,2025-07-28,-0.0639958553977152,-0.0669958553977152
drift_A,2025-07-22,NHY.OL,newsweb,NHY.OL,1,1,False,2025-07-23,2025-07-29,-0.00040501833406227875,-0.003405018334062279
ripple,2025-07-22,NHY.OL,newsweb,SKF-B.ST,1,1,False,2025-07-23,2025-07-29,-0.0070532805847236014,-0.0100532805847236
ripple,2025-07-22,NHY.OL,newsweb,SIE.DE,1,1,False,2025-07-23,2025-07-29,-0.005957775510413051,-0.00895777551041305
ripple,2025-07-22,NHY.OL,newsweb,BMW.DE,1,1,False,2025-07-23,2025-07-29,-0.00023858037937261184,-0.003238580379372612
ripple,2025-07-22,NHY.OL,newsweb,MBG.DE,1,1,False,2025-07-23,2025-07-29,0.002803630854563425,-0.00019636914543657517
ripple,2025-07-22,NHY.OL,newsweb,SAND.ST,1,1,False,2025-07-23,2025-07-29,0.03471798763840577,0.03171798763840577
drift_A,2025-07-23,SAP.DE,gdelt,SAP.DE,-1,-1,False,2025-07-24,2025-07-30,-0.030703505761963602,-0.033703505761963605
ripple,2025-07-23,SAP.DE,gdelt,SIE.DE,-1,-1,False,2025-07-24,2025-07-30,-0.005552570079253939,-0.00855257007925394
ripple,2025-07-23,SAP.DE,gdelt,SKF-B.ST,-1,-1,False,2025-07-24,2025-07-30,0.03734955916312289,0.034349559163122885
ripple,2025-07-23,SAP.DE,gdelt,ASML.AS,-1,-1,False,2025-07-24,2025-07-30,-0.04401616856590844,-0.04701616856590844
ripple,2025-07-23,SAP.DE,gdelt,DSV.CO,-1,-1,False,2025-07-24,2025-07-30,-0.022575743885194326,-0.025575743885194326
ripple,2025-07-23,SAP.DE,gdelt,SAN.MC,-1,-1,False,2025-07-24,2025-07-30,-0.0405839555633488,-0.043583955563348806
drift_A,2025-08-07,SBO.OL,newsweb,SBO.OL,-1,-1,False,2025-08-08,2025-08-14,0.00427404850292506,0.00127404850292506
drift_A,2025-08-08,MING.OL,newsweb,MING.OL,-1,-1,False,2025-08-11,2025-08-15,-0.014576120777434311,-0.017576120777434312
ripple,2025-08-08,MING.OL,newsweb,RING.OL,-1,-1,False,2025-08-11,2025-08-15,-0.0180696377397014,-0.0210696377397014
ripple,2025-08-08,MING.OL,newsweb,DNB.OL,-1,-1,False,2025-08-11,2025-08-15,-0.011120274939050665,-0.014120274939050666
drift_A,2025-08-08,SPOL.OL,newsweb,SPOL.OL,-1,-1,False,2025-08-11,2025-08-15,-0.004286230017636887,-0.007286230017636887
drift_A,2025-08-12,WAWI.OL,newsweb,WAWI.OL,1,1,False,2025-08-13,2025-08-19,-0.018422654890637925,-0.021422654890637924
ripple,2025-08-12,WAWI.OL,newsweb,HAUTO.OL,1,1,False,2025-08-13,2025-08-19,-0.03379193489612528,-0.03679193489612528
ripple,2025-08-12,WAWI.OL,newsweb,MPCC.OL,1,1,False,2025-08-13,2025-08-19,-0.047404519659936674,-0.05040451965993668
ripple,2025-08-12,WAWI.OL,newsweb,FRO.OL,1,1,False,2025-08-13,2025-08-19,0.0042782546685186384,0.0012782546685186384
ripple,2025-08-12,WAWI.OL,newsweb,HAFNI.OL,1,1,False,2025-08-13,2025-08-19,0.013287624183205102,0.010287624183205103
ripple,2025-08-12,WAWI.OL,newsweb,SNI.OL,1,1,False,2025-08-13,2025-08-19,0.006197016252334389,0.003197016252334389
drift_A,2025-08-12,SBNOR.OL,newsweb,SBNOR.OL,1,1,False,2025-08-13,2025-08-19,-0.006447392264722209,-0.009447392264722208
ripple,2025-08-12,SBNOR.OL,newsweb,NONG.OL,1,1,False,2025-08-13,2025-08-19,0.002604471327618562,-0.0003955286723814379
ripple,2025-08-12,SBNOR.OL,newsweb,MING.OL,1,1,False,2025-08-13,2025-08-19,-0.0022256679412337435,-0.0052256679412337435
ripple,2025-08-12,SBNOR.OL,newsweb,DNB.OL,1,1,False,2025-08-13,2025-08-19,0.007655050181338413,0.004655050181338413
ripple,2025-08-12,SBNOR.OL,newsweb,SPOL.OL,1,1,False,2025-08-13,2025-08-19,0.016880579990234106,0.013880579990234107
ripple,2025-08-12,SBNOR.OL,newsweb,PARB.OL,1,1,False,2025-08-13,2025-08-19,-0.012693048485951625,-0.015693048485951624
drift_A,2025-08-12,KOA.OL,newsweb,KOA.OL,1,1,False,2025-08-13,2025-08-19,0.10384886349813148,0.10084886349813148
drift_A,2025-08-13,NOD.OL,newsweb,NOD.OL,1,1,False,2025-08-14,2025-08-20,0.0010572445287995497,-0.0019427554712004504
drift_A,2025-08-14,VEI.OL,newsweb,VEI.OL,-1,-1,False,2025-08-15,2025-08-21,0.004812733954511024,0.0018127339545110236
drift_A,2025-08-14,PEXIP.OL,newsweb,PEXIP.OL,1,1,False,2025-08-15,2025-08-21,-0.02529050693538556,-0.02829050693538556
ripple,2025-08-14,PEXIP.OL,newsweb,NORBT.OL,1,1,False,2025-08-15,2025-08-21,-0.05558027007775926,-0.05858027007775926
ripple,2025-08-14,PEXIP.OL,newsweb,VEND.OL,1,1,False,2025-08-15,2025-08-21,-0.028997031040534228,-0.03199703104053423
drift_A,2025-08-14,AUTO.OL,newsweb,AUTO.OL,1,1,False,2025-08-15,2025-08-21,-0.09345081253125262,-0.09645081253125262
drift_A,2025-08-14,HLAG.DE,gdelt,HLAG.DE,-1,-1,False,2025-08-15,2025-08-21,0.025180994886633258,0.02218099488663326
drift_A,2025-08-14,HEX.OL,newsweb,HEX.OL,-1,-1,False,2025-08-15,2025-08-21,0.025721655829803746,0.022721655829803747
drift_A,2025-08-15,SOAG.OL,newsweb,SOAG.OL,1,1,False,2025-08-18,2025-08-22,-0.019121987504891604,-0.022121987504891603
drift_A,2025-08-19,ODL.OL,newsweb,ODL.OL,1,1,False,2025-08-20,2025-08-26,0.002077398533901549,-0.000922601466098451
ripple,2025-08-19,ODL.OL,newsweb,AKRBP.OL,1,1,False,2025-08-20,2025-08-26,0.05140712783449859,0.04840712783449859
ripple,2025-08-19,ODL.OL,newsweb,VAR.OL,1,1,False,2025-08-20,2025-08-26,0.04335188696042439,0.04035188696042439
ripple,2025-08-19,ODL.OL,newsweb,DNO.OL,1,1,False,2025-08-20,2025-08-26,0.0630293988973082,0.0600293988973082
ripple,2025-08-19,ODL.OL,newsweb,SUBC.OL,1,1,False,2025-08-20,2025-08-26,0.017730309546915367,0.014730309546915368
ripple,2025-08-19,ODL.OL,newsweb,PEN.OL,1,1,False,2025-08-20,2025-08-26,0.06027589369582075,0.05727589369582075
drift_A,2025-08-19,MULTI.OL,newsweb,MULTI.OL,-1,-1,False,2025-08-20,2025-08-26,0.042346444734008365,0.03934644473400836
drift_A,2025-08-19,SOAG.OL,newsweb,SOAG.OL,1,1,False,2025-08-20,2025-08-26,-0.03470877711763389,-0.037708777117633895
drift_A,2025-08-20,LINK.OL,newsweb,LINK.OL,-1,-1,False,2025-08-21,2025-08-27,0.0655726953984341,0.0625726953984341
drift_A,2025-08-20,MEDI.OL,newsweb,MEDI.OL,1,1,False,2025-08-21,2025-08-27,-0.031137225284757063,-0.034137225284757065
drift_A,2025-08-20,AUSS.OL,newsweb,AUSS.OL,-1,-1,False,2025-08-21,2025-08-27,0.027667517779541476,0.024667517779541476
ripple,2025-08-20,AUSS.OL,newsweb,LSG.OL,-1,-1,False,2025-08-21,2025-08-27,0.01678716445584612,0.013787164455846122
ripple,2025-08-20,AUSS.OL,newsweb,SALM.OL,-1,-1,False,2025-08-21,2025-08-27,-0.01774534932068124,-0.020745349320681238
ripple,2025-08-20,AUSS.OL,newsweb,MOWI.OL,-1,-1,False,2025-08-21,2025-08-27,0.0022084528153583386,-0.0007915471846416614
ripple,2025-08-20,AUSS.OL,newsweb,BAKKA.OL,-1,-1,False,2025-08-21,2025-08-27,0.02403507786696725,0.02103507786696725
ripple,2025-08-20,AUSS.OL,newsweb,ORK.OL,-1,-1,False,2025-08-21,2025-08-27,0.023916224577372205,0.020916224577372206
drift_A,2025-08-20,NORCO.OL,newsweb,NORCO.OL,1,1,False,2025-08-21,2025-08-27,0.008264423106488518,0.0052644231064885175
drift_A,2025-08-21,B2I.OL,newsweb,B2I.OL,-1,-1,False,2025-08-22,2025-08-28,-0.0358149294401428,-0.0388149294401428
drift_A,2025-08-21,ALNG.OL,newsweb,ALNG.OL,-1,-1,False,2025-08-22,2025-08-28,-0.08070566903363827,-0.08370566903363827
drift_A,2025-08-21,ENDUR.OL,newsweb,ENDUR.OL,1,1,False,2025-08-22,2025-08-28,-0.05133257574951463,-0.05433257574951463
drift_A,2025-08-21,PEN.OL,newsweb,PEN.OL,1,1,False,2025-08-22,2025-08-28,-0.04813910032368918,-0.05113910032368918
ripple,2025-08-21,PEN.OL,newsweb,OKEA.OL,1,1,False,2025-08-22,2025-08-28,0.03906081365166484,0.03606081365166484
ripple,2025-08-21,PEN.OL,newsweb,VAR.OL,1,1,False,2025-08-22,2025-08-28,0.0075720285405245676,0.0045720285405245675
ripple,2025-08-21,PEN.OL,newsweb,BWE.OL,1,1,False,2025-08-22,2025-08-28,-0.07301923992698399,-0.07601923992698399
ripple,2025-08-21,PEN.OL,newsweb,EQNR.OL,1,1,False,2025-08-22,2025-08-28,-0.03634569909795607,-0.03934569909795607
ripple,2025-08-21,PEN.OL,newsweb,AKRBP.OL,1,1,False,2025-08-22,2025-08-28,-0.007303661192567242,-0.010303661192567242
drift_A,2025-08-21,DNO.OL,newsweb,DNO.OL,1,1,False,2025-08-22,2025-08-28,-0.016182102721355868,-0.019182102721355867
ripple,2025-08-21,DNO.OL,newsweb,EQNR.OL,1,1,False,2025-08-22,2025-08-28,-0.03634569909795607,-0.03934569909795607
ripple,2025-08-21,DNO.OL,newsweb,VAR.OL,1,1,False,2025-08-22,2025-08-28,0.0075720285405245676,0.0045720285405245675
ripple,2025-08-21,DNO.OL,newsweb,BNOR.OL,1,1,False,2025-08-22,2025-08-28,-0.006472335364266954,-0.009472335364266955
ripple,2025-08-21,DNO.OL,newsweb,OKEA.OL,1,1,False,2025-08-22,2025-08-28,0.03906081365166484,0.03606081365166484
ripple,2025-08-21,DNO.OL,newsweb,BWE.OL,1,1,False,2025-08-22,2025-08-28,-0.07301923992698399,-0.07601923992698399
drift_A,2025-08-21,SALM.OL,newsweb,SALM.OL,1,1,False,2025-08-22,2025-08-28,0.003532575888544994,0.0005325758885449941
ripple,2025-08-21,SALM.OL,newsweb,LSG.OL,1,1,False,2025-08-22,2025-08-28,-0.011858928259061268,-0.01485892825906127
ripple,2025-08-21,SALM.OL,newsweb,AUSS.OL,1,1,False,2025-08-22,2025-08-28,-0.01872436565474061,-0.021724365654740608
ripple,2025-08-21,SALM.OL,newsweb,GSF.OL,1,1,False,2025-08-22,2025-08-28,-0.009188811485375417,-0.012188811485375418
drift_A,2025-08-22,HAUTO.OL,newsweb,HAUTO.OL,1,1,False,2025-08-25,2025-08-29,0.038009986565919,0.035009986565919
ripple,2025-08-22,HAUTO.OL,newsweb,WAWI.OL,1,1,False,2025-08-25,2025-08-29,0.03208401446827722,0.029084014468277217
ripple,2025-08-22,HAUTO.OL,newsweb,WWI.OL,1,1,False,2025-08-25,2025-08-29,0.030490297463807672,0.027490297463807673
ripple,2025-08-22,HAUTO.OL,newsweb,MPCC.OL,1,1,False,2025-08-25,2025-08-29,-0.07214961780369179,-0.0751496178036918
ripple,2025-08-22,HAUTO.OL,newsweb,HAFNI.OL,1,1,False,2025-08-25,2025-08-29,0.0430226852531474,0.040022685253147394
ripple,2025-08-22,HAUTO.OL,newsweb,WWIB.OL,1,1,False,2025-08-25,2025-08-29,0.037284352635168355,0.03428435263516835
drift_A,2025-08-25,OKEA.OL,newsweb,OKEA.OL,1,1,False,2025-08-26,2025-09-01,0.02333904978681546,0.02033904978681546
ripple,2025-08-25,OKEA.OL,newsweb,PEN.OL,1,1,False,2025-08-26,2025-09-01,0.017263538337616756,0.014263538337616757
ripple,2025-08-25,OKEA.OL,newsweb,EQNR.OL,1,1,False,2025-08-26,2025-09-01,-0.003343713698268559,-0.006343713698268559
ripple,2025-08-25,OKEA.OL,newsweb,DNO.OL,1,1,False,2025-08-26,2025-09-01,0.061088689190753866,0.05808868919075386
ripple,2025-08-25,OKEA.OL,newsweb,BWE.OL,1,1,False,2025-08-26,2025-09-01,-0.02260627631651578,-0.02560627631651578
ripple,2025-08-25,OKEA.OL,newsweb,VAR.OL,1,1,False,2025-08-26,2025-09-01,0.01566730791072271,0.012667307910722712
drift_A,2025-08-26,REACH.OL,newsweb,REACH.OL,-1,-1,False,2025-08-27,2025-09-02,0.02603190992624923,0.02303190992624923
drift_A,2025-08-26,PLSV.OL,newsweb,PLSV.OL,1,1,False,2025-08-27,2025-09-02,-0.06598208479110024,-0.06898208479110024
drift_A,2025-08-27,NYKD.OL,newsweb,NYKD.OL,-1,-1,False,2025-08-28,2025-09-03,-0.0033809780185110917,-0.006380978018511092
drift_A,2025-08-27,ENH.OL,newsweb,ENH.OL,-1,-1,False,2025-08-28,2025-09-03,-0.004703347289398877,-0.007703347289398877
drift_A,2025-08-28,ADS.OL,newsweb,ADS.OL,-1,-1,False,2025-08-29,2025-09-04,0.1318645001277735,0.1288645001277735
drift_A,2025-08-29,AFG.OL,newsweb,AFG.OL,1,1,False,2025-09-01,2025-09-05,0.04304625914147827,0.04004625914147827
drift_A,2025-08-29,ZAL.OL,newsweb,ZAL.OL,-1,-1,False,2025-09-01,2025-09-05,0.047395244267467496,0.04439524426746749
drift_A,2025-08-29,TRMED.OL,newsweb,TRMED.OL,1,1,False,2025-09-01,2025-09-05,0.12826756964953573,0.12526756964953573
drift_A,2025-09-02,AFG.OL,newsweb,AFG.OL,1,1,True,2025-09-03,2025-09-09,0.015099915029184015,0.012099915029184016
drift_A,2025-09-12,LINK.OL,newsweb,LINK.OL,-1,-1,False,2025-09-15,2025-09-19,0.024199894817112946,0.021199894817112947
drift_A,2025-09-17,HEX.OL,newsweb,HEX.OL,-1,-1,False,2025-09-18,2025-09-24,0.011261581863943708,0.008261581863943709
drift_A,2025-09-18,GJF.OL,newsweb,GJF.OL,-1,-1,False,2025-09-19,2025-09-25,-0.0049949604202268,-0.0079949604202268
drift_A,2025-09-18,ELK.OL,newsweb,ELK.OL,1,1,False,2025-09-19,2025-09-25,-0.008350330683589442,-0.01135033068358944
drift_A,2025-09-24,REACH.OL,newsweb,REACH.OL,1,1,False,2025-09-25,2025-10-01,0.049606228776495426,0.04660622877649542
drift_A,2025-09-24,ROGS.OL,newsweb,ROGS.OL,1,1,False,2025-09-25,2025-10-01,0.022370250653414723,0.019370250653414724
drift_A,2025-09-24,DOFG.OL,newsweb,DOFG.OL,1,1,False,2025-09-25,2025-10-01,0.02249229849132301,0.01949229849132301
rebound,2025-09-24,DOFG.OL,newsweb,VAR.OL,-1,1,False,2025-09-25,2025-10-01,0.04291257304349787,0.039912573043497865
rebound,2025-09-24,DOFG.OL,newsweb,OKEA.OL,-1,1,False,2025-09-25,2025-10-01,-0.0070113970342346975,-0.010011397034234697
rebound,2025-09-24,DOFG.OL,newsweb,EQNR.OL,-1,1,False,2025-09-25,2025-10-01,0.03133928498636579,0.02833928498636579
rebound,2025-09-24,DOFG.OL,newsweb,PEN.OL,-1,1,False,2025-09-25,2025-10-01,0.043455730020285466,0.04045573002028546
rebound,2025-09-24,DOFG.OL,newsweb,AKRBP.OL,-1,1,False,2025-09-25,2025-10-01,0.005749213706370533,0.0027492137063705327
drift_A,2025-09-26,DOFG.OL,newsweb,DOFG.OL,1,1,False,2025-09-29,2025-10-03,-0.0031211914134860203,-0.00612119141348602
ripple,2025-09-26,DOFG.OL,newsweb,AKRBP.OL,1,1,False,2025-09-29,2025-10-03,-0.013594937176073442,-0.01659493717607344
ripple,2025-09-26,DOFG.OL,newsweb,VAR.OL,1,1,False,2025-09-29,2025-10-03,-0.02340135977152541,-0.02640135977152541
ripple,2025-09-26,DOFG.OL,newsweb,EQNR.OL,1,1,False,2025-09-29,2025-10-03,-0.014334010262706181,-0.01733401026270618
drift_A,2025-10-01,CRNA.OL,newsweb,CRNA.OL,1,1,False,2025-10-02,2025-10-08,0.7139810728748647,0.7109810728748647
drift_A,2025-10-01,SBO.OL,newsweb,SBO.OL,-1,-1,False,2025-10-02,2025-10-08,-0.0023041660428260516,-0.005304166042826052
drift_A,2025-10-02,SNI.OL,newsweb,SNI.OL,-1,-1,False,2025-10-03,2025-10-09,0.01717413929822329,0.014174139298223292
ripple,2025-10-02,SNI.OL,newsweb,2020.OL,-1,-1,False,2025-10-03,2025-10-09,0.010242374198911483,0.007242374198911483
ripple,2025-10-02,SNI.OL,newsweb,HAUTO.OL,-1,-1,False,2025-10-03,2025-10-09,0.12580655684714395,0.12280655684714395
ripple,2025-10-02,SNI.OL,newsweb,HAFNI.OL,-1,-1,False,2025-10-03,2025-10-09,0.029055258217033884,0.026055258217033885
ripple,2025-10-02,SNI.OL,newsweb,FRO.OL,-1,-1,False,2025-10-03,2025-10-09,-0.03379021691906675,-0.036790216919066754
ripple,2025-10-02,SNI.OL,newsweb,WAWI.OL,-1,-1,False,2025-10-03,2025-10-09,0.059874354170947164,0.05687435417094716
drift_A,2025-10-06,AKRBP.OL,newsweb,AKRBP.OL,1,1,False,2025-10-07,2025-10-13,-0.020007675654228684,-0.023007675654228683
ripple,2025-10-06,AKRBP.OL,newsweb,BWE.OL,1,1,False,2025-10-07,2025-10-13,-0.02935164486709482,-0.03235164486709482
ripple,2025-10-06,AKRBP.OL,newsweb,BNOR.OL,1,1,False,2025-10-07,2025-10-13,-0.07357427799199841,-0.07657427799199841
ripple,2025-10-06,AKRBP.OL,newsweb,AKSO.OL,1,1,False,2025-10-07,2025-10-13,-0.07347170829728217,-0.07647170829728217
drift_A,2025-10-06,BNP.PA,gdelt,BNP.PA,-1,-1,False,2025-10-07,2025-10-13,-0.020050341418119243,-0.023050341418119243
ripple,2025-10-06,BNP.PA,gdelt,SEB-A.ST,-1,-1,False,2025-10-07,2025-10-13,0.0017075586792108625,-0.0012924413207891375
ripple,2025-10-06,BNP.PA,gdelt,SAN.MC,-1,-1,False,2025-10-07,2025-10-13,-0.027104280825131933,-0.030104280825131932
ripple,2025-10-06,BNP.PA,gdelt,SIE.DE,-1,-1,False,2025-10-07,2025-10-13,-0.03897971153078112,-0.04197971153078112
ripple,2025-10-06,BNP.PA,gdelt,SWED-A.ST,-1,-1,False,2025-10-07,2025-10-13,-0.022501996918869352,-0.02550199691886935
ripple,2025-10-06,BNP.PA,gdelt,NDA-FI.HE,-1,-1,False,2025-10-07,2025-10-13,-0.016152395559793892,-0.01915239555979389
drift_A,2025-10-07,HAUTO.OL,newsweb,HAUTO.OL,-1,-1,False,2025-10-08,2025-10-14,-0.024306785888011627,-0.027306785888011626
ripple,2025-10-07,HAUTO.OL,newsweb,MPCC.OL,-1,-1,False,2025-10-08,2025-10-14,-0.023370549316246787,-0.026370549316246786
ripple,2025-10-07,HAUTO.OL,newsweb,KCC.OL,-1,-1,False,2025-10-08,2025-10-14,-0.0048428054221182765,-0.007842805422118276
rebound,2025-10-07,HAUTO.OL,newsweb,WWI.OL,1,-1,False,2025-10-08,2025-10-14,0.04388596635611172,0.04088596635611172
rebound,2025-10-07,HAUTO.OL,newsweb,WWIB.OL,1,-1,False,2025-10-08,2025-10-14,0.02147392341441231,0.01847392341441231
drift_A,2025-10-08,GSF.OL,newsweb,GSF.OL,-1,-1,False,2025-10-09,2025-10-15,-0.06001361182460292,-0.06301361182460292
ripple,2025-10-08,GSF.OL,newsweb,SALM.OL,-1,-1,False,2025-10-09,2025-10-15,-0.08334672937547838,-0.08634672937547838
ripple,2025-10-08,GSF.OL,newsweb,MOWI.OL,-1,-1,False,2025-10-09,2025-10-15,-0.07086104451700667,-0.07386104451700667
drift_A,2025-10-08,ABG.OL,newsweb,ABG.OL,1,1,False,2025-10-09,2025-10-15,0.01526954225220899,0.012269542252208991
drift_A,2025-10-08,KID.OL,newsweb,KID.OL,-1,-1,False,2025-10-09,2025-10-15,0.049093043191364545,0.04609304319136454
drift_A,2025-10-08,TGS.OL,newsweb,TGS.OL,1,1,False,2025-10-09,2025-10-15,0.003935008489419745,0.0009350084894197445
ripple,2025-10-08,TGS.OL,newsweb,EQNR.OL,1,1,False,2025-10-09,2025-10-15,-0.02450412065763949,-0.027504120657639488
ripple,2025-10-08,TGS.OL,newsweb,OKEA.OL,1,1,False,2025-10-09,2025-10-15,-0.03307085563534501,-0.03607085563534501
ripple,2025-10-08,TGS.OL,newsweb,PEN.OL,1,1,False,2025-10-09,2025-10-15,-0.06275307231334425,-0.06575307231334425
ripple,2025-10-08,TGS.OL,newsweb,VAR.OL,1,1,False,2025-10-09,2025-10-15,-0.06606612210629219,-0.06906612210629219
ripple,2025-10-08,TGS.OL,newsweb,DOFG.OL,1,1,False,2025-10-09,2025-10-15,-0.05003410184511173,-0.05303410184511173
drift_A,2025-10-09,SNI.OL,newsweb,SNI.OL,1,1,False,2025-10-10,2025-10-16,0.017047648302627068,0.014047648302627069
ripple,2025-10-09,SNI.OL,newsweb,MPCC.OL,1,1,False,2025-10-10,2025-10-16,0.03727568424577652,0.03427568424577652
ripple,2025-10-09,SNI.OL,newsweb,WAWI.OL,1,1,False,2025-10-10,2025-10-16,-0.063711530261133,-0.06671153026113301
ripple,2025-10-09,SNI.OL,newsweb,HAUTO.OL,1,1,False,2025-10-10,2025-10-16,-0.0038389414833835053,-0.006838941483383505
rebound,2025-10-09,SNI.OL,newsweb,FRO.OL,-1,1,False,2025-10-10,2025-10-16,-0.024643519823960715,-0.027643519823960714
rebound,2025-10-09,SNI.OL,newsweb,OET.OL,-1,1,False,2025-10-10,2025-10-16,-0.06582338950466246,-0.06882338950466246
rebound,2025-10-09,SNI.OL,newsweb,KCC.OL,-1,1,False,2025-10-10,2025-10-16,0.0031127884625432034,0.00011278846254320334
drift_A,2025-10-10,SOFF.OL,newsweb,SOFF.OL,-1,-1,False,2025-10-13,2025-10-17,0.06446842250903373,0.06146842250903373
drift_A,2025-10-10,VAR.OL,newsweb,VAR.OL,-1,-1,False,2025-10-13,2025-10-17,0.02272570885532951,0.01972570885532951
drift_A,2025-10-13,WAWI.OL,newsweb,WAWI.OL,-1,-1,False,2025-10-14,2025-10-20,-0.0212289796352892,-0.0242289796352892
ripple,2025-10-13,WAWI.OL,newsweb,MPCC.OL,-1,-1,False,2025-10-14,2025-10-20,-0.05020067492711489,-0.053200674927114895
ripple,2025-10-13,WAWI.OL,newsweb,WWI.OL,-1,-1,False,2025-10-14,2025-10-20,-0.023647080294941773,-0.026647080294941772
ripple,2025-10-13,WAWI.OL,newsweb,FRO.OL,-1,-1,False,2025-10-14,2025-10-20,-0.029520148996491878,-0.03252014899649188
ripple,2025-10-13,WAWI.OL,newsweb,WWIB.OL,-1,-1,False,2025-10-14,2025-10-20,-0.015004651965726326,-0.018004651965726325
ripple,2025-10-13,WAWI.OL,newsweb,SNI.OL,-1,-1,False,2025-10-14,2025-10-20,-0.03108649244550885,-0.03408649244550885
drift_A,2025-10-14,TEL.OL,newsweb,TEL.OL,1,1,False,2025-10-15,2025-10-21,0.008903334365091421,0.005903334365091421
drift_A,2025-10-15,CRNA.OL,newsweb,CRNA.OL,-1,-1,False,2025-10-16,2025-10-22,0.20224106385574606,0.19924106385574605
drift_A,2025-10-15,ABG.OL,newsweb,ABG.OL,1,1,False,2025-10-16,2025-10-22,-0.015703218009410127,-0.018703218009410126
drift_A,2025-10-16,ENDUR.OL,newsweb,ENDUR.OL,1,1,False,2025-10-17,2025-10-23,-0.0684891374257542,-0.0714891374257542
drift_A,2025-10-16,NDA-FI.HE,gdelt,NDA-FI.HE,1,1,False,2025-10-17,2025-10-23,0.008700705698136975,0.005700705698136975
ripple,2025-10-16,NDA-FI.HE,gdelt,SWED-A.ST,1,1,False,2025-10-17,2025-10-23,0.008305923631828603,0.005305923631828603
ripple,2025-10-16,NDA-FI.HE,gdelt,SEB-A.ST,1,1,False,2025-10-17,2025-10-23,-0.004270780795674358,-0.007270780795674358
ripple,2025-10-16,NDA-FI.HE,gdelt,BBVA.MC,1,1,False,2025-10-17,2025-10-23,-1.0040937834486507e-06,-0.0030010040937834487
ripple,2025-10-16,NDA-FI.HE,gdelt,SHB-A.ST,1,1,False,2025-10-17,2025-10-23,-0.017216162664648475,-0.020216162664648474
ripple,2025-10-16,NDA-FI.HE,gdelt,DNB.OL,1,1,False,2025-10-17,2025-10-23,-0.05261840285082109,-0.05561840285082109
drift_A,2025-10-17,TOM.OL,newsweb,TOM.OL,-1,-1,True,2025-10-20,2025-10-24,-0.022640008299574937,-0.025640008299574937
drift_A,2025-10-20,CRNA.OL,newsweb,CRNA.OL,-1,-1,False,2025-10-21,2025-10-27,0.2359279492467105,0.2329279492467105
drift_A,2025-10-20,KIT.OL,newsweb,KIT.OL,1,1,False,2025-10-21,2025-10-27,0.1928037465247763,0.1898037465247763
ripple,2025-10-20,KIT.OL,newsweb,NORBT.OL,1,1,False,2025-10-21,2025-10-27,0.09027669005599197,0.08727669005599197
ripple,2025-10-20,KIT.OL,newsweb,KOG.OL,1,1,False,2025-10-21,2025-10-27,-0.006079123134719026,-0.009079123134719026
drift_A,2025-10-20,BNP.PA,gdelt,BNP.PA,-1,-1,False,2025-10-21,2025-10-27,0.00953457624114894,0.0065345762411489405
ripple,2025-10-20,BNP.PA,gdelt,BBVA.MC,-1,-1,False,2025-10-21,2025-10-27,0.01818757202144685,0.015187572021446851
ripple,2025-10-20,BNP.PA,gdelt,SAN.MC,-1,-1,False,2025-10-21,2025-10-27,0.011742966011083565,0.008742966011083566
ripple,2025-10-20,BNP.PA,gdelt,GLE.PA,-1,-1,False,2025-10-21,2025-10-27,0.011324412833055835,0.008324412833055836
ripple,2025-10-20,BNP.PA,gdelt,NDA-FI.HE,-1,-1,False,2025-10-21,2025-10-27,0.005615379476351136,0.0026153794763511358
ripple,2025-10-20,BNP.PA,gdelt,SIE.DE,-1,-1,False,2025-10-21,2025-10-27,0.0062963944864765,0.0032963944864765
drift_A,2025-10-21,TOM.OL,newsweb,TOM.OL,1,1,False,2025-10-22,2025-10-28,-0.04392352106459547,-0.04692352106459547
drift_A,2025-10-22,STB.OL,newsweb,STB.OL,1,1,False,2025-10-23,2025-10-29,-0.024259446303550945,-0.027259446303550944
drift_A,2025-10-22,ADS.OL,newsweb,ADS.OL,1,1,False,2025-10-23,2025-10-29,-0.03030564250473857,-0.033305642504738574
drift_A,2025-10-22,DNB.OL,newsweb,DNB.OL,-1,-1,False,2025-10-23,2025-10-29,0.007038941233578394,0.004038941233578394
ripple,2025-10-22,DNB.OL,newsweb,SWED-A.ST,-1,-1,False,2025-10-23,2025-10-29,0.02256465661927165,0.01956465661927165
ripple,2025-10-22,DNB.OL,newsweb,NONG.OL,-1,-1,False,2025-10-23,2025-10-29,0.00488485637626393,0.0018848563762639296
ripple,2025-10-22,DNB.OL,newsweb,NDA-FI.HE,-1,-1,False,2025-10-23,2025-10-29,0.011217395136233724,0.008217395136233725
ripple,2025-10-22,DNB.OL,newsweb,SHB-A.ST,-1,-1,False,2025-10-23,2025-10-29,0.030720489537752638,0.02772048953775264
ripple,2025-10-22,DNB.OL,newsweb,SEB-A.ST,-1,-1,False,2025-10-23,2025-10-29,0.008894883668862687,0.005894883668862687
drift_A,2025-10-22,AGLX.OL,newsweb,AGLX.OL,-1,-1,False,2025-10-23,2025-10-29,-0.11439582785231406,-0.11739582785231406
drift_A,2025-10-22,SOAG.OL,newsweb,SOAG.OL,1,1,False,2025-10-23,2025-10-29,-0.03600515183612578,-0.03900515183612578
drift_A,2025-10-22,NAS.OL,newsweb,NAS.OL,-1,-1,False,2025-10-23,2025-10-29,0.040015232326582606,0.0370152323265826
drift_A,2025-10-22,MBG.DE,gdelt,MBG.DE,-1,-1,False,2025-10-23,2025-10-29,-0.05655957361822814,-0.05955957361822814
ripple,2025-10-22,MBG.DE,gdelt,SKF-B.ST,-1,-1,False,2025-10-23,2025-10-29,0.004085673112804368,0.001085673112804368
ripple,2025-10-22,MBG.DE,gdelt,SIE.DE,-1,-1,False,2025-10-23,2025-10-29,0.0041029861277121875,0.0011029861277121874
ripple,2025-10-22,MBG.DE,gdelt,SAN.MC,-1,-1,False,2025-10-23,2025-10-29,-0.03736975227032954,-0.040369752270329545
ripple,2025-10-22,MBG.DE,gdelt,BBVA.MC,-1,-1,False,2025-10-23,2025-10-29,-0.008158152109686123,-0.011158152109686122
drift_A,2025-10-22,BRG.OL,newsweb,BRG.OL,-1,-1,False,2025-10-23,2025-10-29,0.049234637390157175,0.04623463739015717
drift_A,2025-10-22,AKRBP.OL,newsweb,AKRBP.OL,1,1,False,2025-10-23,2025-10-29,-0.023056629893626255,-0.026056629893626254
ripple,2025-10-22,AKRBP.OL,newsweb,DNO.OL,1,1,False,2025-10-23,2025-10-29,-0.009151459445941212,-0.012151459445941211
ripple,2025-10-22,AKRBP.OL,newsweb,VAR.OL,1,1,False,2025-10-23,2025-10-29,-0.02487744109763989,-0.02787744109763989
ripple,2025-10-22,AKRBP.OL,newsweb,PEN.OL,1,1,False,2025-10-23,2025-10-29,-0.0015962281137599024,-0.0045962281137599025
ripple,2025-10-22,AKRBP.OL,newsweb,EQNR.OL,1,1,False,2025-10-23,2025-10-29,-0.028982537481215175,-0.03198253748121518
ripple,2025-10-22,AKRBP.OL,newsweb,BNOR.OL,1,1,False,2025-10-23,2025-10-29,-0.03025396540563411,-0.03325396540563411
rebound,2025-10-22,AKRBP.OL,newsweb,AKSO.OL,-1,1,False,2025-10-23,2025-10-29,0.0252198984492339,0.022219898449233902
rebound,2025-10-22,AKRBP.OL,newsweb,ENI.MI,-1,1,False,2025-10-23,2025-10-29,-0.021875001075408657,-0.024875001075408656
rebound,2025-10-22,AKRBP.OL,newsweb,OKEA.OL,-1,1,False,2025-10-23,2025-10-29,0.03331157711302871,0.030311577113028714
rebound,2025-10-22,AKRBP.OL,newsweb,SUBC.OL,-1,1,False,2025-10-23,2025-10-29,0.047855980052526836,0.044855980052526834
drift_A,2025-10-23,EPR.OL,newsweb,EPR.OL,1,1,False,2025-10-24,2025-10-30,-0.14467494645193832,-0.14767494645193832
drift_A,2025-10-23,TGS.OL,newsweb,TGS.OL,1,1,False,2025-10-24,2025-10-30,-0.03142611961293622,-0.03442611961293622
ripple,2025-10-23,TGS.OL,newsweb,SUBC.OL,1,1,False,2025-10-24,2025-10-30,-0.005093634712092466,-0.008093634712092467
ripple,2025-10-23,TGS.OL,newsweb,DOFG.OL,1,1,False,2025-10-24,2025-10-30,0.0022232750343536677,-0.0007767249656463323
ripple,2025-10-23,TGS.OL,newsweb,OKEA.OL,1,1,False,2025-10-24,2025-10-30,-0.02840744902406454,-0.03140744902406454
rebound,2025-10-23,TGS.OL,newsweb,EQNR.OL,-1,1,False,2025-10-24,2025-10-30,0.02294212905617666,0.01994212905617666
rebound,2025-10-23,TGS.OL,newsweb,PEN.OL,-1,1,False,2025-10-24,2025-10-30,0.03075733284860658,0.02775733284860658
rebound,2025-10-23,TGS.OL,newsweb,AKRBP.OL,-1,1,False,2025-10-24,2025-10-30,-0.012085355306259728,-0.015085355306259728
drift_A,2025-10-23,KIT.OL,newsweb,KIT.OL,1,1,False,2025-10-24,2025-10-30,0.08266580206472234,0.07966580206472233
drift_A,2025-10-23,NONG.OL,newsweb,NONG.OL,-1,-1,False,2025-10-24,2025-10-30,-0.014155543996283148,-0.01715554399628315
drift_A,2025-10-23,PROT.OL,newsweb,PROT.OL,-1,-1,False,2025-10-24,2025-10-30,0.01717161749947329,0.01417161749947329
ripple,2025-10-23,PROT.OL,newsweb,GJF.OL,-1,-1,False,2025-10-24,2025-10-30,-0.03048751390343694,-0.03348751390343694
ripple,2025-10-23,PROT.OL,newsweb,STB.OL,-1,-1,False,2025-10-24,2025-10-30,0.010617100607119762,0.0076171006071197615
drift_A,2025-10-24,BONHR.OL,newsweb,BONHR.OL,1,1,False,2025-10-27,2025-10-31,-0.009719497395344882,-0.012719497395344882
drift_A,2025-10-24,ZAL.OL,newsweb,ZAL.OL,1,1,False,2025-10-27,2025-10-31,-0.011193219567519133,-0.014193219567519132
drift_A,2025-10-24,NHY.OL,newsweb,NHY.OL,-1,-1,False,2025-10-27,2025-10-31,-0.008366424268526896,-0.011366424268526895
ripple,2025-10-24,NHY.OL,newsweb,SKF-B.ST,-1,-1,False,2025-10-27,2025-10-31,0.03821712313552804,0.035217123135528036
ripple,2025-10-24,NHY.OL,newsweb,SIE.DE,-1,-1,False,2025-10-27,2025-10-31,-0.004725093512481185,-0.007725093512481185
ripple,2025-10-24,NHY.OL,newsweb,MBG.DE,-1,-1,False,2025-10-27,2025-10-31,-0.04288704203498075,-0.04588704203498075
ripple,2025-10-24,NHY.OL,newsweb,BMW.DE,-1,-1,False,2025-10-27,2025-10-31,0.009480641132716768,0.006480641132716768
ripple,2025-10-24,NHY.OL,newsweb,SAND.ST,-1,-1,False,2025-10-27,2025-10-31,0.00278996892776877,-0.00021003107223122996
drift_A,2025-10-24,GJF.OL,newsweb,GJF.OL,-1,-1,False,2025-10-27,2025-10-31,-0.02033139261928371,-0.02333139261928371
ripple,2025-10-24,GJF.OL,newsweb,PROT.OL,-1,-1,False,2025-10-27,2025-10-31,0.01195894510723079,0.00895894510723079
ripple,2025-10-24,GJF.OL,newsweb,ORK.OL,-1,-1,False,2025-10-27,2025-10-31,0.03555611177570247,0.032556111775702466
drift_A,2025-10-27,AGLX.OL,newsweb,AGLX.OL,1,1,False,2025-10-28,2025-11-03,0.07838747857472599,0.07538747857472598
drift_A,2025-10-28,ELO.OL,newsweb,ELO.OL,1,1,False,2025-10-29,2025-11-04,-0.07152534683770173,-0.07452534683770173
drift_A,2025-10-28,NOKIA.HE,gdelt,NOKIA.HE,1,1,False,2025-10-29,2025-11-04,-0.09252503733366282,-0.09552503733366283
drift_A,2025-10-28,SATS.OL,newsweb,SATS.OL,-1,-1,False,2025-10-29,2025-11-04,0.0418849446506261,0.0388849446506261
drift_A,2025-10-28,KCC.OL,newsweb,KCC.OL,1,1,False,2025-10-29,2025-11-04,-0.03991014944680271,-0.042910149446802714
ripple,2025-10-28,KCC.OL,newsweb,HAUTO.OL,1,1,False,2025-10-29,2025-11-04,-0.07521600498791586,-0.07821600498791587
ripple,2025-10-28,KCC.OL,newsweb,HAFNI.OL,1,1,False,2025-10-29,2025-11-04,0.00611950254705502,0.00311950254705502
ripple,2025-10-28,KCC.OL,newsweb,BWLPG.OL,1,1,False,2025-10-29,2025-11-04,0.04890962074587801,0.04590962074587801
rebound,2025-10-28,KCC.OL,newsweb,OET.OL,-1,1,False,2025-10-29,2025-11-04,-0.03688454545723431,-0.03988454545723431
rebound,2025-10-28,KCC.OL,newsweb,MPCC.OL,-1,1,False,2025-10-29,2025-11-04,-0.025079454333994066,-0.028079454333994065
drift_A,2025-10-29,SPOL.OL,newsweb,SPOL.OL,1,1,False,2025-10-30,2025-11-05,-0.03444479777707295,-0.03744479777707295
ripple,2025-10-29,SPOL.OL,newsweb,NONG.OL,1,1,False,2025-10-30,2025-11-05,-0.015240014813016636,-0.018240014813016635
ripple,2025-10-29,SPOL.OL,newsweb,SBNOR.OL,1,1,False,2025-10-30,2025-11-05,0.014908778398005421,0.011908778398005422
ripple,2025-10-29,SPOL.OL,newsweb,DNB.OL,1,1,False,2025-10-30,2025-11-05,0.027653558848972932,0.024653558848972933
drift_A,2025-10-29,TEL.OL,newsweb,TEL.OL,-1,-1,False,2025-10-30,2025-11-05,0.021323926988513875,0.018323926988513876
drift_A,2025-10-29,SMOP.OL,newsweb,SMOP.OL,1,1,False,2025-10-30,2025-11-05,-0.11984257580308029,-0.12284257580308029
drift_A,2025-10-29,NOD.OL,newsweb,NOD.OL,-1,-1,False,2025-10-30,2025-11-05,0.07711202907044765,0.07411202907044764
drift_A,2025-10-30,HAUTO.OL,newsweb,HAUTO.OL,-1,-1,False,2025-10-31,2025-11-06,-0.007980706850335594,-0.010980706850335593
ripple,2025-10-30,HAUTO.OL,newsweb,WAWI.OL,-1,-1,False,2025-10-31,2025-11-06,-0.07788559876158181,-0.08088559876158181
ripple,2025-10-30,HAUTO.OL,newsweb,MPCC.OL,-1,-1,False,2025-10-31,2025-11-06,-0.017503331616052567,-0.020503331616052566
ripple,2025-10-30,HAUTO.OL,newsweb,SNI.OL,-1,-1,False,2025-10-31,2025-11-06,-0.03268258828646534,-0.035682588286465346
ripple,2025-10-30,HAUTO.OL,newsweb,OET.OL,-1,-1,False,2025-10-31,2025-11-06,-0.01543931726007489,-0.01843931726007489
ripple,2025-10-30,HAUTO.OL,newsweb,KCC.OL,-1,-1,False,2025-10-31,2025-11-06,0.028096101559194907,0.025096101559194908
drift_A,2025-10-30,PARB.OL,newsweb,PARB.OL,-1,-1,False,2025-10-31,2025-11-06,0.02003056402702159,0.01703056402702159
drift_A,2025-10-30,EPR.OL,newsweb,EPR.OL,-1,-1,False,2025-10-31,2025-11-06,0.05903128327535154,0.056031283275351534
drift_A,2025-10-30,KOG.OL,newsweb,KOG.OL,-1,-1,False,2025-10-31,2025-11-06,-0.006472428425737833,-0.009472428425737832
drift_A,2025-10-30,POL.OL,newsweb,POL.OL,1,1,False,2025-10-31,2025-11-06,0.07495729508302906,0.07195729508302906
drift_A,2025-10-31,AKSO.OL,newsweb,AKSO.OL,-1,-1,False,2025-11-03,2025-11-07,-0.09441985355683155,-0.09741985355683155
drift_A,2025-10-31,HELG.OL,newsweb,HELG.OL,-1,-1,False,2025-11-03,2025-11-07,-0.031116345208686506,-0.034116345208686505
drift_A,2025-10-31,KOG.OL,newsweb,KOG.OL,1,1,False,2025-11-03,2025-11-07,-0.03670439445682637,-0.03970439445682637
drift_A,2025-11-03,MING.OL,newsweb,MING.OL,1,1,False,2025-11-04,2025-11-10,-0.0303732116935295,-0.0333732116935295
drift_A,2025-11-03,AKSO.OL,newsweb,AKSO.OL,1,1,False,2025-11-04,2025-11-10,0.050242601821462465,0.04724260182146246
ripple,2025-11-03,AKSO.OL,newsweb,SUBC.OL,1,1,False,2025-11-04,2025-11-10,0.017118588824007953,0.014118588824007954
ripple,2025-11-03,AKSO.OL,newsweb,AKRBP.OL,1,1,False,2025-11-04,2025-11-10,-0.011279092938846212,-0.014279092938846213
drift_A,2025-11-04,MULTI.OL,newsweb,MULTI.OL,-1,-1,True,2025-11-05,2025-11-11,0.0011983229147678658,-0.0018016770852321343
drift_A,2025-11-04,NYKD.OL,newsweb,NYKD.OL,1,1,True,2025-11-05,2025-11-11,-0.08358438139945457,-0.08658438139945457
drift_A,2025-11-04,CLOUD.OL,newsweb,CLOUD.OL,-1,-1,True,2025-11-05,2025-11-11,0.009083003046893594,0.006083003046893594
drift_A,2025-11-05,MOWI.OL,newsweb,MOWI.OL,1,1,False,2025-11-06,2025-11-12,-0.009287244015735316,-0.012287244015735315
ripple,2025-11-05,MOWI.OL,newsweb,LSG.OL,1,1,False,2025-11-06,2025-11-12,-0.01401769795130412,-0.01701769795130412
ripple,2025-11-05,MOWI.OL,newsweb,GSF.OL,1,1,False,2025-11-06,2025-11-12,-0.01484315557821084,-0.01784315557821084
ripple,2025-11-05,MOWI.OL,newsweb,ORK.OL,1,1,False,2025-11-06,2025-11-12,0.009039391237822166,0.0060393912378221655
drift_A,2025-11-05,NAPA.OL,newsweb,NAPA.OL,-1,-1,False,2025-11-06,2025-11-12,0.07822585827036001,0.07522585827036
drift_A,2025-11-05,TGS.OL,newsweb,TGS.OL,1,1,False,2025-11-06,2025-11-12,0.03965414085589665,0.03665414085589665
ripple,2025-11-05,TGS.OL,newsweb,AKRBP.OL,1,1,False,2025-11-06,2025-11-12,0.018148171912907084,0.015148171912907085
ripple,2025-11-05,TGS.OL,newsweb,SUBC.OL,1,1,False,2025-11-06,2025-11-12,0.045253529300270115,0.04225352930027011
ripple,2025-11-05,TGS.OL,newsweb,PEN.OL,1,1,False,2025-11-06,2025-11-12,-0.005300988991654244,-0.008300988991654244
ripple,2025-11-05,TGS.OL,newsweb,VAR.OL,1,1,False,2025-11-06,2025-11-12,0.026916069908490027,0.023916069908490028
ripple,2025-11-05,TGS.OL,newsweb,ODL.OL,1,1,False,2025-11-06,2025-11-12,-0.03612984953613839,-0.03912984953613839
drift_A,2025-11-05,ZAP.OL,newsweb,ZAP.OL,-1,-1,False,2025-11-06,2025-11-12,0.04993587998922598,0.04693587998922598
drift_A,2025-11-06,POL.OL,newsweb,POL.OL,1,1,False,2025-11-07,2025-11-13,-0.06959803584185142,-0.07259803584185143
drift_A,2025-11-06,VEI.OL,newsweb,VEI.OL,1,1,False,2025-11-07,2025-11-13,-0.021838010478991438,-0.024838010478991437
ripple,2025-11-06,VEI.OL,newsweb,AFG.OL,1,1,False,2025-11-07,2025-11-13,0.0031740630109351967,0.00017406301093519667
ripple,2025-11-06,VEI.OL,newsweb,SATS.OL,1,1,False,2025-11-07,2025-11-13,0.03667134148272141,0.033671341482721405
drift_A,2025-11-06,HSHP.OL,newsweb,HSHP.OL,1,1,False,2025-11-07,2025-11-13,0.02286923032780835,0.01986923032780835
rebound,2025-11-06,HSHP.OL,newsweb,FRO.OL,-1,1,False,2025-11-07,2025-11-13,-0.03980106629830327,-0.04280106629830327
rebound,2025-11-06,HSHP.OL,newsweb,HAFNI.OL,-1,1,False,2025-11-07,2025-11-13,-0.022166351861854224,-0.025166351861854223
drift_A,2025-11-06,AUTO.OL,newsweb,AUTO.OL,1,1,False,2025-11-07,2025-11-13,-0.08969999610959148,-0.09269999610959148
drift_A,2025-11-06,HEX.OL,newsweb,HEX.OL,-1,-1,False,2025-11-07,2025-11-13,0.06548242710988944,0.06248242710988944
drift_A,2025-11-07,AFK.OL,newsweb,AFK.OL,-1,-1,False,2025-11-10,2025-11-14,-0.004105357646607507,-0.007105357646607507
drift_A,2025-11-10,VEND.OL,newsweb,VEND.OL,-1,-1,False,2025-11-11,2025-11-17,0.08072271617136113,0.07772271617136113
drift_A,2025-11-10,CADLR.OL,newsweb,CADLR.OL,1,1,False,2025-11-11,2025-11-17,-0.004814236335398906,-0.007814236335398905
drift_A,2025-11-11,BOUV.OL,newsweb,BOUV.OL,-1,-1,False,2025-11-12,2025-11-18,0.006151534715729301,0.0031515347157293006
drift_A,2025-11-11,HEX.OL,newsweb,HEX.OL,-1,-1,False,2025-11-12,2025-11-18,-0.01221092970895045,-0.015210929708950448
drift_A,2025-11-12,RING.OL,newsweb,RING.OL,1,1,False,2025-11-13,2025-11-19,0.015523937834876093,0.012523937834876094
drift_A,2025-11-13,GSF.OL,newsweb,GSF.OL,1,1,False,2025-11-14,2025-11-20,-0.043665857936471236,-0.04666585793647124
ripple,2025-11-13,GSF.OL,newsweb,SALM.OL,1,1,False,2025-11-14,2025-11-20,0.001288530608293495,-0.001711469391706505
ripple,2025-11-13,GSF.OL,newsweb,LSG.OL,1,1,False,2025-11-14,2025-11-20,-0.006320093486523734,-0.009320093486523734
ripple,2025-11-13,GSF.OL,newsweb,AUSS.OL,1,1,False,2025-11-14,2025-11-20,-0.011160723499234472,-0.014160723499234473
ripple,2025-11-13,GSF.OL,newsweb,MOWI.OL,1,1,False,2025-11-14,2025-11-20,-0.006199104608662075,-0.009199104608662075
drift_A,2025-11-13,ELMRA.OL,newsweb,ELMRA.OL,1,1,False,2025-11-14,2025-11-20,0.021397080097549436,0.018397080097549437
drift_A,2025-11-13,PRS.OL,newsweb,PRS.OL,1,1,False,2025-11-14,2025-11-20,-0.09374896082880951,-0.09674896082880952
drift_A,2025-11-13,OET.OL,newsweb,OET.OL,1,1,False,2025-11-14,2025-11-20,0.003983366267900032,0.0009833662679000323
ripple,2025-11-13,OET.OL,newsweb,FRO.OL,1,1,False,2025-11-14,2025-11-20,0.05158100767540022,0.04858100767540022
ripple,2025-11-13,OET.OL,newsweb,BWLPG.OL,1,1,False,2025-11-14,2025-11-20,0.023948509769102382,0.020948509769102383
ripple,2025-11-13,OET.OL,newsweb,HAFNI.OL,1,1,False,2025-11-14,2025-11-20,0.027082821931896803,0.024082821931896804
ripple,2025-11-13,OET.OL,newsweb,SNI.OL,1,1,False,2025-11-14,2025-11-20,0.0189988961669991,0.0159988961669991
ripple,2025-11-13,OET.OL,newsweb,HAUTO.OL,1,1,False,2025-11-14,2025-11-20,0.048717816742056,0.045717816742055994
drift_A,2025-11-14,AFG.OL,newsweb,AFG.OL,1,1,False,2025-11-17,2025-11-21,0.02385156306415652,0.02085156306415652
drift_A,2025-11-14,ORK.OL,newsweb,ORK.OL,1,1,False,2025-11-17,2025-11-21,-0.011012522100092586,-0.014012522100092586
ripple,2025-11-14,ORK.OL,newsweb,TEL.OL,1,1,False,2025-11-17,2025-11-21,0.004520847389743436,0.001520847389743436
ripple,2025-11-14,ORK.OL,newsweb,GJF.OL,1,1,False,2025-11-17,2025-11-21,0.0039324071882316045,0.0009324071882316045
ripple,2025-11-14,ORK.OL,newsweb,LSG.OL,1,1,False,2025-11-17,2025-11-21,-0.004761223162753634,-0.007761223162753634
ripple,2025-11-14,ORK.OL,newsweb,MING.OL,1,1,False,2025-11-17,2025-11-21,0.018112291735718364,0.015112291735718365
ripple,2025-11-14,ORK.OL,newsweb,MOWI.OL,1,1,False,2025-11-17,2025-11-21,-0.0003122644164308564,-0.0033122644164308565
drift_A,2025-11-14,MPCC.OL,newsweb,MPCC.OL,1,1,False,2025-11-17,2025-11-21,0.0018886325524755457,-0.0011113674475244544
ripple,2025-11-14,MPCC.OL,newsweb,KCC.OL,1,1,False,2025-11-17,2025-11-21,0.07405855941628088,0.07105855941628088
ripple,2025-11-14,MPCC.OL,newsweb,FRO.OL,1,1,False,2025-11-17,2025-11-21,0.0450570654199417,0.0420570654199417
ripple,2025-11-14,MPCC.OL,newsweb,HAUTO.OL,1,1,False,2025-11-17,2025-11-21,0.03319116785214864,0.030191167852148638
ripple,2025-11-14,MPCC.OL,newsweb,SNI.OL,1,1,False,2025-11-17,2025-11-21,0.029388828546506818,0.02638882854650682
ripple,2025-11-14,MPCC.OL,newsweb,2020.OL,1,1,False,2025-11-17,2025-11-21,0.033522976802753755,0.030522976802753756
drift_A,2025-11-17,ODL.OL,newsweb,ODL.OL,1,1,False,2025-11-18,2025-11-24,0.052844959417158624,0.04984495941715862
ripple,2025-11-17,ODL.OL,newsweb,AKRBP.OL,1,1,False,2025-11-18,2025-11-24,-0.051474766912048206,-0.05447476691204821
ripple,2025-11-17,ODL.OL,newsweb,VAR.OL,1,1,False,2025-11-18,2025-11-24,-0.053855582027747914,-0.05685558202774792
ripple,2025-11-17,ODL.OL,newsweb,SUBC.OL,1,1,False,2025-11-18,2025-11-24,0.038468917802510764,0.03546891780251076
drift_A,2025-11-17,2020.OL,newsweb,2020.OL,1,1,False,2025-11-18,2025-11-24,0.010973181034501813,0.007973181034501814
ripple,2025-11-17,2020.OL,newsweb,JIN.OL,1,1,False,2025-11-18,2025-11-24,-0.027191753235774416,-0.030191753235774416
ripple,2025-11-17,2020.OL,newsweb,SNI.OL,1,1,False,2025-11-18,2025-11-24,0.0022708089859567997,-0.0007291910140432003
rebound,2025-11-17,2020.OL,newsweb,BWLPG.OL,-1,1,False,2025-11-18,2025-11-24,0.04480143302581113,0.04180143302581113
rebound,2025-11-17,2020.OL,newsweb,KCC.OL,-1,1,False,2025-11-18,2025-11-24,-0.005408634741052452,-0.008408634741052452
rebound,2025-11-17,2020.OL,newsweb,HAFNI.OL,-1,1,False,2025-11-18,2025-11-24,0.025098681029239976,0.022098681029239977
rebound,2025-11-17,2020.OL,newsweb,FRO.OL,-1,1,False,2025-11-18,2025-11-24,0.005775644176535434,0.0027756441765354337
drift_A,2025-11-17,SIE.DE,gdelt,SIE.DE,-1,-1,False,2025-11-18,2025-11-24,-0.02997531477275906,-0.032975314772759064
drift_A,2025-11-17,MBG.DE,gdelt,MBG.DE,-1,-1,False,2025-11-18,2025-11-24,-0.0049968619967344,-0.0079968619967344
drift_A,2025-11-18,MORLD.OL,newsweb,MORLD.OL,1,1,True,2025-11-19,2025-11-25,-0.035644742019987366,-0.03864474201998737
drift_A,2025-11-19,ODL.OL,newsweb,ODL.OL,1,1,False,2025-11-20,2025-11-26,-0.006831259719507958,-0.009831259719507959
ripple,2025-11-19,ODL.OL,newsweb,VAR.OL,1,1,False,2025-11-20,2025-11-26,-0.04198274015920802,-0.04498274015920802
ripple,2025-11-19,ODL.OL,newsweb,AKRBP.OL,1,1,False,2025-11-20,2025-11-26,-0.05601972102824122,-0.059019721028241226
ripple,2025-11-19,ODL.OL,newsweb,OKEA.OL,1,1,False,2025-11-20,2025-11-26,-0.08301901593265079,-0.0860190159326508
ripple,2025-11-19,ODL.OL,newsweb,EQNR.OL,1,1,False,2025-11-20,2025-11-26,-0.03590636631787881,-0.03890636631787881
ripple,2025-11-19,ODL.OL,newsweb,DOFG.OL,1,1,False,2025-11-20,2025-11-26,-0.022459569234514358,-0.025459569234514357
drift_A,2025-11-19,EQNR.OL,newsweb,EQNR.OL,-1,-1,False,2025-11-20,2025-11-26,0.03590636631787881,0.032906366317878806
rebound,2025-11-19,EQNR.OL,newsweb,VAR.OL,1,-1,False,2025-11-20,2025-11-26,-0.04198274015920802,-0.04498274015920802
rebound,2025-11-19,EQNR.OL,newsweb,AKRBP.OL,1,-1,False,2025-11-20,2025-11-26,-0.05601972102824122,-0.059019721028241226
rebound,2025-11-19,EQNR.OL,newsweb,OKEA.OL,1,-1,False,2025-11-20,2025-11-26,-0.08301901593265079,-0.0860190159326508
rebound,2025-11-19,EQNR.OL,newsweb,ENI.MI,1,-1,False,2025-11-20,2025-11-26,-0.011959501813765264,-0.014959501813765264
drift_A,2025-11-19,BWE.OL,newsweb,BWE.OL,-1,-1,False,2025-11-20,2025-11-26,-0.032090350610839,-0.035090350610839004
ripple,2025-11-19,BWE.OL,newsweb,ODL.OL,-1,-1,False,2025-11-20,2025-11-26,0.006831259719507958,0.0038312597195079576
ripple,2025-11-19,BWE.OL,newsweb,PEN.OL,-1,-1,False,2025-11-20,2025-11-26,0.05582717973800157,0.052827179738001565
drift_A,2025-11-19,OET.OL,newsweb,OET.OL,-1,-1,False,2025-11-20,2025-11-26,0.02222273106757406,0.01922273106757406
ripple,2025-11-19,OET.OL,newsweb,FRO.OL,-1,-1,False,2025-11-20,2025-11-26,0.05883077488188254,0.05583077488188254
ripple,2025-11-19,OET.OL,newsweb,HAFNI.OL,-1,-1,False,2025-11-20,2025-11-26,0.0968652171729291,0.0938652171729291
ripple,2025-11-19,OET.OL,newsweb,HUNT.OL,-1,-1,False,2025-11-20,2025-11-26,-0.09953097504372813,-0.10253097504372813
ripple,2025-11-19,OET.OL,newsweb,HAUTO.OL,-1,-1,False,2025-11-20,2025-11-26,0.03768690755853412,0.03468690755853412
ripple,2025-11-19,OET.OL,newsweb,MPCC.OL,-1,-1,False,2025-11-20,2025-11-26,0.06361878994214855,0.060618789942148546
drift_A,2025-11-21,NORBT.OL,newsweb,NORBT.OL,1,1,False,2025-11-24,2025-11-28,-0.03259522424378017,-0.03559522424378017
ripple,2025-11-21,NORBT.OL,newsweb,KOG.OL,1,1,False,2025-11-24,2025-11-28,0.02635837879981686,0.02335837879981686
ripple,2025-11-21,NORBT.OL,newsweb,KIT.OL,1,1,False,2025-11-24,2025-11-28,-0.036617303331558534,-0.03961730333155854
drift_A,2025-11-24,SHB-A.ST,gdelt,SHB-A.ST,1,1,False,2025-11-25,2025-12-01,0.013119068185128643,0.010119068185128643
ripple,2025-11-24,SHB-A.ST,gdelt,BAKKA.OL,1,1,False,2025-11-25,2025-12-01,0.036873744328372426,0.033873744328372424
ripple,2025-11-24,SHB-A.ST,gdelt,DNB.OL,1,1,False,2025-11-25,2025-12-01,-0.0021257936396027986,-0.005125793639602799
ripple,2025-11-24,SHB-A.ST,gdelt,GLE.PA,1,1,False,2025-11-25,2025-12-01,0.008630486888704603,0.005630486888704603
drift_A,2025-11-24,HAFNI.OL,newsweb,HAFNI.OL,-1,-1,False,2025-11-25,2025-12-01,0.10708390178014879,0.10408390178014879
rebound,2025-11-24,HAFNI.OL,newsweb,FRO.OL,1,-1,False,2025-11-25,2025-12-01,-0.11812952027917811,-0.12112952027917812
rebound,2025-11-24,HAFNI.OL,newsweb,MPCC.OL,1,-1,False,2025-11-25,2025-12-01,0.04547631530902439,0.04247631530902439
rebound,2025-11-24,HAFNI.OL,newsweb,HAUTO.OL,1,-1,False,2025-11-25,2025-12-01,0.012685242280421838,0.009685242280421839
drift_A,2025-11-26,ENH.OL,newsweb,ENH.OL,1,1,False,2025-11-27,2025-12-03,-0.05363486684187006,-0.056634866841870066
drift_A,2025-11-27,AKVA.OL,newsweb,AKVA.OL,1,1,False,2025-11-28,2025-12-04,-0.047075983661969974,-0.050075983661969976
drift_A,2025-11-27,HUNT.OL,newsweb,HUNT.OL,1,1,False,2025-11-28,2025-12-04,-0.04901301157755875,-0.052013011577558756
ripple,2025-11-27,HUNT.OL,newsweb,FRO.OL,1,1,False,2025-11-28,2025-12-04,-0.06833384732299863,-0.07133384732299863
ripple,2025-11-27,HUNT.OL,newsweb,OET.OL,1,1,False,2025-11-28,2025-12-04,-0.060215626834183834,-0.06321562683418383
ripple,2025-11-27,HUNT.OL,newsweb,BWLPG.OL,1,1,False,2025-11-28,2025-12-04,-0.038788757028560036,-0.04178875702856004
drift_A,2025-11-28,JIN.OL,newsweb,JIN.OL,-1,-1,False,2025-12-01,2025-12-05,0.005367550676639314,0.0023675506766393135
drift_A,2025-11-28,ACR.OL,newsweb,ACR.OL,1,1,False,2025-12-01,2025-12-05,-0.023477706815347835,-0.026477706815347835
drift_A,2025-12-01,HAVI.OL,newsweb,HAVI.OL,-1,-1,False,2025-12-02,2025-12-08,0.019846030352082326,0.016846030352082327
drift_A,2025-12-02,BWLPG.OL,newsweb,BWLPG.OL,-1,-1,False,2025-12-03,2025-12-09,0.02999338644310383,0.02699338644310383
ripple,2025-12-02,BWLPG.OL,newsweb,FRO.OL,-1,-1,False,2025-12-03,2025-12-09,0.04820781491418851,0.04520781491418851
ripple,2025-12-02,BWLPG.OL,newsweb,OET.OL,-1,-1,False,2025-12-03,2025-12-09,0.018003366971823483,0.015003366971823483
ripple,2025-12-02,BWLPG.OL,newsweb,HAFNI.OL,-1,-1,False,2025-12-03,2025-12-09,0.055518857216570405,0.0525188572165704
ripple,2025-12-02,BWLPG.OL,newsweb,KCC.OL,-1,-1,False,2025-12-03,2025-12-09,0.0009211705713880226,-0.0020788294286119774
ripple,2025-12-02,BWLPG.OL,newsweb,2020.OL,-1,-1,False,2025-12-03,2025-12-09,0.04243314166049332,0.03943314166049332
rebound,2025-12-02,BWLPG.OL,newsweb,SNI.OL,1,-1,False,2025-12-03,2025-12-09,-0.01385153627425803,-0.01685153627425803
rebound,2025-12-02,BWLPG.OL,newsweb,HUNT.OL,1,-1,False,2025-12-03,2025-12-09,0.0288621163646035,0.0258621163646035
drift_A,2025-12-05,HSHP.OL,newsweb,HSHP.OL,-1,-1,False,2025-12-08,2025-12-12,0.06239998968445527,0.05939998968445527
rebound,2025-12-05,HSHP.OL,newsweb,KCC.OL,1,-1,False,2025-12-08,2025-12-12,0.02204106264370134,0.01904106264370134
rebound,2025-12-05,HSHP.OL,newsweb,BWLPG.OL,1,-1,False,2025-12-08,2025-12-12,-0.014570618585225363,-0.017570618585225364
drift_A,2025-12-05,AKAST.OL,newsweb,AKAST.OL,-1,-1,False,2025-12-08,2025-12-12,-0.004925418915470099,-0.007925418915470099
drift_A,2025-12-05,PEXIP.OL,newsweb,PEXIP.OL,1,1,False,2025-12-08,2025-12-12,0.033500449994652085,0.030500449994652085
drift_A,2025-12-08,WAWI.OL,newsweb,WAWI.OL,1,1,False,2025-12-09,2025-12-15,0.019704678655193,0.016704678655193
ripple,2025-12-08,WAWI.OL,newsweb,HAFNI.OL,1,1,False,2025-12-09,2025-12-15,-0.030498263625959615,-0.03349826362595962
ripple,2025-12-08,WAWI.OL,newsweb,KCC.OL,1,1,False,2025-12-09,2025-12-15,0.01167616480907961,0.008676164809079609
drift_A,2025-12-10,STB.OL,newsweb,STB.OL,1,1,False,2025-12-11,2025-12-17,0.01959738569801929,0.01659738569801929
ripple,2025-12-10,STB.OL,newsweb,GJF.OL,1,1,False,2025-12-11,2025-12-17,0.0028728114505430333,-0.00012718854945696677
ripple,2025-12-10,STB.OL,newsweb,PROT.OL,1,1,False,2025-12-11,2025-12-17,0.03704179016213276,0.034041790162132754
drift_A,2025-12-11,ATEA.OL,newsweb,ATEA.OL,1,1,False,2025-12-12,2025-12-18,0.016885376163894007,0.013885376163894007
drift_A,2025-12-15,VEND.OL,newsweb,VEND.OL,-1,-1,False,2025-12-16,2025-12-22,0.028115463916880024,0.025115463916880024
ripple,2025-12-15,VEND.OL,newsweb,PEXIP.OL,-1,-1,False,2025-12-16,2025-12-22,0.022115595542527466,0.019115595542527467
ripple,2025-12-15,VEND.OL,newsweb,ELO.OL,-1,-1,False,2025-12-16,2025-12-22,-0.027104566957965124,-0.030104566957965123
drift_A,2025-12-15,NONG.OL,newsweb,NONG.OL,1,1,False,2025-12-16,2025-12-22,0.009293290867511569,0.006293290867511569
rebound,2025-12-15,NONG.OL,newsweb,SBNOR.OL,-1,1,False,2025-12-16,2025-12-22,-0.019249606115097607,-0.022249606115097607
rebound,2025-12-15,NONG.OL,newsweb,MING.OL,-1,1,False,2025-12-16,2025-12-22,-0.01821230168325346,-0.02121230168325346
rebound,2025-12-15,NONG.OL,newsweb,SPOL.OL,-1,1,False,2025-12-16,2025-12-22,-0.023685462163058186,-0.026685462163058185
rebound,2025-12-15,NONG.OL,newsweb,DNB.OL,-1,1,False,2025-12-16,2025-12-22,-0.013837723634190505,-0.016837723634190505
drift_A,2025-12-15,HAVI.OL,newsweb,HAVI.OL,-1,-1,False,2025-12-16,2025-12-22,0.2585978122942976,0.2555978122942976
drift_A,2025-12-16,KOA.OL,newsweb,KOA.OL,-1,-1,False,2025-12-17,2025-12-23,0.07374597050486971,0.0707459705048697
drift_A,2025-12-16,MPCC.OL,newsweb,MPCC.OL,1,1,False,2025-12-17,2025-12-23,-0.05609961533941521,-0.05909961533941521
ripple,2025-12-16,MPCC.OL,newsweb,WAWI.OL,1,1,False,2025-12-17,2025-12-23,-0.04027081116121841,-0.04327081116121841
ripple,2025-12-16,MPCC.OL,newsweb,KCC.OL,1,1,False,2025-12-17,2025-12-23,-0.03859474373407343,-0.04159474373407343
ripple,2025-12-16,MPCC.OL,newsweb,MAERSK-B.CO,1,1,False,2025-12-17,2025-12-23,-0.004269740845056312,-0.0072697408450563125
rebound,2025-12-16,MPCC.OL,newsweb,WWI.OL,-1,1,False,2025-12-17,2025-12-23,0.0277856485671382,0.0247856485671382
rebound,2025-12-16,MPCC.OL,newsweb,2020.OL,-1,1,False,2025-12-17,2025-12-23,0.02075399248422506,0.017753992484225063
drift_A,2025-12-19,IWS.OL,newsweb,IWS.OL,1,1,False,2025-12-22,2026-01-02,0.0919595384269412,0.0889595384269412
drift_A,2025-12-19,SPOL.OL,newsweb,SPOL.OL,1,1,False,2025-12-22,2026-01-02,0.004514938622877364,0.0015149386228773638
rebound,2025-12-19,SPOL.OL,newsweb,SBNOR.OL,-1,1,False,2025-12-22,2026-01-02,0.004962663325105756,0.0019626633251057556
rebound,2025-12-19,SPOL.OL,newsweb,DNB.OL,-1,1,False,2025-12-22,2026-01-02,0.008591361756770843,0.005591361756770843
drift_A,2025-12-22,BONHR.OL,newsweb,BONHR.OL,1,1,False,2025-12-23,2026-01-05,-0.005652914628088179,-0.00865291462808818
drift_A,2025-12-22,ENDUR.OL,newsweb,ENDUR.OL,1,1,False,2025-12-23,2026-01-05,-0.030471848111489445,-0.03347184811148945
drift_A,2026-01-02,SBO.OL,newsweb,SBO.OL,1,1,False,2026-01-05,2026-01-09,-0.062313648998773355,-0.06531364899877336
drift_A,2026-01-02,BMW.DE,gdelt,BMW.DE,1,1,False,2026-01-05,2026-01-09,-0.05063031038433714,-0.053630310384337146
rebound,2026-01-02,BMW.DE,gdelt,MBG.DE,-1,1,False,2026-01-05,2026-01-09,0.025607972284177834,0.022607972284177835
rebound,2026-01-02,BMW.DE,gdelt,VOW3.DE,-1,1,False,2026-01-05,2026-01-09,0.026949186374449288,0.02394918637444929
rebound,2026-01-02,BMW.DE,gdelt,NHY.OL,-1,1,False,2026-01-05,2026-01-09,-0.0032935877543109945,-0.0062935877543109945
drift_A,2026-01-05,ASM.AS,gdelt,ASM.AS,1,1,False,2026-01-06,2026-01-12,0.054197856038024676,0.051197856038024674
rebound,2026-01-05,ASM.AS,gdelt,ASML.AS,-1,1,False,2026-01-06,2026-01-12,-0.02743507339010591,-0.03043507339010591
rebound,2026-01-05,ASM.AS,gdelt,SAP.DE,-1,1,False,2026-01-06,2026-01-12,-0.03658883905781572,-0.039588839057815725
rebound,2026-01-05,ASM.AS,gdelt,SIE.DE,-1,1,False,2026-01-06,2026-01-12,-0.04025203246842025,-0.04325203246842025
drift_A,2026-01-06,BAKKA.OL,newsweb,BAKKA.OL,-1,-1,False,2026-01-07,2026-01-13,0.04164282576843177,0.03864282576843177
rebound,2026-01-06,BAKKA.OL,newsweb,MOWI.OL,1,-1,False,2026-01-07,2026-01-13,-0.025353822583926072,-0.02835382258392607
rebound,2026-01-06,BAKKA.OL,newsweb,LSG.OL,1,-1,False,2026-01-07,2026-01-13,-0.040636669563720376,-0.04363666956372038
rebound,2026-01-06,BAKKA.OL,newsweb,SALM.OL,1,-1,False,2026-01-07,2026-01-13,-0.027244676778309128,-0.030244676778309127
rebound,2026-01-06,BAKKA.OL,newsweb,AUSS.OL,1,-1,False,2026-01-07,2026-01-13,-0.0305631027674517,-0.033563102767451704
drift_A,2026-01-07,WAWI.OL,newsweb,WAWI.OL,1,1,False,2026-01-08,2026-01-14,0.0062354743540804156,0.0032354743540804155
rebound,2026-01-07,WAWI.OL,newsweb,SNI.OL,-1,1,False,2026-01-08,2026-01-14,-0.02474980690928205,-0.02774980690928205
rebound,2026-01-07,WAWI.OL,newsweb,FRO.OL,-1,1,False,2026-01-08,2026-01-14,-0.10724725045258908,-0.11024725045258908
rebound,2026-01-07,WAWI.OL,newsweb,HAUTO.OL,-1,1,False,2026-01-08,2026-01-14,0.0024937140103248583,-0.0005062859896751417
rebound,2026-01-07,WAWI.OL,newsweb,MPCC.OL,-1,1,False,2026-01-08,2026-01-14,-0.004795454660889355,-0.007795454660889355
rebound,2026-01-07,WAWI.OL,newsweb,WWI.OL,-1,1,False,2026-01-08,2026-01-14,-0.06754557460978539,-0.07054557460978539
drift_A,2026-01-07,NAS.OL,newsweb,NAS.OL,-1,-1,False,2026-01-08,2026-01-14,0.03577359287617185,0.03277359287617185
drift_A,2026-01-08,SOFF.OL,newsweb,SOFF.OL,1,1,False,2026-01-09,2026-01-15,0.017209786066131494,0.014209786066131495
ripple,2026-01-08,SOFF.OL,newsweb,VAR.OL,1,1,False,2026-01-09,2026-01-15,0.03354295336277453,0.030542953362774534
ripple,2026-01-08,SOFF.OL,newsweb,EQNR.OL,1,1,False,2026-01-09,2026-01-15,0.029703225992566515,0.026703225992566516
drift_A,2026-01-08,ATCO-A.ST,gdelt,ATCO-A.ST,-1,-1,False,2026-01-09,2026-01-15,-0.05148234087298602,-0.05448234087298602
ripple,2026-01-08,ATCO-A.ST,gdelt,VOLV-B.ST,-1,-1,False,2026-01-09,2026-01-15,-0.013559580090235519,-0.016559580090235518
ripple,2026-01-08,ATCO-A.ST,gdelt,SEB-A.ST,-1,-1,False,2026-01-09,2026-01-15,-0.005393417895074443,-0.008393417895074442
rebound,2026-01-08,ATCO-A.ST,gdelt,ASM.AS,1,-1,False,2026-01-09,2026-01-15,0.1132015884823934,0.11020158848239339
rebound,2026-01-08,ATCO-A.ST,gdelt,SAND.ST,1,-1,False,2026-01-09,2026-01-15,0.04742182137891476,0.044421821378914754
rebound,2026-01-08,ATCO-A.ST,gdelt,ASML.AS,1,-1,False,2026-01-09,2026-01-15,0.10084639970689972,0.09784639970689972
drift_A,2026-01-08,MORLD.OL,newsweb,MORLD.OL,-1,-1,False,2026-01-09,2026-01-15,0.009117143555728305,0.006117143555728305
drift_A,2026-01-09,GJF.OL,newsweb,GJF.OL,-1,-1,False,2026-01-12,2026-01-16,0.016719879494648777,0.013719879494648778
drift_A,2026-01-09,SPOL.OL,newsweb,SPOL.OL,-1,-1,False,2026-01-12,2026-01-16,-0.016419847697612955,-0.019419847697612954
rebound,2026-01-09,SPOL.OL,newsweb,NONG.OL,1,-1,False,2026-01-12,2026-01-16,0.021267563605205382,0.018267563605205383
rebound,2026-01-09,SPOL.OL,newsweb,SBNOR.OL,1,-1,False,2026-01-12,2026-01-16,0.020022204751790926,0.017022204751790927
rebound,2026-01-09,SPOL.OL,newsweb,MING.OL,1,-1,False,2026-01-12,2026-01-16,0.019145671651093377,0.016145671651093377
drift_A,2026-01-09,TGS.OL,newsweb,TGS.OL,1,1,False,2026-01-12,2026-01-16,0.019234902237297215,0.016234902237297216
ripple,2026-01-09,TGS.OL,newsweb,SUBC.OL,1,1,False,2026-01-12,2026-01-16,0.03712471318512008,0.03412471318512008
ripple,2026-01-09,TGS.OL,newsweb,PEN.OL,1,1,False,2026-01-12,2026-01-16,0.049720406492424804,0.0467204064924248
rebound,2026-01-09,TGS.OL,newsweb,DOFG.OL,-1,1,False,2026-01-12,2026-01-16,-0.058660438738372504,-0.06166043873837251
rebound,2026-01-09,TGS.OL,newsweb,AKRBP.OL,-1,1,False,2026-01-12,2026-01-16,-0.04418093068058876,-0.04718093068058876
rebound,2026-01-09,TGS.OL,newsweb,EQNR.OL,-1,1,False,2026-01-12,2026-01-16,-0.05540486450364692,-0.058404864503646924
rebound,2026-01-09,TGS.OL,newsweb,VAR.OL,-1,1,False,2026-01-12,2026-01-16,-0.04590468923376854,-0.04890468923376854
rebound,2026-01-09,TGS.OL,newsweb,OKEA.OL,-1,1,False,2026-01-12,2026-01-16,-0.07102866251282289,-0.07402866251282289
drift_A,2026-01-12,SCATC.OL,newsweb,SCATC.OL,1,1,False,2026-01-13,2026-01-19,0.0068737955640974235,0.0038737955640974235
drift_A,2026-01-13,ENVIP.OL,newsweb,ENVIP.OL,-1,-1,False,2026-01-14,2026-01-20,0.05642383823976981,0.05342383823976981
drift_A,2026-01-13,AKRBP.OL,newsweb,AKRBP.OL,1,1,False,2026-01-14,2026-01-20,0.02101523125554619,0.01801523125554619
drift_A,2026-01-15,HAUTO.OL,newsweb,HAUTO.OL,-1,-1,False,2026-01-16,2026-01-22,-0.010195715024604196,-0.013195715024604197
rebound,2026-01-15,HAUTO.OL,newsweb,SNI.OL,1,-1,False,2026-01-16,2026-01-22,0.048150477130598,0.045150477130598
rebound,2026-01-15,HAUTO.OL,newsweb,HAFNI.OL,1,-1,False,2026-01-16,2026-01-22,-0.05809470497627493,-0.061094704976274936
rebound,2026-01-15,HAUTO.OL,newsweb,WAWI.OL,1,-1,False,2026-01-16,2026-01-22,0.005965268358077368,0.002965268358077368
rebound,2026-01-15,HAUTO.OL,newsweb,MPCC.OL,1,-1,False,2026-01-16,2026-01-22,0.0009780362027193802,-0.00202196379728062
rebound,2026-01-15,HAUTO.OL,newsweb,FRO.OL,1,-1,False,2026-01-16,2026-01-22,-0.03468829705468303,-0.03768829705468303
drift_A,2026-01-16,AKRBP.OL,newsweb,AKRBP.OL,1,1,False,2026-01-19,2026-01-23,0.0005424934467086404,-0.0024575065532913597
rebound,2026-01-16,AKRBP.OL,newsweb,EQNR.OL,-1,1,False,2026-01-19,2026-01-23,0.011011835867470033,0.008011835867470032
rebound,2026-01-16,AKRBP.OL,newsweb,PEN.OL,-1,1,False,2026-01-19,2026-01-23,-0.011378078235103936,-0.014378078235103935
rebound,2026-01-16,AKRBP.OL,newsweb,BNOR.OL,-1,1,False,2026-01-19,2026-01-23,-0.02462277616497912,-0.02762277616497912
rebound,2026-01-16,AKRBP.OL,newsweb,OKEA.OL,-1,1,False,2026-01-19,2026-01-23,-0.0173581806246872,-0.020358180624687198
rebound,2026-01-16,AKRBP.OL,newsweb,DNO.OL,-1,1,False,2026-01-19,2026-01-23,0.02849603990165418,0.02549603990165418
drift_A,2026-01-16,KOG.OL,newsweb,KOG.OL,1,1,False,2026-01-19,2026-01-23,-0.0493263742670403,-0.0523263742670403
drift_A,2026-01-21,MOWI.OL,newsweb,MOWI.OL,-1,-1,False,2026-01-22,2026-01-28,0.011997441048622878,0.008997441048622878
ripple,2026-01-21,MOWI.OL,newsweb,LSG.OL,-1,-1,False,2026-01-22,2026-01-28,0.019651578513102258,0.01665157851310226
ripple,2026-01-21,MOWI.OL,newsweb,BAKKA.OL,-1,-1,False,2026-01-22,2026-01-28,0.0278900705725674,0.0248900705725674
ripple,2026-01-21,MOWI.OL,newsweb,AUSS.OL,-1,-1,False,2026-01-22,2026-01-28,0.020444906090812925,0.017444906090812926
ripple,2026-01-21,MOWI.OL,newsweb,GSF.OL,-1,-1,False,2026-01-22,2026-01-28,0.005746998413868222,0.0027469984138682223
drift_A,2026-01-21,OET.OL,newsweb,OET.OL,-1,-1,False,2026-01-22,2026-01-28,0.003827883004561732,0.0008278830045617318
ripple,2026-01-21,OET.OL,newsweb,FRO.OL,-1,-1,False,2026-01-22,2026-01-28,-0.0004617396527496452,-0.0034617396527496453
ripple,2026-01-21,OET.OL,newsweb,HUNT.OL,-1,-1,False,2026-01-22,2026-01-28,0.07882970608111411,0.07582970608111411
ripple,2026-01-21,OET.OL,newsweb,HAFNI.OL,-1,-1,False,2026-01-22,2026-01-28,0.025000146229990958,0.02200014622999096
ripple,2026-01-21,OET.OL,newsweb,BWLPG.OL,-1,-1,False,2026-01-22,2026-01-28,-0.006126597478939778,-0.009126597478939777
ripple,2026-01-21,OET.OL,newsweb,KCC.OL,-1,-1,False,2026-01-22,2026-01-28,-0.045798147569883596,-0.0487981475698836
drift_A,2026-01-22,TEL.OL,newsweb,TEL.OL,1,1,False,2026-01-23,2026-01-29,0.02726079906547084,0.02426079906547084
ripple,2026-01-22,TEL.OL,newsweb,ORK.OL,1,1,False,2026-01-23,2026-01-29,0.006599641896310379,0.003599641896310379
ripple,2026-01-22,TEL.OL,newsweb,SATS.OL,1,1,False,2026-01-23,2026-01-29,-0.012416681602074448,-0.015416681602074447
ripple,2026-01-22,TEL.OL,newsweb,SWED-A.ST,1,1,False,2026-01-23,2026-01-29,-0.016294895087197295,-0.019294895087197294
drift_A,2026-01-26,ELO.OL,newsweb,ELO.OL,-1,-1,False,2026-01-27,2026-02-02,0.07554021947184802,0.07254021947184802
drift_A,2026-01-27,OKEA.OL,newsweb,OKEA.OL,-1,-1,False,2026-01-28,2026-02-03,-0.052138278623430734,-0.055138278623430736
ripple,2026-01-27,OKEA.OL,newsweb,BWE.OL,-1,-1,False,2026-01-28,2026-02-03,0.018241036725708717,0.015241036725708718
ripple,2026-01-27,OKEA.OL,newsweb,EQNR.OL,-1,-1,False,2026-01-28,2026-02-03,-0.0015276032936527915,-0.004527603293652791
ripple,2026-01-27,OKEA.OL,newsweb,VAR.OL,-1,-1,False,2026-01-28,2026-02-03,-0.00898096859920107,-0.011980968599201069
ripple,2026-01-27,OKEA.OL,newsweb,BNOR.OL,-1,-1,False,2026-01-28,2026-02-03,-0.002278235868441236,-0.0052782358684412365
ripple,2026-01-27,OKEA.OL,newsweb,TGS.OL,-1,-1,False,2026-01-28,2026-02-03,-0.022843707910650185,-0.025843707910650184
drift_A,2026-01-28,SNI.OL,newsweb,SNI.OL,-1,-1,False,2026-01-29,2026-02-04,0.05393170527780684,0.05093170527780684
ripple,2026-01-28,SNI.OL,newsweb,FRO.OL,-1,-1,False,2026-01-29,2026-02-04,-0.01977415105185873,-0.02277415105185873
ripple,2026-01-28,SNI.OL,newsweb,MPCC.OL,-1,-1,False,2026-01-29,2026-02-04,-0.010786229988004816,-0.013786229988004817
ripple,2026-01-28,SNI.OL,newsweb,BWLPG.OL,-1,-1,False,2026-01-29,2026-02-04,-0.04764730689397454,-0.05064730689397454
ripple,2026-01-28,SNI.OL,newsweb,HAUTO.OL,-1,-1,False,2026-01-29,2026-02-04,-0.03149179323762019,-0.034491793237620194
ripple,2026-01-28,SNI.OL,newsweb,OET.OL,-1,-1,False,2026-01-29,2026-02-04,0.009016947702988413,0.006016947702988413
drift_A,2026-01-29,IWS.OL,newsweb,IWS.OL,1,1,False,2026-01-30,2026-02-05,-0.011729310690429897,-0.014729310690429896
drift_A,2026-01-29,PARB.OL,newsweb,PARB.OL,-1,-1,False,2026-01-30,2026-02-05,0.032274520934046744,0.029274520934046745
drift_A,2026-01-30,SCATC.OL,newsweb,SCATC.OL,-1,-1,False,2026-02-02,2026-02-06,0.006368520035472703,0.0033685200354727027
drift_A,2026-01-30,SBNOR.OL,newsweb,SBNOR.OL,1,1,False,2026-02-02,2026-02-06,0.022734818598445776,0.019734818598445777
ripple,2026-01-30,SBNOR.OL,newsweb,MING.OL,1,1,False,2026-02-02,2026-02-06,0.027624058447181125,0.024624058447181126
ripple,2026-01-30,SBNOR.OL,newsweb,NONG.OL,1,1,False,2026-02-02,2026-02-06,0.022649569642816607,0.019649569642816608
ripple,2026-01-30,SBNOR.OL,newsweb,DNB.OL,1,1,False,2026-02-02,2026-02-06,0.045924178922866404,0.0429241789228664
ripple,2026-01-30,SBNOR.OL,newsweb,STB.OL,1,1,False,2026-02-02,2026-02-06,0.030236637534688048,0.02723663753468805
drift_A,2026-02-02,SKUE.OL,newsweb,SKUE.OL,1,1,False,2026-02-03,2026-02-09,0.02750493471006116,0.02450493471006116
drift_A,2026-02-03,LINK.OL,newsweb,LINK.OL,-1,-1,False,2026-02-04,2026-02-10,0.04210046343673725,0.039100463436737246
drift_A,2026-02-03,AGLX.OL,newsweb,AGLX.OL,-1,-1,False,2026-02-04,2026-02-10,0.2401124316345834,0.2371124316345834
drift_A,2026-02-03,OKEA.OL,newsweb,OKEA.OL,1,1,False,2026-02-04,2026-02-10,0.0897882848111555,0.0867882848111555
ripple,2026-02-03,OKEA.OL,newsweb,AKRBP.OL,1,1,False,2026-02-04,2026-02-10,-0.06542691848623526,-0.06842691848623526
ripple,2026-02-03,OKEA.OL,newsweb,EQNR.OL,1,1,False,2026-02-04,2026-02-10,0.017978289328727873,0.014978289328727874
ripple,2026-02-03,OKEA.OL,newsweb,BWE.OL,1,1,False,2026-02-04,2026-02-10,0.020855859664980037,0.017855859664980038
ripple,2026-02-03,OKEA.OL,newsweb,VAR.OL,1,1,False,2026-02-04,2026-02-10,-0.03298232622646001,-0.03598232622646001
ripple,2026-02-03,OKEA.OL,newsweb,TGS.OL,1,1,False,2026-02-04,2026-02-10,0.00315020368309293,0.0001502036830929301
drift_A,2026-02-03,TEL.OL,newsweb,TEL.OL,-1,-1,False,2026-02-04,2026-02-10,-0.091907830194871,-0.094907830194871
ripple,2026-02-03,TEL.OL,newsweb,ORK.OL,-1,-1,False,2026-02-04,2026-02-10,-0.03735815991888634,-0.04035815991888634
ripple,2026-02-03,TEL.OL,newsweb,SWED-A.ST,-1,-1,False,2026-02-04,2026-02-10,0.02752735680026475,0.02452735680026475
ripple,2026-02-03,TEL.OL,newsweb,SATS.OL,-1,-1,False,2026-02-04,2026-02-10,-0.06016062487106152,-0.06316062487106151
drift_A,2026-02-04,DNB.OL,newsweb,DNB.OL,1,1,False,2026-02-05,2026-02-11,-0.0025678477859990296,-0.00556784778599903
ripple,2026-02-04,DNB.OL,newsweb,SBNOR.OL,1,1,False,2026-02-05,2026-02-11,0.0024175036602626064,-0.0005824963397373937
ripple,2026-02-04,DNB.OL,newsweb,NDA-FI.HE,1,1,False,2026-02-05,2026-02-11,-0.029590065205734713,-0.032590065205734715
ripple,2026-02-04,DNB.OL,newsweb,NONG.OL,1,1,False,2026-02-05,2026-02-11,-0.01797879381608801,-0.02097879381608801
drift_A,2026-02-04,BRG.OL,newsweb,BRG.OL,-1,-1,False,2026-02-05,2026-02-11,0.05366481347658878,0.05066481347658878
drift_A,2026-02-05,VEND.OL,newsweb,VEND.OL,1,1,False,2026-02-06,2026-02-12,-0.02753267750990095,-0.03053267750990095
drift_A,2026-02-05,NOD.OL,newsweb,NOD.OL,1,1,False,2026-02-06,2026-02-12,-0.07259308275806153,-0.07559308275806154
drift_A,2026-02-06,TEL.OL,newsweb,TEL.OL,1,1,False,2026-02-09,2026-02-13,0.02374730537073264,0.02074730537073264
ripple,2026-02-06,TEL.OL,newsweb,SATS.OL,1,1,False,2026-02-09,2026-02-13,0.06610103394784196,0.06310103394784196
ripple,2026-02-06,TEL.OL,newsweb,ORK.OL,1,1,False,2026-02-09,2026-02-13,0.07471337204934403,0.07171337204934403
drift_A,2026-02-06,AKSO.OL,newsweb,AKSO.OL,1,1,False,2026-02-09,2026-02-13,0.013989895508878792,0.010989895508878793
ripple,2026-02-06,AKSO.OL,newsweb,SUBC.OL,1,1,False,2026-02-09,2026-02-13,0.038861065471440207,0.035861065471440204
ripple,2026-02-06,AKSO.OL,newsweb,VAR.OL,1,1,False,2026-02-09,2026-02-13,0.0024684583002473675,-0.0005315416997526325
ripple,2026-02-06,AKSO.OL,newsweb,TGS.OL,1,1,False,2026-02-09,2026-02-13,0.11830501184820043,0.11530501184820043
ripple,2026-02-06,AKSO.OL,newsweb,AKRBP.OL,1,1,False,2026-02-09,2026-02-13,0.03495864268199076,0.03195864268199076
ripple,2026-02-06,AKSO.OL,newsweb,OKEA.OL,1,1,False,2026-02-09,2026-02-13,-0.005170048596012702,-0.008170048596012702
drift_A,2026-02-06,KOG.OL,newsweb,KOG.OL,1,1,False,2026-02-09,2026-02-13,-0.01311847250499134,-0.01611847250499134
drift_A,2026-02-09,ELK.OL,newsweb,ELK.OL,1,1,False,2026-02-10,2026-02-16,-0.10282742544877074,-0.10582742544877075
drift_A,2026-02-09,AGLX.OL,newsweb,AGLX.OL,-1,-1,False,2026-02-10,2026-02-16,0.10106814849360085,0.09806814849360085
drift_A,2026-02-10,AGLX.OL,newsweb,AGLX.OL,-1,-1,False,2026-02-11,2026-02-17,-0.030436773955391856,-0.03343677395539186
drift_A,2026-02-10,MULTI.OL,newsweb,MULTI.OL,-1,-1,False,2026-02-11,2026-02-17,0.05702874587816395,0.05402874587816395
drift_A,2026-02-10,SATS.OL,newsweb,SATS.OL,1,1,False,2026-02-11,2026-02-17,0.00830973048149127,0.00530973048149127
ripple,2026-02-10,SATS.OL,newsweb,NAS.OL,1,1,False,2026-02-11,2026-02-17,0.0463163453161696,0.0433163453161696
ripple,2026-02-10,SATS.OL,newsweb,TEL.OL,1,1,False,2026-02-11,2026-02-17,0.01944547444587847,0.01644547444587847
drift_A,2026-02-10,ELO.OL,newsweb,ELO.OL,1,1,False,2026-02-11,2026-02-17,-0.01130835579685105,-0.014308355796851049
drift_A,2026-02-10,HSHP.OL,newsweb,HSHP.OL,1,1,False,2026-02-11,2026-02-17,0.09036544156644243,0.08736544156644242
ripple,2026-02-10,HSHP.OL,newsweb,2020.OL,1,1,False,2026-02-11,2026-02-17,-0.044549718387525285,-0.04754971838752529
ripple,2026-02-10,HSHP.OL,newsweb,BWLPG.OL,1,1,False,2026-02-11,2026-02-17,0.028009948122247122,0.025009948122247123
ripple,2026-02-10,HSHP.OL,newsweb,HAFNI.OL,1,1,False,2026-02-11,2026-02-17,0.02689569591091629,0.023895695910916292
ripple,2026-02-10,HSHP.OL,newsweb,FRO.OL,1,1,False,2026-02-11,2026-02-17,0.06904540526566114,0.06604540526566113
drift_A,2026-02-11,STB.OL,newsweb,STB.OL,1,1,False,2026-02-12,2026-02-18,-0.0004968537223536875,-0.0034968537223536876
ripple,2026-02-11,STB.OL,newsweb,PROT.OL,1,1,False,2026-02-12,2026-02-18,-0.032314261201843414,-0.03531426120184342
ripple,2026-02-11,STB.OL,newsweb,SPOL.OL,1,1,False,2026-02-12,2026-02-18,0.009624776989500566,0.006624776989500566
ripple,2026-02-11,STB.OL,newsweb,GJF.OL,1,1,False,2026-02-12,2026-02-18,-0.02710143057052227,-0.03010143057052227
ripple,2026-02-11,STB.OL,newsweb,SBNOR.OL,1,1,False,2026-02-12,2026-02-18,0.016658027822325547,0.013658027822325548
drift_A,2026-02-11,NORBT.OL,newsweb,NORBT.OL,-1,-1,False,2026-02-12,2026-02-18,-0.06020005079159378,-0.06320005079159378
rebound,2026-02-11,NORBT.OL,newsweb,KOG.OL,1,-1,False,2026-02-12,2026-02-18,0.08253906264168115,0.07953906264168115
rebound,2026-02-11,NORBT.OL,newsweb,KIT.OL,1,-1,False,2026-02-12,2026-02-18,0.17513315914614688,0.17213315914614688
drift_A,2026-02-11,KID.OL,newsweb,KID.OL,-1,-1,False,2026-02-12,2026-02-18,0.029539452741515346,0.026539452741515347
drift_A,2026-02-11,SPOL.OL,newsweb,SPOL.OL,-1,-1,False,2026-02-12,2026-02-18,-0.009624776989500566,-0.012624776989500566
ripple,2026-02-11,SPOL.OL,newsweb,STB.OL,-1,-1,False,2026-02-12,2026-02-18,0.0004968537223536875,-0.0025031462776463126
ripple,2026-02-11,SPOL.OL,newsweb,DNB.OL,-1,-1,False,2026-02-12,2026-02-18,-0.013231706135906945,-0.016231706135906944
rebound,2026-02-11,SPOL.OL,newsweb,MING.OL,1,-1,False,2026-02-12,2026-02-18,0.04686473551855033,0.04386473551855033
rebound,2026-02-11,SPOL.OL,newsweb,NONG.OL,1,-1,False,2026-02-12,2026-02-18,0.04255781999784974,0.039557819997849734
drift_A,2026-02-11,AKRBP.OL,newsweb,AKRBP.OL,1,1,False,2026-02-12,2026-02-18,0.015695844805388,0.012695844805388
ripple,2026-02-11,AKRBP.OL,newsweb,OKEA.OL,1,1,False,2026-02-12,2026-02-18,-0.0228594314429164,-0.0258594314429164
ripple,2026-02-11,AKRBP.OL,newsweb,VAR.OL,1,1,False,2026-02-12,2026-02-18,0.003321452279265877,0.00032145227926587677
ripple,2026-02-11,AKRBP.OL,newsweb,DNO.OL,1,1,False,2026-02-12,2026-02-18,0.009276680236482805,0.0062766802364828045
ripple,2026-02-11,AKRBP.OL,newsweb,PEN.OL,1,1,False,2026-02-12,2026-02-18,-0.006277737574529862,-0.009277737574529862
ripple,2026-02-11,AKRBP.OL,newsweb,TGS.OL,1,1,False,2026-02-12,2026-02-18,0.03591679973285504,0.03291679973285504
drift_A,2026-02-11,2020.OL,newsweb,2020.OL,-1,-1,False,2026-02-12,2026-02-18,0.03015804258739531,0.02715804258739531
ripple,2026-02-11,2020.OL,newsweb,HSHP.OL,-1,-1,False,2026-02-12,2026-02-18,-0.06518713969292195,-0.06818713969292195
ripple,2026-02-11,2020.OL,newsweb,FRO.OL,-1,-1,False,2026-02-12,2026-02-18,-0.08060657711799625,-0.08360657711799625
ripple,2026-02-11,2020.OL,newsweb,BWLPG.OL,-1,-1,False,2026-02-12,2026-02-18,-0.018554098577467367,-0.021554098577467366
ripple,2026-02-11,2020.OL,newsweb,MPCC.OL,-1,-1,False,2026-02-12,2026-02-18,-0.04194580385542582,-0.04494580385542582
ripple,2026-02-11,2020.OL,newsweb,KCC.OL,-1,-1,False,2026-02-12,2026-02-18,-0.007580411303045693,-0.010580411303045694
drift_A,2026-02-12,ELMRA.OL,newsweb,ELMRA.OL,-1,-1,False,2026-02-13,2026-02-19,0.15709702726921296,0.15409702726921296
drift_A,2026-02-12,ACR.OL,newsweb,ACR.OL,-1,-1,False,2026-02-13,2026-02-19,0.05205645155578728,0.04905645155578728
drift_A,2026-02-12,REACH.OL,newsweb,REACH.OL,-1,-1,False,2026-02-13,2026-02-19,0.05904169695355973,0.056041696953559726
drift_A,2026-02-12,MING.OL,newsweb,MING.OL,1,1,False,2026-02-13,2026-02-19,0.010101399559187395,0.007101399559187395
ripple,2026-02-12,MING.OL,newsweb,SBNOR.OL,1,1,False,2026-02-13,2026-02-19,-0.010208072852296397,-0.013208072852296398
ripple,2026-02-12,MING.OL,newsweb,SWED-A.ST,1,1,False,2026-02-13,2026-02-19,-0.02200426975003247,-0.02500426975003247
drift_A,2026-02-12,TGS.OL,newsweb,TGS.OL,1,1,False,2026-02-13,2026-02-19,0.016545241160463922,0.013545241160463923
ripple,2026-02-12,TGS.OL,newsweb,OKEA.OL,1,1,False,2026-02-13,2026-02-19,-0.0005982402897753425,-0.0035982402897753426
ripple,2026-02-12,TGS.OL,newsweb,AKRBP.OL,1,1,False,2026-02-13,2026-02-19,0.04392068382044907,0.04092068382044907
ripple,2026-02-12,TGS.OL,newsweb,VAR.OL,1,1,False,2026-02-13,2026-02-19,0.018130226179484874,0.015130226179484875
ripple,2026-02-12,TGS.OL,newsweb,EQNR.OL,1,1,False,2026-02-13,2026-02-19,0.038731252936961974,0.03573125293696197
ripple,2026-02-12,TGS.OL,newsweb,AKSO.OL,1,1,False,2026-02-13,2026-02-19,0.023614162627572072,0.020614162627572073
drift_A,2026-02-12,ROGS.OL,newsweb,ROGS.OL,1,1,False,2026-02-13,2026-02-19,-0.00018673773012561033,-0.0031867377301256104
drift_A,2026-02-12,VEI.OL,newsweb,VEI.OL,1,1,False,2026-02-13,2026-02-19,0.0167288943096584,0.013728894309658402
drift_A,2026-02-12,NONG.OL,newsweb,NONG.OL,1,1,False,2026-02-13,2026-02-19,0.002521370807438382,-0.0004786291925616181
ripple,2026-02-12,NONG.OL,newsweb,PROT.OL,1,1,False,2026-02-13,2026-02-19,-0.014848640566050317,-0.017848640566050317
ripple,2026-02-12,NONG.OL,newsweb,SBNOR.OL,1,1,False,2026-02-13,2026-02-19,-0.010208072852296397,-0.013208072852296398
drift_A,2026-02-12,ORK.OL,newsweb,ORK.OL,1,1,False,2026-02-13,2026-02-19,-0.007363411916144666,-0.010363411916144667
ripple,2026-02-12,ORK.OL,newsweb,GJF.OL,1,1,False,2026-02-13,2026-02-19,-0.027339413910716943,-0.030339413910716942
ripple,2026-02-12,ORK.OL,newsweb,TEL.OL,1,1,False,2026-02-13,2026-02-19,-0.011897384425128277,-0.014897384425128276
drift_A,2026-02-12,LINK.OL,newsweb,LINK.OL,-1,-1,False,2026-02-13,2026-02-19,0.09101568681144423,0.08801568681144423
ripple,2026-02-12,LINK.OL,newsweb,AGLX.OL,-1,-1,False,2026-02-13,2026-02-19,0.007679851590787751,0.004679851590787751
ripple,2026-02-12,LINK.OL,newsweb,ATEA.OL,-1,-1,False,2026-02-13,2026-02-19,0.0077174319279712834,0.004717431927971283
drift_A,2026-02-12,KIT.OL,newsweb,KIT.OL,1,1,False,2026-02-13,2026-02-19,0.15902832953222026,0.15602832953222026
ripple,2026-02-12,KIT.OL,newsweb,NORBT.OL,1,1,False,2026-02-13,2026-02-19,0.04584399776715209,0.04284399776715209
ripple,2026-02-12,KIT.OL,newsweb,KOG.OL,1,1,False,2026-02-13,2026-02-19,0.0590113601927031,0.0560113601927031
drift_A,2026-02-12,NORCO.OL,newsweb,NORCO.OL,-1,-1,False,2026-02-13,2026-02-19,0.020772251019618132,0.017772251019618133
drift_A,2026-02-12,AUTO.OL,newsweb,AUTO.OL,1,1,False,2026-02-13,2026-02-19,-0.12880086414462646,-0.13180086414462647
drift_A,2026-02-13,AFG.OL,newsweb,AFG.OL,-1,-1,False,2026-02-16,2026-02-20,0.013631551390830936,0.010631551390830937
drift_A,2026-02-13,RING.OL,newsweb,RING.OL,1,1,False,2026-02-16,2026-02-20,-0.010842777462066754,-0.013842777462066753
drift_A,2026-02-13,ELMRA.OL,newsweb,ELMRA.OL,-1,-1,False,2026-02-16,2026-02-20,0.11732990786317168,0.11432990786317168
drift_A,2026-02-13,BOUV.OL,newsweb,BOUV.OL,-1,-1,False,2026-02-16,2026-02-20,-0.020109365425737775,-0.023109365425737775
drift_A,2026-02-13,NHY.OL,newsweb,NHY.OL,-1,-1,False,2026-02-16,2026-02-20,0.010709688328759813,0.007709688328759813
ripple,2026-02-13,NHY.OL,newsweb,MBG.DE,-1,-1,False,2026-02-16,2026-02-20,0.0066285517020662,0.0036285517020662
ripple,2026-02-13,NHY.OL,newsweb,BMW.DE,-1,-1,False,2026-02-16,2026-02-20,0.021045088467160394,0.018045088467160394
ripple,2026-02-13,NHY.OL,newsweb,SKF-B.ST,-1,-1,False,2026-02-16,2026-02-20,0.018653849891465055,0.015653849891465055
ripple,2026-02-13,NHY.OL,newsweb,SAND.ST,-1,-1,False,2026-02-16,2026-02-20,0.038721004711505816,0.03572100471150581
drift_A,2026-02-13,TOM.OL,newsweb,TOM.OL,-1,-1,False,2026-02-16,2026-02-20,0.08081078114937376,0.07781078114937376
drift_A,2026-02-13,AKVA.OL,newsweb,AKVA.OL,1,1,False,2026-02-16,2026-02-20,-0.00815574216139456,-0.01115574216139456
drift_A,2026-02-13,AFK.OL,newsweb,AFK.OL,1,1,False,2026-02-16,2026-02-20,-0.003529872767895903,-0.006529872767895903
drift_A,2026-02-13,ELK.OL,newsweb,ELK.OL,-1,-1,False,2026-02-16,2026-02-20,-0.10559125300745945,-0.10859125300745945
drift_A,2026-02-13,WEST.OL,newsweb,WEST.OL,1,1,False,2026-02-16,2026-02-20,-0.02324285606143671,-0.02624285606143671
drift_A,2026-02-17,ELMRA.OL,newsweb,ELMRA.OL,-1,-1,False,2026-02-18,2026-02-24,0.05841110218880018,0.05541110218880018
drift_A,2026-02-18,ZAP.OL,newsweb,ZAP.OL,1,1,False,2026-02-19,2026-02-25,0.01849710033429689,0.015497100334296892
drift_A,2026-02-19,SMOP.OL,newsweb,SMOP.OL,1,1,False,2026-02-20,2026-02-26,0.06070801796465258,0.05770801796465258
drift_A,2026-02-20,DOFG.OL,newsweb,DOFG.OL,1,1,False,2026-02-23,2026-02-27,0.013306504401129404,0.010306504401129405
ripple,2026-02-20,DOFG.OL,newsweb,VAR.OL,1,1,False,2026-02-23,2026-02-27,0.013121504995048423,0.010121504995048422
ripple,2026-02-20,DOFG.OL,newsweb,SUBC.OL,1,1,False,2026-02-23,2026-02-27,0.03007709844451679,0.027077098444516792
ripple,2026-02-20,DOFG.OL,newsweb,OKEA.OL,1,1,False,2026-02-23,2026-02-27,0.05262734556313768,0.04962734556313768
ripple,2026-02-20,DOFG.OL,newsweb,TGS.OL,1,1,False,2026-02-23,2026-02-27,-0.029723602613001242,-0.032723602613001244
ripple,2026-02-20,DOFG.OL,newsweb,AKRBP.OL,1,1,False,2026-02-23,2026-02-27,0.0025953040842103224,-0.00040469591578967765
drift_A,2026-02-24,AUSS.OL,newsweb,AUSS.OL,1,1,False,2026-02-25,2026-03-03,0.0038361216680481906,0.0008361216680481906
drift_A,2026-02-24,MING.OL,newsweb,MING.OL,-1,-1,False,2026-02-25,2026-03-03,0.00978663140294426,0.00678663140294426
rebound,2026-02-24,MING.OL,newsweb,DNB.OL,1,-1,False,2026-02-25,2026-03-03,-0.02072651083562046,-0.023726510835620458
rebound,2026-02-24,MING.OL,newsweb,SWED-A.ST,1,-1,False,2026-02-25,2026-03-03,-0.03091178273226041,-0.03391178273226041
rebound,2026-02-24,MING.OL,newsweb,SBNOR.OL,1,-1,False,2026-02-25,2026-03-03,-0.026285758578462687,-0.029285758578462686
drift_A,2026-02-24,NONG.OL,newsweb,NONG.OL,-1,-1,False,2026-02-25,2026-03-03,0.0037524597064976023,0.0007524597064976022
rebound,2026-02-24,NONG.OL,newsweb,DNB.OL,1,-1,False,2026-02-25,2026-03-03,-0.02072651083562046,-0.023726510835620458
rebound,2026-02-24,NONG.OL,newsweb,SBNOR.OL,1,-1,False,2026-02-25,2026-03-03,-0.026285758578462687,-0.029285758578462686
rebound,2026-02-24,NONG.OL,newsweb,PROT.OL,1,-1,False,2026-02-25,2026-03-03,-0.015823457142427493,-0.01882345714242749
drift_A,2026-02-24,MPCC.OL,newsweb,MPCC.OL,1,1,False,2026-02-25,2026-03-03,0.06853492577713695,0.06553492577713695
ripple,2026-02-24,MPCC.OL,newsweb,HAUTO.OL,1,1,False,2026-02-25,2026-03-03,0.18846229482951124,0.18546229482951124
ripple,2026-02-24,MPCC.OL,newsweb,WAWI.OL,1,1,False,2026-02-25,2026-03-03,0.061094697576258496,0.05809469757625849
ripple,2026-02-24,MPCC.OL,newsweb,KCC.OL,1,1,False,2026-02-25,2026-03-03,0.0123893480822821,0.0093893480822821
ripple,2026-02-24,MPCC.OL,newsweb,HAFNI.OL,1,1,False,2026-02-25,2026-03-03,0.09424784842016523,0.09124784842016523
ripple,2026-02-24,MPCC.OL,newsweb,2020.OL,1,1,False,2026-02-25,2026-03-03,0.027009610133769315,0.024009610133769316
rebound,2026-02-24,MPCC.OL,newsweb,FRO.OL,-1,1,False,2026-02-25,2026-03-03,-0.02301016894237588,-0.02601016894237588
rebound,2026-02-24,MPCC.OL,newsweb,SNI.OL,-1,1,False,2026-02-25,2026-03-03,-0.05776303808216794,-0.060763038082167944
drift_A,2026-02-24,LSG.OL,newsweb,LSG.OL,1,1,False,2026-02-25,2026-03-03,-0.0343212989670471,-0.037321298967047105
drift_A,2026-02-25,ODL.OL,newsweb,ODL.OL,1,1,False,2026-02-26,2026-03-04,-0.01887801877110602,-0.02187801877110602
ripple,2026-02-25,ODL.OL,newsweb,AKRBP.OL,1,1,False,2026-02-26,2026-03-04,0.046996982320968696,0.04399698232096869
ripple,2026-02-25,ODL.OL,newsweb,VAR.OL,1,1,False,2026-02-26,2026-03-04,0.06356990222908751,0.06056990222908751
ripple,2026-02-25,ODL.OL,newsweb,EQNR.OL,1,1,False,2026-02-26,2026-03-04,0.06264977731270578,0.05964977731270578
rebound,2026-02-25,ODL.OL,newsweb,DOFG.OL,-1,1,False,2026-02-26,2026-03-04,0.007392063382282107,0.004392063382282107
rebound,2026-02-25,ODL.OL,newsweb,SUBC.OL,-1,1,False,2026-02-26,2026-03-04,0.06658142137277777,0.06358142137277777
drift_A,2026-02-25,IWS.OL,newsweb,IWS.OL,1,1,False,2026-02-26,2026-03-04,0.014862769261231245,0.011862769261231244
drift_A,2026-02-25,NORBT.OL,newsweb,NORBT.OL,1,1,False,2026-02-26,2026-03-04,-0.058777253000810346,-0.06177725300081035
drift_A,2026-02-25,NYKD.OL,newsweb,NYKD.OL,-1,-1,False,2026-02-26,2026-03-04,-0.03848625446814692,-0.041486254468146924
drift_A,2026-02-25,PEN.OL,newsweb,PEN.OL,1,1,False,2026-02-26,2026-03-04,0.005204636179629081,0.002204636179629081
ripple,2026-02-25,PEN.OL,newsweb,VAR.OL,1,1,False,2026-02-26,2026-03-04,0.06356990222908751,0.06056990222908751
ripple,2026-02-25,PEN.OL,newsweb,DNO.OL,1,1,False,2026-02-26,2026-03-04,-0.0036487881887560933,-0.006648788188756093
ripple,2026-02-25,PEN.OL,newsweb,AKRBP.OL,1,1,False,2026-02-26,2026-03-04,0.046996982320968696,0.04399698232096869
ripple,2026-02-25,PEN.OL,newsweb,EQNR.OL,1,1,False,2026-02-26,2026-03-04,0.06264977731270578,0.05964977731270578
ripple,2026-02-25,PEN.OL,newsweb,BWE.OL,1,1,False,2026-02-26,2026-03-04,0.036135941125276974,0.03313594112527697
drift_A,2026-02-26,CRNA.OL,newsweb,CRNA.OL,1,1,False,2026-02-27,2026-03-05,0.26527208957674375,0.26227208957674375
drift_A,2026-02-26,ALNG.OL,newsweb,ALNG.OL,-1,-1,False,2026-02-27,2026-03-05,-0.5009818126374261,-0.5039818126374261
drift_A,2026-02-26,ENDUR.OL,newsweb,ENDUR.OL,1,1,False,2026-02-27,2026-03-05,-0.025534958803087877,-0.028534958803087877
drift_A,2026-02-26,PRS.OL,newsweb,PRS.OL,-1,-1,False,2026-02-27,2026-03-05,0.07759511339744361,0.07459511339744361
drift_A,2026-02-26,NAPA.OL,newsweb,NAPA.OL,-1,-1,False,2026-02-27,2026-03-05,-0.053047538176732446,-0.05604753817673245
drift_A,2026-02-26,ZAL.OL,newsweb,ZAL.OL,-1,-1,False,2026-02-27,2026-03-05,-0.012683717903193496,-0.015683717903193495
drift_A,2026-02-26,HUNT.OL,newsweb,HUNT.OL,1,1,False,2026-02-27,2026-03-05,-0.04981386324411282,-0.05281386324411282
ripple,2026-02-26,HUNT.OL,newsweb,OET.OL,1,1,False,2026-02-27,2026-03-05,-0.05909200277518092,-0.06209200277518092
ripple,2026-02-26,HUNT.OL,newsweb,FRO.OL,1,1,False,2026-02-27,2026-03-05,-0.009322504562307933,-0.012322504562307934
drift_A,2026-02-27,ENVIP.OL,newsweb,ENVIP.OL,1,1,False,2026-03-02,2026-03-06,-0.011436446375247877,-0.014436446375247877
drift_A,2026-02-27,NSKOG.OL,newsweb,NSKOG.OL,1,1,False,2026-03-02,2026-03-06,0.05796589313831081,0.05496589313831081
drift_A,2026-02-27,MEDI.OL,newsweb,MEDI.OL,1,1,False,2026-03-02,2026-03-06,-0.04566371602002488,-0.04866371602002488
drift_A,2026-03-02,COSH.OL,newsweb,COSH.OL,1,1,False,2026-03-03,2026-03-09,-0.04266261944714215,-0.04566261944714215
drift_A,2026-03-03,BWLPG.OL,newsweb,BWLPG.OL,1,1,True,2026-03-04,2026-03-10,-0.06323177960171689,-0.06623177960171689
ripple,2026-03-03,BWLPG.OL,newsweb,HUNT.OL,1,1,True,2026-03-04,2026-03-10,0.058941955841627314,0.05594195584162731
ripple,2026-03-03,BWLPG.OL,newsweb,FRO.OL,1,1,True,2026-03-04,2026-03-10,-0.017587346214661945,-0.020587346214661944
ripple,2026-03-03,BWLPG.OL,newsweb,OET.OL,1,1,True,2026-03-04,2026-03-10,-0.03053611072920525,-0.03353611072920525
rebound,2026-03-03,BWLPG.OL,newsweb,ALNG.OL,-1,1,True,2026-03-04,2026-03-10,0.12440836598304367,0.12140836598304366
rebound,2026-03-03,BWLPG.OL,newsweb,HAFNI.OL,-1,1,True,2026-03-04,2026-03-10,0.04428452572906457,0.04128452572906457
rebound,2026-03-03,BWLPG.OL,newsweb,KCC.OL,-1,1,True,2026-03-04,2026-03-10,0.009915199157405696,0.006915199157405696
rebound,2026-03-03,BWLPG.OL,newsweb,2020.OL,-1,1,True,2026-03-04,2026-03-10,0.008379559340377173,0.0053795593403771725
rebound,2026-03-03,BWLPG.OL,newsweb,MPCC.OL,-1,1,True,2026-03-04,2026-03-10,0.0024663308780800705,-0.0005336691219199295
drift_A,2026-03-04,MAERSK-B.CO,gdelt,MAERSK-B.CO,-1,-1,False,2026-03-05,2026-03-11,0.02079449065631916,0.017794490656319162
rebound,2026-03-04,MAERSK-B.CO,gdelt,WAWI.OL,1,-1,False,2026-03-05,2026-03-11,-0.08132304899974269,-0.08432304899974269
rebound,2026-03-04,MAERSK-B.CO,gdelt,HAUTO.OL,1,-1,False,2026-03-05,2026-03-11,-0.031022551411448843,-0.034022551411448845
drift_A,2026-03-04,AGLX.OL,newsweb,AGLX.OL,1,1,False,2026-03-05,2026-03-11,-0.054474315256532777,-0.05747431525653278
drift_A,2026-03-04,NHY.OL,newsweb,NHY.OL,1,1,False,2026-03-05,2026-03-11,0.02485896340587554,0.02185896340587554
ripple,2026-03-04,NHY.OL,newsweb,SKF-B.ST,1,1,False,2026-03-05,2026-03-11,-0.033985689244899094,-0.036985689244899096
ripple,2026-03-04,NHY.OL,newsweb,SAND.ST,1,1,False,2026-03-05,2026-03-11,0.010495605046865798,0.0074956050468657975
ripple,2026-03-04,NHY.OL,newsweb,BMW.DE,1,1,False,2026-03-05,2026-03-11,-0.009490764431174187,-0.012490764431174188
ripple,2026-03-04,NHY.OL,newsweb,MBG.DE,1,1,False,2026-03-05,2026-03-11,-0.01301448317598107,-0.01601448317598107
drift_A,2026-03-04,WWI.OL,newsweb,WWI.OL,-1,-1,False,2026-03-05,2026-03-11,0.003662349415901609,0.0006623494159016087
rebound,2026-03-04,WWI.OL,newsweb,KCC.OL,1,-1,False,2026-03-05,2026-03-11,-0.019156193130534835,-0.022156193130534834
rebound,2026-03-04,WWI.OL,newsweb,WWIB.OL,1,-1,False,2026-03-05,2026-03-11,0.00924135830540377,0.00624135830540377
rebound,2026-03-04,WWI.OL,newsweb,SNI.OL,1,-1,False,2026-03-05,2026-03-11,0.0020011254402161633,-0.0009988745597838368
drift_A,2026-03-04,HLAG.DE,gdelt,HLAG.DE,-1,-1,False,2026-03-05,2026-03-11,0.031877538146336926,0.028877538146336926
drift_A,2026-03-09,ALNG.OL,newsweb,ALNG.OL,-1,-1,False,2026-03-10,2026-03-16,-0.0572079413527586,-0.0602079413527586
ripple,2026-03-09,ALNG.OL,newsweb,BWLPG.OL,-1,-1,False,2026-03-10,2026-03-16,0.21527527293682938,0.21227527293682938
ripple,2026-03-09,ALNG.OL,newsweb,KCC.OL,-1,-1,False,2026-03-10,2026-03-16,0.05957726683259715,0.056577266832597145
drift_A,2026-03-10,SCATC.OL,newsweb,SCATC.OL,1,1,False,2026-03-11,2026-03-17,-0.021567708161086538,-0.024567708161086537
drift_A,2026-03-10,2020.OL,newsweb,2020.OL,-1,-1,False,2026-03-11,2026-03-17,0.05282075562633916,0.049820755626339155
ripple,2026-03-10,2020.OL,newsweb,HSHP.OL,-1,-1,False,2026-03-11,2026-03-17,0.10948547394836956,0.10648547394836956
ripple,2026-03-10,2020.OL,newsweb,FRO.OL,-1,-1,False,2026-03-11,2026-03-17,0.13114693532307134,0.12814693532307134
ripple,2026-03-10,2020.OL,newsweb,SNI.OL,-1,-1,False,2026-03-11,2026-03-17,0.08554175670681075,0.08254175670681074
ripple,2026-03-10,2020.OL,newsweb,MPCC.OL,-1,-1,False,2026-03-11,2026-03-17,0.030338617283677993,0.027338617283677993
rebound,2026-03-10,2020.OL,newsweb,WAWI.OL,1,-1,False,2026-03-11,2026-03-17,-0.061850870684819544,-0.06485087068481954
rebound,2026-03-10,2020.OL,newsweb,HAFNI.OL,1,-1,False,2026-03-11,2026-03-17,-0.13455599516526348,-0.13755599516526348
drift_A,2026-03-11,ENVIP.OL,newsweb,ENVIP.OL,-1,-1,False,2026-03-12,2026-03-18,-0.04914270323540695,-0.05214270323540695
drift_A,2026-03-12,ELMRA.OL,newsweb,ELMRA.OL,1,1,False,2026-03-13,2026-03-19,0.012050780135775267,0.009050780135775267
drift_A,2026-03-13,ZAL.OL,newsweb,ZAL.OL,1,1,False,2026-03-16,2026-03-20,0.0016809921482615268,-0.0013190078517384732
drift_A,2026-03-16,DNO.OL,newsweb,DNO.OL,1,1,False,2026-03-17,2026-03-23,0.06762035314361514,0.06462035314361514
ripple,2026-03-16,DNO.OL,newsweb,BNOR.OL,1,1,False,2026-03-17,2026-03-23,0.006540427879655371,0.0035404278796553708
ripple,2026-03-16,DNO.OL,newsweb,ENI.MI,1,1,False,2026-03-17,2026-03-23,0.017082464892670072,0.014082464892670073
rebound,2026-03-16,DNO.OL,newsweb,OKEA.OL,-1,1,False,2026-03-17,2026-03-23,-0.03461170814574886,-0.037611708145748865
rebound,2026-03-16,DNO.OL,newsweb,AKRBP.OL,-1,1,False,2026-03-17,2026-03-23,0.012651018730981595,0.009651018730981595
rebound,2026-03-16,DNO.OL,newsweb,PEN.OL,-1,1,False,2026-03-17,2026-03-23,-0.010846398178765199,-0.0138463981787652
rebound,2026-03-16,DNO.OL,newsweb,VAR.OL,-1,1,False,2026-03-17,2026-03-23,-0.058057413994210175,-0.06105741399421018
drift_A,2026-03-18,PROT.OL,newsweb,PROT.OL,-1,-1,False,2026-03-19,2026-03-25,0.06976387419647882,0.06676387419647882
ripple,2026-03-18,PROT.OL,newsweb,STB.OL,-1,-1,False,2026-03-19,2026-03-25,0.024563864902697883,0.021563864902697884
ripple,2026-03-18,PROT.OL,newsweb,GJF.OL,-1,-1,False,2026-03-19,2026-03-25,0.030747755476489995,0.027747755476489996
ripple,2026-03-18,PROT.OL,newsweb,NONG.OL,-1,-1,False,2026-03-19,2026-03-25,0.005025082041764911,0.002025082041764911
ripple,2026-03-18,PROT.OL,newsweb,SBNOR.OL,-1,-1,False,2026-03-19,2026-03-25,0.004578454961339808,0.001578454961339808
drift_A,2026-03-19,EQNR.OL,newsweb,EQNR.OL,1,1,True,2026-03-20,2026-03-26,0.03345641274676831,0.030456412746768313
rebound,2026-03-19,EQNR.OL,newsweb,VAR.OL,-1,1,True,2026-03-20,2026-03-26,0.02379118816681803,0.02079118816681803
rebound,2026-03-19,EQNR.OL,newsweb,TTE.PA,-1,1,True,2026-03-20,2026-03-26,-0.010457160269922399,-0.0134571602699224
rebound,2026-03-19,EQNR.OL,newsweb,ENI.MI,-1,1,True,2026-03-20,2026-03-26,-0.006125073584750191,-0.00912507358475019
drift_A,2026-03-19,ELK.OL,newsweb,ELK.OL,-1,-1,True,2026-03-20,2026-03-26,-0.08291995875240711,-0.08591995875240711
drift_A,2026-03-19,ENVIP.OL,newsweb,ENVIP.OL,1,1,True,2026-03-20,2026-03-26,-0.06747308479116723,-0.07047308479116723
drift_A,2026-03-19,AKSO.OL,newsweb,AKSO.OL,1,1,True,2026-03-20,2026-03-26,-0.005063765905441085,-0.008063765905441085
rebound,2026-03-19,AKSO.OL,newsweb,VAR.OL,-1,1,True,2026-03-20,2026-03-26,0.02379118816681803,0.02079118816681803
rebound,2026-03-19,AKSO.OL,newsweb,AKRBP.OL,-1,1,True,2026-03-20,2026-03-26,0.030449508039079056,0.027449508039079057
rebound,2026-03-19,AKSO.OL,newsweb,TTE.PA,-1,1,True,2026-03-20,2026-03-26,-0.010457160269922399,-0.0134571602699224
rebound,2026-03-19,AKSO.OL,newsweb,TGS.OL,-1,1,True,2026-03-20,2026-03-26,-0.02479702597328306,-0.027797025973283058
rebound,2026-03-19,AKSO.OL,newsweb,ENI.MI,-1,1,True,2026-03-20,2026-03-26,-0.006125073584750191,-0.00912507358475019
drift_A,2026-03-20,YAR.OL,newsweb,YAR.OL,-1,-1,True,2026-03-23,2026-03-27,-0.0321974072364647,-0.0351974072364647
drift_A,2026-03-23,ELO.OL,newsweb,ELO.OL,-1,-1,False,2026-03-24,2026-03-30,0.05989216489368278,0.056892164893682776
drift_A,2026-03-24,AKAST.OL,newsweb,AKAST.OL,1,1,False,2026-03-25,2026-03-31,-0.03075029939158567,-0.03375029939158567
drift_A,2026-03-26,CRNA.OL,newsweb,CRNA.OL,1,1,False,2026-03-27,2026-04-07,0.527191538287573,0.524191538287573
drift_A,2026-03-26,ELO.OL,newsweb,ELO.OL,-1,-1,False,2026-03-27,2026-04-07,0.033627845490863464,0.030627845490863465
drift_A,2026-03-26,CADLR.OL,newsweb,CADLR.OL,-1,-1,False,2026-03-27,2026-04-07,-0.0281353499430875,-0.0311353499430875
drift_A,2026-03-26,SOFF.OL,newsweb,SOFF.OL,1,1,False,2026-03-27,2026-04-07,0.028639695390154842,0.025639695390154843
drift_A,2026-03-30,MING.OL,newsweb,MING.OL,1,1,False,2026-03-31,2026-04-09,0.014763674255310704,0.011763674255310705
ripple,2026-03-30,MING.OL,newsweb,DNB.OL,1,1,False,2026-03-31,2026-04-09,0.014958056137333857,0.011958056137333858
ripple,2026-03-30,MING.OL,newsweb,VEI.OL,1,1,False,2026-03-31,2026-04-09,0.029873496693868264,0.026873496693868265
rebound,2026-03-30,MING.OL,newsweb,SPOL.OL,-1,1,False,2026-03-31,2026-04-09,-0.018553655582243464,-0.021553655582243463
rebound,2026-03-30,MING.OL,newsweb,NONG.OL,-1,1,False,2026-03-31,2026-04-09,0.003328086706138534,0.00032808670613853393
rebound,2026-03-30,MING.OL,newsweb,SBNOR.OL,-1,1,False,2026-03-31,2026-04-09,-0.012423982521447823,-0.015423982521447822
drift_A,2026-04-01,SUBC.OL,newsweb,SUBC.OL,-1,-1,False,2026-04-07,2026-04-13,-0.045493237789562935,-0.04849323778956294
rebound,2026-04-01,SUBC.OL,newsweb,AKRBP.OL,1,-1,False,2026-04-07,2026-04-13,0.013082199634672793,0.010082199634672794
rebound,2026-04-01,SUBC.OL,newsweb,DNO.OL,1,-1,False,2026-04-07,2026-04-13,-0.0892339403577899,-0.09223394035778991
rebound,2026-04-01,SUBC.OL,newsweb,TGS.OL,1,-1,False,2026-04-07,2026-04-13,-0.042249472501393465,-0.04524947250139347
rebound,2026-04-01,SUBC.OL,newsweb,AKSO.OL,1,-1,False,2026-04-07,2026-04-13,0.01553516130375324,0.01253516130375324
rebound,2026-04-01,SUBC.OL,newsweb,DOFG.OL,1,-1,False,2026-04-07,2026-04-13,-0.009214888380771946,-0.012214888380771945
drift_A,2026-04-01,KIT.OL,newsweb,KIT.OL,1,1,False,2026-04-07,2026-04-13,0.07162390520013755,0.06862390520013754
drift_A,2026-04-01,SBO.OL,newsweb,SBO.OL,1,1,False,2026-04-07,2026-04-13,0.005791676936196756,0.0027916769361967563
drift_A,2026-04-07,PEN.OL,newsweb,PEN.OL,1,1,False,2026-04-08,2026-04-14,0.017776512736949662,0.014776512736949663
drift_A,2026-04-07,AKRBP.OL,newsweb,AKRBP.OL,1,1,False,2026-04-08,2026-04-14,0.060896686788206845,0.05789668678820684
ripple,2026-04-07,AKRBP.OL,newsweb,TGS.OL,1,1,False,2026-04-08,2026-04-14,0.010454310570709016,0.007454310570709016
ripple,2026-04-07,AKRBP.OL,newsweb,ENI.MI,1,1,False,2026-04-08,2026-04-14,0.014487080098089812,0.01148708009808981
drift_A,2026-04-07,HAVI.OL,newsweb,HAVI.OL,-1,-1,False,2026-04-08,2026-04-14,0.02309570751385913,0.02009570751385913
drift_A,2026-04-08,DOFG.OL,newsweb,DOFG.OL,-1,-1,False,2026-04-09,2026-04-15,0.010709752072799453,0.007709752072799453
rebound,2026-04-08,DOFG.OL,newsweb,PEN.OL,1,-1,False,2026-04-09,2026-04-15,-0.04559097512330392,-0.048590975123303924
rebound,2026-04-08,DOFG.OL,newsweb,VAR.OL,1,-1,False,2026-04-09,2026-04-15,-0.00799118661340915,-0.01099118661340915
rebound,2026-04-08,DOFG.OL,newsweb,AKRBP.OL,1,-1,False,2026-04-09,2026-04-15,0.031174700884085076,0.028174700884085076
rebound,2026-04-08,DOFG.OL,newsweb,SOMA.OL,1,-1,False,2026-04-09,2026-04-15,0.038359739648891195,0.03535973964889119
rebound,2026-04-08,DOFG.OL,newsweb,TGS.OL,1,-1,False,2026-04-09,2026-04-15,0.010344771357622228,0.007344771357622228
drift_A,2026-04-08,AKVA.OL,newsweb,AKVA.OL,1,1,False,2026-04-09,2026-04-15,0.18581057842210577,0.18281057842210577
drift_A,2026-04-09,GSF.OL,newsweb,GSF.OL,-1,-1,False,2026-04-10,2026-04-16,0.004863438451715513,0.0018634384517155133
drift_A,2026-04-09,ENVIP.OL,newsweb,ENVIP.OL,1,1,False,2026-04-10,2026-04-16,-0.03737449894689704,-0.04037449894689704
drift_A,2026-04-09,KID.OL,newsweb,KID.OL,-1,-1,False,2026-04-10,2026-04-16,-0.03530573666131483,-0.03830573666131483
drift_A,2026-04-09,SNI.OL,newsweb,SNI.OL,-1,-1,False,2026-04-10,2026-04-16,0.0494745842803668,0.0464745842803668
ripple,2026-04-09,SNI.OL,newsweb,HAFNI.OL,-1,-1,False,2026-04-10,2026-04-16,0.03079947063516044,0.02779947063516044
ripple,2026-04-09,SNI.OL,newsweb,HAUTO.OL,-1,-1,False,2026-04-10,2026-04-16,0.04904786900562646,0.046047869005626456
ripple,2026-04-09,SNI.OL,newsweb,MPCC.OL,-1,-1,False,2026-04-10,2026-04-16,0.03667309144064316,0.033673091440643156
ripple,2026-04-09,SNI.OL,newsweb,BWLPG.OL,-1,-1,False,2026-04-10,2026-04-16,0.007633734896605239,0.004633734896605239
ripple,2026-04-09,SNI.OL,newsweb,OET.OL,-1,-1,False,2026-04-10,2026-04-16,0.020910871409280562,0.017910871409280563
drift_A,2026-04-10,AKVA.OL,newsweb,AKVA.OL,-1,-1,False,2026-04-13,2026-04-17,-0.0667678203685624,-0.0697678203685624
drift_A,2026-04-13,SOFF.OL,newsweb,SOFF.OL,1,1,False,2026-04-14,2026-04-20,-0.05895285769043473,-0.06195285769043473
drift_A,2026-04-13,KID.OL,newsweb,KID.OL,1,1,False,2026-04-14,2026-04-20,0.007561356597042214,0.004561356597042214
drift_A,2026-04-13,WEST.OL,newsweb,WEST.OL,-1,-1,False,2026-04-14,2026-04-20,0.1029540768341296,0.0999540768341296
drift_A,2026-04-15,ABG.OL,newsweb,ABG.OL,-1,-1,False,2026-04-16,2026-04-22,0.04614606803614722,0.04314606803614722
drift_A,2026-04-15,HUNT.OL,newsweb,HUNT.OL,-1,-1,False,2026-04-16,2026-04-22,0.053432025637977644,0.05043202563797764
ripple,2026-04-15,HUNT.OL,newsweb,FRO.OL,-1,-1,False,2026-04-16,2026-04-22,0.04087821467194082,0.037878214671940816
ripple,2026-04-15,HUNT.OL,newsweb,OET.OL,-1,-1,False,2026-04-16,2026-04-22,0.023331832437508873,0.020331832437508874
ripple,2026-04-15,HUNT.OL,newsweb,HAFNI.OL,-1,-1,False,2026-04-16,2026-04-22,0.0014315293074006336,-0.0015684706925993665
drift_A,2026-04-16,CRNA.OL,newsweb,CRNA.OL,-1,-1,False,2026-04-17,2026-04-23,-0.3949793786822688,-0.3979793786822688
drift_A,2026-04-20,ODL.OL,newsweb,ODL.OL,-1,-1,False,2026-04-21,2026-04-27,-0.02859680429502193,-0.03159680429502193
ripple,2026-04-20,ODL.OL,newsweb,TGS.OL,-1,-1,False,2026-04-21,2026-04-27,-0.06743197901775391,-0.07043197901775392
ripple,2026-04-20,ODL.OL,newsweb,PEN.OL,-1,-1,False,2026-04-21,2026-04-27,-0.0878954462169377,-0.09089544621693771
ripple,2026-04-20,ODL.OL,newsweb,AKRBP.OL,-1,-1,False,2026-04-21,2026-04-27,-0.05487095435943727,-0.057870954359437274
ripple,2026-04-20,ODL.OL,newsweb,AKSO.OL,-1,-1,False,2026-04-21,2026-04-27,-0.011337224124608162,-0.014337224124608163
ripple,2026-04-20,ODL.OL,newsweb,VAR.OL,-1,-1,False,2026-04-21,2026-04-27,-0.05112355369557555,-0.05412355369557555
drift_A,2026-04-20,NYKD.OL,newsweb,NYKD.OL,1,1,False,2026-04-21,2026-04-27,-0.15606604506906008,-0.15906604506906008
drift_A,2026-04-20,TGS.OL,newsweb,TGS.OL,1,1,False,2026-04-21,2026-04-27,0.06743197901775391,0.06443197901775391
drift_A,2026-04-23,DNB.OL,newsweb,DNB.OL,-1,-1,False,2026-04-24,2026-04-30,0.009227798109847021,0.006227798109847021
drift_A,2026-04-23,EPR.OL,newsweb,EPR.OL,1,1,False,2026-04-24,2026-04-30,-0.010473883057374563,-0.013473883057374562
drift_A,2026-04-23,MING.OL,newsweb,MING.OL,-1,-1,False,2026-04-24,2026-04-30,0.0009581248295621996,-0.0020418751704378004
drift_A,2026-04-23,NONG.OL,newsweb,NONG.OL,-1,-1,False,2026-04-24,2026-04-30,0.00013024122254185486,-0.002869758777458145
drift_A,2026-04-23,KOG.OL,newsweb,KOG.OL,1,1,False,2026-04-24,2026-04-30,-0.05400421935517383,-0.05700421935517383
drift_A,2026-04-23,AUTO.OL,newsweb,AUTO.OL,1,1,False,2026-04-24,2026-04-30,-0.03148134179138597,-0.03448134179138597
drift_A,2026-04-23,SBNOR.OL,newsweb,SBNOR.OL,-1,-1,False,2026-04-24,2026-04-30,0.016258570860757854,0.013258570860757855
drift_A,2026-04-24,VEND.OL,newsweb,VEND.OL,-1,-1,False,2026-04-27,2026-05-04,-0.09964400408274249,-0.10264400408274249
ripple,2026-04-24,VEND.OL,newsweb,LINK.OL,-1,-1,False,2026-04-27,2026-05-04,-0.060206963280740114,-0.06320696328074012
ripple,2026-04-24,VEND.OL,newsweb,PEXIP.OL,-1,-1,False,2026-04-27,2026-05-04,-0.072236450074742,-0.075236450074742
drift_A,2026-04-24,NSKOG.OL,newsweb,NSKOG.OL,1,1,False,2026-04-27,2026-05-04,0.04455597053009775,0.04155597053009775
drift_A,2026-04-24,ENVIP.OL,newsweb,ENVIP.OL,-1,-1,False,2026-04-27,2026-05-04,0.01636164238128967,0.01336164238128967
drift_A,2026-04-24,TOM.OL,newsweb,TOM.OL,-1,-1,False,2026-04-27,2026-05-04,-0.06533128113883348,-0.06833128113883348
ripple,2026-04-24,TOM.OL,newsweb,CADLR.OL,-1,-1,False,2026-04-27,2026-05-04,-0.05918221738561119,-0.062182217385611194
ripple,2026-04-24,TOM.OL,newsweb,VOLV-B.ST,-1,-1,False,2026-04-27,2026-05-04,0.03408720818545075,0.031087208185450754
drift_A,2026-04-24,KIT.OL,newsweb,KIT.OL,1,1,False,2026-04-27,2026-05-04,-0.07199112108180886,-0.07499112108180886
ripple,2026-04-24,KIT.OL,newsweb,KOG.OL,1,1,False,2026-04-27,2026-05-04,0.0012608498779897856,-0.0017391501220102145
ripple,2026-04-24,KIT.OL,newsweb,NORBT.OL,1,1,False,2026-04-27,2026-05-04,-0.054897403434400555,-0.05789740343440056
drift_A,2026-04-27,AKAST.OL,newsweb,AKAST.OL,1,1,False,2026-04-28,2026-05-05,0.045859397091493934,0.04285939709149393
drift_A,2026-04-28,ATEA.OL,newsweb,ATEA.OL,1,1,False,2026-04-29,2026-05-06,0.05528657109809402,0.052286571098094016
drift_A,2026-04-28,TEL.OL,newsweb,TEL.OL,-1,-1,False,2026-04-29,2026-05-06,-0.0018771174367434133,-0.004877117436743413
ripple,2026-04-28,TEL.OL,newsweb,ORK.OL,-1,-1,False,2026-04-29,2026-05-06,4.2889369768814535e-05,-0.0029571106302311856
ripple,2026-04-28,TEL.OL,newsweb,SATS.OL,-1,-1,False,2026-04-29,2026-05-06,0.06856864907666976,0.06556864907666976
drift_A,2026-04-28,GJF.OL,newsweb,GJF.OL,-1,-1,False,2026-04-29,2026-05-06,0.03332298286436858,0.03032298286436858
ripple,2026-04-28,GJF.OL,newsweb,PROT.OL,-1,-1,False,2026-04-29,2026-05-06,0.0001994258343391731,-0.002800574165660827
ripple,2026-04-28,GJF.OL,newsweb,SPOL.OL,-1,-1,False,2026-04-29,2026-05-06,0.022323492983515835,0.019323492983515836
drift_A,2026-04-28,NAS.OL,newsweb,NAS.OL,1,1,False,2026-04-29,2026-05-06,0.06743083233791783,0.06443083233791783
ripple,2026-04-28,NAS.OL,newsweb,STB.OL,1,1,False,2026-04-29,2026-05-06,0.041706963575868186,0.038706963575868183
ripple,2026-04-28,NAS.OL,newsweb,PROT.OL,1,1,False,2026-04-29,2026-05-06,-0.0001994258343391731,-0.003199425834339173
ripple,2026-04-28,NAS.OL,newsweb,SAN.MC,1,1,False,2026-04-29,2026-05-06,0.02234191560368761,0.01934191560368761
ripple,2026-04-28,NAS.OL,newsweb,NDA-FI.HE,1,1,False,2026-04-29,2026-05-06,0.005370402023383623,0.002370402023383623
drift_A,2026-04-29,STB.OL,newsweb,STB.OL,1,1,False,2026-04-30,2026-05-07,0.032344208482093434,0.029344208482093435
ripple,2026-04-29,STB.OL,newsweb,PROT.OL,1,1,False,2026-04-30,2026-05-07,0.014964586128380992,0.011964586128380993
ripple,2026-04-29,STB.OL,newsweb,SPOL.OL,1,1,False,2026-04-30,2026-05-07,-0.03949080379873674,-0.042490803798736744
ripple,2026-04-29,STB.OL,newsweb,SBNOR.OL,1,1,False,2026-04-30,2026-05-07,-0.03991384369888401,-0.04291384369888401
ripple,2026-04-29,STB.OL,newsweb,NDA-FI.HE,1,1,False,2026-04-30,2026-05-07,-0.010850925856597308,-0.013850925856597307
drift_A,2026-04-29,ENDUR.OL,newsweb,ENDUR.OL,1,1,False,2026-04-30,2026-05-07,0.04643137788665341,0.04343137788665341
drift_A,2026-04-29,ACR.OL,newsweb,ACR.OL,-1,-1,False,2026-04-30,2026-05-07,-0.09849211567606775,-0.10149211567606775
drift_A,2026-04-29,GJF.OL,newsweb,GJF.OL,1,1,False,2026-04-30,2026-05-07,-0.03132646274100233,-0.03432646274100233
ripple,2026-04-29,GJF.OL,newsweb,PROT.OL,1,1,False,2026-04-30,2026-05-07,0.014964586128380992,0.011964586128380993
ripple,2026-04-29,GJF.OL,newsweb,SPOL.OL,1,1,False,2026-04-30,2026-05-07,-0.03949080379873674,-0.042490803798736744
drift_A,2026-04-29,BRG.OL,newsweb,BRG.OL,-1,-1,False,2026-04-30,2026-05-07,0.03224597791656404,0.029245977916564043
drift_A,2026-04-29,BONHR.OL,newsweb,BONHR.OL,1,1,False,2026-04-30,2026-05-07,-0.006166323434521126,-0.009166323434521126
drift_A,2026-04-29,SALME.OL,newsweb,SALME.OL,-1,-1,False,2026-04-30,2026-05-07,0.010778887561307357,0.007778887561307357
drift_A,2026-04-30,PARB.OL,newsweb,PARB.OL,-1,-1,False,2026-05-04,2026-05-08,0.03238748618410652,0.029387486184106523
drift_A,2026-04-30,VEND.OL,newsweb,VEND.OL,1,1,False,2026-05-04,2026-05-08,-0.03876011112433461,-0.041760111124334615
ripple,2026-04-30,VEND.OL,newsweb,PEXIP.OL,1,1,False,2026-05-04,2026-05-08,0.16901801257788712,0.16601801257788712
ripple,2026-04-30,VEND.OL,newsweb,LINK.OL,1,1,False,2026-05-04,2026-05-08,0.010713570880796199,0.0077135708807961985
drift_A,2026-04-30,KOA.OL,newsweb,KOA.OL,-1,-1,False,2026-05-04,2026-05-08,-0.05241514663585401,-0.055415146635854014
drift_A,2026-05-04,NDA-FI.HE,gdelt,NDA-FI.HE,-1,-1,False,2026-05-05,2026-05-11,0.007958995107917421,0.004958995107917421
rebound,2026-05-04,NDA-FI.HE,gdelt,BBVA.MC,1,-1,False,2026-05-05,2026-05-11,0.0445535978093678,0.0415535978093678
rebound,2026-05-04,NDA-FI.HE,gdelt,GLE.PA,1,-1,False,2026-05-05,2026-05-11,0.05253659524246038,0.049536595242460374
rebound,2026-05-04,NDA-FI.HE,gdelt,BNP.PA,1,-1,False,2026-05-05,2026-05-11,0.05943763227696861,0.05643763227696861
rebound,2026-05-04,NDA-FI.HE,gdelt,SEB-A.ST,1,-1,False,2026-05-05,2026-05-11,0.014786380322450183,0.011786380322450184
drift_A,2026-05-04,MBG.DE,gdelt,MBG.DE,-1,-1,False,2026-05-05,2026-05-11,-0.047178366816536,-0.050178366816536
drift_A,2026-05-04,VOW3.DE,gdelt,VOW3.DE,-1,-1,False,2026-05-05,2026-05-11,-0.04425386961047212,-0.04725386961047212
drift_A,2026-05-05,REACH.OL,newsweb,REACH.OL,-1,-1,False,2026-05-06,2026-05-12,0.06433758027031636,0.061337580270316355
drift_A,2026-05-05,PEXIP.OL,newsweb,PEXIP.OL,1,1,False,2026-05-06,2026-05-12,0.0018346120706179288,-0.0011653879293820712
ripple,2026-05-05,PEXIP.OL,newsweb,VEND.OL,1,1,False,2026-05-06,2026-05-12,-0.015405133222710884,-0.018405133222710885
ripple,2026-05-05,PEXIP.OL,newsweb,LINK.OL,1,1,False,2026-05-06,2026-05-12,0.11792147835382374,0.11492147835382374
drift_A,2026-05-06,STB.OL,newsweb,STB.OL,1,1,False,2026-05-07,2026-05-13,-0.01454920561452084,-0.01754920561452084
rebound,2026-05-06,STB.OL,newsweb,NAS.OL,-1,1,False,2026-05-07,2026-05-13,0.0012813874842692472,-0.0017186125157307528
rebound,2026-05-06,STB.OL,newsweb,SAN.MC,-1,1,False,2026-05-07,2026-05-13,0.033832929179686354,0.030832929179686355
rebound,2026-05-06,STB.OL,newsweb,PROT.OL,-1,1,False,2026-05-07,2026-05-13,0.0329587123796396,0.0299587123796396
rebound,2026-05-06,STB.OL,newsweb,GJF.OL,-1,1,False,2026-05-07,2026-05-13,0.02603275568585004,0.023032755685850042
rebound,2026-05-06,STB.OL,newsweb,NDA-FI.HE,-1,1,False,2026-05-07,2026-05-13,0.03309365038008873,0.030093650380088727
drift_A,2026-05-06,SCATC.OL,newsweb,SCATC.OL,-1,-1,False,2026-05-07,2026-05-13,-0.004676549620730386,-0.007676549620730386
drift_A,2026-05-06,ZAP.OL,newsweb,ZAP.OL,1,1,False,2026-05-07,2026-05-13,0.0021132229776369706,-0.0008867770223630294
drift_A,2026-05-06,EQNR.OL,newsweb,EQNR.OL,-1,-1,False,2026-05-07,2026-05-13,-0.025858118357075903,-0.028858118357075902
rebound,2026-05-06,EQNR.OL,newsweb,DNO.OL,1,-1,False,2026-05-07,2026-05-13,0.023667674521600342,0.020667674521600343
rebound,2026-05-06,EQNR.OL,newsweb,AKRBP.OL,1,-1,False,2026-05-07,2026-05-13,0.02006079116026121,0.01706079116026121
rebound,2026-05-06,EQNR.OL,newsweb,ENI.MI,1,-1,False,2026-05-07,2026-05-13,0.029714539433549264,0.026714539433549265
rebound,2026-05-06,EQNR.OL,newsweb,OKEA.OL,1,-1,False,2026-05-07,2026-05-13,0.009901707102476488,0.006901707102476488
rebound,2026-05-06,EQNR.OL,newsweb,PEN.OL,1,-1,False,2026-05-07,2026-05-13,0.06289326822694581,0.05989326822694581
drift_A,2026-05-07,ENVIP.OL,newsweb,ENVIP.OL,1,1,False,2026-05-08,2026-05-15,-0.11538882580023554,-0.11838882580023555
drift_A,2026-05-07,NAPA.OL,newsweb,NAPA.OL,1,1,False,2026-05-08,2026-05-15,0.18680462029644848,0.18380462029644848
drift_A,2026-05-07,MING.OL,newsweb,MING.OL,-1,-1,False,2026-05-08,2026-05-15,0.05007970978738132,0.04707970978738132
ripple,2026-05-07,MING.OL,newsweb,DNB.OL,-1,-1,False,2026-05-08,2026-05-15,0.010859565337979805,0.007859565337979806
ripple,2026-05-07,MING.OL,newsweb,SPOL.OL,-1,-1,False,2026-05-08,2026-05-15,0.04565958885815994,0.04265958885815994
ripple,2026-05-07,MING.OL,newsweb,SBNOR.OL,-1,-1,False,2026-05-08,2026-05-15,0.03787750198742443,0.034877501987424425
ripple,2026-05-07,MING.OL,newsweb,VEI.OL,-1,-1,False,2026-05-08,2026-05-15,0.05583971966020026,0.052839719660200256
ripple,2026-05-07,MING.OL,newsweb,STB.OL,-1,-1,False,2026-05-08,2026-05-15,0.01214066150433627,0.009140661504336269
drift_A,2026-05-07,VEI.OL,newsweb,VEI.OL,1,1,False,2026-05-08,2026-05-15,-0.05583971966020026,-0.05883971966020026
ripple,2026-05-07,VEI.OL,newsweb,MING.OL,1,1,False,2026-05-08,2026-05-15,-0.05007970978738132,-0.05307970978738132
ripple,2026-05-07,VEI.OL,newsweb,SPOL.OL,1,1,False,2026-05-08,2026-05-15,-0.04565958885815994,-0.04865958885815994
ripple,2026-05-07,VEI.OL,newsweb,AFG.OL,1,1,False,2026-05-08,2026-05-15,0.04289350029024318,0.039893500290243175
drift_A,2026-05-07,SMOP.OL,newsweb,SMOP.OL,-1,-1,False,2026-05-08,2026-05-15,-0.10657945527594519,-0.10957945527594519
drift_A,2026-05-08,NAPA.OL,newsweb,NAPA.OL,1,1,False,2026-05-11,2026-05-18,0.006604628327740673,0.0036046283277406726
drift_A,2026-05-08,SPOL.OL,newsweb,SPOL.OL,-1,-1,False,2026-05-11,2026-05-18,0.005600664288104146,0.0026006642881041464
rebound,2026-05-08,SPOL.OL,newsweb,NONG.OL,1,-1,False,2026-05-11,2026-05-18,-0.01832468598527629,-0.02132468598527629
rebound,2026-05-08,SPOL.OL,newsweb,VEI.OL,1,-1,False,2026-05-11,2026-05-18,-0.022787750180624546,-0.025787750180624545
rebound,2026-05-08,SPOL.OL,newsweb,STB.OL,1,-1,False,2026-05-11,2026-05-18,0.014254741408258206,0.011254741408258207
drift_A,2026-05-08,HEX.OL,newsweb,HEX.OL,-1,-1,False,2026-05-11,2026-05-18,-0.0661125393759901,-0.0691125393759901
drift_A,2026-05-11,HELG.OL,newsweb,HELG.OL,-1,-1,False,2026-05-12,2026-05-19,0.004224876874515996,0.0012248768745159958
drift_A,2026-05-11,MORLD.OL,newsweb,MORLD.OL,1,1,False,2026-05-12,2026-05-19,-0.011467634484590313,-0.014467634484590312
drift_A,2026-05-11,VEI.OL,newsweb,VEI.OL,-1,-1,False,2026-05-12,2026-05-19,-0.011465654999888416,-0.014465654999888417
ripple,2026-05-11,VEI.OL,newsweb,SPOL.OL,-1,-1,False,2026-05-12,2026-05-19,-0.002192244476242434,-0.005192244476242434
ripple,2026-05-11,VEI.OL,newsweb,MING.OL,-1,-1,False,2026-05-12,2026-05-19,0.01689805410501127,0.01389805410501127
drift_A,2026-05-12,SBNOR.OL,newsweb,SBNOR.OL,-1,-1,False,2026-05-13,2026-05-20,-0.010502244624091042,-0.013502244624091043
drift_A,2026-05-12,NORCO.OL,newsweb,NORCO.OL,-1,-1,False,2026-05-13,2026-05-20,-0.0008962668173210725,-0.0038962668173210726
drift_A,2026-05-12,NONG.OL,newsweb,NONG.OL,-1,-1,False,2026-05-13,2026-05-20,-0.015318918136445878,-0.01831891813644588
drift_A,2026-05-12,LINK.OL,newsweb,LINK.OL,1,1,False,2026-05-13,2026-05-20,-0.021370883265125547,-0.024370883265125546
ripple,2026-05-12,LINK.OL,newsweb,AGLX.OL,1,1,False,2026-05-13,2026-05-20,0.029720681475505963,0.026720681475505964
ripple,2026-05-12,LINK.OL,newsweb,VEND.OL,1,1,False,2026-05-13,2026-05-20,0.010548598701120026,0.007548598701120026
ripple,2026-05-12,LINK.OL,newsweb,PEXIP.OL,1,1,False,2026-05-13,2026-05-20,-0.01954398263281227,-0.02254398263281227
ripple,2026-05-12,LINK.OL,newsweb,ATEA.OL,1,1,False,2026-05-13,2026-05-20,0.02631502809962107,0.02331502809962107
ripple,2026-05-12,LINK.OL,newsweb,SAP.DE,1,1,False,2026-05-13,2026-05-19,0.10061467208682655,0.09761467208682655
drift_A,2026-05-12,SWON.OL,newsweb,SWON.OL,1,1,False,2026-05-13,2026-05-20,0.03674850330553848,0.033748503305538476
drift_A,2026-05-13,AFG.OL,newsweb,AFG.OL,1,1,False,2026-05-15,2026-05-21,0.03233134859705744,0.029331348597057442
drift_A,2026-05-13,NORBT.OL,newsweb,NORBT.OL,-1,-1,False,2026-05-15,2026-05-21,0.0780090591415989,0.0750090591415989
drift_A,2026-05-13,BOUV.OL,newsweb,BOUV.OL,-1,-1,False,2026-05-15,2026-05-21,-0.04186594624692108,-0.044865946246921085
drift_A,2026-05-13,KID.OL,newsweb,KID.OL,-1,-1,False,2026-05-15,2026-05-21,-0.05132428533562326,-0.054324285335623265
drift_A,2026-05-13,SATS.OL,newsweb,SATS.OL,1,1,False,2026-05-15,2026-05-21,-0.0025643346238332166,-0.005564334623833217
drift_A,2026-05-13,2020.OL,newsweb,2020.OL,-1,-1,False,2026-05-15,2026-05-21,0.003664379460352254,0.0006643794603522538
ripple,2026-05-13,2020.OL,newsweb,PARB.OL,-1,-1,False,2026-05-15,2026-05-21,-0.03142708653581252,-0.03442708653581252
ripple,2026-05-13,2020.OL,newsweb,HSHP.OL,-1,-1,False,2026-05-15,2026-05-21,0.05260030678611025,0.04960030678611025
ripple,2026-05-13,2020.OL,newsweb,JIN.OL,-1,-1,False,2026-05-15,2026-05-21,-0.009448008528339776,-0.012448008528339775
drift_A,2026-05-20,ORK.OL,newsweb,ORK.OL,-1,-1,False,2026-05-21,2026-05-28,0.03763512894100897,0.034635128941008966
drift_A,2026-05-20,WEST.OL,newsweb,WEST.OL,1,1,False,2026-05-21,2026-05-28,-0.04698456117836852,-0.049984561178368525
drift_A,2026-05-22,IWS.OL,newsweb,IWS.OL,1,1,False,2026-05-26,2026-06-01,-0.048363324401664805,-0.05136332440166481
drift_A,2026-05-22,DOFG.OL,newsweb,DOFG.OL,-1,-1,False,2026-05-26,2026-06-01,0.0230012875178399,0.020001287517839902
ripple,2026-05-22,DOFG.OL,newsweb,TGS.OL,-1,-1,False,2026-05-26,2026-06-01,-0.04671306210240009,-0.04971306210240009
ripple,2026-05-22,DOFG.OL,newsweb,EQNR.OL,-1,-1,False,2026-05-26,2026-06-01,-0.0238749067808799,-0.0268749067808799
ripple,2026-05-22,DOFG.OL,newsweb,AKRBP.OL,-1,-1,False,2026-05-26,2026-06-01,-0.01276193975291692,-0.01576193975291692
rebound,2026-05-22,DOFG.OL,newsweb,SOMA.OL,1,-1,False,2026-05-26,2026-06-01,0.02545417625916637,0.02245417625916637
rebound,2026-05-22,DOFG.OL,newsweb,PEN.OL,1,-1,False,2026-05-26,2026-06-01,0.027781554052957735,0.024781554052957736
drift_A,2026-05-27,JIN.OL,newsweb,JIN.OL,-1,-1,False,2026-05-28,2026-06-03,0.04413551963117031,0.041135519631170306
ripple,2026-05-27,JIN.OL,newsweb,2020.OL,-1,-1,False,2026-05-28,2026-06-03,0.14987295528286532,0.14687295528286531
ripple,2026-05-27,JIN.OL,newsweb,HSHP.OL,-1,-1,False,2026-05-28,2026-06-03,-0.013434566690104203,-0.016434566690104204
drift_A,2026-05-27,HELG.OL,newsweb,HELG.OL,1,1,False,2026-05-28,2026-06-03,0.007817483696126,0.004817483696126001
drift_A,2026-05-27,KOA.OL,newsweb,KOA.OL,1,1,False,2026-05-28,2026-06-03,-0.06137467349573421,-0.06437467349573421
drift_A,2026-05-27,MPCC.OL,newsweb,MPCC.OL,1,1,False,2026-05-28,2026-06-03,0.02769339194955893,0.02469339194955893
ripple,2026-05-27,MPCC.OL,newsweb,HAUTO.OL,1,1,False,2026-05-28,2026-06-03,-0.01860074127883094,-0.02160074127883094
ripple,2026-05-27,MPCC.OL,newsweb,FRO.OL,1,1,False,2026-05-28,2026-06-03,-0.006895322307342119,-0.009895322307342119
ripple,2026-05-27,MPCC.OL,newsweb,BWLPG.OL,1,1,False,2026-05-28,2026-06-03,-0.0065972788954725,-0.009597278895472499
ripple,2026-05-27,MPCC.OL,newsweb,SNI.OL,1,1,False,2026-05-28,2026-06-03,0.0346495645839236,0.031649564583923595
ripple,2026-05-27,MPCC.OL,newsweb,HAFNI.OL,1,1,False,2026-05-28,2026-06-03,-0.0345471380866292,-0.037547138086629205
drift_A,2026-05-28,KCC.OL,newsweb,KCC.OL,-1,-1,False,2026-05-29,2026-06-04,0.030802228434715574,0.027802228434715574
ripple,2026-05-28,KCC.OL,newsweb,WWI.OL,-1,-1,False,2026-05-29,2026-06-04,-0.04586025548597567,-0.048860255485975675
ripple,2026-05-28,KCC.OL,newsweb,ALNG.OL,-1,-1,False,2026-05-29,2026-06-04,-0.024597847106823636,-0.027597847106823635
drift_A,2026-05-29,ATEA.OL,newsweb,ATEA.OL,1,1,False,2026-06-01,2026-06-05,0.010509950114392787,0.007509950114392787
rebound,2026-05-29,ATEA.OL,newsweb,LINK.OL,-1,1,False,2026-06-01,2026-06-05,0.03436017134115214,0.03136017134115214
rebound,2026-05-29,ATEA.OL,newsweb,SAP.DE,-1,1,False,2026-06-01,2026-06-05,-0.03040326758900541,-0.033403267589005414
drift_A,2026-05-29,PRS.OL,newsweb,PRS.OL,1,1,False,2026-06-01,2026-06-05,0.04809384776921258,0.045093847769212575
ripple,2026-05-29,PRS.OL,newsweb,BNOR.OL,1,1,False,2026-06-01,2026-06-05,0.06738552718862931,0.0643855271886293
ripple,2026-05-29,PRS.OL,newsweb,DNO.OL,1,1,False,2026-06-01,2026-06-05,0.0669919767555579,0.0639919767555579
drift_A,2026-05-29,PLSV.OL,newsweb,PLSV.OL,-1,-1,False,2026-06-01,2026-06-05,-0.01013401209273327,-0.01313401209273327
drift_A,2026-06-03,MORLD.OL,newsweb,MORLD.OL,1,1,False,2026-06-04,2026-06-10,0.014987138707155232,0.011987138707155232
drift_A,2026-06-03,NAS.OL,newsweb,NAS.OL,-1,-1,False,2026-06-04,2026-06-10,0.02499289416026472,0.02199289416026472
ripple,2026-06-03,NAS.OL,newsweb,GLE.PA,-1,-1,False,2026-06-04,2026-06-10,0.0010779331453842148,-0.0019220668546157853
ripple,2026-06-03,NAS.OL,newsweb,PROT.OL,-1,-1,False,2026-06-04,2026-06-10,-0.0252056533900215,-0.0282056533900215
ripple,2026-06-03,NAS.OL,newsweb,SAN.MC,-1,-1,False,2026-06-04,2026-06-10,-0.007419996829146416,-0.010419996829146416
ripple,2026-06-03,NAS.OL,newsweb,BNP.PA,-1,-1,False,2026-06-04,2026-06-10,-0.002617928360347811,-0.005617928360347811
ripple,2026-06-03,NAS.OL,newsweb,NDA-FI.HE,-1,-1,False,2026-06-04,2026-06-10,0.00509989306652925,0.0020998930665292502
drift_A,2026-06-09,ERIC-B.ST,gdelt,ERIC-B.ST,-1,-1,False,2026-06-10,2026-06-16,0.014460727408094063,0.011460727408094062
drift_A,2026-06-10,VEI.OL,newsweb,VEI.OL,1,1,False,2026-06-11,2026-06-17,0.023496362239479124,0.020496362239479125
drift_A,2026-06-15,AKRBP.OL,newsweb,AKRBP.OL,-1,-1,False,2026-06-16,2026-06-22,0.010985484111218023,0.007985484111218022
rebound,2026-06-15,AKRBP.OL,newsweb,TTE.PA,1,-1,False,2026-06-16,2026-06-22,-0.02430488411912996,-0.02730488411912996
rebound,2026-06-15,AKRBP.OL,newsweb,ENI.MI,1,-1,False,2026-06-16,2026-06-22,-0.01837325029779612,-0.021373250297796118
rebound,2026-06-15,AKRBP.OL,newsweb,VAR.OL,1,-1,False,2026-06-16,2026-06-22,-0.008838737794769503,-0.011838737794769502
rebound,2026-06-15,AKRBP.OL,newsweb,DNO.OL,1,-1,False,2026-06-16,2026-06-22,0.0018457591134894823,-0.0011542408865105177
rebound,2026-06-15,AKRBP.OL,newsweb,EQNR.OL,1,-1,False,2026-06-16,2026-06-22,-0.013170909961999301,-0.0161709099619993
drift_A,2026-06-15,MBG.DE,gdelt,MBG.DE,1,1,False,2026-06-16,2026-06-22,-0.06808194189289636,-0.07108194189289636
rebound,2026-06-15,MBG.DE,gdelt,SAN.MC,-1,1,False,2026-06-16,2026-06-22,-0.060723240773641864,-0.06372324077364186
rebound,2026-06-15,MBG.DE,gdelt,SKF-B.ST,-1,1,False,2026-06-16,2026-06-23,-0.01567267139073707,-0.01867267139073707
rebound,2026-06-15,MBG.DE,gdelt,BBVA.MC,-1,1,False,2026-06-16,2026-06-22,-0.0578731432453856,-0.060873143245385605
rebound,2026-06-15,MBG.DE,gdelt,SAND.ST,-1,1,False,2026-06-16,2026-06-23,-0.023654204426328925,-0.026654204426328924
drift_A,2026-06-17,BMW.DE,gdelt,BMW.DE,-1,-1,False,2026-06-18,2026-06-24,0.013521200958877311,0.010521200958877312
ripple,2026-06-17,BMW.DE,gdelt,VOLV-B.ST,-1,-1,False,2026-06-18,2026-06-25,-0.03741955067026786,-0.04041955067026786
ripple,2026-06-17,BMW.DE,gdelt,SAND.ST,-1,-1,False,2026-06-18,2026-06-25,0.0010918195287365623,-0.0019081804712634378
ripple,2026-06-17,BMW.DE,gdelt,ATCO-A.ST,-1,-1,False,2026-06-18,2026-06-25,-0.009506848782621865,-0.012506848782621864
ripple,2026-06-17,BMW.DE,gdelt,SKF-B.ST,-1,-1,False,2026-06-18,2026-06-25,-0.03607797196903865,-0.03907797196903865
ripple,2026-06-17,BMW.DE,gdelt,SIE.DE,-1,-1,False,2026-06-18,2026-06-24,0.001529692051666906,-0.001470307948333094
drift_A,2026-06-23,ASM.AS,gdelt,ASM.AS,-1,-1,False,2026-06-24,2026-06-30,-0.02541376477317267,-0.02841376477317267
rebound,2026-06-23,ASM.AS,gdelt,NOD.OL,1,-1,False,2026-06-24,2026-06-30,0.029634166511302736,0.026634166511302737
rebound,2026-06-23,ASM.AS,gdelt,ASML.AS,1,-1,False,2026-06-24,2026-06-30,0.10779970044976434,0.10479970044976433
rebound,2026-06-23,ASM.AS,gdelt,SAND.ST,1,-1,False,2026-06-24,2026-06-30,0.032212270582192025,0.029212270582192026
drift_A,2026-06-24,SNTIA.OL,newsweb,SNTIA.OL,1,1,False,2026-06-25,2026-07-01,-0.012707372784393184,-0.015707372784393183
drift_A,2026-06-25,ELMRA.OL,newsweb,ELMRA.OL,1,1,False,2026-06-26,2026-07-02,0.10415601154894465,0.10115601154894464
drift_A,2026-06-26,CLOUD.OL,newsweb,CLOUD.OL,1,1,False,2026-06-29,2026-07-03,0.027003895571577653,0.024003895571577654
drift_A,2026-06-29,SNTIA.OL,newsweb,SNTIA.OL,-1,-1,False,2026-06-30,2026-07-06,-0.0516948472713897,-0.0546948472713897
drift_A,2026-06-30,MOWI.OL,newsweb,MOWI.OL,-1,-1,False,2026-07-01,2026-07-07,-0.016955766940405667,-0.019955766940405666
rebound,2026-06-30,MOWI.OL,newsweb,SALM.OL,1,-1,False,2026-07-01,2026-07-07,8.997149765381865e-05,-0.0029100285023461814
rebound,2026-06-30,MOWI.OL,newsweb,AUSS.OL,1,-1,False,2026-07-01,2026-07-07,0.015799097630214948,0.012799097630214949
rebound,2026-06-30,MOWI.OL,newsweb,LSG.OL,1,-1,False,2026-07-01,2026-07-07,0.016031659672695354,0.013031659672695355
rebound,2026-06-30,MOWI.OL,newsweb,BAKKA.OL,1,-1,False,2026-07-01,2026-07-07,0.021661008435820382,0.018661008435820383
rebound,2026-06-30,MOWI.OL,newsweb,GSF.OL,1,-1,False,2026-07-01,2026-07-07,0.02861891389111697,0.025618913891116972
drift_A,2026-06-30,ABG.OL,newsweb,ABG.OL,-1,-1,False,2026-07-01,2026-07-07,-0.039274661301471184,-0.042274661301471186
drift_A,2026-06-30,HAFNI.OL,newsweb,HAFNI.OL,-1,-1,False,2026-07-01,2026-07-07,-0.033905458841960986,-0.03690545884196099
rebound,2026-06-30,HAFNI.OL,newsweb,KCC.OL,1,-1,False,2026-07-01,2026-07-07,-0.015054899901950317,-0.018054899901950316
rebound,2026-06-30,HAFNI.OL,newsweb,HUNT.OL,1,-1,False,2026-07-01,2026-07-07,0.047936368903340396,0.04493636890334039
drift_A,2026-07-01,MPCC.OL,newsweb,MPCC.OL,-1,-1,False,2026-07-02,2026-07-08,-0.04374358235834811,-0.046743582358348114
ripple,2026-07-01,MPCC.OL,newsweb,BWLPG.OL,-1,-1,False,2026-07-02,2026-07-08,-0.09178699210176898,-0.09478699210176898
ripple,2026-07-01,MPCC.OL,newsweb,MAERSK-B.CO,-1,-1,False,2026-07-02,2026-07-08,-0.027213472941702246,-0.030213472941702246
ripple,2026-07-01,MPCC.OL,newsweb,FRO.OL,-1,-1,False,2026-07-02,2026-07-08,-0.043140943520211264,-0.04614094352021127
ripple,2026-07-01,MPCC.OL,newsweb,HAFNI.OL,-1,-1,False,2026-07-02,2026-07-08,-0.055640200807849274,-0.05864020080784928
drift_A,2026-07-06,HEX.OL,newsweb,HEX.OL,1,1,False,2026-07-07,2026-07-13,-0.12037813490894886,-0.12337813490894886
drift_A,2026-07-07,ABG.OL,newsweb,ABG.OL,1,1,False,2026-07-08,2026-07-14,-0.0472801626759584,-0.050280162675958404
drift_A,2026-07-07,SOMA.OL,newsweb,SOMA.OL,1,1,False,2026-07-08,2026-07-14,-0.0018608078110187588,-0.004860807811018759
ripple,2026-07-07,SOMA.OL,newsweb,BNOR.OL,1,1,False,2026-07-08,2026-07-14,0.08350510932863271,0.08050510932863271
ripple,2026-07-07,SOMA.OL,newsweb,DNO.OL,1,1,False,2026-07-08,2026-07-14,0.023656865029480074,0.020656865029480075
ripple,2026-07-07,SOMA.OL,newsweb,AKRBP.OL,1,1,False,2026-07-08,2026-07-14,0.030372663007742735,0.027372663007742735
drift_A,2026-07-07,MORLD.OL,newsweb,MORLD.OL,1,1,False,2026-07-08,2026-07-14,0.08680164435760741,0.08380164435760741
drift_A,2026-07-07,DOFG.OL,newsweb,DOFG.OL,1,1,False,2026-07-08,2026-07-14,0.018043285698243233,0.015043285698243234
rebound,2026-07-07,DOFG.OL,newsweb,SOFF.OL,-1,1,False,2026-07-08,2026-07-14,-0.0578647629257697,-0.0608647629257697
rebound,2026-07-07,DOFG.OL,newsweb,EQNR.OL,-1,1,False,2026-07-08,2026-07-14,-0.04942025426142974,-0.052420254261429745
rebound,2026-07-07,DOFG.OL,newsweb,PEN.OL,-1,1,False,2026-07-08,2026-07-14,-0.03056292484191815,-0.033562924841918154
drift_A,2026-07-08,TGS.OL,newsweb,TGS.OL,1,1,False,2026-07-09,2026-07-15,-0.006761256729415252,-0.009761256729415253
rebound,2026-07-08,TGS.OL,newsweb,OKEA.OL,-1,1,False,2026-07-09,2026-07-15,0.024407885852606545,0.021407885852606546
rebound,2026-07-08,TGS.OL,newsweb,BNOR.OL,-1,1,False,2026-07-09,2026-07-15,-0.03670388268520894,-0.03970388268520894
rebound,2026-07-08,TGS.OL,newsweb,DNO.OL,-1,1,False,2026-07-09,2026-07-15,-0.00797195860064873,-0.010971958600648729
drift_A,2026-07-08,KID.OL,newsweb,KID.OL,1,1,False,2026-07-09,2026-07-15,0.008662098943604257,0.005662098943604257
drift_A,2026-07-09,EPR.OL,newsweb,EPR.OL,-1,-1,False,2026-07-10,2026-07-16,-0.0013591423592499074,-0.0043591423592499075
drift_A,2026-07-09,BNOR.OL,newsweb,BNOR.OL,1,1,False,2026-07-10,2026-07-16,-0.013786699355299628,-0.01678669935529963
ripple,2026-07-09,BNOR.OL,newsweb,OKEA.OL,1,1,False,2026-07-10,2026-07-16,-0.007591204799649132,-0.010591204799649132
ripple,2026-07-09,BNOR.OL,newsweb,AKRBP.OL,1,1,False,2026-07-10,2026-07-16,0.048931845494054174,0.04593184549405417
ripple,2026-07-09,BNOR.OL,newsweb,PEN.OL,1,1,False,2026-07-10,2026-07-16,0.02013981517907451,0.01713981517907451
ripple,2026-07-09,BNOR.OL,newsweb,VAR.OL,1,1,False,2026-07-10,2026-07-16,0.029896311808986484,0.026896311808986485
ripple,2026-07-09,BNOR.OL,newsweb,DNO.OL,1,1,False,2026-07-10,2026-07-16,0.002794191384837002,-0.00020580861516299826
drift_A,2026-07-10,HAUTO.OL,newsweb,HAUTO.OL,1,1,False,2026-07-13,2026-07-17,0.00473436048585644,0.00173436048585644
ripple,2026-07-10,HAUTO.OL,newsweb,MPCC.OL,1,1,False,2026-07-13,2026-07-17,-0.002977005085147773,-0.005977005085147773
ripple,2026-07-10,HAUTO.OL,newsweb,WWIB.OL,1,1,False,2026-07-13,2026-07-17,0.0021404616552687184,-0.0008595383447312817
drift_A,2026-07-10,KIT.OL,newsweb,KIT.OL,-1,-1,False,2026-07-13,2026-07-17,0.09189161831529269,0.08889161831529269
drift_A,2026-07-10,PROT.OL,newsweb,PROT.OL,-1,-1,False,2026-07-13,2026-07-17,-0.007252662044563088,-0.010252662044563089
ripple,2026-07-10,PROT.OL,newsweb,STB.OL,-1,-1,False,2026-07-13,2026-07-17,-0.04427354759616743,-0.047273547596167434
ripple,2026-07-10,PROT.OL,newsweb,GJF.OL,-1,-1,False,2026-07-13,2026-07-17,0.01397927313190401,0.01097927313190401
ripple,2026-07-10,PROT.OL,newsweb,NAS.OL,-1,-1,False,2026-07-13,2026-07-17,0.05290099019012869,0.04990099019012869
ripple,2026-07-10,PROT.OL,newsweb,NDA-FI.HE,-1,-1,False,2026-07-13,2026-07-17,-0.014880337897378238,-0.017880337897378237
ripple,2026-07-10,PROT.OL,newsweb,SBNOR.OL,-1,-1,False,2026-07-13,2026-07-17,-0.007175922837445732,-0.010175922837445731
drift_A,2026-07-13,SMOP.OL,newsweb,SMOP.OL,1,1,False,2026-07-14,2026-07-20,-0.13524207549889855,-0.13824207549889855
drift_A,2026-07-13,ZAL.OL,newsweb,ZAL.OL,-1,-1,False,2026-07-14,2026-07-20,-0.08993951581396875,-0.09293951581396875
drift_A,2026-07-13,KOG.OL,newsweb,KOG.OL,-1,-1,False,2026-07-14,2026-07-20,0.002596735030962352,-0.00040326496903764827
drift_A,2026-07-14,NSKOG.OL,newsweb,NSKOG.OL,-1,-1,False,2026-07-15,2026-07-21,-0.09495946481848054,-0.09795946481848054
drift_A,2026-07-15,STB.OL,newsweb,STB.OL,1,1,False,2026-07-16,2026-07-22,0.008598165890314032,0.005598165890314032
ripple,2026-07-15,STB.OL,newsweb,GJF.OL,1,1,False,2026-07-16,2026-07-22,0.021012161610218894,0.018012161610218895
ripple,2026-07-15,STB.OL,newsweb,PROT.OL,1,1,False,2026-07-16,2026-07-22,0.00847172397650356,0.005471723976503561
ripple,2026-07-15,STB.OL,newsweb,SAN.MC,1,1,False,2026-07-16,2026-07-22,-0.012661565171228021,-0.01566156517122802
ripple,2026-07-15,STB.OL,newsweb,NDA-FI.HE,1,1,False,2026-07-16,2026-07-22,0.0255187461463477,0.0225187461463477
ripple,2026-07-15,STB.OL,newsweb,SWED-A.ST,1,1,False,2026-07-16,2026-07-22,-0.001487657795393599,-0.004487657795393599
drift_A,2026-07-15,MOWI.OL,newsweb,MOWI.OL,1,1,False,2026-07-16,2026-07-22,0.016211542380858576,0.013211542380858577
ripple,2026-07-15,MOWI.OL,newsweb,GSF.OL,1,1,False,2026-07-16,2026-07-22,0.014971412184729655,0.011971412184729656
ripple,2026-07-15,MOWI.OL,newsweb,NAS.OL,1,1,False,2026-07-16,2026-07-22,-0.021191676510259837,-0.024191676510259837
drift_A,2026-07-15,ENVIP.OL,newsweb,ENVIP.OL,1,1,False,2026-07-16,2026-07-22,-0.04108270919718185,-0.04408270919718185
drift_A,2026-07-15,ZAL.OL,newsweb,ZAL.OL,1,1,False,2026-07-16,2026-07-22,0.011262624429949346,0.008262624429949347
drift_A,2026-07-16,KOA.OL,newsweb,KOA.OL,1,1,False,2026-07-17,2026-07-23,-0.015060883315413661,-0.01806088331541366
drift_A,2026-07-16,ATEA.OL,newsweb,ATEA.OL,-1,-1,False,2026-07-17,2026-07-23,-0.03718564309976312,-0.04018564309976312
ripple,2026-07-16,ATEA.OL,newsweb,SAP.DE,-1,-1,False,2026-07-17,2026-07-23,0.09984870367985367,0.09684870367985367
ripple,2026-07-16,ATEA.OL,newsweb,VEND.OL,-1,-1,False,2026-07-17,2026-07-23,0.0781028250734543,0.0751028250734543
ripple,2026-07-16,ATEA.OL,newsweb,LINK.OL,-1,-1,False,2026-07-17,2026-07-23,0.03906386937961745,0.03606386937961745
ripple,2026-07-16,ATEA.OL,newsweb,BOUV.OL,-1,-1,False,2026-07-17,2026-07-23,0.005887241402522425,0.0028872414025224247
drift_A,2026-07-16,TEL.OL,newsweb,TEL.OL,-1,-1,False,2026-07-17,2026-07-23,-0.006989827109072353,-0.009989827109072353
drift_A,2026-07-16,BRG.OL,newsweb,BRG.OL,1,1,False,2026-07-17,2026-07-23,-0.017720912503603598,-0.020720912503603597
drift_A,2026-07-17,PARB.OL,newsweb,PARB.OL,-1,-1,False,2026-07-20,2026-07-24,0.034110480398588744,0.031110480398588745
drift_A,2026-07-17,VEND.OL,newsweb,VEND.OL,-1,-1,False,2026-07-20,2026-07-24,0.06660443082086169,0.06360443082086169
ripple,2026-07-17,VEND.OL,newsweb,TOM.OL,-1,-1,False,2026-07-20,2026-07-24,0.10878835040166347,0.10578835040166347
ripple,2026-07-17,VEND.OL,newsweb,LINK.OL,-1,-1,False,2026-07-20,2026-07-24,0.10041119626032578,0.09741119626032578
ripple,2026-07-17,VEND.OL,newsweb,ATEA.OL,-1,-1,False,2026-07-20,2026-07-24,-0.024520093825409005,-0.027520093825409004
drift_A,2026-07-17,TOM.OL,newsweb,TOM.OL,1,1,False,2026-07-20,2026-07-24,-0.10878835040166347,-0.11178835040166347
drift_A,2026-07-21,BNOR.OL,newsweb,BNOR.OL,1,1,False,2026-07-22,2026-07-28,-0.01663032910904344,-0.01963032910904344
ripple,2026-07-21,BNOR.OL,newsweb,PEN.OL,1,1,False,2026-07-22,2026-07-28,-0.012121969064358145,-0.015121969064358146
ripple,2026-07-21,BNOR.OL,newsweb,AKRBP.OL,1,1,False,2026-07-22,2026-07-28,-0.01712413159428651,-0.02012413159428651
ripple,2026-07-21,BNOR.OL,newsweb,EQNR.OL,1,1,False,2026-07-22,2026-07-28,0.023228026916260802,0.020228026916260803
ripple,2026-07-21,BNOR.OL,newsweb,ENI.MI,1,1,False,2026-07-22,2026-07-28,-0.007375991897882005,-0.010375991897882006
drift_A,2026-07-21,VAR.OL,newsweb,VAR.OL,1,1,False,2026-07-22,2026-07-28,-0.016228455434961063,-0.019228455434961062
ripple,2026-07-21,VAR.OL,newsweb,EQNR.OL,1,1,False,2026-07-22,2026-07-28,0.023228026916260802,0.020228026916260803
ripple,2026-07-21,VAR.OL,newsweb,AKRBP.OL,1,1,False,2026-07-22,2026-07-28,-0.01712413159428651,-0.02012413159428651
ripple,2026-07-21,VAR.OL,newsweb,PEN.OL,1,1,False,2026-07-22,2026-07-28,-0.012121969064358145,-0.015121969064358146
ripple,2026-07-21,VAR.OL,newsweb,ENI.MI,1,1,False,2026-07-22,2026-07-28,-0.007375991897882005,-0.010375991897882006
drift_A,2026-07-22,NYKD.OL,newsweb,NYKD.OL,1,1,False,2026-07-23,2026-07-29,0.006626050337825545,0.003626050337825545
drift_A,2026-07-23,TGS.OL,newsweb,TGS.OL,-1,-1,False,2026-07-24,2026-07-30,0.07738619843229116,0.07438619843229116
ripple,2026-07-23,TGS.OL,newsweb,EQNR.OL,-1,-1,False,2026-07-24,2026-07-30,0.029228158330607944,0.026228158330607945
ripple,2026-07-23,TGS.OL,newsweb,AKRBP.OL,-1,-1,False,2026-07-24,2026-07-30,0.035015976251133264,0.03201597625113326
ripple,2026-07-23,TGS.OL,newsweb,DNO.OL,-1,-1,False,2026-07-24,2026-07-30,0.07394213052899105,0.07094213052899105
ripple,2026-07-23,TGS.OL,newsweb,PEN.OL,-1,-1,False,2026-07-24,2026-07-30,0.05745427747997568,0.05445427747997568
ripple,2026-07-23,TGS.OL,newsweb,OKEA.OL,-1,-1,False,2026-07-24,2026-07-30,0.0663398144711917,0.06333981447119169
drift_A,2026-07-29,ZAL.OL,newsweb,ZAL.OL,-1,-1,False,2026-07-30,2026-08-05,-0.005322560571997966,-0.008322560571997966
drift_A,2026-07-31,TRMED.OL,newsweb,TRMED.OL,1,1,False,2026-08-03,2026-08-07,-0.09102534497522592,-0.09402534497522592
drift_A,2026-08-06,HELG.OL,newsweb,HELG.OL,1,1,False,2026-08-07,2026-08-13,-0.01514755119216111,-0.01814755119216111
drift_A,2026-08-06,HEX.OL,newsweb,HEX.OL,1,1,False,2026-08-07,2026-08-13,-0.028311834585705742,-0.031311834585705745
drift_A,2026-08-12,ENVIP.OL,newsweb,ENVIP.OL,-1,-1,False,2026-08-13,2026-08-19,-0.026958163906660643,-0.029958163906660642
drift_A,2026-08-13,RING.OL,newsweb,RING.OL,1,1,False,2026-08-14,2026-08-20,0.00864469208683509,0.00564469208683509
drift_A,2026-08-13,MORG.OL,newsweb,MORG.OL,1,1,False,2026-08-14,2026-08-20,-0.03079194191112324,-0.03379194191112324
drift_A,2026-08-13,MING.OL,newsweb,MING.OL,1,1,False,2026-08-14,2026-08-20,0.01188344811488222,0.00888344811488222
ripple,2026-08-13,MING.OL,newsweb,STB.OL,1,1,False,2026-08-14,2026-08-20,-0.01977998397361838,-0.02277998397361838
ripple,2026-08-13,MING.OL,newsweb,DNB.OL,1,1,False,2026-08-14,2026-08-20,-0.002152866530938727,-0.005152866530938727
ripple,2026-08-13,MING.OL,newsweb,GJF.OL,1,1,False,2026-08-14,2026-08-20,-0.011806652364350467,-0.014806652364350466
drift_A,2026-08-13,SPOL.OL,newsweb,SPOL.OL,1,1,False,2026-08-14,2026-08-20,0.02164407253375388,0.018644072533753882
ripple,2026-08-13,SPOL.OL,newsweb,NDA-FI.HE,1,1,False,2026-08-14,2026-08-20,-0.011731313539222426,-0.014731313539222426
ripple,2026-08-13,SPOL.OL,newsweb,STB.OL,1,1,False,2026-08-14,2026-08-20,-0.01977998397361838,-0.02277998397361838
ripple,2026-08-13,SPOL.OL,newsweb,GJF.OL,1,1,False,2026-08-14,2026-08-20,-0.011806652364350467,-0.014806652364350466
ripple,2026-08-13,SPOL.OL,newsweb,SWED-A.ST,1,1,False,2026-08-14,2026-08-20,-0.01478982755186179,-0.01778982755186179
drift_A,2026-08-13,NONG.OL,newsweb,NONG.OL,1,1,False,2026-08-14,2026-08-20,-0.001118620725761751,-0.004118620725761751
ripple,2026-08-13,NONG.OL,newsweb,DNB.OL,1,1,False,2026-08-14,2026-08-20,-0.002152866530938727,-0.005152866530938727
ripple,2026-08-13,NONG.OL,newsweb,STB.OL,1,1,False,2026-08-14,2026-08-20,-0.01977998397361838,-0.02277998397361838
ripple,2026-08-13,NONG.OL,newsweb,SWED-A.ST,1,1,False,2026-08-14,2026-08-20,-0.01478982755186179,-0.01778982755186179
ripple,2026-08-13,NONG.OL,newsweb,GJF.OL,1,1,False,2026-08-14,2026-08-20,-0.011806652364350467,-0.014806652364350466
drift_A,2026-08-13,AUTO.OL,newsweb,AUTO.OL,1,1,False,2026-08-14,2026-08-20,-0.05183370998452391,-0.054833709984523915
drift_A,2026-08-13,SBNOR.OL,newsweb,SBNOR.OL,1,1,False,2026-08-14,2026-08-20,-0.006960516827392873,-0.009960516827392872
ripple,2026-08-13,SBNOR.OL,newsweb,STB.OL,1,1,False,2026-08-14,2026-08-20,-0.01977998397361838,-0.02277998397361838
ripple,2026-08-13,SBNOR.OL,newsweb,SWED-A.ST,1,1,False,2026-08-14,2026-08-20,-0.01478982755186179,-0.01778982755186179
ripple,2026-08-13,SBNOR.OL,newsweb,GJF.OL,1,1,False,2026-08-14,2026-08-20,-0.011806652364350467,-0.014806652364350466
drift_A,2026-08-14,NAPA.OL,newsweb,NAPA.OL,1,1,False,2026-08-17,2026-08-21,-0.09222877852868853,-0.09522877852868854
drift_A,2026-08-14,SOAG.OL,newsweb,SOAG.OL,1,1,False,2026-08-17,2026-08-21,0.002533407036387008,-0.00046659296361299197
drift_A,2026-08-14,SATS.OL,newsweb,SATS.OL,1,1,False,2026-08-17,2026-08-21,0.06539688349413532,0.062396883494135316
drift_A,2026-08-14,VEI.OL,newsweb,VEI.OL,1,1,False,2026-08-17,2026-08-21,0.0036293108058593933,0.0006293108058593932
drift_A,2026-08-17,MING.OL,newsweb,MING.OL,1,1,False,2026-08-18,2026-08-24,-0.0005059332793096598,-0.0035059332793096597
ripple,2026-08-17,MING.OL,newsweb,GJF.OL,1,1,False,2026-08-18,2026-08-24,-0.008208275419711707,-0.011208275419711707
ripple,2026-08-17,MING.OL,newsweb,ORK.OL,1,1,False,2026-08-18,2026-08-24,-0.054078335739282,-0.057078335739282005
ripple,2026-08-17,MING.OL,newsweb,STB.OL,1,1,False,2026-08-18,2026-08-24,-0.019986796711451673,-0.022986796711451672
drift_A,2026-08-18,ELO.OL,newsweb,ELO.OL,-1,-1,True,2026-08-19,2026-08-25,-0.010431795339987936,-0.013431795339987937
drift_A,2026-08-18,ODL.OL,newsweb,ODL.OL,1,1,True,2026-08-19,2026-08-25,-0.045234644474689445,-0.04823464447468945
ripple,2026-08-18,ODL.OL,newsweb,DNO.OL,1,1,True,2026-08-19,2026-08-25,-0.0015200855892659251,-0.004520085589265925
ripple,2026-08-18,ODL.OL,newsweb,AKRBP.OL,1,1,True,2026-08-19,2026-08-25,-0.006651041046671625,-0.009651041046671624
ripple,2026-08-18,ODL.OL,newsweb,AKSO.OL,1,1,True,2026-08-19,2026-08-25,-0.009261941703809007,-0.012261941703809006
drift_A,2026-08-18,ALNG.OL,newsweb,ALNG.OL,-1,-1,True,2026-08-19,2026-08-25,0.035548763288090805,0.0325487632880908
drift_A,2026-08-18,ACR.OL,newsweb,ACR.OL,-1,-1,True,2026-08-19,2026-08-25,0.08371149815252939,0.08071149815252938
drift_A,2026-08-18,REACH.OL,newsweb,REACH.OL,1,1,True,2026-08-19,2026-08-25,0.01714578685231,0.01414578685231
drift_A,2026-08-18,SALME.OL,newsweb,SALME.OL,-1,-1,True,2026-08-19,2026-08-25,0.03832434655504319,0.035324346555043185
drift_A,2026-08-19,BOUV.OL,newsweb,BOUV.OL,1,1,False,2026-08-20,2026-08-26,-0.010903355610385301,-0.0139033556103853
ripple,2026-08-19,BOUV.OL,newsweb,ATEA.OL,1,1,False,2026-08-20,2026-08-26,-0.006975607413062943,-0.009975607413062942
ripple,2026-08-19,BOUV.OL,newsweb,VEND.OL,1,1,False,2026-08-20,2026-08-26,0.04643284021635302,0.04343284021635302
ripple,2026-08-19,BOUV.OL,newsweb,SAP.DE,1,1,False,2026-08-20,2026-08-26,-0.026145902573186396,-0.029145902573186395
ripple,2026-08-19,BOUV.OL,newsweb,KID.OL,1,1,False,2026-08-20,2026-08-26,-0.021197677609153753,-0.024197677609153753
drift_A,2026-08-19,SOAG.OL,newsweb,SOAG.OL,-1,-1,False,2026-08-20,2026-08-26,-0.019799993946425717,-0.022799993946425717
drift_A,2026-08-19,HELG.OL,newsweb,HELG.OL,-1,-1,False,2026-08-20,2026-08-26,-0.005645202269493018,-0.00864520226949302
drift_A,2026-08-19,DOFG.OL,newsweb,DOFG.OL,-1,-1,False,2026-08-20,2026-08-26,0.015846827356373244,0.012846827356373245
ripple,2026-08-19,DOFG.OL,newsweb,PEN.OL,-1,-1,False,2026-08-20,2026-08-26,0.016845207361608015,0.013845207361608016
ripple,2026-08-19,DOFG.OL,newsweb,DNO.OL,-1,-1,False,2026-08-20,2026-08-26,0.03847058082234165,0.03547058082234165
ripple,2026-08-19,DOFG.OL,newsweb,OKEA.OL,-1,-1,False,2026-08-20,2026-08-26,0.05232535346193133,0.04932535346193133
ripple,2026-08-19,DOFG.OL,newsweb,AKRBP.OL,-1,-1,False,2026-08-20,2026-08-26,0.018644125321694315,0.015644125321694315
ripple,2026-08-19,DOFG.OL,newsweb,AKSO.OL,-1,-1,False,2026-08-20,2026-08-26,0.023132811411827735,0.020132811411827736
drift_A,2026-08-19,HAVI.OL,newsweb,HAVI.OL,-1,-1,False,2026-08-20,2026-08-26,0.0938999816035454,0.0908999816035454
drift_A,2026-08-20,HAUTO.OL,newsweb,HAUTO.OL,-1,-1,False,2026-08-21,2026-08-27,-0.019851795123240652,-0.02285179512324065
ripple,2026-08-20,HAUTO.OL,newsweb,WAWI.OL,-1,-1,False,2026-08-21,2026-08-27,0.01067307698980128,0.007673076989801279
ripple,2026-08-20,HAUTO.OL,newsweb,SNI.OL,-1,-1,False,2026-08-21,2026-08-27,0.0072262329866370125,0.0042262329866370124
ripple,2026-08-20,HAUTO.OL,newsweb,BWLPG.OL,-1,-1,False,2026-08-21,2026-08-27,0.004023312969484005,0.0010233129694840045
ripple,2026-08-20,HAUTO.OL,newsweb,HAFNI.OL,-1,-1,False,2026-08-21,2026-08-27,-0.013483232691018303,-0.016483232691018302
ripple,2026-08-20,HAUTO.OL,newsweb,MPCC.OL,-1,-1,False,2026-08-21,2026-08-27,-0.051623143724410216,-0.05462314372441022
drift_A,2026-08-20,ENDUR.OL,newsweb,ENDUR.OL,1,1,False,2026-08-21,2026-08-27,-0.05660677450191612,-0.05960677450191612
drift_A,2026-08-20,ORK.OL,newsweb,ORK.OL,-1,-1,False,2026-08-21,2026-08-27,0.026682786116303064,0.023682786116303065
ripple,2026-08-20,ORK.OL,newsweb,MING.OL,-1,-1,False,2026-08-21,2026-08-27,-0.02953133522954166,-0.03253133522954166
ripple,2026-08-20,ORK.OL,newsweb,MOWI.OL,-1,-1,False,2026-08-21,2026-08-27,-0.03256012847489349,-0.035560128474893496
drift_A,2026-08-20,NYKD.OL,newsweb,NYKD.OL,-1,-1,False,2026-08-21,2026-08-27,-0.14705365892752825,-0.15005365892752826
drift_A,2026-08-20,B2I.OL,newsweb,B2I.OL,1,1,False,2026-08-21,2026-08-27,-0.03475488018353216,-0.03775488018353216
drift_A,2026-08-21,AFK.OL,newsweb,AFK.OL,-1,-1,False,2026-08-24,2026-08-28,0.07476690632796372,0.07176690632796372
drift_A,2026-08-21,MEDI.OL,newsweb,MEDI.OL,1,1,False,2026-08-24,2026-08-28,-0.026721837267000045,-0.029721837267000045
drift_A,2026-08-24,ACR.OL,newsweb,ACR.OL,-1,-1,False,2026-08-25,2026-08-31,-0.039055115908155955,-0.04205511590815596
drift_A,2026-08-25,CADLR.OL,newsweb,CADLR.OL,1,1,False,2026-08-26,2026-09-01,0.0020870439115583113,-0.0009129560884416888
drift_A,2026-08-25,KIT.OL,newsweb,KIT.OL,1,1,False,2026-08-26,2026-09-01,-0.010484712304267979,-0.013484712304267978
drift_A,2026-08-25,SCATC.OL,newsweb,SCATC.OL,1,1,False,2026-08-26,2026-09-01,-0.02834122390734339,-0.03134122390734339
drift_A,2026-08-26,CRNA.OL,newsweb,CRNA.OL,1,1,False,2026-08-27,2026-09-02,-0.0697845009137248,-0.0727845009137248
drift_A,2026-08-26,COSH.OL,newsweb,COSH.OL,1,1,False,2026-08-27,2026-09-02,0.011432780273223808,0.008432780273223809
drift_A,2026-08-26,SWON.OL,newsweb,SWON.OL,1,1,False,2026-08-27,2026-09-02,-0.02421073930245953,-0.02721073930245953
ripple,2026-08-26,SWON.OL,newsweb,SAP.DE,1,1,False,2026-08-27,2026-09-02,-0.002353391333599406,-0.005353391333599406
ripple,2026-08-26,SWON.OL,newsweb,LINK.OL,1,1,False,2026-08-27,2026-09-02,-0.019207636611759865,-0.022207636611759864
drift_A,2026-08-26,SCATC.OL,newsweb,SCATC.OL,-1,-1,False,2026-08-27,2026-09-02,-0.014925656902519287,-0.017925656902519287
drift_A,2026-08-26,2020.OL,newsweb,2020.OL,-1,-1,False,2026-08-27,2026-09-02,-0.005102531099369765,-0.008102531099369766
drift_A,2026-08-27,JIN.OL,newsweb,JIN.OL,-1,-1,False,2026-08-28,2026-09-03,-0.042585311579405594,-0.045585311579405596
drift_A,2026-08-27,SNTIA.OL,newsweb,SNTIA.OL,1,1,False,2026-08-28,2026-09-03,0.017952271797264788,0.014952271797264789
drift_A,2026-08-28,NYKD.OL,newsweb,NYKD.OL,-1,-1,False,2026-08-31,2026-09-04,0.03698952086052616,0.03398952086052616
drift_A,2026-08-28,TRMED.OL,newsweb,TRMED.OL,-1,-1,False,2026-08-31,2026-09-04,0.1910626672512155,0.1880626672512155
drift_A,2026-08-28,PLSV.OL,newsweb,PLSV.OL,-1,-1,False,2026-08-31,2026-09-04,-0.011004635022153299,-0.014004635022153298
ripple,2026-08-28,PLSV.OL,newsweb,OKEA.OL,-1,-1,False,2026-08-31,2026-09-04,0.02697469841759845,0.02397469841759845
ripple,2026-08-28,PLSV.OL,newsweb,AKRBP.OL,-1,-1,False,2026-08-31,2026-09-04,0.005644110016291478,0.0026441100162914776
ripple,2026-08-28,PLSV.OL,newsweb,VAR.OL,-1,-1,False,2026-08-31,2026-09-04,-0.017424209860125703,-0.020424209860125702
ripple,2026-08-28,PLSV.OL,newsweb,DNO.OL,-1,-1,False,2026-08-31,2026-09-04,-0.02460815024074361,-0.02760815024074361
drift_A,2026-08-31,BAKKA.OL,newsweb,BAKKA.OL,-1,-1,False,2026-09-01,2026-09-07,0.03349624416171215,0.030496244161712153
ripple,2026-08-31,BAKKA.OL,newsweb,SALM.OL,-1,-1,False,2026-09-01,2026-09-07,0.03294814219008128,0.029948142190081278
ripple,2026-08-31,BAKKA.OL,newsweb,MOWI.OL,-1,-1,False,2026-09-01,2026-09-07,0.01802642116660184,0.015026421166601842
ripple,2026-08-31,BAKKA.OL,newsweb,LSG.OL,-1,-1,False,2026-09-01,2026-09-07,0.033188472559991106,0.030188472559991106
drift_A,2026-09-04,TRMED.OL,newsweb,TRMED.OL,-1,-1,False,2026-09-07,2026-09-11,0.0539221003905464,0.0509221003905464
drift_A,2026-09-07,MULTI.OL,newsweb,MULTI.OL,1,1,False,2026-09-08,2026-09-14,-0.025517723318683697,-0.028517723318683696
drift_A,2026-09-14,COSH.OL,newsweb,COSH.OL,1,1,False,2026-09-15,2026-09-21,-0.0199195590444342,-0.0229195590444342
drift_A,2026-09-15,CRNA.OL,newsweb,CRNA.OL,-1,-1,False,2026-09-16,2026-09-22,0.12124896315696056,0.11824896315696055
drift_A,2026-09-16,TGS.OL,newsweb,TGS.OL,1,1,False,2026-09-17,2026-09-23,-0.0026687507062816453,-0.005668750706281645
ripple,2026-09-16,TGS.OL,newsweb,VAR.OL,1,1,False,2026-09-17,2026-09-23,-0.03202208816254199,-0.035022088162541994
ripple,2026-09-16,TGS.OL,newsweb,EQNR.OL,1,1,False,2026-09-17,2026-09-23,-0.025868410744196848,-0.028868410744196847
ripple,2026-09-16,TGS.OL,newsweb,PEN.OL,1,1,False,2026-09-17,2026-09-23,-0.05170448548726458,-0.05470448548726458
ripple,2026-09-16,TGS.OL,newsweb,ENI.MI,1,1,False,2026-09-17,2026-09-23,0.012611127368336911,0.00961112736833691
ripple,2026-09-16,TGS.OL,newsweb,AKRBP.OL,1,1,False,2026-09-17,2026-09-23,-0.05033481319309274,-0.053334813193092745
drift_A,2026-09-17,FRO.OL,newsweb,FRO.OL,-1,-1,False,2026-09-18,2026-09-24,0.014318417546420194,0.011318417546420195
ripple,2026-09-17,FRO.OL,newsweb,HUNT.OL,-1,-1,False,2026-09-18,2026-09-24,0.02906314816570335,0.02606314816570335
ripple,2026-09-17,FRO.OL,newsweb,OET.OL,-1,-1,False,2026-09-18,2026-09-24,0.04938008526040132,0.04638008526040132
ripple,2026-09-17,FRO.OL,newsweb,SNI.OL,-1,-1,False,2026-09-18,2026-09-24,-0.016754853698767128,-0.019754853698767127
ripple,2026-09-17,FRO.OL,newsweb,HAFNI.OL,-1,-1,False,2026-09-18,2026-09-24,0.07487832245255922,0.07187832245255922
ripple,2026-09-17,FRO.OL,newsweb,BWLPG.OL,-1,-1,False,2026-09-18,2026-09-24,0.02271533059991472,0.01971533059991472
drift_A,2026-09-21,HUNT.OL,newsweb,HUNT.OL,1,1,False,2026-09-22,2026-09-28,-0.09200382013070557,-0.09500382013070557
ripple,2026-09-21,HUNT.OL,newsweb,OET.OL,1,1,False,2026-09-22,2026-09-28,-0.017961992459879183,-0.020961992459879182
ripple,2026-09-21,HUNT.OL,newsweb,BWLPG.OL,1,1,False,2026-09-22,2026-09-28,-0.0017005280469644043,-0.004700528046964404
drift_A,2026-09-23,2020.OL,newsweb,2020.OL,-1,-1,False,2026-09-24,2026-09-30,0.04593390737217691,0.04293390737217691
drift_A,2026-09-23,ENVIP.OL,newsweb,ENVIP.OL,1,1,False,2026-09-24,2026-09-30,0.10210058579387607,0.09910058579387607
drift_A,2026-09-28,DNB.OL,newsweb,DNB.OL,1,1,False,2026-09-29,2026-10-05,-0.039962305168663004,-0.042962305168663006
ripple,2026-09-28,DNB.OL,newsweb,SPOL.OL,1,1,False,2026-09-29,2026-10-05,-0.029903654885253702,-0.0329036548852537
ripple,2026-09-28,DNB.OL,newsweb,MING.OL,1,1,False,2026-09-29,2026-10-05,-0.024660518292707746,-0.027660518292707745
ripple,2026-09-28,DNB.OL,newsweb,SHB-A.ST,1,1,False,2026-09-29,2026-10-05,-0.012652796140899487,-0.015652796140899487
ripple,2026-09-28,DNB.OL,newsweb,NONG.OL,1,1,False,2026-09-29,2026-10-05,-0.025692425135111992,-0.02869242513511199
ripple,2026-09-28,DNB.OL,newsweb,SWED-A.ST,1,1,False,2026-09-29,2026-10-05,-0.007897360734390454,-0.010897360734390453
drift_A,2026-09-28,ENH.OL,newsweb,ENH.OL,-1,-1,False,2026-09-29,2026-10-05,-0.04354299052024626,-0.04654299052024626
